address	name	kind	sources	facts	note
00010003	___begtext	recovered	DREAMS.EXE embedded Watcom v3 code symbol; byte-identical import SHA256 45d00510f993d321d2288b0791a96297893de9e5e0dc24d36246e41e144008ce; tools/watcom_debug.py; tools/register_watcom_debug.py	size:13	Original module: cstrt386. Symbol object 1 offset 00000003. Direct original-build import; no retail equivalence or prototype inferred.
00010050	InitMessage_	recovered	DREAMS.EXE embedded Watcom v3 code symbol; byte-identical import SHA256 45d00510f993d321d2288b0791a96297893de9e5e0dc24d36246e41e144008ce; tools/watcom_debug.py; tools/register_watcom_debug.py	size:14	Original module: C:\DREAMS\src\DREAMS.C. Symbol object 1 offset 00000050. Direct original-build import; no retail equivalence or prototype inferred.
00010060	DesInitVideo_	recovered	DREAMS.EXE embedded Watcom v3 code symbol; byte-identical import SHA256 45d00510f993d321d2288b0791a96297893de9e5e0dc24d36246e41e144008ce; tools/watcom_debug.py; tools/register_watcom_debug.py	size:55	Original module: C:\DREAMS\src\DREAMS.C. Symbol object 1 offset 00000060. Direct original-build import; no retail equivalence or prototype inferred.
00010098	InitGame_	recovered	DREAMS.EXE embedded Watcom v3 code symbol; byte-identical import SHA256 45d00510f993d321d2288b0791a96297893de9e5e0dc24d36246e41e144008ce; tools/watcom_debug.py; tools/register_watcom_debug.py	size:367	Original module: C:\DREAMS\src\DREAMS.C. Symbol object 1 offset 00000098. Direct original-build import; no retail equivalence or prototype inferred.
00010208	DesInitGame_	recovered	DREAMS.EXE embedded Watcom v3 code symbol; byte-identical import SHA256 45d00510f993d321d2288b0791a96297893de9e5e0dc24d36246e41e144008ce; tools/watcom_debug.py; tools/register_watcom_debug.py	size:65	Original module: C:\DREAMS\src\DREAMS.C. Symbol object 1 offset 00000208. Direct original-build import; no retail equivalence or prototype inferred.
0001024c	InitVideo_	recovered	DREAMS.EXE embedded Watcom v3 code symbol; byte-identical import SHA256 45d00510f993d321d2288b0791a96297893de9e5e0dc24d36246e41e144008ce; tools/watcom_debug.py; tools/register_watcom_debug.py	size:68	Original module: C:\DREAMS\src\DREAMS.C. Symbol object 1 offset 0000024c. Direct original-build import; no retail equivalence or prototype inferred.
00010290	flipVideo_	recovered	DREAMS.EXE embedded Watcom v3 code symbol; byte-identical import SHA256 45d00510f993d321d2288b0791a96297893de9e5e0dc24d36246e41e144008ce; tools/watcom_debug.py; tools/register_watcom_debug.py	size:174	Original module: C:\DREAMS\src\DREAMS.C. Symbol object 1 offset 00000290. Direct original-build import; no retail equivalence or prototype inferred.
00010340	DreamsKey_	recovered	DREAMS.EXE embedded Watcom v3 code symbol; byte-identical import SHA256 45d00510f993d321d2288b0791a96297893de9e5e0dc24d36246e41e144008ce; tools/watcom_debug.py; tools/register_watcom_debug.py	size:1452	Original module: C:\DREAMS\src\DREAMS.C. Symbol object 1 offset 00000340. Direct original-build import; no retail equivalence or prototype inferred.
000108ec	InitDreamsMainLoop_	recovered	DREAMS.EXE embedded Watcom v3 code symbol; byte-identical import SHA256 45d00510f993d321d2288b0791a96297893de9e5e0dc24d36246e41e144008ce; tools/watcom_debug.py; tools/register_watcom_debug.py	size:361	Original module: C:\DREAMS\src\DREAMS.C. Symbol object 1 offset 000008ec. Direct original-build import; no retail equivalence or prototype inferred.
00010a58	EndDreamsMainLoop_	recovered	DREAMS.EXE embedded Watcom v3 code symbol; byte-identical import SHA256 45d00510f993d321d2288b0791a96297893de9e5e0dc24d36246e41e144008ce; tools/watcom_debug.py; tools/register_watcom_debug.py	size:15	Original module: C:\DREAMS\src\DREAMS.C. Symbol object 1 offset 00000a58. Direct original-build import; no retail equivalence or prototype inferred.
00010a68	PutDebugInfo_	recovered	DREAMS.EXE embedded Watcom v3 code symbol; byte-identical import SHA256 45d00510f993d321d2288b0791a96297893de9e5e0dc24d36246e41e144008ce; tools/watcom_debug.py; tools/register_watcom_debug.py	size:1525	Original module: C:\DREAMS\src\DREAMS.C. Symbol object 1 offset 00000a68. Direct original-build import; no retail equivalence or prototype inferred.
00011094	MCM1_Dispatcher_	recovered	DREAMS.EXE embedded Watcom v3 code symbol; byte-identical import SHA256 45d00510f993d321d2288b0791a96297893de9e5e0dc24d36246e41e144008ce; tools/watcom_debug.py; tools/register_watcom_debug.py	size:1093	Original module: C:\DREAMS\src\DREAMS.C. Symbol object 1 offset 00001094. Direct original-build import; no retail equivalence or prototype inferred.
000114dc	main_	recovered	DREAMS.EXE embedded Watcom v3 code symbol; byte-identical import SHA256 45d00510f993d321d2288b0791a96297893de9e5e0dc24d36246e41e144008ce; tools/watcom_debug.py; tools/register_watcom_debug.py	size:142	Original module: C:\DREAMS\src\DREAMS.C. Symbol object 1 offset 000014dc. Direct original-build import; no retail equivalence or prototype inferred.
000115bb	_InitMapScrollAdd	recovered	DREAMS.EXE embedded Watcom v3 code symbol; byte-identical import SHA256 45d00510f993d321d2288b0791a96297893de9e5e0dc24d36246e41e144008ce; tools/watcom_debug.py; tools/register_watcom_debug.py	size:45	Original module: src\video.asm. Symbol object 1 offset 000015bb. Direct original-build import; no retail equivalence or prototype inferred.
000115e8	_CompMapScrollAdd	recovered	DREAMS.EXE embedded Watcom v3 code symbol; byte-identical import SHA256 45d00510f993d321d2288b0791a96297893de9e5e0dc24d36246e41e144008ce; tools/watcom_debug.py; tools/register_watcom_debug.py	size:80	Original module: src\video.asm. Symbol object 1 offset 000015e8. Direct original-build import; no retail equivalence or prototype inferred.
00011639	_CompMapScrollY	recovered	DREAMS.EXE embedded Watcom v3 code symbol; byte-identical import SHA256 45d00510f993d321d2288b0791a96297893de9e5e0dc24d36246e41e144008ce; tools/watcom_debug.py; tools/register_watcom_debug.py	size:54	Original module: src\video.asm. Symbol object 1 offset 00001639. Direct original-build import; no retail equivalence or prototype inferred.
000116f8	_MovBuffVideo	recovered	DREAMS.EXE embedded Watcom v3 code symbol; byte-identical import SHA256 45d00510f993d321d2288b0791a96297893de9e5e0dc24d36246e41e144008ce; tools/watcom_debug.py; tools/register_watcom_debug.py	size:26	Original module: src\video.asm. Symbol object 1 offset 000016f8. Direct original-build import; no retail equivalence or prototype inferred.
00011712	_VideoPutPixel	recovered	DREAMS.EXE embedded Watcom v3 code symbol; byte-identical import SHA256 45d00510f993d321d2288b0791a96297893de9e5e0dc24d36246e41e144008ce; tools/watcom_debug.py; tools/register_watcom_debug.py	size:56	Original module: src\video.asm. Symbol object 1 offset 00001712. Direct original-build import; no retail equivalence or prototype inferred.
0001174a	PutVideo_	recovered	DREAMS.EXE embedded Watcom v3 code symbol; byte-identical import SHA256 45d00510f993d321d2288b0791a96297893de9e5e0dc24d36246e41e144008ce; tools/watcom_debug.py; tools/register_watcom_debug.py	size:55	Original module: src\video.asm. Symbol object 1 offset 0000174a. Direct original-build import; no retail equivalence or prototype inferred.
00011781	ClearVideo_	recovered	DREAMS.EXE embedded Watcom v3 code symbol; byte-identical import SHA256 45d00510f993d321d2288b0791a96297893de9e5e0dc24d36246e41e144008ce; tools/watcom_debug.py; tools/register_watcom_debug.py	size:1	Original module: src\video.asm. Symbol object 1 offset 00001781. Direct original-build import; no retail equivalence or prototype inferred.
00011797	_Remap256to15bitsAsm	recovered	DREAMS.EXE embedded Watcom v3 code symbol; byte-identical import SHA256 45d00510f993d321d2288b0791a96297893de9e5e0dc24d36246e41e144008ce; tools/watcom_debug.py; tools/register_watcom_debug.py	size:55	Original module: src\video.asm. Symbol object 1 offset 00001797. Direct original-build import; no retail equivalence or prototype inferred.
000118a0	InitReadCpu_	recovered	DREAMS.EXE embedded Watcom v3 code symbol; byte-identical import SHA256 45d00510f993d321d2288b0791a96297893de9e5e0dc24d36246e41e144008ce; tools/watcom_debug.py; tools/register_watcom_debug.py	size:16	Original module: src\worksa.asm. Symbol object 1 offset 000018a0. Direct original-build import; no retail equivalence or prototype inferred.
000118b0	InitReadCpuSys_	recovered	DREAMS.EXE embedded Watcom v3 code symbol; byte-identical import SHA256 45d00510f993d321d2288b0791a96297893de9e5e0dc24d36246e41e144008ce; tools/watcom_debug.py; tools/register_watcom_debug.py	size:16	Original module: src\worksa.asm. Symbol object 1 offset 000018b0. Direct original-build import; no retail equivalence or prototype inferred.
000118c0	ReadCpu_	recovered	DREAMS.EXE embedded Watcom v3 code symbol; byte-identical import SHA256 45d00510f993d321d2288b0791a96297893de9e5e0dc24d36246e41e144008ce; tools/watcom_debug.py; tools/register_watcom_debug.py	size:28	Original module: src\worksa.asm. Symbol object 1 offset 000018c0. Direct original-build import; no retail equivalence or prototype inferred.
000118dc	ReadCpuSys_	recovered	DREAMS.EXE embedded Watcom v3 code symbol; byte-identical import SHA256 45d00510f993d321d2288b0791a96297893de9e5e0dc24d36246e41e144008ce; tools/watcom_debug.py; tools/register_watcom_debug.py	size:28	Original module: src\worksa.asm. Symbol object 1 offset 000018dc. Direct original-build import; no retail equivalence or prototype inferred.
00011900	ANI_ResetTableAnim_	recovered	DREAMS.EXE embedded Watcom v3 code symbol; byte-identical import SHA256 45d00510f993d321d2288b0791a96297893de9e5e0dc24d36246e41e144008ce; tools/watcom_debug.py; tools/register_watcom_debug.py	size:408	Original module: C:\DREAMS\src\ANIM.C. Symbol object 1 offset 00001900. Direct original-build import; no retail equivalence or prototype inferred.
00011a98	ANI_InitAnimObjet_	recovered	DREAMS.EXE embedded Watcom v3 code symbol; byte-identical import SHA256 45d00510f993d321d2288b0791a96297893de9e5e0dc24d36246e41e144008ce; tools/watcom_debug.py; tools/register_watcom_debug.py	size:884	Original module: C:\DREAMS\src\ANIM.C. Symbol object 1 offset 00001a98. Direct original-build import; no retail equivalence or prototype inferred.
00011e0c	ANI_CopyAnimObjet_	recovered	DREAMS.EXE embedded Watcom v3 code symbol; byte-identical import SHA256 45d00510f993d321d2288b0791a96297893de9e5e0dc24d36246e41e144008ce; tools/watcom_debug.py; tools/register_watcom_debug.py	size:40	Original module: C:\DREAMS\src\ANIM.C. Symbol object 1 offset 00001e0c. Direct original-build import; no retail equivalence or prototype inferred.
00011e34	ANI_OrderAnimObjet_	recovered	DREAMS.EXE embedded Watcom v3 code symbol; byte-identical import SHA256 45d00510f993d321d2288b0791a96297893de9e5e0dc24d36246e41e144008ce; tools/watcom_debug.py; tools/register_watcom_debug.py	size:1569	Original module: C:\DREAMS\src\ANIM.C. Symbol object 1 offset 00001e34. Direct original-build import; no retail equivalence or prototype inferred.
00012458	ANI_TestOrderAnimObjet_	recovered	DREAMS.EXE embedded Watcom v3 code symbol; byte-identical import SHA256 45d00510f993d321d2288b0791a96297893de9e5e0dc24d36246e41e144008ce; tools/watcom_debug.py; tools/register_watcom_debug.py	size:817	Original module: C:\DREAMS\src\ANIM.C. Symbol object 1 offset 00002458. Direct original-build import; no retail equivalence or prototype inferred.
0001278c	ANI_CopyAnimHandle1to0Objet_	recovered	DREAMS.EXE embedded Watcom v3 code symbol; byte-identical import SHA256 45d00510f993d321d2288b0791a96297893de9e5e0dc24d36246e41e144008ce; tools/watcom_debug.py; tools/register_watcom_debug.py	size:65	Original module: C:\DREAMS\src\ANIM.C. Symbol object 1 offset 0000278c. Direct original-build import; no retail equivalence or prototype inferred.
000127d0	CompAnimEndObjet_	recovered	DREAMS.EXE embedded Watcom v3 code symbol; byte-identical import SHA256 45d00510f993d321d2288b0791a96297893de9e5e0dc24d36246e41e144008ce; tools/watcom_debug.py; tools/register_watcom_debug.py	size:188	Original module: C:\DREAMS\src\ANIM.C. Symbol object 1 offset 000027d0. Direct original-build import; no retail equivalence or prototype inferred.
0001288c	CompAnimShutDownObjet_	recovered	DREAMS.EXE embedded Watcom v3 code symbol; byte-identical import SHA256 45d00510f993d321d2288b0791a96297893de9e5e0dc24d36246e41e144008ce; tools/watcom_debug.py; tools/register_watcom_debug.py	size:837	Original module: C:\DREAMS\src\ANIM.C. Symbol object 1 offset 0000288c. Direct original-build import; no retail equivalence or prototype inferred.
00012bd4	CompAnimShutDownRotObjet_	recovered	DREAMS.EXE embedded Watcom v3 code symbol; byte-identical import SHA256 45d00510f993d321d2288b0791a96297893de9e5e0dc24d36246e41e144008ce; tools/watcom_debug.py; tools/register_watcom_debug.py	size:1074	Original module: C:\DREAMS\src\ANIM.C. Symbol object 1 offset 00002bd4. Direct original-build import; no retail equivalence or prototype inferred.
00013008	CompAnimInitStartObjet_	recovered	DREAMS.EXE embedded Watcom v3 code symbol; byte-identical import SHA256 45d00510f993d321d2288b0791a96297893de9e5e0dc24d36246e41e144008ce; tools/watcom_debug.py; tools/register_watcom_debug.py	size:179	Original module: C:\DREAMS\src\ANIM.C. Symbol object 1 offset 00003008. Direct original-build import; no retail equivalence or prototype inferred.
000130bc	CompAnimObjet_	recovered	DREAMS.EXE embedded Watcom v3 code symbol; byte-identical import SHA256 45d00510f993d321d2288b0791a96297893de9e5e0dc24d36246e41e144008ce; tools/watcom_debug.py; tools/register_watcom_debug.py	size:1497	Original module: C:\DREAMS\src\ANIM.C. Symbol object 1 offset 000030bc. Direct original-build import; no retail equivalence or prototype inferred.
00013698	ANI_CompAnimAllObjet_	recovered	DREAMS.EXE embedded Watcom v3 code symbol; byte-identical import SHA256 45d00510f993d321d2288b0791a96297893de9e5e0dc24d36246e41e144008ce; tools/watcom_debug.py; tools/register_watcom_debug.py	size:190	Original module: C:\DREAMS\src\ANIM.C. Symbol object 1 offset 00003698. Direct original-build import; no retail equivalence or prototype inferred.
00013758	ANI_CompMoveTete_	recovered	DREAMS.EXE embedded Watcom v3 code symbol; byte-identical import SHA256 45d00510f993d321d2288b0791a96297893de9e5e0dc24d36246e41e144008ce; tools/watcom_debug.py; tools/register_watcom_debug.py	size:1800	Original module: C:\DREAMS\src\ANIM.C. Symbol object 1 offset 00003758. Direct original-build import; no retail equivalence or prototype inferred.
00013e60	ANI_CompAnimlObjet_	recovered	DREAMS.EXE embedded Watcom v3 code symbol; byte-identical import SHA256 45d00510f993d321d2288b0791a96297893de9e5e0dc24d36246e41e144008ce; tools/watcom_debug.py; tools/register_watcom_debug.py	size:2127	Original module: C:\DREAMS\src\ANIM.C. Symbol object 1 offset 00003e60. Direct original-build import; no retail equivalence or prototype inferred.
000147b0	ENG_SelectAllObject_	recovered	DREAMS.EXE embedded Watcom v3 code symbol; byte-identical import SHA256 45d00510f993d321d2288b0791a96297893de9e5e0dc24d36246e41e144008ce; tools/watcom_debug.py; tools/register_watcom_debug.py	size:138	Original module: C:\DREAMS\src\ENGINE.C. Symbol object 1 offset 000047b0. Direct original-build import; no retail equivalence or prototype inferred.
0001483c	ENG_InitPileScene_	recovered	DREAMS.EXE embedded Watcom v3 code symbol; byte-identical import SHA256 45d00510f993d321d2288b0791a96297893de9e5e0dc24d36246e41e144008ce; tools/watcom_debug.py; tools/register_watcom_debug.py	size:33	Original module: C:\DREAMS\src\ENGINE.C. Symbol object 1 offset 0000483c. Direct original-build import; no retail equivalence or prototype inferred.
00014860	ENG_PushScene_	recovered	DREAMS.EXE embedded Watcom v3 code symbol; byte-identical import SHA256 45d00510f993d321d2288b0791a96297893de9e5e0dc24d36246e41e144008ce; tools/watcom_debug.py; tools/register_watcom_debug.py	size:455	Original module: C:\DREAMS\src\ENGINE.C. Symbol object 1 offset 00004860. Direct original-build import; no retail equivalence or prototype inferred.
00014a28	ENG_PopSceneOk_	recovered	DREAMS.EXE embedded Watcom v3 code symbol; byte-identical import SHA256 45d00510f993d321d2288b0791a96297893de9e5e0dc24d36246e41e144008ce; tools/watcom_debug.py; tools/register_watcom_debug.py	size:98	Original module: C:\DREAMS\src\ENGINE.C. Symbol object 1 offset 00004a28. Direct original-build import; no retail equivalence or prototype inferred.
00014a8c	ENG_PopScene_	recovered	DREAMS.EXE embedded Watcom v3 code symbol; byte-identical import SHA256 45d00510f993d321d2288b0791a96297893de9e5e0dc24d36246e41e144008ce; tools/watcom_debug.py; tools/register_watcom_debug.py	size:781	Original module: C:\DREAMS\src\ENGINE.C. Symbol object 1 offset 00004a8c. Direct original-build import; no retail equivalence or prototype inferred.
00014d9c	ENG_PopScene2_	recovered	DREAMS.EXE embedded Watcom v3 code symbol; byte-identical import SHA256 45d00510f993d321d2288b0791a96297893de9e5e0dc24d36246e41e144008ce; tools/watcom_debug.py; tools/register_watcom_debug.py	size:792	Original module: C:\DREAMS\src\ENGINE.C. Symbol object 1 offset 00004d9c. Direct original-build import; no retail equivalence or prototype inferred.
000150b4	C3D_PutPixel_	recovered	DREAMS.EXE embedded Watcom v3 code symbol; byte-identical import SHA256 45d00510f993d321d2288b0791a96297893de9e5e0dc24d36246e41e144008ce; tools/watcom_debug.py; tools/register_watcom_debug.py	size:45	Original module: C:\DREAMS\src\ENGINE.C. Symbol object 1 offset 000050b4. Direct original-build import; no retail equivalence or prototype inferred.
000150e4	Line_	recovered	DREAMS.EXE embedded Watcom v3 code symbol; byte-identical import SHA256 45d00510f993d321d2288b0791a96297893de9e5e0dc24d36246e41e144008ce; tools/watcom_debug.py; tools/register_watcom_debug.py	size:34	Original module: C:\DREAMS\src\ENGINE.C. Symbol object 1 offset 000050e4. Direct original-build import; no retail equivalence or prototype inferred.
00015108	CompProjetVector_	recovered	DREAMS.EXE embedded Watcom v3 code symbol; byte-identical import SHA256 45d00510f993d321d2288b0791a96297893de9e5e0dc24d36246e41e144008ce; tools/watcom_debug.py; tools/register_watcom_debug.py	size:102	Original module: C:\DREAMS\src\ENGINE.C. Symbol object 1 offset 00005108. Direct original-build import; no retail equivalence or prototype inferred.
00015170	PutVideoBox_	recovered	DREAMS.EXE embedded Watcom v3 code symbol; byte-identical import SHA256 45d00510f993d321d2288b0791a96297893de9e5e0dc24d36246e41e144008ce; tools/watcom_debug.py; tools/register_watcom_debug.py	size:1082	Original module: C:\DREAMS\src\ENGINE.C. Symbol object 1 offset 00005170. Direct original-build import; no retail equivalence or prototype inferred.
000155ac	WorksInitBox_	recovered	DREAMS.EXE embedded Watcom v3 code symbol; byte-identical import SHA256 45d00510f993d321d2288b0791a96297893de9e5e0dc24d36246e41e144008ce; tools/watcom_debug.py; tools/register_watcom_debug.py	size:66	Original module: C:\DREAMS\src\ENGINE.C. Symbol object 1 offset 000055ac. Direct original-build import; no retail equivalence or prototype inferred.
000155f0	PutVideoSpaceLine_	recovered	DREAMS.EXE embedded Watcom v3 code symbol; byte-identical import SHA256 45d00510f993d321d2288b0791a96297893de9e5e0dc24d36246e41e144008ce; tools/watcom_debug.py; tools/register_watcom_debug.py	size:374	Original module: C:\DREAMS\src\ENGINE.C. Symbol object 1 offset 000055f0. Direct original-build import; no retail equivalence or prototype inferred.
00015768	Comp16bitto24_	recovered	DREAMS.EXE embedded Watcom v3 code symbol; byte-identical import SHA256 45d00510f993d321d2288b0791a96297893de9e5e0dc24d36246e41e144008ce; tools/watcom_debug.py; tools/register_watcom_debug.py	size:49	Original module: C:\DREAMS\src\ENGINE.C. Symbol object 1 offset 00005768. Direct original-build import; no retail equivalence or prototype inferred.
0001579c	ENG_PutVideoLocalVector_	recovered	DREAMS.EXE embedded Watcom v3 code symbol; byte-identical import SHA256 45d00510f993d321d2288b0791a96297893de9e5e0dc24d36246e41e144008ce; tools/watcom_debug.py; tools/register_watcom_debug.py	size:1385	Original module: C:\DREAMS\src\ENGINE.C. Symbol object 1 offset 0000579c. Direct original-build import; no retail equivalence or prototype inferred.
00015d08	Send_Error_	recovered	DREAMS.EXE embedded Watcom v3 code symbol; byte-identical import SHA256 45d00510f993d321d2288b0791a96297893de9e5e0dc24d36246e41e144008ce; tools/watcom_debug.py; tools/register_watcom_debug.py	size:24	Original module: C:\DREAMS\src\ENGINE.C. Symbol object 1 offset 00005d08. Direct original-build import; no retail equivalence or prototype inferred.
00015d20	Load_File_	recovered	DREAMS.EXE embedded Watcom v3 code symbol; byte-identical import SHA256 45d00510f993d321d2288b0791a96297893de9e5e0dc24d36246e41e144008ce; tools/watcom_debug.py; tools/register_watcom_debug.py	size:706	Original module: C:\DREAMS\src\ENGINE.C. Symbol object 1 offset 00005d20. Direct original-build import; no retail equivalence or prototype inferred.
00015fe4	Init_VGA_Mode_	recovered	DREAMS.EXE embedded Watcom v3 code symbol; byte-identical import SHA256 45d00510f993d321d2288b0791a96297893de9e5e0dc24d36246e41e144008ce; tools/watcom_debug.py; tools/register_watcom_debug.py	size:32	Original module: C:\DREAMS\src\ENGINE.C. Symbol object 1 offset 00005fe4. Direct original-build import; no retail equivalence or prototype inferred.
00016004	GetObjetReference_	recovered	DREAMS.EXE embedded Watcom v3 code symbol; byte-identical import SHA256 45d00510f993d321d2288b0791a96297893de9e5e0dc24d36246e41e144008ce; tools/watcom_debug.py; tools/register_watcom_debug.py	size:174	Original module: C:\DREAMS\src\ENGINE.C. Symbol object 1 offset 00006004. Direct original-build import; no retail equivalence or prototype inferred.
000160b4	ResetTableObjet3dS_	recovered	DREAMS.EXE embedded Watcom v3 code symbol; byte-identical import SHA256 45d00510f993d321d2288b0791a96297893de9e5e0dc24d36246e41e144008ce; tools/watcom_debug.py; tools/register_watcom_debug.py	size:81	Original module: C:\DREAMS\src\ENGINE.C. Symbol object 1 offset 000060b4. Direct original-build import; no retail equivalence or prototype inferred.
00016108	UnloadTableObjet3dS_	recovered	DREAMS.EXE embedded Watcom v3 code symbol; byte-identical import SHA256 45d00510f993d321d2288b0791a96297893de9e5e0dc24d36246e41e144008ce; tools/watcom_debug.py; tools/register_watcom_debug.py	size:51	Original module: C:\DREAMS\src\ENGINE.C. Symbol object 1 offset 00006108. Direct original-build import; no retail equivalence or prototype inferred.
0001613c	InitObjet3d_	recovered	DREAMS.EXE embedded Watcom v3 code symbol; byte-identical import SHA256 45d00510f993d321d2288b0791a96297893de9e5e0dc24d36246e41e144008ce; tools/watcom_debug.py; tools/register_watcom_debug.py	size:226	Original module: C:\DREAMS\src\ENGINE.C. Symbol object 1 offset 0000613c. Direct original-build import; no retail equivalence or prototype inferred.
00016220	ENG_SearchHandleSonObject_	recovered	DREAMS.EXE embedded Watcom v3 code symbol; byte-identical import SHA256 45d00510f993d321d2288b0791a96297893de9e5e0dc24d36246e41e144008ce; tools/watcom_debug.py; tools/register_watcom_debug.py	size:230	Original module: C:\DREAMS\src\ENGINE.C. Symbol object 1 offset 00006220. Direct original-build import; no retail equivalence or prototype inferred.
00016308	ENG_SearchHandleCielObject_	recovered	DREAMS.EXE embedded Watcom v3 code symbol; byte-identical import SHA256 45d00510f993d321d2288b0791a96297893de9e5e0dc24d36246e41e144008ce; tools/watcom_debug.py; tools/register_watcom_debug.py	size:462	Original module: C:\DREAMS\src\ENGINE.C. Symbol object 1 offset 00006308. Direct original-build import; no retail equivalence or prototype inferred.
000164d8	ENG_CompCielObject_	recovered	DREAMS.EXE embedded Watcom v3 code symbol; byte-identical import SHA256 45d00510f993d321d2288b0791a96297893de9e5e0dc24d36246e41e144008ce; tools/watcom_debug.py; tools/register_watcom_debug.py	size:207	Original module: C:\DREAMS\src\ENGINE.C. Symbol object 1 offset 000064d8. Direct original-build import; no retail equivalence or prototype inferred.
000165a8	ENG_posPlayer_	recovered	DREAMS.EXE embedded Watcom v3 code symbol; byte-identical import SHA256 45d00510f993d321d2288b0791a96297893de9e5e0dc24d36246e41e144008ce; tools/watcom_debug.py; tools/register_watcom_debug.py	size:117	Original module: C:\DREAMS\src\ENGINE.C. Symbol object 1 offset 000065a8. Direct original-build import; no retail equivalence or prototype inferred.
00016620	LoadName2TableObjet3dS_	recovered	DREAMS.EXE embedded Watcom v3 code symbol; byte-identical import SHA256 45d00510f993d321d2288b0791a96297893de9e5e0dc24d36246e41e144008ce; tools/watcom_debug.py; tools/register_watcom_debug.py	size:936	Original module: C:\DREAMS\src\ENGINE.C. Symbol object 1 offset 00006620. Direct original-build import; no retail equivalence or prototype inferred.
000169c8	LoadNewSceneObjet2TableObjet3dS_	recovered	DREAMS.EXE embedded Watcom v3 code symbol; byte-identical import SHA256 45d00510f993d321d2288b0791a96297893de9e5e0dc24d36246e41e144008ce; tools/watcom_debug.py; tools/register_watcom_debug.py	size:758	Original module: C:\DREAMS\src\ENGINE.C. Symbol object 1 offset 000069c8. Direct original-build import; no retail equivalence or prototype inferred.
00016cc0	CopySceneObjet2TableObjet3dS_	recovered	DREAMS.EXE embedded Watcom v3 code symbol; byte-identical import SHA256 45d00510f993d321d2288b0791a96297893de9e5e0dc24d36246e41e144008ce; tools/watcom_debug.py; tools/register_watcom_debug.py	size:175	Original module: C:\DREAMS\src\ENGINE.C. Symbol object 1 offset 00006cc0. Direct original-build import; no retail equivalence or prototype inferred.
00016d70	LoadSceneObjet2TableObjet3dS_	recovered	DREAMS.EXE embedded Watcom v3 code symbol; byte-identical import SHA256 45d00510f993d321d2288b0791a96297893de9e5e0dc24d36246e41e144008ce; tools/watcom_debug.py; tools/register_watcom_debug.py	size:1243	Original module: C:\DREAMS\src\ENGINE.C. Symbol object 1 offset 00006d70. Direct original-build import; no retail equivalence or prototype inferred.
0001724c	LinkAnimToObjet3d_	recovered	DREAMS.EXE embedded Watcom v3 code symbol; byte-identical import SHA256 45d00510f993d321d2288b0791a96297893de9e5e0dc24d36246e41e144008ce; tools/watcom_debug.py; tools/register_watcom_debug.py	size:39	Original module: C:\DREAMS\src\ENGINE.C. Symbol object 1 offset 0000724c. Direct original-build import; no retail equivalence or prototype inferred.
00017274	ENG_PosObjet3dOnPathS_	recovered	DREAMS.EXE embedded Watcom v3 code symbol; byte-identical import SHA256 45d00510f993d321d2288b0791a96297893de9e5e0dc24d36246e41e144008ce; tools/watcom_debug.py; tools/register_watcom_debug.py	size:114	Original module: C:\DREAMS\src\ENGINE.C. Symbol object 1 offset 00007274. Direct original-build import; no retail equivalence or prototype inferred.
000172e8	ENG_PosObjet3dOnWarriorPathS_	recovered	DREAMS.EXE embedded Watcom v3 code symbol; byte-identical import SHA256 45d00510f993d321d2288b0791a96297893de9e5e0dc24d36246e41e144008ce; tools/watcom_debug.py; tools/register_watcom_debug.py	size:1177	Original module: C:\DREAMS\src\ENGINE.C. Symbol object 1 offset 000072e8. Direct original-build import; no retail equivalence or prototype inferred.
00017784	EditorSetPosObjet3dS_	recovered	DREAMS.EXE embedded Watcom v3 code symbol; byte-identical import SHA256 45d00510f993d321d2288b0791a96297893de9e5e0dc24d36246e41e144008ce; tools/watcom_debug.py; tools/register_watcom_debug.py	size:333	Original module: C:\DREAMS\src\ENGINE.C. Symbol object 1 offset 00007784. Direct original-build import; no retail equivalence or prototype inferred.
000178d4	ENG_InitChampsScene_	recovered	DREAMS.EXE embedded Watcom v3 code symbol; byte-identical import SHA256 45d00510f993d321d2288b0791a96297893de9e5e0dc24d36246e41e144008ce; tools/watcom_debug.py; tools/register_watcom_debug.py	size:793	Original module: C:\DREAMS\src\ENGINE.C. Symbol object 1 offset 000078d4. Direct original-build import; no retail equivalence or prototype inferred.
00017bf0	ENG_CreateChampsScene_	recovered	DREAMS.EXE embedded Watcom v3 code symbol; byte-identical import SHA256 45d00510f993d321d2288b0791a96297893de9e5e0dc24d36246e41e144008ce; tools/watcom_debug.py; tools/register_watcom_debug.py	size:393	Original module: C:\DREAMS\src\ENGINE.C. Symbol object 1 offset 00007bf0. Direct original-build import; no retail equivalence or prototype inferred.
00017d7c	ReInit3dEngine_	recovered	DREAMS.EXE embedded Watcom v3 code symbol; byte-identical import SHA256 45d00510f993d321d2288b0791a96297893de9e5e0dc24d36246e41e144008ce; tools/watcom_debug.py; tools/register_watcom_debug.py	size:808	Original module: C:\DREAMS\src\ENGINE.C. Symbol object 1 offset 00007d7c. Direct original-build import; no retail equivalence or prototype inferred.
000180a4	clonePLayer_	recovered	DREAMS.EXE embedded Watcom v3 code symbol; byte-identical import SHA256 45d00510f993d321d2288b0791a96297893de9e5e0dc24d36246e41e144008ce; tools/watcom_debug.py; tools/register_watcom_debug.py	size:317	Original module: C:\DREAMS\src\ENGINE.C. Symbol object 1 offset 000080a4. Direct original-build import; no retail equivalence or prototype inferred.
000181e4	testImportNewScene_	recovered	DREAMS.EXE embedded Watcom v3 code symbol; byte-identical import SHA256 45d00510f993d321d2288b0791a96297893de9e5e0dc24d36246e41e144008ce; tools/watcom_debug.py; tools/register_watcom_debug.py	size:861	Original module: C:\DREAMS\src\ENGINE.C. Symbol object 1 offset 000081e4. Direct original-build import; no retail equivalence or prototype inferred.
00018544	CastDouble_	recovered	DREAMS.EXE embedded Watcom v3 code symbol; byte-identical import SHA256 45d00510f993d321d2288b0791a96297893de9e5e0dc24d36246e41e144008ce; tools/watcom_debug.py; tools/register_watcom_debug.py	size:75	Original module: C:\DREAMS\src\ENGINE.C. Symbol object 1 offset 00008544. Direct original-build import; no retail equivalence or prototype inferred.
00018590	compCameraPath2_	recovered	DREAMS.EXE embedded Watcom v3 code symbol; byte-identical import SHA256 45d00510f993d321d2288b0791a96297893de9e5e0dc24d36246e41e144008ce; tools/watcom_debug.py; tools/register_watcom_debug.py	size:2958	Original module: C:\DREAMS\src\ENGINE.C. Symbol object 1 offset 00008590. Direct original-build import; no retail equivalence or prototype inferred.
00019120	compCameraPath_	recovered	DREAMS.EXE embedded Watcom v3 code symbol; byte-identical import SHA256 45d00510f993d321d2288b0791a96297893de9e5e0dc24d36246e41e144008ce; tools/watcom_debug.py; tools/register_watcom_debug.py	size:203	Original module: C:\DREAMS\src\ENGINE.C. Symbol object 1 offset 00009120. Direct original-build import; no retail equivalence or prototype inferred.
000191ec	testBoxScene_	recovered	DREAMS.EXE embedded Watcom v3 code symbol; byte-identical import SHA256 45d00510f993d321d2288b0791a96297893de9e5e0dc24d36246e41e144008ce; tools/watcom_debug.py; tools/register_watcom_debug.py	size:315	Original module: C:\DREAMS\src\ENGINE.C. Symbol object 1 offset 000091ec. Direct original-build import; no retail equivalence or prototype inferred.
00019328	ENG_LinkCondIfAllEnemiIsDead_	recovered	DREAMS.EXE embedded Watcom v3 code symbol; byte-identical import SHA256 45d00510f993d321d2288b0791a96297893de9e5e0dc24d36246e41e144008ce; tools/watcom_debug.py; tools/register_watcom_debug.py	size:109	Original module: C:\DREAMS\src\ENGINE.C. Symbol object 1 offset 00009328. Direct original-build import; no retail equivalence or prototype inferred.
00019398	ENG_LinkIfHitByObjet_	recovered	DREAMS.EXE embedded Watcom v3 code symbol; byte-identical import SHA256 45d00510f993d321d2288b0791a96297893de9e5e0dc24d36246e41e144008ce; tools/watcom_debug.py; tools/register_watcom_debug.py	size:31	Original module: C:\DREAMS\src\ENGINE.C. Symbol object 1 offset 00009398. Direct original-build import; no retail equivalence or prototype inferred.
000193b8	ENG_LinkCondIfObjectIsPresent_	recovered	DREAMS.EXE embedded Watcom v3 code symbol; byte-identical import SHA256 45d00510f993d321d2288b0791a96297893de9e5e0dc24d36246e41e144008ce; tools/watcom_debug.py; tools/register_watcom_debug.py	size:43	Original module: C:\DREAMS\src\ENGINE.C. Symbol object 1 offset 000093b8. Direct original-build import; no retail equivalence or prototype inferred.
000193e4	ENG_LinkCondPlayerAction_	recovered	DREAMS.EXE embedded Watcom v3 code symbol; byte-identical import SHA256 45d00510f993d321d2288b0791a96297893de9e5e0dc24d36246e41e144008ce; tools/watcom_debug.py; tools/register_watcom_debug.py	size:25	Original module: C:\DREAMS\src\ENGINE.C. Symbol object 1 offset 000093e4. Direct original-build import; no retail equivalence or prototype inferred.
00019400	ENG_testLinkScene_	recovered	DREAMS.EXE embedded Watcom v3 code symbol; byte-identical import SHA256 45d00510f993d321d2288b0791a96297893de9e5e0dc24d36246e41e144008ce; tools/watcom_debug.py; tools/register_watcom_debug.py	size:1869	Original module: C:\DREAMS\src\ENGINE.C. Symbol object 1 offset 00009400. Direct original-build import; no retail equivalence or prototype inferred.
00019b50	Init3DEngine_	recovered	DREAMS.EXE embedded Watcom v3 code symbol; byte-identical import SHA256 45d00510f993d321d2288b0791a96297893de9e5e0dc24d36246e41e144008ce; tools/watcom_debug.py; tools/register_watcom_debug.py	size:97	Original module: C:\DREAMS\src\ENGINE.C. Symbol object 1 offset 00009b50. Direct original-build import; no retail equivalence or prototype inferred.
00019bb4	CompCameraPlayer_	recovered	DREAMS.EXE embedded Watcom v3 code symbol; byte-identical import SHA256 45d00510f993d321d2288b0791a96297893de9e5e0dc24d36246e41e144008ce; tools/watcom_debug.py; tools/register_watcom_debug.py	size:233	Original module: C:\DREAMS\src\ENGINE.C. Symbol object 1 offset 00009bb4. Direct original-build import; no retail equivalence or prototype inferred.
00019ca0	ENG_SearchObjet_	recovered	DREAMS.EXE embedded Watcom v3 code symbol; byte-identical import SHA256 45d00510f993d321d2288b0791a96297893de9e5e0dc24d36246e41e144008ce; tools/watcom_debug.py; tools/register_watcom_debug.py	size:404	Original module: C:\DREAMS\src\ENGINE.C. Symbol object 1 offset 00009ca0. Direct original-build import; no retail equivalence or prototype inferred.
00019e34	ENG_CompMovePlayerWalk_	recovered	DREAMS.EXE embedded Watcom v3 code symbol; byte-identical import SHA256 45d00510f993d321d2288b0791a96297893de9e5e0dc24d36246e41e144008ce; tools/watcom_debug.py; tools/register_watcom_debug.py	size:2745	Original module: C:\DREAMS\src\ENGINE.C. Symbol object 1 offset 00009e34. Direct original-build import; no retail equivalence or prototype inferred.
0001a8f0	ENG_CompMovePlayerSwim_	recovered	DREAMS.EXE embedded Watcom v3 code symbol; byte-identical import SHA256 45d00510f993d321d2288b0791a96297893de9e5e0dc24d36246e41e144008ce; tools/watcom_debug.py; tools/register_watcom_debug.py	size:377	Original module: C:\DREAMS\src\ENGINE.C. Symbol object 1 offset 0000a8f0. Direct original-build import; no retail equivalence or prototype inferred.
0001aa6c	ENG_CompMovePlayerFly_	recovered	DREAMS.EXE embedded Watcom v3 code symbol; byte-identical import SHA256 45d00510f993d321d2288b0791a96297893de9e5e0dc24d36246e41e144008ce; tools/watcom_debug.py; tools/register_watcom_debug.py	size:812	Original module: C:\DREAMS\src\ENGINE.C. Symbol object 1 offset 0000aa6c. Direct original-build import; no retail equivalence or prototype inferred.
0001ad98	ENG_CompObjetSceneInfluence_	recovered	DREAMS.EXE embedded Watcom v3 code symbol; byte-identical import SHA256 45d00510f993d321d2288b0791a96297893de9e5e0dc24d36246e41e144008ce; tools/watcom_debug.py; tools/register_watcom_debug.py	size:358	Original module: C:\DREAMS\src\ENGINE.C. Symbol object 1 offset 0000ad98. Direct original-build import; no retail equivalence or prototype inferred.
0001af00	ENG_CompPlayerSceneInfluence_	recovered	DREAMS.EXE embedded Watcom v3 code symbol; byte-identical import SHA256 45d00510f993d321d2288b0791a96297893de9e5e0dc24d36246e41e144008ce; tools/watcom_debug.py; tools/register_watcom_debug.py	size:458	Original module: C:\DREAMS\src\ENGINE.C. Symbol object 1 offset 0000af00. Direct original-build import; no retail equivalence or prototype inferred.
0001b0cc	ENG_CompIntefaceKey_	recovered	DREAMS.EXE embedded Watcom v3 code symbol; byte-identical import SHA256 45d00510f993d321d2288b0791a96297893de9e5e0dc24d36246e41e144008ce; tools/watcom_debug.py; tools/register_watcom_debug.py	size:81	Original module: C:\DREAMS\src\ENGINE.C. Symbol object 1 offset 0000b0cc. Direct original-build import; no retail equivalence or prototype inferred.
0001b120	ENG_CompIntefaceKey2_	recovered	DREAMS.EXE embedded Watcom v3 code symbol; byte-identical import SHA256 45d00510f993d321d2288b0791a96297893de9e5e0dc24d36246e41e144008ce; tools/watcom_debug.py; tools/register_watcom_debug.py	size:81	Original module: C:\DREAMS\src\ENGINE.C. Symbol object 1 offset 0000b120. Direct original-build import; no retail equivalence or prototype inferred.
0001b174	ENG_CompMovePlayer_	recovered	DREAMS.EXE embedded Watcom v3 code symbol; byte-identical import SHA256 45d00510f993d321d2288b0791a96297893de9e5e0dc24d36246e41e144008ce; tools/watcom_debug.py; tools/register_watcom_debug.py	size:485	Original module: C:\DREAMS\src\ENGINE.C. Symbol object 1 offset 0000b174. Direct original-build import; no retail equivalence or prototype inferred.
0001b35c	PutScreenInfo_	recovered	DREAMS.EXE embedded Watcom v3 code symbol; byte-identical import SHA256 45d00510f993d321d2288b0791a96297893de9e5e0dc24d36246e41e144008ce; tools/watcom_debug.py; tools/register_watcom_debug.py	size:128	Original module: C:\DREAMS\src\ENGINE.C. Symbol object 1 offset 0000b35c. Direct original-build import; no retail equivalence or prototype inferred.
0001b3dc	Comp3dEngineClavier_	recovered	DREAMS.EXE embedded Watcom v3 code symbol; byte-identical import SHA256 45d00510f993d321d2288b0791a96297893de9e5e0dc24d36246e41e144008ce; tools/watcom_debug.py; tools/register_watcom_debug.py	size:92	Original module: C:\DREAMS\src\ENGINE.C. Symbol object 1 offset 0000b3dc. Direct original-build import; no retail equivalence or prototype inferred.
0001b438	InitWaterEffectRender3d_	recovered	DREAMS.EXE embedded Watcom v3 code symbol; byte-identical import SHA256 45d00510f993d321d2288b0791a96297893de9e5e0dc24d36246e41e144008ce; tools/watcom_debug.py; tools/register_watcom_debug.py	size:217	Original module: C:\DREAMS\src\ENGINE.C. Symbol object 1 offset 0000b438. Direct original-build import; no retail equivalence or prototype inferred.
0001b514	CompWaterEffectRender3d_	recovered	DREAMS.EXE embedded Watcom v3 code symbol; byte-identical import SHA256 45d00510f993d321d2288b0791a96297893de9e5e0dc24d36246e41e144008ce; tools/watcom_debug.py; tools/register_watcom_debug.py	size:288	Original module: C:\DREAMS\src\ENGINE.C. Symbol object 1 offset 0000b514. Direct original-build import; no retail equivalence or prototype inferred.
0001b634	CompRender3d_	recovered	DREAMS.EXE embedded Watcom v3 code symbol; byte-identical import SHA256 45d00510f993d321d2288b0791a96297893de9e5e0dc24d36246e41e144008ce; tools/watcom_debug.py; tools/register_watcom_debug.py	size:108	Original module: C:\DREAMS\src\ENGINE.C. Symbol object 1 offset 0000b634. Direct original-build import; no retail equivalence or prototype inferred.
0001b6a0	CompPut3DObjet_	recovered	DREAMS.EXE embedded Watcom v3 code symbol; byte-identical import SHA256 45d00510f993d321d2288b0791a96297893de9e5e0dc24d36246e41e144008ce; tools/watcom_debug.py; tools/register_watcom_debug.py	size:1100	Original module: C:\DREAMS\src\ENGINE.C. Symbol object 1 offset 0000b6a0. Direct original-build import; no retail equivalence or prototype inferred.
0001baec	desInit3DEngine_	recovered	DREAMS.EXE embedded Watcom v3 code symbol; byte-identical import SHA256 45d00510f993d321d2288b0791a96297893de9e5e0dc24d36246e41e144008ce; tools/watcom_debug.py; tools/register_watcom_debug.py	size:25	Original module: C:\DREAMS\src\ENGINE.C. Symbol object 1 offset 0000baec. Direct original-build import; no retail equivalence or prototype inferred.
0001bb10	FreeTableObjetSpriteIdent_	recovered	DREAMS.EXE embedded Watcom v3 code symbol; byte-identical import SHA256 45d00510f993d321d2288b0791a96297893de9e5e0dc24d36246e41e144008ce; tools/watcom_debug.py; tools/register_watcom_debug.py	size:29	Original module: C:\DREAMS\src\SPRITE.C. Symbol object 1 offset 0000bb10. Direct original-build import; no retail equivalence or prototype inferred.
0001bb30	FlashColor_	recovered	DREAMS.EXE embedded Watcom v3 code symbol; byte-identical import SHA256 45d00510f993d321d2288b0791a96297893de9e5e0dc24d36246e41e144008ce; tools/watcom_debug.py; tools/register_watcom_debug.py	size:27	Original module: C:\DREAMS\src\SPRITE.C. Symbol object 1 offset 0000bb30. Direct original-build import; no retail equivalence or prototype inferred.
0001bb4c	LoadFileSpr_	recovered	DREAMS.EXE embedded Watcom v3 code symbol; byte-identical import SHA256 45d00510f993d321d2288b0791a96297893de9e5e0dc24d36246e41e144008ce; tools/watcom_debug.py; tools/register_watcom_debug.py	size:140	Original module: C:\DREAMS\src\SPRITE.C. Symbol object 1 offset 0000bb4c. Direct original-build import; no retail equivalence or prototype inferred.
0001bc34	ComputeAlphaAsm_	recovered	DREAMS.EXE embedded Watcom v3 code symbol; byte-identical import SHA256 45d00510f993d321d2288b0791a96297893de9e5e0dc24d36246e41e144008ce; tools/watcom_debug.py; tools/register_watcom_debug.py	size:447	Original module: C:\DREAMS\src\spritea.asm. Symbol object 1 offset 0000bc34. Direct original-build import; no retail equivalence or prototype inferred.
0001bdf3	_CompMotionBlur	recovered	DREAMS.EXE embedded Watcom v3 code symbol; byte-identical import SHA256 45d00510f993d321d2288b0791a96297893de9e5e0dc24d36246e41e144008ce; tools/watcom_debug.py; tools/register_watcom_debug.py	size:64	Original module: C:\DREAMS\src\spritea.asm. Symbol object 1 offset 0000bdf3. Direct original-build import; no retail equivalence or prototype inferred.
0001be33	_CompSmoothBlur	recovered	DREAMS.EXE embedded Watcom v3 code symbol; byte-identical import SHA256 45d00510f993d321d2288b0791a96297893de9e5e0dc24d36246e41e144008ce; tools/watcom_debug.py; tools/register_watcom_debug.py	size:59	Original module: C:\DREAMS\src\spritea.asm. Symbol object 1 offset 0000be33. Direct original-build import; no retail equivalence or prototype inferred.
0001be6e	_CompPutLife	recovered	DREAMS.EXE embedded Watcom v3 code symbol; byte-identical import SHA256 45d00510f993d321d2288b0791a96297893de9e5e0dc24d36246e41e144008ce; tools/watcom_debug.py; tools/register_watcom_debug.py	size:130	Original module: C:\DREAMS\src\spritea.asm. Symbol object 1 offset 0000be6e. Direct original-build import; no retail equivalence or prototype inferred.
0001bef0	_CompPutMana	recovered	DREAMS.EXE embedded Watcom v3 code symbol; byte-identical import SHA256 45d00510f993d321d2288b0791a96297893de9e5e0dc24d36246e41e144008ce; tools/watcom_debug.py; tools/register_watcom_debug.py	size:130	Original module: C:\DREAMS\src\spritea.asm. Symbol object 1 offset 0000bef0. Direct original-build import; no retail equivalence or prototype inferred.
0001bf72	_CompPutOxygen	recovered	DREAMS.EXE embedded Watcom v3 code symbol; byte-identical import SHA256 45d00510f993d321d2288b0791a96297893de9e5e0dc24d36246e41e144008ce; tools/watcom_debug.py; tools/register_watcom_debug.py	size:130	Original module: C:\DREAMS\src\spritea.asm. Symbol object 1 offset 0000bf72. Direct original-build import; no retail equivalence or prototype inferred.
0001bff4	_PutSpeedMask	recovered	DREAMS.EXE embedded Watcom v3 code symbol; byte-identical import SHA256 45d00510f993d321d2288b0791a96297893de9e5e0dc24d36246e41e144008ce; tools/watcom_debug.py; tools/register_watcom_debug.py	size:81	Original module: C:\DREAMS\src\spritea.asm. Symbol object 1 offset 0000bff4. Direct original-build import; no retail equivalence or prototype inferred.
0001c045	PutSpriteStef_	recovered	DREAMS.EXE embedded Watcom v3 code symbol; byte-identical import SHA256 45d00510f993d321d2288b0791a96297893de9e5e0dc24d36246e41e144008ce; tools/watcom_debug.py; tools/register_watcom_debug.py	size:1769	Original module: C:\DREAMS\src\spritea.asm. Symbol object 1 offset 0000c045. Direct original-build import; no retail equivalence or prototype inferred.
0001c72e	_GetXYColor	recovered	DREAMS.EXE embedded Watcom v3 code symbol; byte-identical import SHA256 45d00510f993d321d2288b0791a96297893de9e5e0dc24d36246e41e144008ce; tools/watcom_debug.py; tools/register_watcom_debug.py	size:37	Original module: C:\DREAMS\src\spritea.asm. Symbol object 1 offset 0000c72e. Direct original-build import; no retail equivalence or prototype inferred.
0001c753	_PutXYColor	recovered	DREAMS.EXE embedded Watcom v3 code symbol; byte-identical import SHA256 45d00510f993d321d2288b0791a96297893de9e5e0dc24d36246e41e144008ce; tools/watcom_debug.py; tools/register_watcom_debug.py	size:59	Original module: C:\DREAMS\src\spritea.asm. Symbol object 1 offset 0000c753. Direct original-build import; no retail equivalence or prototype inferred.
0001c78e	_PutSpeedParticle	recovered	DREAMS.EXE embedded Watcom v3 code symbol; byte-identical import SHA256 45d00510f993d321d2288b0791a96297893de9e5e0dc24d36246e41e144008ce; tools/watcom_debug.py; tools/register_watcom_debug.py	size:66	Original module: C:\DREAMS\src\spritea.asm. Symbol object 1 offset 0000c78e. Direct original-build import; no retail equivalence or prototype inferred.
0001c865	_InitTableSprites	recovered	DREAMS.EXE embedded Watcom v3 code symbol; byte-identical import SHA256 45d00510f993d321d2288b0791a96297893de9e5e0dc24d36246e41e144008ce; tools/watcom_debug.py; tools/register_watcom_debug.py	size:52	Original module: C:\DREAMS\src\spritea.asm. Symbol object 1 offset 0000c865. Direct original-build import; no retail equivalence or prototype inferred.
0001c899	_InitSpriteWindows	recovered	DREAMS.EXE embedded Watcom v3 code symbol; byte-identical import SHA256 45d00510f993d321d2288b0791a96297893de9e5e0dc24d36246e41e144008ce; tools/watcom_debug.py; tools/register_watcom_debug.py	size:56	Original module: C:\DREAMS\src\spritea.asm. Symbol object 1 offset 0000c899. Direct original-build import; no retail equivalence or prototype inferred.
0001c8d1	_PutSpriteL16	recovered	DREAMS.EXE embedded Watcom v3 code symbol; byte-identical import SHA256 45d00510f993d321d2288b0791a96297893de9e5e0dc24d36246e41e144008ce; tools/watcom_debug.py; tools/register_watcom_debug.py	size:393	Original module: C:\DREAMS\src\spritea.asm. Symbol object 1 offset 0000c8d1. Direct original-build import; no retail equivalence or prototype inferred.
0001ca86	_ZoomSpriteL16	recovered	DREAMS.EXE embedded Watcom v3 code symbol; byte-identical import SHA256 45d00510f993d321d2288b0791a96297893de9e5e0dc24d36246e41e144008ce; tools/watcom_debug.py; tools/register_watcom_debug.py	size:2190	Original module: C:\DREAMS\src\spritea.asm. Symbol object 1 offset 0000ca86. Direct original-build import; no retail equivalence or prototype inferred.
0001d843	_CompPaletteRadiosity	recovered	DREAMS.EXE embedded Watcom v3 code symbol; byte-identical import SHA256 45d00510f993d321d2288b0791a96297893de9e5e0dc24d36246e41e144008ce; tools/watcom_debug.py; tools/register_watcom_debug.py	size:242	Original module: C:\DREAMS\src\spritea.asm. Symbol object 1 offset 0000d843. Direct original-build import; no retail equivalence or prototype inferred.
0001d999	PutSpriteFred_	recovered	DREAMS.EXE embedded Watcom v3 code symbol; byte-identical import SHA256 45d00510f993d321d2288b0791a96297893de9e5e0dc24d36246e41e144008ce; tools/watcom_debug.py; tools/register_watcom_debug.py	size:740	Original module: C:\DREAMS\src\spritea.asm. Symbol object 1 offset 0000d999. Direct original-build import; no retail equivalence or prototype inferred.
0001dc7d	PutPyramideSprite_	recovered	DREAMS.EXE embedded Watcom v3 code symbol; byte-identical import SHA256 45d00510f993d321d2288b0791a96297893de9e5e0dc24d36246e41e144008ce; tools/watcom_debug.py; tools/register_watcom_debug.py	size:1190	Original module: C:\DREAMS\src\spritea.asm. Symbol object 1 offset 0000dc7d. Direct original-build import; no retail equivalence or prototype inferred.
0001e138	CalculeFeu_	recovered	DREAMS.EXE embedded Watcom v3 code symbol; byte-identical import SHA256 45d00510f993d321d2288b0791a96297893de9e5e0dc24d36246e41e144008ce; tools/watcom_debug.py; tools/register_watcom_debug.py	size:109	Original module: C:\DREAMS\src\spritea.asm. Symbol object 1 offset 0000e138. Direct original-build import; no retail equivalence or prototype inferred.
0001e1a5	PutFontFred_	recovered	DREAMS.EXE embedded Watcom v3 code symbol; byte-identical import SHA256 45d00510f993d321d2288b0791a96297893de9e5e0dc24d36246e41e144008ce; tools/watcom_debug.py; tools/register_watcom_debug.py	size:680	Original module: C:\DREAMS\src\spritea.asm. Symbol object 1 offset 0000e1a5. Direct original-build import; no retail equivalence or prototype inferred.
0001e44d	PutIconBarre_	recovered	DREAMS.EXE embedded Watcom v3 code symbol; byte-identical import SHA256 45d00510f993d321d2288b0791a96297893de9e5e0dc24d36246e41e144008ce; tools/watcom_debug.py; tools/register_watcom_debug.py	size:54	Original module: C:\DREAMS\src\spritea.asm. Symbol object 1 offset 0000e44d. Direct original-build import; no retail equivalence or prototype inferred.
0001e5a4	SaveImage_	recovered	DREAMS.EXE embedded Watcom v3 code symbol; byte-identical import SHA256 45d00510f993d321d2288b0791a96297893de9e5e0dc24d36246e41e144008ce; tools/watcom_debug.py; tools/register_watcom_debug.py	size:361	Original module: C:\DREAMS\src\WORKS.C. Symbol object 1 offset 0000e5a4. Direct original-build import; no retail equivalence or prototype inferred.
0001e710	printmemory_	recovered	DREAMS.EXE embedded Watcom v3 code symbol; byte-identical import SHA256 45d00510f993d321d2288b0791a96297893de9e5e0dc24d36246e41e144008ce; tools/watcom_debug.py; tools/register_watcom_debug.py	size:261	Original module: C:\DREAMS\src\WORKS.C. Symbol object 1 offset 0000e710. Direct original-build import; no retail equivalence or prototype inferred.
0001e818	GetAll3dcInDirectory_	recovered	DREAMS.EXE embedded Watcom v3 code symbol; byte-identical import SHA256 45d00510f993d321d2288b0791a96297893de9e5e0dc24d36246e41e144008ce; tools/watcom_debug.py; tools/register_watcom_debug.py	size:303	Original module: C:\DREAMS\src\WORKS.C. Symbol object 1 offset 0000e818. Direct original-build import; no retail equivalence or prototype inferred.
0001e948	GetAllHnmInDirectory_	recovered	DREAMS.EXE embedded Watcom v3 code symbol; byte-identical import SHA256 45d00510f993d321d2288b0791a96297893de9e5e0dc24d36246e41e144008ce; tools/watcom_debug.py; tools/register_watcom_debug.py	size:93	Original module: C:\DREAMS\src\WORKS.C. Symbol object 1 offset 0000e948. Direct original-build import; no retail equivalence or prototype inferred.
0001e9a8	GetAllMap_	recovered	DREAMS.EXE embedded Watcom v3 code symbol; byte-identical import SHA256 45d00510f993d321d2288b0791a96297893de9e5e0dc24d36246e41e144008ce; tools/watcom_debug.py; tools/register_watcom_debug.py	size:97	Original module: C:\DREAMS\src\WORKS.C. Symbol object 1 offset 0000e9a8. Direct original-build import; no retail equivalence or prototype inferred.
0001ea0c	GetAllAnimInDirectory_	recovered	DREAMS.EXE embedded Watcom v3 code symbol; byte-identical import SHA256 45d00510f993d321d2288b0791a96297893de9e5e0dc24d36246e41e144008ce; tools/watcom_debug.py; tools/register_watcom_debug.py	size:93	Original module: C:\DREAMS\src\WORKS.C. Symbol object 1 offset 0000ea0c. Direct original-build import; no retail equivalence or prototype inferred.
0001ea6c	GetAllSymInDirectory_	recovered	DREAMS.EXE embedded Watcom v3 code symbol; byte-identical import SHA256 45d00510f993d321d2288b0791a96297893de9e5e0dc24d36246e41e144008ce; tools/watcom_debug.py; tools/register_watcom_debug.py	size:93	Original module: C:\DREAMS\src\WORKS.C. Symbol object 1 offset 0000ea6c. Direct original-build import; no retail equivalence or prototype inferred.
0001eacc	PushCurrentScene_	recovered	DREAMS.EXE embedded Watcom v3 code symbol; byte-identical import SHA256 45d00510f993d321d2288b0791a96297893de9e5e0dc24d36246e41e144008ce; tools/watcom_debug.py; tools/register_watcom_debug.py	size:39	Original module: C:\DREAMS\src\WORKS.C. Symbol object 1 offset 0000eacc. Direct original-build import; no retail equivalence or prototype inferred.
0001eaf4	PopCurrentScene_	recovered	DREAMS.EXE embedded Watcom v3 code symbol; byte-identical import SHA256 45d00510f993d321d2288b0791a96297893de9e5e0dc24d36246e41e144008ce; tools/watcom_debug.py; tools/register_watcom_debug.py	size:113	Original module: C:\DREAMS\src\WORKS.C. Symbol object 1 offset 0000eaf4. Direct original-build import; no retail equivalence or prototype inferred.
0001eb68	PushCurrentSceneObjet_	recovered	DREAMS.EXE embedded Watcom v3 code symbol; byte-identical import SHA256 45d00510f993d321d2288b0791a96297893de9e5e0dc24d36246e41e144008ce; tools/watcom_debug.py; tools/register_watcom_debug.py	size:38	Original module: C:\DREAMS\src\WORKS.C. Symbol object 1 offset 0000eb68. Direct original-build import; no retail equivalence or prototype inferred.
0001eb90	PopCurrentSceneObjet_	recovered	DREAMS.EXE embedded Watcom v3 code symbol; byte-identical import SHA256 45d00510f993d321d2288b0791a96297893de9e5e0dc24d36246e41e144008ce; tools/watcom_debug.py; tools/register_watcom_debug.py	size:150	Original module: C:\DREAMS\src\WORKS.C. Symbol object 1 offset 0000eb90. Direct original-build import; no retail equivalence or prototype inferred.
0001ec28	PushCurrentSceneBox_	recovered	DREAMS.EXE embedded Watcom v3 code symbol; byte-identical import SHA256 45d00510f993d321d2288b0791a96297893de9e5e0dc24d36246e41e144008ce; tools/watcom_debug.py; tools/register_watcom_debug.py	size:38	Original module: C:\DREAMS\src\WORKS.C. Symbol object 1 offset 0000ec28. Direct original-build import; no retail equivalence or prototype inferred.
0001ec50	PopCurrentSceneBox_	recovered	DREAMS.EXE embedded Watcom v3 code symbol; byte-identical import SHA256 45d00510f993d321d2288b0791a96297893de9e5e0dc24d36246e41e144008ce; tools/watcom_debug.py; tools/register_watcom_debug.py	size:155	Original module: C:\DREAMS\src\WORKS.C. Symbol object 1 offset 0000ec50. Direct original-build import; no retail equivalence or prototype inferred.
0001ecec	PushCurrentSceneLink_	recovered	DREAMS.EXE embedded Watcom v3 code symbol; byte-identical import SHA256 45d00510f993d321d2288b0791a96297893de9e5e0dc24d36246e41e144008ce; tools/watcom_debug.py; tools/register_watcom_debug.py	size:38	Original module: C:\DREAMS\src\WORKS.C. Symbol object 1 offset 0000ecec. Direct original-build import; no retail equivalence or prototype inferred.
0001ed14	PopCurrentSceneLink_	recovered	DREAMS.EXE embedded Watcom v3 code symbol; byte-identical import SHA256 45d00510f993d321d2288b0791a96297893de9e5e0dc24d36246e41e144008ce; tools/watcom_debug.py; tools/register_watcom_debug.py	size:155	Original module: C:\DREAMS\src\WORKS.C. Symbol object 1 offset 0000ed14. Direct original-build import; no retail equivalence or prototype inferred.
0001edb0	worksClearAllScene_	recovered	DREAMS.EXE embedded Watcom v3 code symbol; byte-identical import SHA256 45d00510f993d321d2288b0791a96297893de9e5e0dc24d36246e41e144008ce; tools/watcom_debug.py; tools/register_watcom_debug.py	size:126	Original module: C:\DREAMS\src\WORKS.C. Symbol object 1 offset 0000edb0. Direct original-build import; no retail equivalence or prototype inferred.
0001ee30	WOR_RLECompress_	recovered	DREAMS.EXE embedded Watcom v3 code symbol; byte-identical import SHA256 45d00510f993d321d2288b0791a96297893de9e5e0dc24d36246e41e144008ce; tools/watcom_debug.py; tools/register_watcom_debug.py	size:90	Original module: C:\DREAMS\src\WORKS.C. Symbol object 1 offset 0000ee30. Direct original-build import; no retail equivalence or prototype inferred.
0001ee8c	WOR_RLEDecompress_	recovered	DREAMS.EXE embedded Watcom v3 code symbol; byte-identical import SHA256 45d00510f993d321d2288b0791a96297893de9e5e0dc24d36246e41e144008ce; tools/watcom_debug.py; tools/register_watcom_debug.py	size:87	Original module: C:\DREAMS\src\WORKS.C. Symbol object 1 offset 0000ee8c. Direct original-build import; no retail equivalence or prototype inferred.
0001eee4	WOR_SceneRLECompress_	recovered	DREAMS.EXE embedded Watcom v3 code symbol; byte-identical import SHA256 45d00510f993d321d2288b0791a96297893de9e5e0dc24d36246e41e144008ce; tools/watcom_debug.py; tools/register_watcom_debug.py	size:74	Original module: C:\DREAMS\src\WORKS.C. Symbol object 1 offset 0000eee4. Direct original-build import; no retail equivalence or prototype inferred.
0001ef30	LoadDiskScene_	recovered	DREAMS.EXE embedded Watcom v3 code symbol; byte-identical import SHA256 45d00510f993d321d2288b0791a96297893de9e5e0dc24d36246e41e144008ce; tools/watcom_debug.py; tools/register_watcom_debug.py	size:162	Original module: C:\DREAMS\src\WORKS.C. Symbol object 1 offset 0000ef30. Direct original-build import; no retail equivalence or prototype inferred.
0001efd4	SaveDiskScene_	recovered	DREAMS.EXE embedded Watcom v3 code symbol; byte-identical import SHA256 45d00510f993d321d2288b0791a96297893de9e5e0dc24d36246e41e144008ce; tools/watcom_debug.py; tools/register_watcom_debug.py	size:218	Original module: C:\DREAMS\src\WORKS.C. Symbol object 1 offset 0000efd4. Direct original-build import; no retail equivalence or prototype inferred.
0001f0b0	GetSeachSceneObjetAnimName_	recovered	DREAMS.EXE embedded Watcom v3 code symbol; byte-identical import SHA256 45d00510f993d321d2288b0791a96297893de9e5e0dc24d36246e41e144008ce; tools/watcom_debug.py; tools/register_watcom_debug.py	size:655	Original module: C:\DREAMS\src\WORKS.C. Symbol object 1 offset 0000f0b0. Direct original-build import; no retail equivalence or prototype inferred.
0001f340	GetSeachSceneObjetMapName_	recovered	DREAMS.EXE embedded Watcom v3 code symbol; byte-identical import SHA256 45d00510f993d321d2288b0791a96297893de9e5e0dc24d36246e41e144008ce; tools/watcom_debug.py; tools/register_watcom_debug.py	size:654	Original module: C:\DREAMS\src\WORKS.C. Symbol object 1 offset 0000f340. Direct original-build import; no retail equivalence or prototype inferred.
0001f5d0	GetSeachSceneObjetHnmName_	recovered	DREAMS.EXE embedded Watcom v3 code symbol; byte-identical import SHA256 45d00510f993d321d2288b0791a96297893de9e5e0dc24d36246e41e144008ce; tools/watcom_debug.py; tools/register_watcom_debug.py	size:657	Original module: C:\DREAMS\src\WORKS.C. Symbol object 1 offset 0000f5d0. Direct original-build import; no retail equivalence or prototype inferred.
0001f864	worksSeachFreeScene_	recovered	DREAMS.EXE embedded Watcom v3 code symbol; byte-identical import SHA256 45d00510f993d321d2288b0791a96297893de9e5e0dc24d36246e41e144008ce; tools/watcom_debug.py; tools/register_watcom_debug.py	size:56	Original module: C:\DREAMS\src\WORKS.C. Symbol object 1 offset 0000f864. Direct original-build import; no retail equivalence or prototype inferred.
0001f89c	ListSeachSceneName_	recovered	DREAMS.EXE embedded Watcom v3 code symbol; byte-identical import SHA256 45d00510f993d321d2288b0791a96297893de9e5e0dc24d36246e41e144008ce; tools/watcom_debug.py; tools/register_watcom_debug.py	size:151	Original module: C:\DREAMS\src\WORKS.C. Symbol object 1 offset 0000f89c. Direct original-build import; no retail equivalence or prototype inferred.
0001f934	GetSeachSceneName_	recovered	DREAMS.EXE embedded Watcom v3 code symbol; byte-identical import SHA256 45d00510f993d321d2288b0791a96297893de9e5e0dc24d36246e41e144008ce; tools/watcom_debug.py; tools/register_watcom_debug.py	size:673	Original module: C:\DREAMS\src\WORKS.C. Symbol object 1 offset 0000f934. Direct original-build import; no retail equivalence or prototype inferred.
0001fbd8	worksSeachSceneName_	recovered	DREAMS.EXE embedded Watcom v3 code symbol; byte-identical import SHA256 45d00510f993d321d2288b0791a96297893de9e5e0dc24d36246e41e144008ce; tools/watcom_debug.py; tools/register_watcom_debug.py	size:212	Original module: C:\DREAMS\src\WORKS.C. Symbol object 1 offset 0000fbd8. Direct original-build import; no retail equivalence or prototype inferred.
0001fcac	worksInitSceneCurrent_	recovered	DREAMS.EXE embedded Watcom v3 code symbol; byte-identical import SHA256 45d00510f993d321d2288b0791a96297893de9e5e0dc24d36246e41e144008ce; tools/watcom_debug.py; tools/register_watcom_debug.py	size:29	Original module: C:\DREAMS\src\WORKS.C. Symbol object 1 offset 0000fcac. Direct original-build import; no retail equivalence or prototype inferred.
0001fccc	worksCopyScenetoCurrent_	recovered	DREAMS.EXE embedded Watcom v3 code symbol; byte-identical import SHA256 45d00510f993d321d2288b0791a96297893de9e5e0dc24d36246e41e144008ce; tools/watcom_debug.py; tools/register_watcom_debug.py	size:35	Original module: C:\DREAMS\src\WORKS.C. Symbol object 1 offset 0000fccc. Direct original-build import; no retail equivalence or prototype inferred.
0001fcf0	worksCopyCurrenttoScene_	recovered	DREAMS.EXE embedded Watcom v3 code symbol; byte-identical import SHA256 45d00510f993d321d2288b0791a96297893de9e5e0dc24d36246e41e144008ce; tools/watcom_debug.py; tools/register_watcom_debug.py	size:35	Original module: C:\DREAMS\src\WORKS.C. Symbol object 1 offset 0000fcf0. Direct original-build import; no retail equivalence or prototype inferred.
0001fd14	WorksCreatScene_	recovered	DREAMS.EXE embedded Watcom v3 code symbol; byte-identical import SHA256 45d00510f993d321d2288b0791a96297893de9e5e0dc24d36246e41e144008ce; tools/watcom_debug.py; tools/register_watcom_debug.py	size:214	Original module: C:\DREAMS\src\WORKS.C. Symbol object 1 offset 0000fd14. Direct original-build import; no retail equivalence or prototype inferred.
0001fdec	WorksLoadScene_	recovered	DREAMS.EXE embedded Watcom v3 code symbol; byte-identical import SHA256 45d00510f993d321d2288b0791a96297893de9e5e0dc24d36246e41e144008ce; tools/watcom_debug.py; tools/register_watcom_debug.py	size:79	Original module: C:\DREAMS\src\WORKS.C. Symbol object 1 offset 0000fdec. Direct original-build import; no retail equivalence or prototype inferred.
0001fe3c	WorksSaveScene_	recovered	DREAMS.EXE embedded Watcom v3 code symbol; byte-identical import SHA256 45d00510f993d321d2288b0791a96297893de9e5e0dc24d36246e41e144008ce; tools/watcom_debug.py; tools/register_watcom_debug.py	size:57	Original module: C:\DREAMS\src\WORKS.C. Symbol object 1 offset 0000fe3c. Direct original-build import; no retail equivalence or prototype inferred.
0001fe78	WorksDeleteScene_	recovered	DREAMS.EXE embedded Watcom v3 code symbol; byte-identical import SHA256 45d00510f993d321d2288b0791a96297893de9e5e0dc24d36246e41e144008ce; tools/watcom_debug.py; tools/register_watcom_debug.py	size:117	Original module: C:\DREAMS\src\WORKS.C. Symbol object 1 offset 0000fe78. Direct original-build import; no retail equivalence or prototype inferred.
0001fef0	worksInitSceneObjetCurrent_	recovered	DREAMS.EXE embedded Watcom v3 code symbol; byte-identical import SHA256 45d00510f993d321d2288b0791a96297893de9e5e0dc24d36246e41e144008ce; tools/watcom_debug.py; tools/register_watcom_debug.py	size:59	Original module: C:\DREAMS\src\WORKS.C. Symbol object 1 offset 0000fef0. Direct original-build import; no retail equivalence or prototype inferred.
0001ff2c	worksCopySceneObjettoCurrent_	recovered	DREAMS.EXE embedded Watcom v3 code symbol; byte-identical import SHA256 45d00510f993d321d2288b0791a96297893de9e5e0dc24d36246e41e144008ce; tools/watcom_debug.py; tools/register_watcom_debug.py	size:35	Original module: C:\DREAMS\src\WORKS.C. Symbol object 1 offset 0000ff2c. Direct original-build import; no retail equivalence or prototype inferred.
0001ff50	worksCopyCurrenttoSceneObjet_	recovered	DREAMS.EXE embedded Watcom v3 code symbol; byte-identical import SHA256 45d00510f993d321d2288b0791a96297893de9e5e0dc24d36246e41e144008ce; tools/watcom_debug.py; tools/register_watcom_debug.py	size:35	Original module: C:\DREAMS\src\WORKS.C. Symbol object 1 offset 0000ff50. Direct original-build import; no retail equivalence or prototype inferred.
0001ff74	worksSeachFreeSceneObjet_	recovered	DREAMS.EXE embedded Watcom v3 code symbol; byte-identical import SHA256 45d00510f993d321d2288b0791a96297893de9e5e0dc24d36246e41e144008ce; tools/watcom_debug.py; tools/register_watcom_debug.py	size:53	Original module: C:\DREAMS\src\WORKS.C. Symbol object 1 offset 0000ff74. Direct original-build import; no retail equivalence or prototype inferred.
0001ffac	ListSeachSceneObjetName_	recovered	DREAMS.EXE embedded Watcom v3 code symbol; byte-identical import SHA256 45d00510f993d321d2288b0791a96297893de9e5e0dc24d36246e41e144008ce; tools/watcom_debug.py; tools/register_watcom_debug.py	size:145	Original module: C:\DREAMS\src\WORKS.C. Symbol object 1 offset 0000ffac. Direct original-build import; no retail equivalence or prototype inferred.
00020040	GetSeachSceneObjetName_	recovered	DREAMS.EXE embedded Watcom v3 code symbol; byte-identical import SHA256 45d00510f993d321d2288b0791a96297893de9e5e0dc24d36246e41e144008ce; tools/watcom_debug.py; tools/register_watcom_debug.py	size:191	Original module: C:\DREAMS\src\WORKS.C. Symbol object 1 offset 00010040. Direct original-build import; no retail equivalence or prototype inferred.
000202e0	worksSeachSceneObjetName_	recovered	DREAMS.EXE embedded Watcom v3 code symbol; byte-identical import SHA256 45d00510f993d321d2288b0791a96297893de9e5e0dc24d36246e41e144008ce; tools/watcom_debug.py; tools/register_watcom_debug.py	size:55	Original module: C:\DREAMS\src\WORKS.C. Symbol object 1 offset 000102e0. Direct original-build import; no retail equivalence or prototype inferred.
00020318	WorksCreatSceneObjet_	recovered	DREAMS.EXE embedded Watcom v3 code symbol; byte-identical import SHA256 45d00510f993d321d2288b0791a96297893de9e5e0dc24d36246e41e144008ce; tools/watcom_debug.py; tools/register_watcom_debug.py	size:156	Original module: C:\DREAMS\src\WORKS.C. Symbol object 1 offset 00010318. Direct original-build import; no retail equivalence or prototype inferred.
000203b4	WorksLoadSceneObjet_	recovered	DREAMS.EXE embedded Watcom v3 code symbol; byte-identical import SHA256 45d00510f993d321d2288b0791a96297893de9e5e0dc24d36246e41e144008ce; tools/watcom_debug.py; tools/register_watcom_debug.py	size:79	Original module: C:\DREAMS\src\WORKS.C. Symbol object 1 offset 000103b4. Direct original-build import; no retail equivalence or prototype inferred.
00020404	WorksSaveSceneObjet_	recovered	DREAMS.EXE embedded Watcom v3 code symbol; byte-identical import SHA256 45d00510f993d321d2288b0791a96297893de9e5e0dc24d36246e41e144008ce; tools/watcom_debug.py; tools/register_watcom_debug.py	size:57	Original module: C:\DREAMS\src\WORKS.C. Symbol object 1 offset 00010404. Direct original-build import; no retail equivalence or prototype inferred.
00020440	WorksDeleteSceneObjet_	recovered	DREAMS.EXE embedded Watcom v3 code symbol; byte-identical import SHA256 45d00510f993d321d2288b0791a96297893de9e5e0dc24d36246e41e144008ce; tools/watcom_debug.py; tools/register_watcom_debug.py	size:137	Original module: C:\DREAMS\src\WORKS.C. Symbol object 1 offset 00010440. Direct original-build import; no retail equivalence or prototype inferred.
000204cc	GetSeachSceneObjet3dcName_	recovered	DREAMS.EXE embedded Watcom v3 code symbol; byte-identical import SHA256 45d00510f993d321d2288b0791a96297893de9e5e0dc24d36246e41e144008ce; tools/watcom_debug.py; tools/register_watcom_debug.py	size:660	Original module: C:\DREAMS\src\WORKS.C. Symbol object 1 offset 000104cc. Direct original-build import; no retail equivalence or prototype inferred.
00020760	GetSeachSceneObjetSymName_	recovered	DREAMS.EXE embedded Watcom v3 code symbol; byte-identical import SHA256 45d00510f993d321d2288b0791a96297893de9e5e0dc24d36246e41e144008ce; tools/watcom_debug.py; tools/register_watcom_debug.py	size:658	Original module: C:\DREAMS\src\WORKS.C. Symbol object 1 offset 00010760. Direct original-build import; no retail equivalence or prototype inferred.
000209f4	worksInitSceneLinkAdventureCurrent_	recovered	DREAMS.EXE embedded Watcom v3 code symbol; byte-identical import SHA256 45d00510f993d321d2288b0791a96297893de9e5e0dc24d36246e41e144008ce; tools/watcom_debug.py; tools/register_watcom_debug.py	size:83	Original module: C:\DREAMS\src\WORKS.C. Symbol object 1 offset 000109f4. Direct original-build import; no retail equivalence or prototype inferred.
00020a48	worksCopySceneLinkAdventuretoCurrent_	recovered	DREAMS.EXE embedded Watcom v3 code symbol; byte-identical import SHA256 45d00510f993d321d2288b0791a96297893de9e5e0dc24d36246e41e144008ce; tools/watcom_debug.py; tools/register_watcom_debug.py	size:35	Original module: C:\DREAMS\src\WORKS.C. Symbol object 1 offset 00010a48. Direct original-build import; no retail equivalence or prototype inferred.
00020a6c	worksCopyCurrenttoSceneLinkAdventure_	recovered	DREAMS.EXE embedded Watcom v3 code symbol; byte-identical import SHA256 45d00510f993d321d2288b0791a96297893de9e5e0dc24d36246e41e144008ce; tools/watcom_debug.py; tools/register_watcom_debug.py	size:35	Original module: C:\DREAMS\src\WORKS.C. Symbol object 1 offset 00010a6c. Direct original-build import; no retail equivalence or prototype inferred.
00020a90	worksSeachFreeSceneLinkAdventure_	recovered	DREAMS.EXE embedded Watcom v3 code symbol; byte-identical import SHA256 45d00510f993d321d2288b0791a96297893de9e5e0dc24d36246e41e144008ce; tools/watcom_debug.py; tools/register_watcom_debug.py	size:51	Original module: C:\DREAMS\src\WORKS.C. Symbol object 1 offset 00010a90. Direct original-build import; no retail equivalence or prototype inferred.
00020ac4	ListSeachSceneLinkAdventureName_	recovered	DREAMS.EXE embedded Watcom v3 code symbol; byte-identical import SHA256 45d00510f993d321d2288b0791a96297893de9e5e0dc24d36246e41e144008ce; tools/watcom_debug.py; tools/register_watcom_debug.py	size:86	Original module: C:\DREAMS\src\WORKS.C. Symbol object 1 offset 00010ac4. Direct original-build import; no retail equivalence or prototype inferred.
00020b1c	GetSeachSceneLinkAdventureName_	recovered	DREAMS.EXE embedded Watcom v3 code symbol; byte-identical import SHA256 45d00510f993d321d2288b0791a96297893de9e5e0dc24d36246e41e144008ce; tools/watcom_debug.py; tools/register_watcom_debug.py	size:593	Original module: C:\DREAMS\src\WORKS.C. Symbol object 1 offset 00010b1c. Direct original-build import; no retail equivalence or prototype inferred.
00020d70	worksSeachSceneLinkAdventureName_	recovered	DREAMS.EXE embedded Watcom v3 code symbol; byte-identical import SHA256 45d00510f993d321d2288b0791a96297893de9e5e0dc24d36246e41e144008ce; tools/watcom_debug.py; tools/register_watcom_debug.py	size:52	Original module: C:\DREAMS\src\WORKS.C. Symbol object 1 offset 00010d70. Direct original-build import; no retail equivalence or prototype inferred.
00020da4	WorksCreatSceneLinkAdventure_	recovered	DREAMS.EXE embedded Watcom v3 code symbol; byte-identical import SHA256 45d00510f993d321d2288b0791a96297893de9e5e0dc24d36246e41e144008ce; tools/watcom_debug.py; tools/register_watcom_debug.py	size:156	Original module: C:\DREAMS\src\WORKS.C. Symbol object 1 offset 00010da4. Direct original-build import; no retail equivalence or prototype inferred.
00020e40	WorksLoadSceneLinkAdventure_	recovered	DREAMS.EXE embedded Watcom v3 code symbol; byte-identical import SHA256 45d00510f993d321d2288b0791a96297893de9e5e0dc24d36246e41e144008ce; tools/watcom_debug.py; tools/register_watcom_debug.py	size:79	Original module: C:\DREAMS\src\WORKS.C. Symbol object 1 offset 00010e40. Direct original-build import; no retail equivalence or prototype inferred.
00020e90	WorksSaveSceneLinkAdventure_	recovered	DREAMS.EXE embedded Watcom v3 code symbol; byte-identical import SHA256 45d00510f993d321d2288b0791a96297893de9e5e0dc24d36246e41e144008ce; tools/watcom_debug.py; tools/register_watcom_debug.py	size:57	Original module: C:\DREAMS\src\WORKS.C. Symbol object 1 offset 00010e90. Direct original-build import; no retail equivalence or prototype inferred.
00020ecc	WorksDeleteSceneLinkAdventure_	recovered	DREAMS.EXE embedded Watcom v3 code symbol; byte-identical import SHA256 45d00510f993d321d2288b0791a96297893de9e5e0dc24d36246e41e144008ce; tools/watcom_debug.py; tools/register_watcom_debug.py	size:137	Original module: C:\DREAMS\src\WORKS.C. Symbol object 1 offset 00010ecc. Direct original-build import; no retail equivalence or prototype inferred.
00020f58	worksInitSceneLinkCurrent_	recovered	DREAMS.EXE embedded Watcom v3 code symbol; byte-identical import SHA256 45d00510f993d321d2288b0791a96297893de9e5e0dc24d36246e41e144008ce; tools/watcom_debug.py; tools/register_watcom_debug.py	size:59	Original module: C:\DREAMS\src\WORKS.C. Symbol object 1 offset 00010f58. Direct original-build import; no retail equivalence or prototype inferred.
00020f94	worksCopySceneLinktoCurrent_	recovered	DREAMS.EXE embedded Watcom v3 code symbol; byte-identical import SHA256 45d00510f993d321d2288b0791a96297893de9e5e0dc24d36246e41e144008ce; tools/watcom_debug.py; tools/register_watcom_debug.py	size:35	Original module: C:\DREAMS\src\WORKS.C. Symbol object 1 offset 00010f94. Direct original-build import; no retail equivalence or prototype inferred.
00020fb8	worksCopyCurrenttoSceneLink_	recovered	DREAMS.EXE embedded Watcom v3 code symbol; byte-identical import SHA256 45d00510f993d321d2288b0791a96297893de9e5e0dc24d36246e41e144008ce; tools/watcom_debug.py; tools/register_watcom_debug.py	size:35	Original module: C:\DREAMS\src\WORKS.C. Symbol object 1 offset 00010fb8. Direct original-build import; no retail equivalence or prototype inferred.
00020fdc	worksSeachFreeSceneLink_	recovered	DREAMS.EXE embedded Watcom v3 code symbol; byte-identical import SHA256 45d00510f993d321d2288b0791a96297893de9e5e0dc24d36246e41e144008ce; tools/watcom_debug.py; tools/register_watcom_debug.py	size:53	Original module: C:\DREAMS\src\WORKS.C. Symbol object 1 offset 00010fdc. Direct original-build import; no retail equivalence or prototype inferred.
00021014	ListSeachSceneLinkName_	recovered	DREAMS.EXE embedded Watcom v3 code symbol; byte-identical import SHA256 45d00510f993d321d2288b0791a96297893de9e5e0dc24d36246e41e144008ce; tools/watcom_debug.py; tools/register_watcom_debug.py	size:87	Original module: C:\DREAMS\src\WORKS.C. Symbol object 1 offset 00011014. Direct original-build import; no retail equivalence or prototype inferred.
0002106c	GetSeachSceneLinkName_	recovered	DREAMS.EXE embedded Watcom v3 code symbol; byte-identical import SHA256 45d00510f993d321d2288b0791a96297893de9e5e0dc24d36246e41e144008ce; tools/watcom_debug.py; tools/register_watcom_debug.py	size:631	Original module: C:\DREAMS\src\WORKS.C. Symbol object 1 offset 0001106c. Direct original-build import; no retail equivalence or prototype inferred.
000212e4	worksSeachSceneLinkName_	recovered	DREAMS.EXE embedded Watcom v3 code symbol; byte-identical import SHA256 45d00510f993d321d2288b0791a96297893de9e5e0dc24d36246e41e144008ce; tools/watcom_debug.py; tools/register_watcom_debug.py	size:55	Original module: C:\DREAMS\src\WORKS.C. Symbol object 1 offset 000112e4. Direct original-build import; no retail equivalence or prototype inferred.
0002131c	WorksCreatSceneLink_	recovered	DREAMS.EXE embedded Watcom v3 code symbol; byte-identical import SHA256 45d00510f993d321d2288b0791a96297893de9e5e0dc24d36246e41e144008ce; tools/watcom_debug.py; tools/register_watcom_debug.py	size:142	Original module: C:\DREAMS\src\WORKS.C. Symbol object 1 offset 0001131c. Direct original-build import; no retail equivalence or prototype inferred.
000213ac	WorksLoadSceneLink_	recovered	DREAMS.EXE embedded Watcom v3 code symbol; byte-identical import SHA256 45d00510f993d321d2288b0791a96297893de9e5e0dc24d36246e41e144008ce; tools/watcom_debug.py; tools/register_watcom_debug.py	size:79	Original module: C:\DREAMS\src\WORKS.C. Symbol object 1 offset 000113ac. Direct original-build import; no retail equivalence or prototype inferred.
000213fc	WorksCleanCurrentSceneLink_	recovered	DREAMS.EXE embedded Watcom v3 code symbol; byte-identical import SHA256 45d00510f993d321d2288b0791a96297893de9e5e0dc24d36246e41e144008ce; tools/watcom_debug.py; tools/register_watcom_debug.py	size:92	Original module: C:\DREAMS\src\WORKS.C. Symbol object 1 offset 000113fc. Direct original-build import; no retail equivalence or prototype inferred.
00021458	WorksSaveSceneLink_	recovered	DREAMS.EXE embedded Watcom v3 code symbol; byte-identical import SHA256 45d00510f993d321d2288b0791a96297893de9e5e0dc24d36246e41e144008ce; tools/watcom_debug.py; tools/register_watcom_debug.py	size:63	Original module: C:\DREAMS\src\WORKS.C. Symbol object 1 offset 00011458. Direct original-build import; no retail equivalence or prototype inferred.
00021498	WorksDeleteSceneLink_	recovered	DREAMS.EXE embedded Watcom v3 code symbol; byte-identical import SHA256 45d00510f993d321d2288b0791a96297893de9e5e0dc24d36246e41e144008ce; tools/watcom_debug.py; tools/register_watcom_debug.py	size:137	Original module: C:\DREAMS\src\WORKS.C. Symbol object 1 offset 00011498. Direct original-build import; no retail equivalence or prototype inferred.
00021524	GetSeachSceneLinkSceneName_	recovered	DREAMS.EXE embedded Watcom v3 code symbol; byte-identical import SHA256 45d00510f993d321d2288b0791a96297893de9e5e0dc24d36246e41e144008ce; tools/watcom_debug.py; tools/register_watcom_debug.py	size:93	Original module: C:\DREAMS\src\WORKS.C. Symbol object 1 offset 00011524. Direct original-build import; no retail equivalence or prototype inferred.
00021584	worksInitSceneBoxCurrent_	recovered	DREAMS.EXE embedded Watcom v3 code symbol; byte-identical import SHA256 45d00510f993d321d2288b0791a96297893de9e5e0dc24d36246e41e144008ce; tools/watcom_debug.py; tools/register_watcom_debug.py	size:65	Original module: C:\DREAMS\src\WORKS.C. Symbol object 1 offset 00011584. Direct original-build import; no retail equivalence or prototype inferred.
000215c8	worksCopySceneBoxtoCurrent_	recovered	DREAMS.EXE embedded Watcom v3 code symbol; byte-identical import SHA256 45d00510f993d321d2288b0791a96297893de9e5e0dc24d36246e41e144008ce; tools/watcom_debug.py; tools/register_watcom_debug.py	size:35	Original module: C:\DREAMS\src\WORKS.C. Symbol object 1 offset 000115c8. Direct original-build import; no retail equivalence or prototype inferred.
000215ec	worksCopyCurrenttoSceneBox_	recovered	DREAMS.EXE embedded Watcom v3 code symbol; byte-identical import SHA256 45d00510f993d321d2288b0791a96297893de9e5e0dc24d36246e41e144008ce; tools/watcom_debug.py; tools/register_watcom_debug.py	size:35	Original module: C:\DREAMS\src\WORKS.C. Symbol object 1 offset 000115ec. Direct original-build import; no retail equivalence or prototype inferred.
00021610	worksSeachFreeSceneBox_	recovered	DREAMS.EXE embedded Watcom v3 code symbol; byte-identical import SHA256 45d00510f993d321d2288b0791a96297893de9e5e0dc24d36246e41e144008ce; tools/watcom_debug.py; tools/register_watcom_debug.py	size:56	Original module: C:\DREAMS\src\WORKS.C. Symbol object 1 offset 00011610. Direct original-build import; no retail equivalence or prototype inferred.
00021648	ListSeachSceneBoxName_	recovered	DREAMS.EXE embedded Watcom v3 code symbol; byte-identical import SHA256 45d00510f993d321d2288b0791a96297893de9e5e0dc24d36246e41e144008ce; tools/watcom_debug.py; tools/register_watcom_debug.py	size:90	Original module: C:\DREAMS\src\WORKS.C. Symbol object 1 offset 00011648. Direct original-build import; no retail equivalence or prototype inferred.
000216a4	GetSeachSceneBoxName_	recovered	DREAMS.EXE embedded Watcom v3 code symbol; byte-identical import SHA256 45d00510f993d321d2288b0791a96297893de9e5e0dc24d36246e41e144008ce; tools/watcom_debug.py; tools/register_watcom_debug.py	size:631	Original module: C:\DREAMS\src\WORKS.C. Symbol object 1 offset 000116a4. Direct original-build import; no retail equivalence or prototype inferred.
0002191c	worksSeachSceneBoxName_	recovered	DREAMS.EXE embedded Watcom v3 code symbol; byte-identical import SHA256 45d00510f993d321d2288b0791a96297893de9e5e0dc24d36246e41e144008ce; tools/watcom_debug.py; tools/register_watcom_debug.py	size:55	Original module: C:\DREAMS\src\WORKS.C. Symbol object 1 offset 0001191c. Direct original-build import; no retail equivalence or prototype inferred.
00021954	WorksCreatSceneBox_	recovered	DREAMS.EXE embedded Watcom v3 code symbol; byte-identical import SHA256 45d00510f993d321d2288b0791a96297893de9e5e0dc24d36246e41e144008ce; tools/watcom_debug.py; tools/register_watcom_debug.py	size:142	Original module: C:\DREAMS\src\WORKS.C. Symbol object 1 offset 00011954. Direct original-build import; no retail equivalence or prototype inferred.
000219e4	WorksLoadSceneBox_	recovered	DREAMS.EXE embedded Watcom v3 code symbol; byte-identical import SHA256 45d00510f993d321d2288b0791a96297893de9e5e0dc24d36246e41e144008ce; tools/watcom_debug.py; tools/register_watcom_debug.py	size:79	Original module: C:\DREAMS\src\WORKS.C. Symbol object 1 offset 000119e4. Direct original-build import; no retail equivalence or prototype inferred.
00021a34	WorksCleanCurrentSceneBox_	recovered	DREAMS.EXE embedded Watcom v3 code symbol; byte-identical import SHA256 45d00510f993d321d2288b0791a96297893de9e5e0dc24d36246e41e144008ce; tools/watcom_debug.py; tools/register_watcom_debug.py	size:92	Original module: C:\DREAMS\src\WORKS.C. Symbol object 1 offset 00011a34. Direct original-build import; no retail equivalence or prototype inferred.
00021a90	WorksSaveSceneBox_	recovered	DREAMS.EXE embedded Watcom v3 code symbol; byte-identical import SHA256 45d00510f993d321d2288b0791a96297893de9e5e0dc24d36246e41e144008ce; tools/watcom_debug.py; tools/register_watcom_debug.py	size:63	Original module: C:\DREAMS\src\WORKS.C. Symbol object 1 offset 00011a90. Direct original-build import; no retail equivalence or prototype inferred.
00021ad0	WorksDeleteSceneBox_	recovered	DREAMS.EXE embedded Watcom v3 code symbol; byte-identical import SHA256 45d00510f993d321d2288b0791a96297893de9e5e0dc24d36246e41e144008ce; tools/watcom_debug.py; tools/register_watcom_debug.py	size:129	Original module: C:\DREAMS\src\WORKS.C. Symbol object 1 offset 00011ad0. Direct original-build import; no retail equivalence or prototype inferred.
00021b54	CompCreatSceneBoxInputPath_	recovered	DREAMS.EXE embedded Watcom v3 code symbol; byte-identical import SHA256 45d00510f993d321d2288b0791a96297893de9e5e0dc24d36246e41e144008ce; tools/watcom_debug.py; tools/register_watcom_debug.py	size:157	Original module: C:\DREAMS\src\WORKS.C. Symbol object 1 offset 00011b54. Direct original-build import; no retail equivalence or prototype inferred.
00021bf4	CompCreatSceneBoxOutputPath_	recovered	DREAMS.EXE embedded Watcom v3 code symbol; byte-identical import SHA256 45d00510f993d321d2288b0791a96297893de9e5e0dc24d36246e41e144008ce; tools/watcom_debug.py; tools/register_watcom_debug.py	size:54	Original module: C:\DREAMS\src\WORKS.C. Symbol object 1 offset 00011bf4. Direct original-build import; no retail equivalence or prototype inferred.
00021c2c	sceneKeyboard_	recovered	DREAMS.EXE embedded Watcom v3 code symbol; byte-identical import SHA256 45d00510f993d321d2288b0791a96297893de9e5e0dc24d36246e41e144008ce; tools/watcom_debug.py; tools/register_watcom_debug.py	size:954	Original module: C:\DREAMS\src\WORKS.C. Symbol object 1 offset 00011c2c. Direct original-build import; no retail equivalence or prototype inferred.
00021fe8	ShowBox_	recovered	DREAMS.EXE embedded Watcom v3 code symbol; byte-identical import SHA256 45d00510f993d321d2288b0791a96297893de9e5e0dc24d36246e41e144008ce; tools/watcom_debug.py; tools/register_watcom_debug.py	size:185	Original module: C:\DREAMS\src\WORKS.C. Symbol object 1 offset 00011fe8. Direct original-build import; no retail equivalence or prototype inferred.
000220a4	ShowLink_	recovered	DREAMS.EXE embedded Watcom v3 code symbol; byte-identical import SHA256 45d00510f993d321d2288b0791a96297893de9e5e0dc24d36246e41e144008ce; tools/watcom_debug.py; tools/register_watcom_debug.py	size:179	Original module: C:\DREAMS\src\WORKS.C. Symbol object 1 offset 000120a4. Direct original-build import; no retail equivalence or prototype inferred.
00022158	WorksGetEditor_	recovered	DREAMS.EXE embedded Watcom v3 code symbol; byte-identical import SHA256 45d00510f993d321d2288b0791a96297893de9e5e0dc24d36246e41e144008ce; tools/watcom_debug.py; tools/register_watcom_debug.py	size:1803	Original module: C:\DREAMS\src\WORKS.C. Symbol object 1 offset 00012158. Direct original-build import; no retail equivalence or prototype inferred.
00022864	WorksEditDesSelectObjet_	recovered	DREAMS.EXE embedded Watcom v3 code symbol; byte-identical import SHA256 45d00510f993d321d2288b0791a96297893de9e5e0dc24d36246e41e144008ce; tools/watcom_debug.py; tools/register_watcom_debug.py	size:36	Original module: C:\DREAMS\src\WORKS.C. Symbol object 1 offset 00012864. Direct original-build import; no retail equivalence or prototype inferred.
00022888	WorksEditEditObjetData_	recovered	DREAMS.EXE embedded Watcom v3 code symbol; byte-identical import SHA256 45d00510f993d321d2288b0791a96297893de9e5e0dc24d36246e41e144008ce; tools/watcom_debug.py; tools/register_watcom_debug.py	size:910	Original module: C:\DREAMS\src\WORKS.C. Symbol object 1 offset 00012888. Direct original-build import; no retail equivalence or prototype inferred.
00022c18	WorksEditSelectObjet_	recovered	DREAMS.EXE embedded Watcom v3 code symbol; byte-identical import SHA256 45d00510f993d321d2288b0791a96297893de9e5e0dc24d36246e41e144008ce; tools/watcom_debug.py; tools/register_watcom_debug.py	size:287	Original module: C:\DREAMS\src\WORKS.C. Symbol object 1 offset 00012c18. Direct original-build import; no retail equivalence or prototype inferred.
00022d38	WorksEditCompObjet_	recovered	DREAMS.EXE embedded Watcom v3 code symbol; byte-identical import SHA256 45d00510f993d321d2288b0791a96297893de9e5e0dc24d36246e41e144008ce; tools/watcom_debug.py; tools/register_watcom_debug.py	size:223	Original module: C:\DREAMS\src\WORKS.C. Symbol object 1 offset 00012d38. Direct original-build import; no retail equivalence or prototype inferred.
00022e18	WorksEdit_	recovered	DREAMS.EXE embedded Watcom v3 code symbol; byte-identical import SHA256 45d00510f993d321d2288b0791a96297893de9e5e0dc24d36246e41e144008ce; tools/watcom_debug.py; tools/register_watcom_debug.py	size:238	Original module: C:\DREAMS\src\WORKS.C. Symbol object 1 offset 00012e18. Direct original-build import; no retail equivalence or prototype inferred.
00022f08	InitWorksSprite_	recovered	DREAMS.EXE embedded Watcom v3 code symbol; byte-identical import SHA256 45d00510f993d321d2288b0791a96297893de9e5e0dc24d36246e41e144008ce; tools/watcom_debug.py; tools/register_watcom_debug.py	size:45	Original module: C:\DREAMS\src\WORKS.C. Symbol object 1 offset 00012f08. Direct original-build import; no retail equivalence or prototype inferred.
00022f38	CompPrintSprite_	recovered	DREAMS.EXE embedded Watcom v3 code symbol; byte-identical import SHA256 45d00510f993d321d2288b0791a96297893de9e5e0dc24d36246e41e144008ce; tools/watcom_debug.py; tools/register_watcom_debug.py	size:38	Original module: C:\DREAMS\src\WORKS.C. Symbol object 1 offset 00012f38. Direct original-build import; no retail equivalence or prototype inferred.
000231c0	ResetParticles_	recovered	DREAMS.EXE embedded Watcom v3 code symbol; byte-identical import SHA256 45d00510f993d321d2288b0791a96297893de9e5e0dc24d36246e41e144008ce; tools/watcom_debug.py; tools/register_watcom_debug.py	size:586	Original module: C:\DREAMS\src\PARTICLE.C. Symbol object 1 offset 000131c0. Direct original-build import; no retail equivalence or prototype inferred.
0002340c	PAR_RandomCoordMap_	recovered	DREAMS.EXE embedded Watcom v3 code symbol; byte-identical import SHA256 45d00510f993d321d2288b0791a96297893de9e5e0dc24d36246e41e144008ce; tools/watcom_debug.py; tools/register_watcom_debug.py	size:43	Original module: C:\DREAMS\src\PARTICLE.C. Symbol object 1 offset 0001340c. Direct original-build import; no retail equivalence or prototype inferred.
00023438	PAR_FreezeParticle_	recovered	DREAMS.EXE embedded Watcom v3 code symbol; byte-identical import SHA256 45d00510f993d321d2288b0791a96297893de9e5e0dc24d36246e41e144008ce; tools/watcom_debug.py; tools/register_watcom_debug.py	size:48	Original module: C:\DREAMS\src\PARTICLE.C. Symbol object 1 offset 00013438. Direct original-build import; no retail equivalence or prototype inferred.
00023468	PAR_InitParticles_	recovered	DREAMS.EXE embedded Watcom v3 code symbol; byte-identical import SHA256 45d00510f993d321d2288b0791a96297893de9e5e0dc24d36246e41e144008ce; tools/watcom_debug.py; tools/register_watcom_debug.py	size:317	Original module: C:\DREAMS\src\PARTICLE.C. Symbol object 1 offset 00013468. Direct original-build import; no retail equivalence or prototype inferred.
000235a8	PAR_InitObjetCreatParticles_	recovered	DREAMS.EXE embedded Watcom v3 code symbol; byte-identical import SHA256 45d00510f993d321d2288b0791a96297893de9e5e0dc24d36246e41e144008ce; tools/watcom_debug.py; tools/register_watcom_debug.py	size:6	Original module: C:\DREAMS\src\PARTICLE.C. Symbol object 1 offset 000135a8. Direct original-build import; no retail equivalence or prototype inferred.
000235b0	PAR_InitParticlesCreate_	recovered	DREAMS.EXE embedded Watcom v3 code symbol; byte-identical import SHA256 45d00510f993d321d2288b0791a96297893de9e5e0dc24d36246e41e144008ce; tools/watcom_debug.py; tools/register_watcom_debug.py	size:177	Original module: C:\DREAMS\src\PARTICLE.C. Symbol object 1 offset 000135b0. Direct original-build import; no retail equivalence or prototype inferred.
00023664	PAR_InitParticlesAttract_	recovered	DREAMS.EXE embedded Watcom v3 code symbol; byte-identical import SHA256 45d00510f993d321d2288b0791a96297893de9e5e0dc24d36246e41e144008ce; tools/watcom_debug.py; tools/register_watcom_debug.py	size:99	Original module: C:\DREAMS\src\PARTICLE.C. Symbol object 1 offset 00013664. Direct original-build import; no retail equivalence or prototype inferred.
000236c8	PutParticle_	recovered	DREAMS.EXE embedded Watcom v3 code symbol; byte-identical import SHA256 45d00510f993d321d2288b0791a96297893de9e5e0dc24d36246e41e144008ce; tools/watcom_debug.py; tools/register_watcom_debug.py	size:445	Original module: C:\DREAMS\src\PARTICLE.C. Symbol object 1 offset 000136c8. Direct original-build import; no retail equivalence or prototype inferred.
00023888	InitTableParticles_	recovered	DREAMS.EXE embedded Watcom v3 code symbol; byte-identical import SHA256 45d00510f993d321d2288b0791a96297893de9e5e0dc24d36246e41e144008ce; tools/watcom_debug.py; tools/register_watcom_debug.py	size:271	Original module: C:\DREAMS\src\PARTICLE.C. Symbol object 1 offset 00013888. Direct original-build import; no retail equivalence or prototype inferred.
00023998	InitParticleTablePtrFree_	recovered	DREAMS.EXE embedded Watcom v3 code symbol; byte-identical import SHA256 45d00510f993d321d2288b0791a96297893de9e5e0dc24d36246e41e144008ce; tools/watcom_debug.py; tools/register_watcom_debug.py	size:61	Original module: C:\DREAMS\src\PARTICLE.C. Symbol object 1 offset 00013998. Direct original-build import; no retail equivalence or prototype inferred.
000239d8	InitParticlesFirst2_	recovered	DREAMS.EXE embedded Watcom v3 code symbol; byte-identical import SHA256 45d00510f993d321d2288b0791a96297893de9e5e0dc24d36246e41e144008ce; tools/watcom_debug.py; tools/register_watcom_debug.py	size:548	Original module: C:\DREAMS\src\PARTICLE.C. Symbol object 1 offset 000139d8. Direct original-build import; no retail equivalence or prototype inferred.
00023bfc	RefreshInitParticlesFirst2_	recovered	DREAMS.EXE embedded Watcom v3 code symbol; byte-identical import SHA256 45d00510f993d321d2288b0791a96297893de9e5e0dc24d36246e41e144008ce; tools/watcom_debug.py; tools/register_watcom_debug.py	size:508	Original module: C:\DREAMS\src\PARTICLE.C. Symbol object 1 offset 00013bfc. Direct original-build import; no retail equivalence or prototype inferred.
00023df8	InitParticlesFirst_	recovered	DREAMS.EXE embedded Watcom v3 code symbol; byte-identical import SHA256 45d00510f993d321d2288b0791a96297893de9e5e0dc24d36246e41e144008ce; tools/watcom_debug.py; tools/register_watcom_debug.py	size:78	Original module: C:\DREAMS\src\PARTICLE.C. Symbol object 1 offset 00013df8. Direct original-build import; no retail equivalence or prototype inferred.
00023e48	InitParticlesGravityFirst_	recovered	DREAMS.EXE embedded Watcom v3 code symbol; byte-identical import SHA256 45d00510f993d321d2288b0791a96297893de9e5e0dc24d36246e41e144008ce; tools/watcom_debug.py; tools/register_watcom_debug.py	size:45	Original module: C:\DREAMS\src\PARTICLE.C. Symbol object 1 offset 00013e48. Direct original-build import; no retail equivalence or prototype inferred.
00023e78	DeleteParticle_	recovered	DREAMS.EXE embedded Watcom v3 code symbol; byte-identical import SHA256 45d00510f993d321d2288b0791a96297893de9e5e0dc24d36246e41e144008ce; tools/watcom_debug.py; tools/register_watcom_debug.py	size:182	Original module: C:\DREAMS\src\PARTICLE.C. Symbol object 1 offset 00013e78. Direct original-build import; no retail equivalence or prototype inferred.
00023f30	CreateParticle_	recovered	DREAMS.EXE embedded Watcom v3 code symbol; byte-identical import SHA256 45d00510f993d321d2288b0791a96297893de9e5e0dc24d36246e41e144008ce; tools/watcom_debug.py; tools/register_watcom_debug.py	size:107	Original module: C:\DREAMS\src\PARTICLE.C. Symbol object 1 offset 00013f30. Direct original-build import; no retail equivalence or prototype inferred.
00023f9c	MoveParticleGravityOne_	recovered	DREAMS.EXE embedded Watcom v3 code symbol; byte-identical import SHA256 45d00510f993d321d2288b0791a96297893de9e5e0dc24d36246e41e144008ce; tools/watcom_debug.py; tools/register_watcom_debug.py	size:44	Original module: C:\DREAMS\src\PARTICLE.C. Symbol object 1 offset 00013f9c. Direct original-build import; no retail equivalence or prototype inferred.
00023fc8	MoveParticleGravityTwo_	recovered	DREAMS.EXE embedded Watcom v3 code symbol; byte-identical import SHA256 45d00510f993d321d2288b0791a96297893de9e5e0dc24d36246e41e144008ce; tools/watcom_debug.py; tools/register_watcom_debug.py	size:134	Original module: C:\DREAMS\src\PARTICLE.C. Symbol object 1 offset 00013fc8. Direct original-build import; no retail equivalence or prototype inferred.
00024050	MoveParticleGravityThree_	recovered	DREAMS.EXE embedded Watcom v3 code symbol; byte-identical import SHA256 45d00510f993d321d2288b0791a96297893de9e5e0dc24d36246e41e144008ce; tools/watcom_debug.py; tools/register_watcom_debug.py	size:27	Original module: C:\DREAMS\src\PARTICLE.C. Symbol object 1 offset 00014050. Direct original-build import; no retail equivalence or prototype inferred.
0002406c	CopyRandParticle_	recovered	DREAMS.EXE embedded Watcom v3 code symbol; byte-identical import SHA256 45d00510f993d321d2288b0791a96297893de9e5e0dc24d36246e41e144008ce; tools/watcom_debug.py; tools/register_watcom_debug.py	size:254	Original module: C:\DREAMS\src\PARTICLE.C. Symbol object 1 offset 0001406c. Direct original-build import; no retail equivalence or prototype inferred.
0002416c	CopyRandInitParticle_	recovered	DREAMS.EXE embedded Watcom v3 code symbol; byte-identical import SHA256 45d00510f993d321d2288b0791a96297893de9e5e0dc24d36246e41e144008ce; tools/watcom_debug.py; tools/register_watcom_debug.py	size:521	Original module: C:\DREAMS\src\PARTICLE.C. Symbol object 1 offset 0001416c. Direct original-build import; no retail equivalence or prototype inferred.
00024378	MoveParticle_	recovered	DREAMS.EXE embedded Watcom v3 code symbol; byte-identical import SHA256 45d00510f993d321d2288b0791a96297893de9e5e0dc24d36246e41e144008ce; tools/watcom_debug.py; tools/register_watcom_debug.py	size:177	Original module: C:\DREAMS\src\PARTICLE.C. Symbol object 1 offset 00014378. Direct original-build import; no retail equivalence or prototype inferred.
0002442c	ShowGravityFirst_	recovered	DREAMS.EXE embedded Watcom v3 code symbol; byte-identical import SHA256 45d00510f993d321d2288b0791a96297893de9e5e0dc24d36246e41e144008ce; tools/watcom_debug.py; tools/register_watcom_debug.py	size:57	Original module: C:\DREAMS\src\PARTICLE.C. Symbol object 1 offset 0001442c. Direct original-build import; no retail equivalence or prototype inferred.
00024468	PutParticle2_	recovered	DREAMS.EXE embedded Watcom v3 code symbol; byte-identical import SHA256 45d00510f993d321d2288b0791a96297893de9e5e0dc24d36246e41e144008ce; tools/watcom_debug.py; tools/register_watcom_debug.py	size:335	Original module: C:\DREAMS\src\PARTICLE.C. Symbol object 1 offset 00014468. Direct original-build import; no retail equivalence or prototype inferred.
000245b8	CompParticles_	recovered	DREAMS.EXE embedded Watcom v3 code symbol; byte-identical import SHA256 45d00510f993d321d2288b0791a96297893de9e5e0dc24d36246e41e144008ce; tools/watcom_debug.py; tools/register_watcom_debug.py	size:363	Original module: C:\DREAMS\src\PARTICLE.C. Symbol object 1 offset 000145b8. Direct original-build import; no retail equivalence or prototype inferred.
00024730	InitMouse_	recovered	DREAMS.EXE embedded Watcom v3 code symbol; byte-identical import SHA256 45d00510f993d321d2288b0791a96297893de9e5e0dc24d36246e41e144008ce; tools/watcom_debug.py; tools/register_watcom_debug.py	size:86	Original module: C:\DREAMS\src\PERIPH.C. Symbol object 1 offset 00014730. Direct original-build import; no retail equivalence or prototype inferred.
00024788	Clavier_	recovered	DREAMS.EXE embedded Watcom v3 code symbol; byte-identical import SHA256 45d00510f993d321d2288b0791a96297893de9e5e0dc24d36246e41e144008ce; tools/watcom_debug.py; tools/register_watcom_debug.py	size:40	Original module: C:\DREAMS\src\PERIPH.C. Symbol object 1 offset 00014788. Direct original-build import; no retail equivalence or prototype inferred.
000247b0	GetMouse_	recovered	DREAMS.EXE embedded Watcom v3 code symbol; byte-identical import SHA256 45d00510f993d321d2288b0791a96297893de9e5e0dc24d36246e41e144008ce; tools/watcom_debug.py; tools/register_watcom_debug.py	size:430	Original module: C:\DREAMS\src\PERIPH.C. Symbol object 1 offset 000147b0. Direct original-build import; no retail equivalence or prototype inferred.
00024960	GenCompClassSStrengthGlobal_	recovered	DREAMS.EXE embedded Watcom v3 code symbol; byte-identical import SHA256 45d00510f993d321d2288b0791a96297893de9e5e0dc24d36246e41e144008ce; tools/watcom_debug.py; tools/register_watcom_debug.py	size:47	Original module: C:\DREAMS\src\GENETIC.C. Symbol object 1 offset 00014960. Direct original-build import; no retail equivalence or prototype inferred.
00024990	GenCompClassSStrengthLocalPerCent_	recovered	DREAMS.EXE embedded Watcom v3 code symbol; byte-identical import SHA256 45d00510f993d321d2288b0791a96297893de9e5e0dc24d36246e41e144008ce; tools/watcom_debug.py; tools/register_watcom_debug.py	size:191	Original module: C:\DREAMS\src\GENETIC.C. Symbol object 1 offset 00014990. Direct original-build import; no retail equivalence or prototype inferred.
00024a50	GenCompClassSSelectPush_	recovered	DREAMS.EXE embedded Watcom v3 code symbol; byte-identical import SHA256 45d00510f993d321d2288b0791a96297893de9e5e0dc24d36246e41e144008ce; tools/watcom_debug.py; tools/register_watcom_debug.py	size:57	Original module: C:\DREAMS\src\GENETIC.C. Symbol object 1 offset 00014a50. Direct original-build import; no retail equivalence or prototype inferred.
00024a8c	GenCompClassSSelectPop_	recovered	DREAMS.EXE embedded Watcom v3 code symbol; byte-identical import SHA256 45d00510f993d321d2288b0791a96297893de9e5e0dc24d36246e41e144008ce; tools/watcom_debug.py; tools/register_watcom_debug.py	size:65	Original module: C:\DREAMS\src\GENETIC.C. Symbol object 1 offset 00014a8c. Direct original-build import; no retail equivalence or prototype inferred.
00024ad0	GenCompClass_	recovered	DREAMS.EXE embedded Watcom v3 code symbol; byte-identical import SHA256 45d00510f993d321d2288b0791a96297893de9e5e0dc24d36246e41e144008ce; tools/watcom_debug.py; tools/register_watcom_debug.py	size:283	Original module: C:\DREAMS\src\GENETIC.C. Symbol object 1 offset 00014ad0. Direct original-build import; no retail equivalence or prototype inferred.
00024bec	GenCompClassSPushPop_	recovered	DREAMS.EXE embedded Watcom v3 code symbol; byte-identical import SHA256 45d00510f993d321d2288b0791a96297893de9e5e0dc24d36246e41e144008ce; tools/watcom_debug.py; tools/register_watcom_debug.py	size:145	Original module: C:\DREAMS\src\GENETIC.C. Symbol object 1 offset 00014bec. Direct original-build import; no retail equivalence or prototype inferred.
00024c80	InitCompNourriture_	recovered	DREAMS.EXE embedded Watcom v3 code symbol; byte-identical import SHA256 45d00510f993d321d2288b0791a96297893de9e5e0dc24d36246e41e144008ce; tools/watcom_debug.py; tools/register_watcom_debug.py	size:35	Original module: C:\DREAMS\src\GENETIC.C. Symbol object 1 offset 00014c80. Direct original-build import; no retail equivalence or prototype inferred.
00024ca4	InitCompLife_	recovered	DREAMS.EXE embedded Watcom v3 code symbol; byte-identical import SHA256 45d00510f993d321d2288b0791a96297893de9e5e0dc24d36246e41e144008ce; tools/watcom_debug.py; tools/register_watcom_debug.py	size:49	Original module: C:\DREAMS\src\GENETIC.C. Symbol object 1 offset 00014ca4. Direct original-build import; no retail equivalence or prototype inferred.
00024cd8	CompNourriture2_	recovered	DREAMS.EXE embedded Watcom v3 code symbol; byte-identical import SHA256 45d00510f993d321d2288b0791a96297893de9e5e0dc24d36246e41e144008ce; tools/watcom_debug.py; tools/register_watcom_debug.py	size:141	Original module: C:\DREAMS\src\GENETIC.C. Symbol object 1 offset 00014cd8. Direct original-build import; no retail equivalence or prototype inferred.
00024d68	CompNourriture_	recovered	DREAMS.EXE embedded Watcom v3 code symbol; byte-identical import SHA256 45d00510f993d321d2288b0791a96297893de9e5e0dc24d36246e41e144008ce; tools/watcom_debug.py; tools/register_watcom_debug.py	size:127	Original module: C:\DREAMS\src\GENETIC.C. Symbol object 1 offset 00014d68. Direct original-build import; no retail equivalence or prototype inferred.
00024de8	MatchClass_	recovered	DREAMS.EXE embedded Watcom v3 code symbol; byte-identical import SHA256 45d00510f993d321d2288b0791a96297893de9e5e0dc24d36246e41e144008ce; tools/watcom_debug.py; tools/register_watcom_debug.py	size:102	Original module: C:\DREAMS\src\GENETIC.C. Symbol object 1 offset 00014de8. Direct original-build import; no retail equivalence or prototype inferred.
00024e50	SeachFatherMatchClass_	recovered	DREAMS.EXE embedded Watcom v3 code symbol; byte-identical import SHA256 45d00510f993d321d2288b0791a96297893de9e5e0dc24d36246e41e144008ce; tools/watcom_debug.py; tools/register_watcom_debug.py	size:50	Original module: C:\DREAMS\src\GENETIC.C. Symbol object 1 offset 00014e50. Direct original-build import; no retail equivalence or prototype inferred.
00024e84	TaxMatchClass_	recovered	DREAMS.EXE embedded Watcom v3 code symbol; byte-identical import SHA256 45d00510f993d321d2288b0791a96297893de9e5e0dc24d36246e41e144008ce; tools/watcom_debug.py; tools/register_watcom_debug.py	size:22	Original module: C:\DREAMS\src\GENETIC.C. Symbol object 1 offset 00014e84. Direct original-build import; no retail equivalence or prototype inferred.
00024e9c	SelectMatchClass_	recovered	DREAMS.EXE embedded Watcom v3 code symbol; byte-identical import SHA256 45d00510f993d321d2288b0791a96297893de9e5e0dc24d36246e41e144008ce; tools/watcom_debug.py; tools/register_watcom_debug.py	size:61	Original module: C:\DREAMS\src\GENETIC.C. Symbol object 1 offset 00014e9c. Direct original-build import; no retail equivalence or prototype inferred.
00024edc	PaidMatchClass_	recovered	DREAMS.EXE embedded Watcom v3 code symbol; byte-identical import SHA256 45d00510f993d321d2288b0791a96297893de9e5e0dc24d36246e41e144008ce; tools/watcom_debug.py; tools/register_watcom_debug.py	size:22	Original module: C:\DREAMS\src\GENETIC.C. Symbol object 1 offset 00014edc. Direct original-build import; no retail equivalence or prototype inferred.
00024ef4	CompLifeToClassifieur_	recovered	DREAMS.EXE embedded Watcom v3 code symbol; byte-identical import SHA256 45d00510f993d321d2288b0791a96297893de9e5e0dc24d36246e41e144008ce; tools/watcom_debug.py; tools/register_watcom_debug.py	size:124	Original module: C:\DREAMS\src\GENETIC.C. Symbol object 1 offset 00014ef4. Direct original-build import; no retail equivalence or prototype inferred.
00024f70	LoadEnvironmemt_	recovered	DREAMS.EXE embedded Watcom v3 code symbol; byte-identical import SHA256 45d00510f993d321d2288b0791a96297893de9e5e0dc24d36246e41e144008ce; tools/watcom_debug.py; tools/register_watcom_debug.py	size:21	Original module: C:\DREAMS\src\GENETIC.C. Symbol object 1 offset 00014f70. Direct original-build import; no retail equivalence or prototype inferred.
00024f88	CompClassifieurToLife_	recovered	DREAMS.EXE embedded Watcom v3 code symbol; byte-identical import SHA256 45d00510f993d321d2288b0791a96297893de9e5e0dc24d36246e41e144008ce; tools/watcom_debug.py; tools/register_watcom_debug.py	size:87	Original module: C:\DREAMS\src\GENETIC.C. Symbol object 1 offset 00014f88. Direct original-build import; no retail equivalence or prototype inferred.
00024fe0	EnvironmentPaidLastMatchClass_	recovered	DREAMS.EXE embedded Watcom v3 code symbol; byte-identical import SHA256 45d00510f993d321d2288b0791a96297893de9e5e0dc24d36246e41e144008ce; tools/watcom_debug.py; tools/register_watcom_debug.py	size:120	Original module: C:\DREAMS\src\GENETIC.C. Symbol object 1 offset 00014fe0. Direct original-build import; no retail equivalence or prototype inferred.
00025058	CompClassSSpecificite_	recovered	DREAMS.EXE embedded Watcom v3 code symbol; byte-identical import SHA256 45d00510f993d321d2288b0791a96297893de9e5e0dc24d36246e41e144008ce; tools/watcom_debug.py; tools/register_watcom_debug.py	size:60	Original module: C:\DREAMS\src\GENETIC.C. Symbol object 1 offset 00015058. Direct original-build import; no retail equivalence or prototype inferred.
00025094	InitPop_	recovered	DREAMS.EXE embedded Watcom v3 code symbol; byte-identical import SHA256 45d00510f993d321d2288b0791a96297893de9e5e0dc24d36246e41e144008ce; tools/watcom_debug.py; tools/register_watcom_debug.py	size:137	Original module: C:\DREAMS\src\GENETIC.C. Symbol object 1 offset 00015094. Direct original-build import; no retail equivalence or prototype inferred.
00025120	SelectBestMatchClass_	recovered	DREAMS.EXE embedded Watcom v3 code symbol; byte-identical import SHA256 45d00510f993d321d2288b0791a96297893de9e5e0dc24d36246e41e144008ce; tools/watcom_debug.py; tools/register_watcom_debug.py	size:209	Original module: C:\DREAMS\src\GENETIC.C. Symbol object 1 offset 00015120. Direct original-build import; no retail equivalence or prototype inferred.
000251f4	PaidMessagetoMessageFather_	recovered	DREAMS.EXE embedded Watcom v3 code symbol; byte-identical import SHA256 45d00510f993d321d2288b0791a96297893de9e5e0dc24d36246e41e144008ce; tools/watcom_debug.py; tools/register_watcom_debug.py	size:226	Original module: C:\DREAMS\src\GENETIC.C. Symbol object 1 offset 000151f4. Direct original-build import; no retail equivalence or prototype inferred.
000252d8	CopyMessagetoMessageFather_	recovered	DREAMS.EXE embedded Watcom v3 code symbol; byte-identical import SHA256 45d00510f993d321d2288b0791a96297893de9e5e0dc24d36246e41e144008ce; tools/watcom_debug.py; tools/register_watcom_debug.py	size:60	Original module: C:\DREAMS\src\GENETIC.C. Symbol object 1 offset 000152d8. Direct original-build import; no retail equivalence or prototype inferred.
00025314	CompPop2_	recovered	DREAMS.EXE embedded Watcom v3 code symbol; byte-identical import SHA256 45d00510f993d321d2288b0791a96297893de9e5e0dc24d36246e41e144008ce; tools/watcom_debug.py; tools/register_watcom_debug.py	size:353	Original module: C:\DREAMS\src\GENETIC.C. Symbol object 1 offset 00015314. Direct original-build import; no retail equivalence or prototype inferred.
00025478	CompPop_	recovered	DREAMS.EXE embedded Watcom v3 code symbol; byte-identical import SHA256 45d00510f993d321d2288b0791a96297893de9e5e0dc24d36246e41e144008ce; tools/watcom_debug.py; tools/register_watcom_debug.py	size:163	Original module: C:\DREAMS\src\GENETIC.C. Symbol object 1 offset 00015478. Direct original-build import; no retail equivalence or prototype inferred.
0002551c	TestPop_	recovered	DREAMS.EXE embedded Watcom v3 code symbol; byte-identical import SHA256 45d00510f993d321d2288b0791a96297893de9e5e0dc24d36246e41e144008ce; tools/watcom_debug.py; tools/register_watcom_debug.py	size:156	Original module: C:\DREAMS\src\GENETIC.C. Symbol object 1 offset 0001551c. Direct original-build import; no retail equivalence or prototype inferred.
000255f8	GEN_GenSelectPopMax_	recovered	DREAMS.EXE embedded Watcom v3 code symbol; byte-identical import SHA256 45d00510f993d321d2288b0791a96297893de9e5e0dc24d36246e41e144008ce; tools/watcom_debug.py; tools/register_watcom_debug.py	size:100	Original module: C:\DREAMS\src\GENETIC.C. Symbol object 1 offset 000155f8. Direct original-build import; no retail equivalence or prototype inferred.
0002565c	GEN_GenSelectPopMin_	recovered	DREAMS.EXE embedded Watcom v3 code symbol; byte-identical import SHA256 45d00510f993d321d2288b0791a96297893de9e5e0dc24d36246e41e144008ce; tools/watcom_debug.py; tools/register_watcom_debug.py	size:28	Original module: C:\DREAMS\src\GENETIC.C. Symbol object 1 offset 0001565c. Direct original-build import; no retail equivalence or prototype inferred.
00025678	GEN_GenCompClass_	recovered	DREAMS.EXE embedded Watcom v3 code symbol; byte-identical import SHA256 45d00510f993d321d2288b0791a96297893de9e5e0dc24d36246e41e144008ce; tools/watcom_debug.py; tools/register_watcom_debug.py	size:195	Original module: C:\DREAMS\src\GENETIC.C. Symbol object 1 offset 00015678. Direct original-build import; no retail equivalence or prototype inferred.
0002573c	GEN_CompLifeToClassifieur_	recovered	DREAMS.EXE embedded Watcom v3 code symbol; byte-identical import SHA256 45d00510f993d321d2288b0791a96297893de9e5e0dc24d36246e41e144008ce; tools/watcom_debug.py; tools/register_watcom_debug.py	size:70	Original module: C:\DREAMS\src\GENETIC.C. Symbol object 1 offset 0001573c. Direct original-build import; no retail equivalence or prototype inferred.
00025784	GEN_LoadEnvironmemt_	recovered	DREAMS.EXE embedded Watcom v3 code symbol; byte-identical import SHA256 45d00510f993d321d2288b0791a96297893de9e5e0dc24d36246e41e144008ce; tools/watcom_debug.py; tools/register_watcom_debug.py	size:19	Original module: C:\DREAMS\src\GENETIC.C. Symbol object 1 offset 00015784. Direct original-build import; no retail equivalence or prototype inferred.
00025798	GEN_CompClassifieurToLife_	recovered	DREAMS.EXE embedded Watcom v3 code symbol; byte-identical import SHA256 45d00510f993d321d2288b0791a96297893de9e5e0dc24d36246e41e144008ce; tools/watcom_debug.py; tools/register_watcom_debug.py	size:87	Original module: C:\DREAMS\src\GENETIC.C. Symbol object 1 offset 00015798. Direct original-build import; no retail equivalence or prototype inferred.
000257f0	GEN_CompEnvironment_	recovered	DREAMS.EXE embedded Watcom v3 code symbol; byte-identical import SHA256 45d00510f993d321d2288b0791a96297893de9e5e0dc24d36246e41e144008ce; tools/watcom_debug.py; tools/register_watcom_debug.py	size:25	Original module: C:\DREAMS\src\GENETIC.C. Symbol object 1 offset 000157f0. Direct original-build import; no retail equivalence or prototype inferred.
0002580c	GEN_MatchClass_	recovered	DREAMS.EXE embedded Watcom v3 code symbol; byte-identical import SHA256 45d00510f993d321d2288b0791a96297893de9e5e0dc24d36246e41e144008ce; tools/watcom_debug.py; tools/register_watcom_debug.py	size:67	Original module: C:\DREAMS\src\GENETIC.C. Symbol object 1 offset 0001580c. Direct original-build import; no retail equivalence or prototype inferred.
00025850	GEN_SelectMatchClass_	recovered	DREAMS.EXE embedded Watcom v3 code symbol; byte-identical import SHA256 45d00510f993d321d2288b0791a96297893de9e5e0dc24d36246e41e144008ce; tools/watcom_debug.py; tools/register_watcom_debug.py	size:61	Original module: C:\DREAMS\src\GENETIC.C. Symbol object 1 offset 00015850. Direct original-build import; no retail equivalence or prototype inferred.
00025890	GEN_CompPop_	recovered	DREAMS.EXE embedded Watcom v3 code symbol; byte-identical import SHA256 45d00510f993d321d2288b0791a96297893de9e5e0dc24d36246e41e144008ce; tools/watcom_debug.py; tools/register_watcom_debug.py	size:166	Original module: C:\DREAMS\src\GENETIC.C. Symbol object 1 offset 00015890. Direct original-build import; no retail equivalence or prototype inferred.
00025938	GEN_InitCompNourriture_	recovered	DREAMS.EXE embedded Watcom v3 code symbol; byte-identical import SHA256 45d00510f993d321d2288b0791a96297893de9e5e0dc24d36246e41e144008ce; tools/watcom_debug.py; tools/register_watcom_debug.py	size:49	Original module: C:\DREAMS\src\GENETIC.C. Symbol object 1 offset 00015938. Direct original-build import; no retail equivalence or prototype inferred.
0002596c	GEN_InitCompLife_	recovered	DREAMS.EXE embedded Watcom v3 code symbol; byte-identical import SHA256 45d00510f993d321d2288b0791a96297893de9e5e0dc24d36246e41e144008ce; tools/watcom_debug.py; tools/register_watcom_debug.py	size:45	Original module: C:\DREAMS\src\GENETIC.C. Symbol object 1 offset 0001596c. Direct original-build import; no retail equivalence or prototype inferred.
0002599c	GEN_CompClassSSpecificite_	recovered	DREAMS.EXE embedded Watcom v3 code symbol; byte-identical import SHA256 45d00510f993d321d2288b0791a96297893de9e5e0dc24d36246e41e144008ce; tools/watcom_debug.py; tools/register_watcom_debug.py	size:60	Original module: C:\DREAMS\src\GENETIC.C. Symbol object 1 offset 0001599c. Direct original-build import; no retail equivalence or prototype inferred.
000259d8	GEN_InitPop_	recovered	DREAMS.EXE embedded Watcom v3 code symbol; byte-identical import SHA256 45d00510f993d321d2288b0791a96297893de9e5e0dc24d36246e41e144008ce; tools/watcom_debug.py; tools/register_watcom_debug.py	size:180	Original module: C:\DREAMS\src\GENETIC.C. Symbol object 1 offset 000159d8. Direct original-build import; no retail equivalence or prototype inferred.
00025ba0	dms_InitObj_	recovered	DREAMS.EXE embedded Watcom v3 code symbol; byte-identical import SHA256 45d00510f993d321d2288b0791a96297893de9e5e0dc24d36246e41e144008ce; tools/watcom_debug.py; tools/register_watcom_debug.py	size:101	Original module: C:\DREAMS\src\DMS_EVIL.C. Symbol object 1 offset 00015ba0. Direct original-build import; no retail equivalence or prototype inferred.
00025c08	dms_LinkSontoFather_	recovered	DREAMS.EXE embedded Watcom v3 code symbol; byte-identical import SHA256 45d00510f993d321d2288b0791a96297893de9e5e0dc24d36246e41e144008ce; tools/watcom_debug.py; tools/register_watcom_debug.py	size:38	Original module: C:\DREAMS\src\DMS_EVIL.C. Symbol object 1 offset 00015c08. Direct original-build import; no retail equivalence or prototype inferred.
00025c30	DMS_Init2_	recovered	DREAMS.EXE embedded Watcom v3 code symbol; byte-identical import SHA256 45d00510f993d321d2288b0791a96297893de9e5e0dc24d36246e41e144008ce; tools/watcom_debug.py; tools/register_watcom_debug.py	size:1741	Original module: C:\DREAMS\src\DMS_EVIL.C. Symbol object 1 offset 00015c30. Direct original-build import; no retail equivalence or prototype inferred.
00026300	DMS_InitOneObjetLevel0_	recovered	DREAMS.EXE embedded Watcom v3 code symbol; byte-identical import SHA256 45d00510f993d321d2288b0791a96297893de9e5e0dc24d36246e41e144008ce; tools/watcom_debug.py; tools/register_watcom_debug.py	size:23	Original module: C:\DREAMS\src\DMS_EVIL.C. Symbol object 1 offset 00016300. Direct original-build import; no retail equivalence or prototype inferred.
00026318	DMS_Init_	recovered	DREAMS.EXE embedded Watcom v3 code symbol; byte-identical import SHA256 45d00510f993d321d2288b0791a96297893de9e5e0dc24d36246e41e144008ce; tools/watcom_debug.py; tools/register_watcom_debug.py	size:1515	Original module: C:\DREAMS\src\DMS_EVIL.C. Symbol object 1 offset 00016318. Direct original-build import; no retail equivalence or prototype inferred.
00026904	DMS_DisconnectEntityFatherAndSon_	recovered	DREAMS.EXE embedded Watcom v3 code symbol; byte-identical import SHA256 45d00510f993d321d2288b0791a96297893de9e5e0dc24d36246e41e144008ce; tools/watcom_debug.py; tools/register_watcom_debug.py	size:117	Original module: C:\DREAMS\src\DMS_EVIL.C. Symbol object 1 offset 00016904. Direct original-build import; no retail equivalence or prototype inferred.
0002697c	DMS_DisconnectEntity_	recovered	DREAMS.EXE embedded Watcom v3 code symbol; byte-identical import SHA256 45d00510f993d321d2288b0791a96297893de9e5e0dc24d36246e41e144008ce; tools/watcom_debug.py; tools/register_watcom_debug.py	size:346	Original module: C:\DREAMS\src\DMS_EVIL.C. Symbol object 1 offset 0001697c. Direct original-build import; no retail equivalence or prototype inferred.
00026ad8	test_dms_CompAngle_	recovered	DREAMS.EXE embedded Watcom v3 code symbol; byte-identical import SHA256 45d00510f993d321d2288b0791a96297893de9e5e0dc24d36246e41e144008ce; tools/watcom_debug.py; tools/register_watcom_debug.py	size:280	Original module: C:\DREAMS\src\DMS_EVIL.C. Symbol object 1 offset 00016ad8. Direct original-build import; no retail equivalence or prototype inferred.
00026bf0	dms_CompAngle_	recovered	DREAMS.EXE embedded Watcom v3 code symbol; byte-identical import SHA256 45d00510f993d321d2288b0791a96297893de9e5e0dc24d36246e41e144008ce; tools/watcom_debug.py; tools/register_watcom_debug.py	size:323	Original module: C:\DREAMS\src\DMS_EVIL.C. Symbol object 1 offset 00016bf0. Direct original-build import; no retail equivalence or prototype inferred.
00026d34	dms_CompAngleZ_	recovered	DREAMS.EXE embedded Watcom v3 code symbol; byte-identical import SHA256 45d00510f993d321d2288b0791a96297893de9e5e0dc24d36246e41e144008ce; tools/watcom_debug.py; tools/register_watcom_debug.py	size:415	Original module: C:\DREAMS\src\DMS_EVIL.C. Symbol object 1 offset 00016d34. Direct original-build import; no retail equivalence or prototype inferred.
00026ed4	dms_Brain_	recovered	DREAMS.EXE embedded Watcom v3 code symbol; byte-identical import SHA256 45d00510f993d321d2288b0791a96297893de9e5e0dc24d36246e41e144008ce; tools/watcom_debug.py; tools/register_watcom_debug.py	size:183	Original module: C:\DREAMS\src\DMS_EVIL.C. Symbol object 1 offset 00016ed4. Direct original-build import; no retail equivalence or prototype inferred.
00026f8c	dms_L1TacticalMovPath_	recovered	DREAMS.EXE embedded Watcom v3 code symbol; byte-identical import SHA256 45d00510f993d321d2288b0791a96297893de9e5e0dc24d36246e41e144008ce; tools/watcom_debug.py; tools/register_watcom_debug.py	size:999	Original module: C:\DREAMS\src\DMS_EVIL.C. Symbol object 1 offset 00016f8c. Direct original-build import; no retail equivalence or prototype inferred.
00027374	dms_L1TacticalSearchForNearPath_	recovered	DREAMS.EXE embedded Watcom v3 code symbol; byte-identical import SHA256 45d00510f993d321d2288b0791a96297893de9e5e0dc24d36246e41e144008ce; tools/watcom_debug.py; tools/register_watcom_debug.py	size:218	Original module: C:\DREAMS\src\DMS_EVIL.C. Symbol object 1 offset 00017374. Direct original-build import; no retail equivalence or prototype inferred.
00027450	dms_L1TacticalMovPathWait_	recovered	DREAMS.EXE embedded Watcom v3 code symbol; byte-identical import SHA256 45d00510f993d321d2288b0791a96297893de9e5e0dc24d36246e41e144008ce; tools/watcom_debug.py; tools/register_watcom_debug.py	size:265	Original module: C:\DREAMS\src\DMS_EVIL.C. Symbol object 1 offset 00017450. Direct original-build import; no retail equivalence or prototype inferred.
0002755c	dms_L1TacticalMovLeader_	recovered	DREAMS.EXE embedded Watcom v3 code symbol; byte-identical import SHA256 45d00510f993d321d2288b0791a96297893de9e5e0dc24d36246e41e144008ce; tools/watcom_debug.py; tools/register_watcom_debug.py	size:52	Original module: C:\DREAMS\src\DMS_EVIL.C. Symbol object 1 offset 0001755c. Direct original-build import; no retail equivalence or prototype inferred.
00027590	dms_L1TacticalMovBackLeftLeader_	recovered	DREAMS.EXE embedded Watcom v3 code symbol; byte-identical import SHA256 45d00510f993d321d2288b0791a96297893de9e5e0dc24d36246e41e144008ce; tools/watcom_debug.py; tools/register_watcom_debug.py	size:125	Original module: C:\DREAMS\src\DMS_EVIL.C. Symbol object 1 offset 00017590. Direct original-build import; no retail equivalence or prototype inferred.
00027610	dms_L1TacticalMovBackRightLeader_	recovered	DREAMS.EXE embedded Watcom v3 code symbol; byte-identical import SHA256 45d00510f993d321d2288b0791a96297893de9e5e0dc24d36246e41e144008ce; tools/watcom_debug.py; tools/register_watcom_debug.py	size:125	Original module: C:\DREAMS\src\DMS_EVIL.C. Symbol object 1 offset 00017610. Direct original-build import; no retail equivalence or prototype inferred.
00027690	dms_L1TacticalMovFrontLeader_	recovered	DREAMS.EXE embedded Watcom v3 code symbol; byte-identical import SHA256 45d00510f993d321d2288b0791a96297893de9e5e0dc24d36246e41e144008ce; tools/watcom_debug.py; tools/register_watcom_debug.py	size:188	Original module: C:\DREAMS\src\DMS_EVIL.C. Symbol object 1 offset 00017690. Direct original-build import; no retail equivalence or prototype inferred.
0002774c	dms_L1TacticalSubPathPlayer_	recovered	DREAMS.EXE embedded Watcom v3 code symbol; byte-identical import SHA256 45d00510f993d321d2288b0791a96297893de9e5e0dc24d36246e41e144008ce; tools/watcom_debug.py; tools/register_watcom_debug.py	size:164	Original module: C:\DREAMS\src\DMS_EVIL.C. Symbol object 1 offset 0001774c. Direct original-build import; no retail equivalence or prototype inferred.
000277f0	dms_L1TacticalMovPathNearPLayer_	recovered	DREAMS.EXE embedded Watcom v3 code symbol; byte-identical import SHA256 45d00510f993d321d2288b0791a96297893de9e5e0dc24d36246e41e144008ce; tools/watcom_debug.py; tools/register_watcom_debug.py	size:430	Original module: C:\DREAMS\src\DMS_EVIL.C. Symbol object 1 offset 000177f0. Direct original-build import; no retail equivalence or prototype inferred.
000279a0	dms_TestBox_	recovered	DREAMS.EXE embedded Watcom v3 code symbol; byte-identical import SHA256 45d00510f993d321d2288b0791a96297893de9e5e0dc24d36246e41e144008ce; tools/watcom_debug.py; tools/register_watcom_debug.py	size:204	Original module: C:\DREAMS\src\DMS_EVIL.C. Symbol object 1 offset 000179a0. Direct original-build import; no retail equivalence or prototype inferred.
00027a6c	compareD_	recovered	DREAMS.EXE embedded Watcom v3 code symbol; byte-identical import SHA256 45d00510f993d321d2288b0791a96297893de9e5e0dc24d36246e41e144008ce; tools/watcom_debug.py; tools/register_watcom_debug.py	size:36	Original module: C:\DREAMS\src\DMS_EVIL.C. Symbol object 1 offset 00017a6c. Direct original-build import; no retail equivalence or prototype inferred.
00027a90	DMS_SearchAllEnemies_	recovered	DREAMS.EXE embedded Watcom v3 code symbol; byte-identical import SHA256 45d00510f993d321d2288b0791a96297893de9e5e0dc24d36246e41e144008ce; tools/watcom_debug.py; tools/register_watcom_debug.py	size:954	Original module: C:\DREAMS\src\DMS_EVIL.C. Symbol object 1 offset 00017a90. Direct original-build import; no retail equivalence or prototype inferred.
00027e4c	dms_CompdistBetweenTwoObj_	recovered	DREAMS.EXE embedded Watcom v3 code symbol; byte-identical import SHA256 45d00510f993d321d2288b0791a96297893de9e5e0dc24d36246e41e144008ce; tools/watcom_debug.py; tools/register_watcom_debug.py	size:50	Original module: C:\DREAMS\src\DMS_EVIL.C. Symbol object 1 offset 00017e4c. Direct original-build import; no retail equivalence or prototype inferred.
00027e80	dms_L1Tactical_DMS_L1_TACTICAL_ATTACK_	recovered	DREAMS.EXE embedded Watcom v3 code symbol; byte-identical import SHA256 45d00510f993d321d2288b0791a96297893de9e5e0dc24d36246e41e144008ce; tools/watcom_debug.py; tools/register_watcom_debug.py	size:593	Original module: C:\DREAMS\src\DMS_EVIL.C. Symbol object 1 offset 00017e80. Direct original-build import; no retail equivalence or prototype inferred.
000280d4	dms_L1Tactical_DMS_L1_TACTICAL_DIRECT_MONO_	recovered	DREAMS.EXE embedded Watcom v3 code symbol; byte-identical import SHA256 45d00510f993d321d2288b0791a96297893de9e5e0dc24d36246e41e144008ce; tools/watcom_debug.py; tools/register_watcom_debug.py	size:451	Original module: C:\DREAMS\src\DMS_EVIL.C. Symbol object 1 offset 000180d4. Direct original-build import; no retail equivalence or prototype inferred.
00028298	dms_L1Tactical_	recovered	DREAMS.EXE embedded Watcom v3 code symbol; byte-identical import SHA256 45d00510f993d321d2288b0791a96297893de9e5e0dc24d36246e41e144008ce; tools/watcom_debug.py; tools/register_watcom_debug.py	size:885	Original module: C:\DREAMS\src\DMS_EVIL.C. Symbol object 1 offset 00018298. Direct original-build import; no retail equivalence or prototype inferred.
00028610	dms_L0TacticalMov_	recovered	DREAMS.EXE embedded Watcom v3 code symbol; byte-identical import SHA256 45d00510f993d321d2288b0791a96297893de9e5e0dc24d36246e41e144008ce; tools/watcom_debug.py; tools/register_watcom_debug.py	size:944	Original module: C:\DREAMS\src\DMS_EVIL.C. Symbol object 1 offset 00018610. Direct original-build import; no retail equivalence or prototype inferred.
000289c0	dms_L0TacticalMovAndWait_	recovered	DREAMS.EXE embedded Watcom v3 code symbol; byte-identical import SHA256 45d00510f993d321d2288b0791a96297893de9e5e0dc24d36246e41e144008ce; tools/watcom_debug.py; tools/register_watcom_debug.py	size:32	Original module: C:\DREAMS\src\DMS_EVIL.C. Symbol object 1 offset 000189c0. Direct original-build import; no retail equivalence or prototype inferred.
000289e0	dms_L0TacticalMovAndSym_	recovered	DREAMS.EXE embedded Watcom v3 code symbol; byte-identical import SHA256 45d00510f993d321d2288b0791a96297893de9e5e0dc24d36246e41e144008ce; tools/watcom_debug.py; tools/register_watcom_debug.py	size:212	Original module: C:\DREAMS\src\DMS_EVIL.C. Symbol object 1 offset 000189e0. Direct original-build import; no retail equivalence or prototype inferred.
00028ab4	dms_L0TacticalMovAndKill_	recovered	DREAMS.EXE embedded Watcom v3 code symbol; byte-identical import SHA256 45d00510f993d321d2288b0791a96297893de9e5e0dc24d36246e41e144008ce; tools/watcom_debug.py; tools/register_watcom_debug.py	size:833	Original module: C:\DREAMS\src\DMS_EVIL.C. Symbol object 1 offset 00018ab4. Direct original-build import; no retail equivalence or prototype inferred.
00028df8	dms_L0Tactical_	recovered	DREAMS.EXE embedded Watcom v3 code symbol; byte-identical import SHA256 45d00510f993d321d2288b0791a96297893de9e5e0dc24d36246e41e144008ce; tools/watcom_debug.py; tools/register_watcom_debug.py	size:76	Original module: C:\DREAMS\src\DMS_EVIL.C. Symbol object 1 offset 00018df8. Direct original-build import; no retail equivalence or prototype inferred.
00028e44	dms_L0StrategicInputShowCone_	recovered	DREAMS.EXE embedded Watcom v3 code symbol; byte-identical import SHA256 45d00510f993d321d2288b0791a96297893de9e5e0dc24d36246e41e144008ce; tools/watcom_debug.py; tools/register_watcom_debug.py	size:81	Original module: C:\DREAMS\src\DMS_EVIL.C. Symbol object 1 offset 00018e44. Direct original-build import; no retail equivalence or prototype inferred.
00028e9c	dms_L0StrategicInputMatchPos_	recovered	DREAMS.EXE embedded Watcom v3 code symbol; byte-identical import SHA256 45d00510f993d321d2288b0791a96297893de9e5e0dc24d36246e41e144008ce; tools/watcom_debug.py; tools/register_watcom_debug.py	size:230	Original module: C:\DREAMS\src\DMS_EVIL.C. Symbol object 1 offset 00018e9c. Direct original-build import; no retail equivalence or prototype inferred.
00028f84	dms_L0Strategic_	recovered	DREAMS.EXE embedded Watcom v3 code symbol; byte-identical import SHA256 45d00510f993d321d2288b0791a96297893de9e5e0dc24d36246e41e144008ce; tools/watcom_debug.py; tools/register_watcom_debug.py	size:393	Original module: C:\DREAMS\src\DMS_EVIL.C. Symbol object 1 offset 00018f84. Direct original-build import; no retail equivalence or prototype inferred.
00029110	dms_L1Strategic_	recovered	DREAMS.EXE embedded Watcom v3 code symbol; byte-identical import SHA256 45d00510f993d321d2288b0791a96297893de9e5e0dc24d36246e41e144008ce; tools/watcom_debug.py; tools/register_watcom_debug.py	size:282	Original module: C:\DREAMS\src\DMS_EVIL.C. Symbol object 1 offset 00019110. Direct original-build import; no retail equivalence or prototype inferred.
0002922c	DMS_DecisionMakingSystem_	recovered	DREAMS.EXE embedded Watcom v3 code symbol; byte-identical import SHA256 45d00510f993d321d2288b0791a96297893de9e5e0dc24d36246e41e144008ce; tools/watcom_debug.py; tools/register_watcom_debug.py	size:258	Original module: C:\DREAMS\src\DMS_EVIL.C. Symbol object 1 offset 0001922c. Direct original-build import; no retail equivalence or prototype inferred.
00029330	MSG_CreateMessageList_	recovered	DREAMS.EXE embedded Watcom v3 code symbol; byte-identical import SHA256 45d00510f993d321d2288b0791a96297893de9e5e0dc24d36246e41e144008ce; tools/watcom_debug.py; tools/register_watcom_debug.py	size:91	Original module: C:\DREAMS\src\MSGLIST.C. Symbol object 1 offset 00019330. Direct original-build import; no retail equivalence or prototype inferred.
0002938c	MSG_DestroyMessageList_	recovered	DREAMS.EXE embedded Watcom v3 code symbol; byte-identical import SHA256 45d00510f993d321d2288b0791a96297893de9e5e0dc24d36246e41e144008ce; tools/watcom_debug.py; tools/register_watcom_debug.py	size:19	Original module: C:\DREAMS\src\MSGLIST.C. Symbol object 1 offset 0001938c. Direct original-build import; no retail equivalence or prototype inferred.
000293a0	MSG_PostMessage_	recovered	DREAMS.EXE embedded Watcom v3 code symbol; byte-identical import SHA256 45d00510f993d321d2288b0791a96297893de9e5e0dc24d36246e41e144008ce; tools/watcom_debug.py; tools/register_watcom_debug.py	size:60	Original module: C:\DREAMS\src\MSGLIST.C. Symbol object 1 offset 000193a0. Direct original-build import; no retail equivalence or prototype inferred.
000293e0	EVM_Create_	recovered	DREAMS.EXE embedded Watcom v3 code symbol; byte-identical import SHA256 45d00510f993d321d2288b0791a96297893de9e5e0dc24d36246e41e144008ce; tools/watcom_debug.py; tools/register_watcom_debug.py	size:44	Original module: C:\DREAMS\src\EVM.C. Symbol object 1 offset 000193e0. Direct original-build import; no retail equivalence or prototype inferred.
0002940c	EVM_Destroy_	recovered	DREAMS.EXE embedded Watcom v3 code symbol; byte-identical import SHA256 45d00510f993d321d2288b0791a96297893de9e5e0dc24d36246e41e144008ce; tools/watcom_debug.py; tools/register_watcom_debug.py	size:59	Original module: C:\DREAMS\src\EVM.C. Symbol object 1 offset 0001940c. Direct original-build import; no retail equivalence or prototype inferred.
00029448	EVM_CollectEvents_	recovered	DREAMS.EXE embedded Watcom v3 code symbol; byte-identical import SHA256 45d00510f993d321d2288b0791a96297893de9e5e0dc24d36246e41e144008ce; tools/watcom_debug.py; tools/register_watcom_debug.py	size:546	Original module: C:\DREAMS\src\EVM.C. Symbol object 1 offset 00019448. Direct original-build import; no retail equivalence or prototype inferred.
0002966c	EVM_StartTimer_	recovered	DREAMS.EXE embedded Watcom v3 code symbol; byte-identical import SHA256 45d00510f993d321d2288b0791a96297893de9e5e0dc24d36246e41e144008ce; tools/watcom_debug.py; tools/register_watcom_debug.py	size:72	Original module: C:\DREAMS\src\EVM.C. Symbol object 1 offset 0001966c. Direct original-build import; no retail equivalence or prototype inferred.
000296b4	EVM_EndTimer_	recovered	DREAMS.EXE embedded Watcom v3 code symbol; byte-identical import SHA256 45d00510f993d321d2288b0791a96297893de9e5e0dc24d36246e41e144008ce; tools/watcom_debug.py; tools/register_watcom_debug.py	size:49	Original module: C:\DREAMS\src\EVM.C. Symbol object 1 offset 000196b4. Direct original-build import; no retail equivalence or prototype inferred.
000296e8	EVM_PauseTimer_	recovered	DREAMS.EXE embedded Watcom v3 code symbol; byte-identical import SHA256 45d00510f993d321d2288b0791a96297893de9e5e0dc24d36246e41e144008ce; tools/watcom_debug.py; tools/register_watcom_debug.py	size:61	Original module: C:\DREAMS\src\EVM.C. Symbol object 1 offset 000196e8. Direct original-build import; no retail equivalence or prototype inferred.
00029728	EVM_ResumeTimer_	recovered	DREAMS.EXE embedded Watcom v3 code symbol; byte-identical import SHA256 45d00510f993d321d2288b0791a96297893de9e5e0dc24d36246e41e144008ce; tools/watcom_debug.py; tools/register_watcom_debug.py	size:102	Original module: C:\DREAMS\src\EVM.C. Symbol object 1 offset 00019728. Direct original-build import; no retail equivalence or prototype inferred.
00029790	EVM_CaptureJoystick_	recovered	DREAMS.EXE embedded Watcom v3 code symbol; byte-identical import SHA256 45d00510f993d321d2288b0791a96297893de9e5e0dc24d36246e41e144008ce; tools/watcom_debug.py; tools/register_watcom_debug.py	size:8	Original module: C:\DREAMS\src\EVM.C. Symbol object 1 offset 00019790. Direct original-build import; no retail equivalence or prototype inferred.
00029798	EVM_ReleaseJoystick_	recovered	DREAMS.EXE embedded Watcom v3 code symbol; byte-identical import SHA256 45d00510f993d321d2288b0791a96297893de9e5e0dc24d36246e41e144008ce; tools/watcom_debug.py; tools/register_watcom_debug.py	size:9	Original module: C:\DREAMS\src\EVM.C. Symbol object 1 offset 00019798. Direct original-build import; no retail equivalence or prototype inferred.
000297a4	EVM_CaptureJoypad_	recovered	DREAMS.EXE embedded Watcom v3 code symbol; byte-identical import SHA256 45d00510f993d321d2288b0791a96297893de9e5e0dc24d36246e41e144008ce; tools/watcom_debug.py; tools/register_watcom_debug.py	size:8	Original module: C:\DREAMS\src\EVM.C. Symbol object 1 offset 000197a4. Direct original-build import; no retail equivalence or prototype inferred.
000297ac	EVM_ReleaseJoypad_	recovered	DREAMS.EXE embedded Watcom v3 code symbol; byte-identical import SHA256 45d00510f993d321d2288b0791a96297893de9e5e0dc24d36246e41e144008ce; tools/watcom_debug.py; tools/register_watcom_debug.py	size:9	Original module: C:\DREAMS\src\EVM.C. Symbol object 1 offset 000197ac. Direct original-build import; no retail equivalence or prototype inferred.
000297c0	MGM_Create_	recovered	DREAMS.EXE embedded Watcom v3 code symbol; byte-identical import SHA256 45d00510f993d321d2288b0791a96297893de9e5e0dc24d36246e41e144008ce; tools/watcom_debug.py; tools/register_watcom_debug.py	size:115	Original module: C:\DREAMS\src\MGM.C. Symbol object 1 offset 000197c0. Direct original-build import; no retail equivalence or prototype inferred.
00029834	MGM_Destroy_	recovered	DREAMS.EXE embedded Watcom v3 code symbol; byte-identical import SHA256 45d00510f993d321d2288b0791a96297893de9e5e0dc24d36246e41e144008ce; tools/watcom_debug.py; tools/register_watcom_debug.py	size:56	Original module: C:\DREAMS\src\MGM.C. Symbol object 1 offset 00019834. Direct original-build import; no retail equivalence or prototype inferred.
0002986c	MGM_Reset_	recovered	DREAMS.EXE embedded Watcom v3 code symbol; byte-identical import SHA256 45d00510f993d321d2288b0791a96297893de9e5e0dc24d36246e41e144008ce; tools/watcom_debug.py; tools/register_watcom_debug.py	size:47	Original module: C:\DREAMS\src\MGM.C. Symbol object 1 offset 0001986c. Direct original-build import; no retail equivalence or prototype inferred.
00029948	MGM_SendMessage_	recovered	DREAMS.EXE embedded Watcom v3 code symbol; byte-identical import SHA256 45d00510f993d321d2288b0791a96297893de9e5e0dc24d36246e41e144008ce; tools/watcom_debug.py; tools/register_watcom_debug.py	size:940	Original module: C:\DREAMS\src\MGM.C. Symbol object 1 offset 00019948. Direct original-build import; no retail equivalence or prototype inferred.
00029d20	MGM_DispatchMessages_	recovered	DREAMS.EXE embedded Watcom v3 code symbol; byte-identical import SHA256 45d00510f993d321d2288b0791a96297893de9e5e0dc24d36246e41e144008ce; tools/watcom_debug.py; tools/register_watcom_debug.py	size:715	Original module: C:\DREAMS\src\MGM.C. Symbol object 1 offset 00019d20. Direct original-build import; no retail equivalence or prototype inferred.
00029fec	dos_change_video_mode_	recovered	DREAMS.EXE embedded Watcom v3 code symbol; byte-identical import SHA256 45d00510f993d321d2288b0791a96297893de9e5e0dc24d36246e41e144008ce; tools/watcom_debug.py; tools/register_watcom_debug.py	size:36	Original module: C:\DREAMS\src\MGM.C. Symbol object 1 offset 00019fec. Direct original-build import; no retail equivalence or prototype inferred.
0002a010	play_acd_seq_	recovered	DREAMS.EXE embedded Watcom v3 code symbol; byte-identical import SHA256 45d00510f993d321d2288b0791a96297893de9e5e0dc24d36246e41e144008ce; tools/watcom_debug.py; tools/register_watcom_debug.py	size:74	Original module: C:\DREAMS\src\MGM.C. Symbol object 1 offset 0001a010. Direct original-build import; no retail equivalence or prototype inferred.
0002a064	check_playing_acd_seq_	recovered	DREAMS.EXE embedded Watcom v3 code symbol; byte-identical import SHA256 45d00510f993d321d2288b0791a96297893de9e5e0dc24d36246e41e144008ce; tools/watcom_debug.py; tools/register_watcom_debug.py	size:65	Original module: C:\DREAMS\src\MGM.C. Symbol object 1 offset 0001a064. Direct original-build import; no retail equivalence or prototype inferred.
0002a0a8	MGM_Error_	recovered	DREAMS.EXE embedded Watcom v3 code symbol; byte-identical import SHA256 45d00510f993d321d2288b0791a96297893de9e5e0dc24d36246e41e144008ce; tools/watcom_debug.py; tools/register_watcom_debug.py	size:28	Original module: C:\DREAMS\src\MGM.C. Symbol object 1 offset 0001a0a8. Direct original-build import; no retail equivalence or prototype inferred.
0002a0d0	SND_InitMiles_	recovered	DREAMS.EXE embedded Watcom v3 code symbol; byte-identical import SHA256 45d00510f993d321d2288b0791a96297893de9e5e0dc24d36246e41e144008ce; tools/watcom_debug.py; tools/register_watcom_debug.py	size:275	Original module: C:\DREAMS\src\MSOUND.C. Symbol object 1 offset 0001a0d0. Direct original-build import; no retail equivalence or prototype inferred.
0002a1e4	SND_PauseMiles_	recovered	DREAMS.EXE embedded Watcom v3 code symbol; byte-identical import SHA256 45d00510f993d321d2288b0791a96297893de9e5e0dc24d36246e41e144008ce; tools/watcom_debug.py; tools/register_watcom_debug.py	size:42	Original module: C:\DREAMS\src\MSOUND.C. Symbol object 1 offset 0001a1e4. Direct original-build import; no retail equivalence or prototype inferred.
0002a210	SND_ResumeMiles_	recovered	DREAMS.EXE embedded Watcom v3 code symbol; byte-identical import SHA256 45d00510f993d321d2288b0791a96297893de9e5e0dc24d36246e41e144008ce; tools/watcom_debug.py; tools/register_watcom_debug.py	size:35	Original module: C:\DREAMS\src\MSOUND.C. Symbol object 1 offset 0001a210. Direct original-build import; no retail equivalence or prototype inferred.
0002a234	SND_EndMiles_	recovered	DREAMS.EXE embedded Watcom v3 code symbol; byte-identical import SHA256 45d00510f993d321d2288b0791a96297893de9e5e0dc24d36246e41e144008ce; tools/watcom_debug.py; tools/register_watcom_debug.py	size:64	Original module: C:\DREAMS\src\MSOUND.C. Symbol object 1 offset 0001a234. Direct original-build import; no retail equivalence or prototype inferred.
0002a274	FREQ_TIMER_HANDLER	recovered	DREAMS.EXE embedded Watcom v3 code symbol; byte-identical import SHA256 45d00510f993d321d2288b0791a96297893de9e5e0dc24d36246e41e144008ce; tools/watcom_debug.py; tools/register_watcom_debug.py	size:9	Original module: C:\DREAMS\src\MSOUND.C. Symbol object 1 offset 0001a274. Direct original-build import; no retail equivalence or prototype inferred.
0002a280	SND_TIMER_HANDLER	recovered	DREAMS.EXE embedded Watcom v3 code symbol; byte-identical import SHA256 45d00510f993d321d2288b0791a96297893de9e5e0dc24d36246e41e144008ce; tools/watcom_debug.py; tools/register_watcom_debug.py	size:13	Original module: C:\DREAMS\src\MSOUND.C. Symbol object 1 offset 0001a280. Direct original-build import; no retail equivalence or prototype inferred.
0002a290	SND_SetMilesTimer_	recovered	DREAMS.EXE embedded Watcom v3 code symbol; byte-identical import SHA256 45d00510f993d321d2288b0791a96297893de9e5e0dc24d36246e41e144008ce; tools/watcom_debug.py; tools/register_watcom_debug.py	size:200	Original module: C:\DREAMS\src\MSOUND.C. Symbol object 1 offset 0001a290. Direct original-build import; no retail equivalence or prototype inferred.
0002a358	SND_EndMilesTimer_	recovered	DREAMS.EXE embedded Watcom v3 code symbol; byte-identical import SHA256 45d00510f993d321d2288b0791a96297893de9e5e0dc24d36246e41e144008ce; tools/watcom_debug.py; tools/register_watcom_debug.py	size:56	Original module: C:\DREAMS\src\MSOUND.C. Symbol object 1 offset 0001a358. Direct original-build import; no retail equivalence or prototype inferred.
0002a390	SND_ChangeMasterVolume_	recovered	DREAMS.EXE embedded Watcom v3 code symbol; byte-identical import SHA256 45d00510f993d321d2288b0791a96297893de9e5e0dc24d36246e41e144008ce; tools/watcom_debug.py; tools/register_watcom_debug.py	size:45	Original module: C:\DREAMS\src\MSOUND.C. Symbol object 1 offset 0001a390. Direct original-build import; no retail equivalence or prototype inferred.
0002a3c0	SND_PlaySB_	recovered	DREAMS.EXE embedded Watcom v3 code symbol; byte-identical import SHA256 45d00510f993d321d2288b0791a96297893de9e5e0dc24d36246e41e144008ce; tools/watcom_debug.py; tools/register_watcom_debug.py	size:229	Original module: C:\DREAMS\src\MSOUND.C. Symbol object 1 offset 0001a3c0. Direct original-build import; no retail equivalence or prototype inferred.
0002a4a8	SND_StopSB_	recovered	DREAMS.EXE embedded Watcom v3 code symbol; byte-identical import SHA256 45d00510f993d321d2288b0791a96297893de9e5e0dc24d36246e41e144008ce; tools/watcom_debug.py; tools/register_watcom_debug.py	size:73	Original module: C:\DREAMS\src\MSOUND.C. Symbol object 1 offset 0001a4a8. Direct original-build import; no retail equivalence or prototype inferred.
0002a4f4	SND_ChangePlayingSB_	recovered	DREAMS.EXE embedded Watcom v3 code symbol; byte-identical import SHA256 45d00510f993d321d2288b0791a96297893de9e5e0dc24d36246e41e144008ce; tools/watcom_debug.py; tools/register_watcom_debug.py	size:123	Original module: C:\DREAMS\src\MSOUND.C. Symbol object 1 offset 0001a4f4. Direct original-build import; no retail equivalence or prototype inferred.
0002a570	SND_PauseSB_	recovered	DREAMS.EXE embedded Watcom v3 code symbol; byte-identical import SHA256 45d00510f993d321d2288b0791a96297893de9e5e0dc24d36246e41e144008ce; tools/watcom_debug.py; tools/register_watcom_debug.py	size:69	Original module: C:\DREAMS\src\MSOUND.C. Symbol object 1 offset 0001a570. Direct original-build import; no retail equivalence or prototype inferred.
0002a5b8	SND_ResumeSB_	recovered	DREAMS.EXE embedded Watcom v3 code symbol; byte-identical import SHA256 45d00510f993d321d2288b0791a96297893de9e5e0dc24d36246e41e144008ce; tools/watcom_debug.py; tools/register_watcom_debug.py	size:69	Original module: C:\DREAMS\src\MSOUND.C. Symbol object 1 offset 0001a5b8. Direct original-build import; no retail equivalence or prototype inferred.
0002a600	SND_PlayingSBStatus_	recovered	DREAMS.EXE embedded Watcom v3 code symbol; byte-identical import SHA256 45d00510f993d321d2288b0791a96297893de9e5e0dc24d36246e41e144008ce; tools/watcom_debug.py; tools/register_watcom_debug.py	size:76	Original module: C:\DREAMS\src\MSOUND.C. Symbol object 1 offset 0001a600. Direct original-build import; no retail equivalence or prototype inferred.
0002a64c	SND_Stop_	recovered	DREAMS.EXE embedded Watcom v3 code symbol; byte-identical import SHA256 45d00510f993d321d2288b0791a96297893de9e5e0dc24d36246e41e144008ce; tools/watcom_debug.py; tools/register_watcom_debug.py	size:73	Original module: C:\DREAMS\src\MSOUND.C. Symbol object 1 offset 0001a64c. Direct original-build import; no retail equivalence or prototype inferred.
0002a698	SND_Pause_	recovered	DREAMS.EXE embedded Watcom v3 code symbol; byte-identical import SHA256 45d00510f993d321d2288b0791a96297893de9e5e0dc24d36246e41e144008ce; tools/watcom_debug.py; tools/register_watcom_debug.py	size:73	Original module: C:\DREAMS\src\MSOUND.C. Symbol object 1 offset 0001a698. Direct original-build import; no retail equivalence or prototype inferred.
0002a6e4	SND_Resume_	recovered	DREAMS.EXE embedded Watcom v3 code symbol; byte-identical import SHA256 45d00510f993d321d2288b0791a96297893de9e5e0dc24d36246e41e144008ce; tools/watcom_debug.py; tools/register_watcom_debug.py	size:73	Original module: C:\DREAMS\src\MSOUND.C. Symbol object 1 offset 0001a6e4. Direct original-build import; no retail equivalence or prototype inferred.
0002a730	SND_PlayDialog_	recovered	DREAMS.EXE embedded Watcom v3 code symbol; byte-identical import SHA256 45d00510f993d321d2288b0791a96297893de9e5e0dc24d36246e41e144008ce; tools/watcom_debug.py; tools/register_watcom_debug.py	size:91	Original module: C:\DREAMS\src\MSOUND.C. Symbol object 1 offset 0001a730. Direct original-build import; no retail equivalence or prototype inferred.
0002a78c	SND_StopDialog_	recovered	DREAMS.EXE embedded Watcom v3 code symbol; byte-identical import SHA256 45d00510f993d321d2288b0791a96297893de9e5e0dc24d36246e41e144008ce; tools/watcom_debug.py; tools/register_watcom_debug.py	size:45	Original module: C:\DREAMS\src\MSOUND.C. Symbol object 1 offset 0001a78c. Direct original-build import; no retail equivalence or prototype inferred.
0002a7bc	SND_Set3DMaxDistance_	recovered	DREAMS.EXE embedded Watcom v3 code symbol; byte-identical import SHA256 45d00510f993d321d2288b0791a96297893de9e5e0dc24d36246e41e144008ce; tools/watcom_debug.py; tools/register_watcom_debug.py	size:16	Original module: C:\DREAMS\src\MSOUND.C. Symbol object 1 offset 0001a7bc. Direct original-build import; no retail equivalence or prototype inferred.
0002a7cc	make_new_sample_handle_	recovered	DREAMS.EXE embedded Watcom v3 code symbol; byte-identical import SHA256 45d00510f993d321d2288b0791a96297893de9e5e0dc24d36246e41e144008ce; tools/watcom_debug.py; tools/register_watcom_debug.py	size:51	Original module: C:\DREAMS\src\MSOUND.C. Symbol object 1 offset 0001a7cc. Direct original-build import; no retail equivalence or prototype inferred.
0002a800	adjust_sb_sample_flags_	recovered	DREAMS.EXE embedded Watcom v3 code symbol; byte-identical import SHA256 45d00510f993d321d2288b0791a96297893de9e5e0dc24d36246e41e144008ce; tools/watcom_debug.py; tools/register_watcom_debug.py	size:109	Original module: C:\DREAMS\src\MSOUND.C. Symbol object 1 offset 0001a800. Direct original-build import; no retail equivalence or prototype inferred.
0002a870	set_s3d_vol_bal_	recovered	DREAMS.EXE embedded Watcom v3 code symbol; byte-identical import SHA256 45d00510f993d321d2288b0791a96297893de9e5e0dc24d36246e41e144008ce; tools/watcom_debug.py; tools/register_watcom_debug.py	size:226	Original module: C:\DREAMS\src\MSOUND.C. Symbol object 1 offset 0001a870. Direct original-build import; no retail equivalence or prototype inferred.
0002a954	get_sb_free_channel_	recovered	DREAMS.EXE embedded Watcom v3 code symbol; byte-identical import SHA256 45d00510f993d321d2288b0791a96297893de9e5e0dc24d36246e41e144008ce; tools/watcom_debug.py; tools/register_watcom_debug.py	size:336	Original module: C:\DREAMS\src\MSOUND.C. Symbol object 1 offset 0001a954. Direct original-build import; no retail equivalence or prototype inferred.
0002aab0	CAM_Init_	recovered	DREAMS.EXE embedded Watcom v3 code symbol; byte-identical import SHA256 45d00510f993d321d2288b0791a96297893de9e5e0dc24d36246e41e144008ce; tools/watcom_debug.py; tools/register_watcom_debug.py	size:49	Original module: C:\DREAMS\src\CAMERA.C. Symbol object 1 offset 0001aab0. Direct original-build import; no retail equivalence or prototype inferred.
0002aae4	CAM_End_	recovered	DREAMS.EXE embedded Watcom v3 code symbol; byte-identical import SHA256 45d00510f993d321d2288b0791a96297893de9e5e0dc24d36246e41e144008ce; tools/watcom_debug.py; tools/register_watcom_debug.py	size:10	Original module: C:\DREAMS\src\CAMERA.C. Symbol object 1 offset 0001aae4. Direct original-build import; no retail equivalence or prototype inferred.
0002aaf0	CAM_PostMessageCommand_	recovered	DREAMS.EXE embedded Watcom v3 code symbol; byte-identical import SHA256 45d00510f993d321d2288b0791a96297893de9e5e0dc24d36246e41e144008ce; tools/watcom_debug.py; tools/register_watcom_debug.py	size:29	Original module: C:\DREAMS\src\CAMERA.C. Symbol object 1 offset 0001aaf0. Direct original-build import; no retail equivalence or prototype inferred.
0002ab4c	CAM_CompCameraPos_	recovered	DREAMS.EXE embedded Watcom v3 code symbol; byte-identical import SHA256 45d00510f993d321d2288b0791a96297893de9e5e0dc24d36246e41e144008ce; tools/watcom_debug.py; tools/register_watcom_debug.py	size:531	Original module: C:\DREAMS\src\CAMERA.C. Symbol object 1 offset 0001ab4c. Direct original-build import; no retail equivalence or prototype inferred.
0002ad60	CAM_InitFollowObjetCamera_	recovered	DREAMS.EXE embedded Watcom v3 code symbol; byte-identical import SHA256 45d00510f993d321d2288b0791a96297893de9e5e0dc24d36246e41e144008ce; tools/watcom_debug.py; tools/register_watcom_debug.py	size:58	Original module: C:\DREAMS\src\CAMERA.C. Symbol object 1 offset 0001ad60. Direct original-build import; no retail equivalence or prototype inferred.
0002ad9c	CAM_FollowObjetCamera_	recovered	DREAMS.EXE embedded Watcom v3 code symbol; byte-identical import SHA256 45d00510f993d321d2288b0791a96297893de9e5e0dc24d36246e41e144008ce; tools/watcom_debug.py; tools/register_watcom_debug.py	size:49	Original module: C:\DREAMS\src\CAMERA.C. Symbol object 1 offset 0001ad9c. Direct original-build import; no retail equivalence or prototype inferred.
0002add0	calc_new_walk_parm_	recovered	DREAMS.EXE embedded Watcom v3 code symbol; byte-identical import SHA256 45d00510f993d321d2288b0791a96297893de9e5e0dc24d36246e41e144008ce; tools/watcom_debug.py; tools/register_watcom_debug.py	size:1398	Original module: C:\DREAMS\src\CAMERA.C. Symbol object 1 offset 0001add0. Direct original-build import; no retail equivalence or prototype inferred.
0002b348	calc_new_fly_parm_	recovered	DREAMS.EXE embedded Watcom v3 code symbol; byte-identical import SHA256 45d00510f993d321d2288b0791a96297893de9e5e0dc24d36246e41e144008ce; tools/watcom_debug.py; tools/register_watcom_debug.py	size:623	Original module: C:\DREAMS\src\CAMERA.C. Symbol object 1 offset 0001b348. Direct original-build import; no retail equivalence or prototype inferred.
0002b5b8	calc_new_cam_and_target_pos_	recovered	DREAMS.EXE embedded Watcom v3 code symbol; byte-identical import SHA256 45d00510f993d321d2288b0791a96297893de9e5e0dc24d36246e41e144008ce; tools/watcom_debug.py; tools/register_watcom_debug.py	size:366	Original module: C:\DREAMS\src\CAMERA.C. Symbol object 1 offset 0001b5b8. Direct original-build import; no retail equivalence or prototype inferred.
0002b728	CAM_OrienteCam2Target_	recovered	DREAMS.EXE embedded Watcom v3 code symbol; byte-identical import SHA256 45d00510f993d321d2288b0791a96297893de9e5e0dc24d36246e41e144008ce; tools/watcom_debug.py; tools/register_watcom_debug.py	size:64	Original module: C:\DREAMS\src\CAMERA.C. Symbol object 1 offset 0001b728. Direct original-build import; no retail equivalence or prototype inferred.
0002b768	CAM_ReduceCutTimeCamera_	recovered	DREAMS.EXE embedded Watcom v3 code symbol; byte-identical import SHA256 45d00510f993d321d2288b0791a96297893de9e5e0dc24d36246e41e144008ce; tools/watcom_debug.py; tools/register_watcom_debug.py	size:66	Original module: C:\DREAMS\src\CAMERA.C. Symbol object 1 offset 0001b768. Direct original-build import; no retail equivalence or prototype inferred.
0002b7ac	CAM_InitCut2Pt2PtCamera_	recovered	DREAMS.EXE embedded Watcom v3 code symbol; byte-identical import SHA256 45d00510f993d321d2288b0791a96297893de9e5e0dc24d36246e41e144008ce; tools/watcom_debug.py; tools/register_watcom_debug.py	size:83	Original module: C:\DREAMS\src\CAMERA.C. Symbol object 1 offset 0001b7ac. Direct original-build import; no retail equivalence or prototype inferred.
0002b800	CAM_MoveCutPt2Pt_	recovered	DREAMS.EXE embedded Watcom v3 code symbol; byte-identical import SHA256 45d00510f993d321d2288b0791a96297893de9e5e0dc24d36246e41e144008ce; tools/watcom_debug.py; tools/register_watcom_debug.py	size:61	Original module: C:\DREAMS\src\CAMERA.C. Symbol object 1 offset 0001b800. Direct original-build import; no retail equivalence or prototype inferred.
0002b840	CAM_InitCut2Pt2ObjCamera_	recovered	DREAMS.EXE embedded Watcom v3 code symbol; byte-identical import SHA256 45d00510f993d321d2288b0791a96297893de9e5e0dc24d36246e41e144008ce; tools/watcom_debug.py; tools/register_watcom_debug.py	size:73	Original module: C:\DREAMS\src\CAMERA.C. Symbol object 1 offset 0001b840. Direct original-build import; no retail equivalence or prototype inferred.
0002b88c	CAM_MoveCutPt2Obj_	recovered	DREAMS.EXE embedded Watcom v3 code symbol; byte-identical import SHA256 45d00510f993d321d2288b0791a96297893de9e5e0dc24d36246e41e144008ce; tools/watcom_debug.py; tools/register_watcom_debug.py	size:181	Original module: C:\DREAMS\src\CAMERA.C. Symbol object 1 offset 0001b88c. Direct original-build import; no retail equivalence or prototype inferred.
0002b944	CAM_InitCut2Obj2ObjCamera_	recovered	DREAMS.EXE embedded Watcom v3 code symbol; byte-identical import SHA256 45d00510f993d321d2288b0791a96297893de9e5e0dc24d36246e41e144008ce; tools/watcom_debug.py; tools/register_watcom_debug.py	size:40	Original module: C:\DREAMS\src\CAMERA.C. Symbol object 1 offset 0001b944. Direct original-build import; no retail equivalence or prototype inferred.
0002b96c	CAM_MoveCutObj2Obj_	recovered	DREAMS.EXE embedded Watcom v3 code symbol; byte-identical import SHA256 45d00510f993d321d2288b0791a96297893de9e5e0dc24d36246e41e144008ce; tools/watcom_debug.py; tools/register_watcom_debug.py	size:118	Original module: C:\DREAMS\src\CAMERA.C. Symbol object 1 offset 0001b96c. Direct original-build import; no retail equivalence or prototype inferred.
0002b9e4	CAM_InitCut2Obj2PtCamera_	recovered	DREAMS.EXE embedded Watcom v3 code symbol; byte-identical import SHA256 45d00510f993d321d2288b0791a96297893de9e5e0dc24d36246e41e144008ce; tools/watcom_debug.py; tools/register_watcom_debug.py	size:87	Original module: C:\DREAMS\src\CAMERA.C. Symbol object 1 offset 0001b9e4. Direct original-build import; no retail equivalence or prototype inferred.
0002ba3c	CAM_MoveCutObj2Pt_	recovered	DREAMS.EXE embedded Watcom v3 code symbol; byte-identical import SHA256 45d00510f993d321d2288b0791a96297893de9e5e0dc24d36246e41e144008ce; tools/watcom_debug.py; tools/register_watcom_debug.py	size:102	Original module: C:\DREAMS\src\CAMERA.C. Symbol object 1 offset 0001ba3c. Direct original-build import; no retail equivalence or prototype inferred.
0002baa4	CAM_InitAerianCamera_	recovered	DREAMS.EXE embedded Watcom v3 code symbol; byte-identical import SHA256 45d00510f993d321d2288b0791a96297893de9e5e0dc24d36246e41e144008ce; tools/watcom_debug.py; tools/register_watcom_debug.py	size:58	Original module: C:\DREAMS\src\CAMERA.C. Symbol object 1 offset 0001baa4. Direct original-build import; no retail equivalence or prototype inferred.
0002bae0	CAM_MoveAerian_	recovered	DREAMS.EXE embedded Watcom v3 code symbol; byte-identical import SHA256 45d00510f993d321d2288b0791a96297893de9e5e0dc24d36246e41e144008ce; tools/watcom_debug.py; tools/register_watcom_debug.py	size:163	Original module: C:\DREAMS\src\CAMERA.C. Symbol object 1 offset 0001bae0. Direct original-build import; no retail equivalence or prototype inferred.
0002bb84	CAM_InitMouseCamera_	recovered	DREAMS.EXE embedded Watcom v3 code symbol; byte-identical import SHA256 45d00510f993d321d2288b0791a96297893de9e5e0dc24d36246e41e144008ce; tools/watcom_debug.py; tools/register_watcom_debug.py	size:141	Original module: C:\DREAMS\src\CAMERA.C. Symbol object 1 offset 0001bb84. Direct original-build import; no retail equivalence or prototype inferred.
0002bc14	CAM_MoveMouse_	recovered	DREAMS.EXE embedded Watcom v3 code symbol; byte-identical import SHA256 45d00510f993d321d2288b0791a96297893de9e5e0dc24d36246e41e144008ce; tools/watcom_debug.py; tools/register_watcom_debug.py	size:635	Original module: C:\DREAMS\src\CAMERA.C. Symbol object 1 offset 0001bc14. Direct original-build import; no retail equivalence or prototype inferred.
0002be90	CAM_SetManualMode_	recovered	DREAMS.EXE embedded Watcom v3 code symbol; byte-identical import SHA256 45d00510f993d321d2288b0791a96297893de9e5e0dc24d36246e41e144008ce; tools/watcom_debug.py; tools/register_watcom_debug.py	size:11	Original module: C:\DREAMS\src\CAMERA.C. Symbol object 1 offset 0001be90. Direct original-build import; no retail equivalence or prototype inferred.
0002be9c	CAM_SetCollisionMode_	recovered	DREAMS.EXE embedded Watcom v3 code symbol; byte-identical import SHA256 45d00510f993d321d2288b0791a96297893de9e5e0dc24d36246e41e144008ce; tools/watcom_debug.py; tools/register_watcom_debug.py	size:11	Original module: C:\DREAMS\src\CAMERA.C. Symbol object 1 offset 0001be9c. Direct original-build import; no retail equivalence or prototype inferred.
0002bea8	CAM_InitCameraParam_	recovered	DREAMS.EXE embedded Watcom v3 code symbol; byte-identical import SHA256 45d00510f993d321d2288b0791a96297893de9e5e0dc24d36246e41e144008ce; tools/watcom_debug.py; tools/register_watcom_debug.py	size:220	Original module: C:\DREAMS\src\CAMERA.C. Symbol object 1 offset 0001bea8. Direct original-build import; no retail equivalence or prototype inferred.
0002bf84	CAM_CompCameraParam_	recovered	DREAMS.EXE embedded Watcom v3 code symbol; byte-identical import SHA256 45d00510f993d321d2288b0791a96297893de9e5e0dc24d36246e41e144008ce; tools/watcom_debug.py; tools/register_watcom_debug.py	size:1	Original module: C:\DREAMS\src\CAMERA.C. Symbol object 1 offset 0001bf84. Direct original-build import; no retail equivalence or prototype inferred.
0002bfa0	MAP_ResetMapAnim_	recovered	DREAMS.EXE embedded Watcom v3 code symbol; byte-identical import SHA256 45d00510f993d321d2288b0791a96297893de9e5e0dc24d36246e41e144008ce; tools/watcom_debug.py; tools/register_watcom_debug.py	size:38	Original module: C:\DREAMS\src\MAPANIM.C. Symbol object 1 offset 0001bfa0. Direct original-build import; no retail equivalence or prototype inferred.
0002bfc8	MAP_Init_	recovered	DREAMS.EXE embedded Watcom v3 code symbol; byte-identical import SHA256 45d00510f993d321d2288b0791a96297893de9e5e0dc24d36246e41e144008ce; tools/watcom_debug.py; tools/register_watcom_debug.py	size:267	Original module: C:\DREAMS\src\MAPANIM.C. Symbol object 1 offset 0001bfc8. Direct original-build import; no retail equivalence or prototype inferred.
0002c0d4	MAP_InsertMapAnim_	recovered	DREAMS.EXE embedded Watcom v3 code symbol; byte-identical import SHA256 45d00510f993d321d2288b0791a96297893de9e5e0dc24d36246e41e144008ce; tools/watcom_debug.py; tools/register_watcom_debug.py	size:180	Original module: C:\DREAMS\src\MAPANIM.C. Symbol object 1 offset 0001c0d4. Direct original-build import; no retail equivalence or prototype inferred.
0002c188	MAP_TestMapAnimHnm_	recovered	DREAMS.EXE embedded Watcom v3 code symbol; byte-identical import SHA256 45d00510f993d321d2288b0791a96297893de9e5e0dc24d36246e41e144008ce; tools/watcom_debug.py; tools/register_watcom_debug.py	size:57	Original module: C:\DREAMS\src\MAPANIM.C. Symbol object 1 offset 0001c188. Direct original-build import; no retail equivalence or prototype inferred.
0002c1c4	MAP_InsertMapAnimHnm_	recovered	DREAMS.EXE embedded Watcom v3 code symbol; byte-identical import SHA256 45d00510f993d321d2288b0791a96297893de9e5e0dc24d36246e41e144008ce; tools/watcom_debug.py; tools/register_watcom_debug.py	size:274	Original module: C:\DREAMS\src\MAPANIM.C. Symbol object 1 offset 0001c1c4. Direct original-build import; no retail equivalence or prototype inferred.
0002c2d8	MAP_InsertMapPlayer_	recovered	DREAMS.EXE embedded Watcom v3 code symbol; byte-identical import SHA256 45d00510f993d321d2288b0791a96297893de9e5e0dc24d36246e41e144008ce; tools/watcom_debug.py; tools/register_watcom_debug.py	size:168	Original module: C:\DREAMS\src\MAPANIM.C. Symbol object 1 offset 0001c2d8. Direct original-build import; no retail equivalence or prototype inferred.
0002c380	MAP_AllObjectGetColor_	recovered	DREAMS.EXE embedded Watcom v3 code symbol; byte-identical import SHA256 45d00510f993d321d2288b0791a96297893de9e5e0dc24d36246e41e144008ce; tools/watcom_debug.py; tools/register_watcom_debug.py	size:56	Original module: C:\DREAMS\src\MAPANIM.C. Symbol object 1 offset 0001c380. Direct original-build import; no retail equivalence or prototype inferred.
0002c3b8	MAP_InsertMapAnimParticle_	recovered	DREAMS.EXE embedded Watcom v3 code symbol; byte-identical import SHA256 45d00510f993d321d2288b0791a96297893de9e5e0dc24d36246e41e144008ce; tools/watcom_debug.py; tools/register_watcom_debug.py	size:151	Original module: C:\DREAMS\src\MAPANIM.C. Symbol object 1 offset 0001c3b8. Direct original-build import; no retail equivalence or prototype inferred.
0002c450	MAP_InsertMapAnimScroll_	recovered	DREAMS.EXE embedded Watcom v3 code symbol; byte-identical import SHA256 45d00510f993d321d2288b0791a96297893de9e5e0dc24d36246e41e144008ce; tools/watcom_debug.py; tools/register_watcom_debug.py	size:168	Original module: C:\DREAMS\src\MAPANIM.C. Symbol object 1 offset 0001c450. Direct original-build import; no retail equivalence or prototype inferred.
0002c514	MAP_GetMapsAnimEditor_	recovered	DREAMS.EXE embedded Watcom v3 code symbol; byte-identical import SHA256 45d00510f993d321d2288b0791a96297893de9e5e0dc24d36246e41e144008ce; tools/watcom_debug.py; tools/register_watcom_debug.py	size:48	Original module: C:\DREAMS\src\MAPANIM.C. Symbol object 1 offset 0001c514. Direct original-build import; no retail equivalence or prototype inferred.
0002c544	MAP_InitMapColor_	recovered	DREAMS.EXE embedded Watcom v3 code symbol; byte-identical import SHA256 45d00510f993d321d2288b0791a96297893de9e5e0dc24d36246e41e144008ce; tools/watcom_debug.py; tools/register_watcom_debug.py	size:378	Original module: C:\DREAMS\src\MAPANIM.C. Symbol object 1 offset 0001c544. Direct original-build import; no retail equivalence or prototype inferred.
0002c6c0	MAP_CompMapsAnimRadiosity_	recovered	DREAMS.EXE embedded Watcom v3 code symbol; byte-identical import SHA256 45d00510f993d321d2288b0791a96297893de9e5e0dc24d36246e41e144008ce; tools/watcom_debug.py; tools/register_watcom_debug.py	size:385	Original module: C:\DREAMS\src\MAPANIM.C. Symbol object 1 offset 0001c6c0. Direct original-build import; no retail equivalence or prototype inferred.
0002c844	MAP_CompMapsAnimParticle_	recovered	DREAMS.EXE embedded Watcom v3 code symbol; byte-identical import SHA256 45d00510f993d321d2288b0791a96297893de9e5e0dc24d36246e41e144008ce; tools/watcom_debug.py; tools/register_watcom_debug.py	size:59	Original module: C:\DREAMS\src\MAPANIM.C. Symbol object 1 offset 0001c844. Direct original-build import; no retail equivalence or prototype inferred.
0002c880	MAP_CompMapsAnimScroll_	recovered	DREAMS.EXE embedded Watcom v3 code symbol; byte-identical import SHA256 45d00510f993d321d2288b0791a96297893de9e5e0dc24d36246e41e144008ce; tools/watcom_debug.py; tools/register_watcom_debug.py	size:47	Original module: C:\DREAMS\src\MAPANIM.C. Symbol object 1 offset 0001c880. Direct original-build import; no retail equivalence or prototype inferred.
0002c8b0	MAP_CompMapsAnimPlasma_	recovered	DREAMS.EXE embedded Watcom v3 code symbol; byte-identical import SHA256 45d00510f993d321d2288b0791a96297893de9e5e0dc24d36246e41e144008ce; tools/watcom_debug.py; tools/register_watcom_debug.py	size:47	Original module: C:\DREAMS\src\MAPANIM.C. Symbol object 1 offset 0001c8b0. Direct original-build import; no retail equivalence or prototype inferred.
0002c8e0	MAP_CompRadiosityMapColor_	recovered	DREAMS.EXE embedded Watcom v3 code symbol; byte-identical import SHA256 45d00510f993d321d2288b0791a96297893de9e5e0dc24d36246e41e144008ce; tools/watcom_debug.py; tools/register_watcom_debug.py	size:602	Original module: C:\DREAMS\src\MAPANIM.C. Symbol object 1 offset 0001c8e0. Direct original-build import; no retail equivalence or prototype inferred.
0002cb3c	MAP_ResetMapMapAnim_	recovered	DREAMS.EXE embedded Watcom v3 code symbol; byte-identical import SHA256 45d00510f993d321d2288b0791a96297893de9e5e0dc24d36246e41e144008ce; tools/watcom_debug.py; tools/register_watcom_debug.py	size:20	Original module: C:\DREAMS\src\MAPANIM.C. Symbol object 1 offset 0001cb3c. Direct original-build import; no retail equivalence or prototype inferred.
0002cb50	MAP_CompPalMapAnimParticle_	recovered	DREAMS.EXE embedded Watcom v3 code symbol; byte-identical import SHA256 45d00510f993d321d2288b0791a96297893de9e5e0dc24d36246e41e144008ce; tools/watcom_debug.py; tools/register_watcom_debug.py	size:108	Original module: C:\DREAMS\src\MAPANIM.C. Symbol object 1 offset 0001cb50. Direct original-build import; no retail equivalence or prototype inferred.
0002cbbc	MAP_CompPalMapAnim_	recovered	DREAMS.EXE embedded Watcom v3 code symbol; byte-identical import SHA256 45d00510f993d321d2288b0791a96297893de9e5e0dc24d36246e41e144008ce; tools/watcom_debug.py; tools/register_watcom_debug.py	size:162	Original module: C:\DREAMS\src\MAPANIM.C. Symbol object 1 offset 0001cbbc. Direct original-build import; no retail equivalence or prototype inferred.
0002cc60	MAP_InitAllObjetWithLight_	recovered	DREAMS.EXE embedded Watcom v3 code symbol; byte-identical import SHA256 45d00510f993d321d2288b0791a96297893de9e5e0dc24d36246e41e144008ce; tools/watcom_debug.py; tools/register_watcom_debug.py	size:120	Original module: C:\DREAMS\src\MAPANIM.C. Symbol object 1 offset 0001cc60. Direct original-build import; no retail equivalence or prototype inferred.
0002ccd8	MAP_CompAllObjetWithLight_	recovered	DREAMS.EXE embedded Watcom v3 code symbol; byte-identical import SHA256 45d00510f993d321d2288b0791a96297893de9e5e0dc24d36246e41e144008ce; tools/watcom_debug.py; tools/register_watcom_debug.py	size:172	Original module: C:\DREAMS\src\MAPANIM.C. Symbol object 1 offset 0001ccd8. Direct original-build import; no retail equivalence or prototype inferred.
0002cd84	MAP_CompMapsAnim_	recovered	DREAMS.EXE embedded Watcom v3 code symbol; byte-identical import SHA256 45d00510f993d321d2288b0791a96297893de9e5e0dc24d36246e41e144008ce; tools/watcom_debug.py; tools/register_watcom_debug.py	size:412	Original module: C:\DREAMS\src\MAPANIM.C. Symbol object 1 offset 0001cd84. Direct original-build import; no retail equivalence or prototype inferred.
0002cf20	MAP_InsertAfterDSNCompMapsAnim_	recovered	DREAMS.EXE embedded Watcom v3 code symbol; byte-identical import SHA256 45d00510f993d321d2288b0791a96297893de9e5e0dc24d36246e41e144008ce; tools/watcom_debug.py; tools/register_watcom_debug.py	size:248	Original module: C:\DREAMS\src\MAPANIM.C. Symbol object 1 offset 0001cf20. Direct original-build import; no retail equivalence or prototype inferred.
0002d000	PHY_Init_	recovered	DREAMS.EXE embedded Watcom v3 code symbol; byte-identical import SHA256 45d00510f993d321d2288b0791a96297893de9e5e0dc24d36246e41e144008ce; tools/watcom_debug.py; tools/register_watcom_debug.py	size:11	Original module: C:\DREAMS\src\PHYSIQUE.C. Symbol object 1 offset 0001d000. Direct original-build import; no retail equivalence or prototype inferred.
0002d00c	PHY_Reset_	recovered	DREAMS.EXE embedded Watcom v3 code symbol; byte-identical import SHA256 45d00510f993d321d2288b0791a96297893de9e5e0dc24d36246e41e144008ce; tools/watcom_debug.py; tools/register_watcom_debug.py	size:11	Original module: C:\DREAMS\src\PHYSIQUE.C. Symbol object 1 offset 0001d00c. Direct original-build import; no retail equivalence or prototype inferred.
0002d018	PHY_AddField_	recovered	DREAMS.EXE embedded Watcom v3 code symbol; byte-identical import SHA256 45d00510f993d321d2288b0791a96297893de9e5e0dc24d36246e41e144008ce; tools/watcom_debug.py; tools/register_watcom_debug.py	size:123	Original module: C:\DREAMS\src\PHYSIQUE.C. Symbol object 1 offset 0001d018. Direct original-build import; no retail equivalence or prototype inferred.
0002d094	PHY_ActivateField_	recovered	DREAMS.EXE embedded Watcom v3 code symbol; byte-identical import SHA256 45d00510f993d321d2288b0791a96297893de9e5e0dc24d36246e41e144008ce; tools/watcom_debug.py; tools/register_watcom_debug.py	size:31	Original module: C:\DREAMS\src\PHYSIQUE.C. Symbol object 1 offset 0001d094. Direct original-build import; no retail equivalence or prototype inferred.
0002d0b4	PHY_DeactivateField_	recovered	DREAMS.EXE embedded Watcom v3 code symbol; byte-identical import SHA256 45d00510f993d321d2288b0791a96297893de9e5e0dc24d36246e41e144008ce; tools/watcom_debug.py; tools/register_watcom_debug.py	size:24	Original module: C:\DREAMS\src\PHYSIQUE.C. Symbol object 1 offset 0001d0b4. Direct original-build import; no retail equivalence or prototype inferred.
0002d0cc	Calc_Result_Force_	recovered	DREAMS.EXE embedded Watcom v3 code symbol; byte-identical import SHA256 45d00510f993d321d2288b0791a96297893de9e5e0dc24d36246e41e144008ce; tools/watcom_debug.py; tools/register_watcom_debug.py	size:299	Original module: C:\DREAMS\src\PHYSIQUE.C. Symbol object 1 offset 0001d0cc. Direct original-build import; no retail equivalence or prototype inferred.
0002d1f8	Calc_Result_Force2_	recovered	DREAMS.EXE embedded Watcom v3 code symbol; byte-identical import SHA256 45d00510f993d321d2288b0791a96297893de9e5e0dc24d36246e41e144008ce; tools/watcom_debug.py; tools/register_watcom_debug.py	size:187	Original module: C:\DREAMS\src\PHYSIQUE.C. Symbol object 1 offset 0001d1f8. Direct original-build import; no retail equivalence or prototype inferred.
0002d2b4	Apply_Gravity_Field_	recovered	DREAMS.EXE embedded Watcom v3 code symbol; byte-identical import SHA256 45d00510f993d321d2288b0791a96297893de9e5e0dc24d36246e41e144008ce; tools/watcom_debug.py; tools/register_watcom_debug.py	size:62	Original module: C:\DREAMS\src\PHYSIQUE.C. Symbol object 1 offset 0001d2b4. Direct original-build import; no retail equivalence or prototype inferred.
0002d2f4	Apply_Uniform_ElecStat_Field_	recovered	DREAMS.EXE embedded Watcom v3 code symbol; byte-identical import SHA256 45d00510f993d321d2288b0791a96297893de9e5e0dc24d36246e41e144008ce; tools/watcom_debug.py; tools/register_watcom_debug.py	size:147	Original module: C:\DREAMS\src\PHYSIQUE.C. Symbol object 1 offset 0001d2f4. Direct original-build import; no retail equivalence or prototype inferred.
0002d388	Apply_Uniform_Infinite_ElecStat_Field_	recovered	DREAMS.EXE embedded Watcom v3 code symbol; byte-identical import SHA256 45d00510f993d321d2288b0791a96297893de9e5e0dc24d36246e41e144008ce; tools/watcom_debug.py; tools/register_watcom_debug.py	size:58	Original module: C:\DREAMS\src\PHYSIQUE.C. Symbol object 1 offset 0001d388. Direct original-build import; no retail equivalence or prototype inferred.
0002d3c4	Apply_Spherical_ElecStat_Field_	recovered	DREAMS.EXE embedded Watcom v3 code symbol; byte-identical import SHA256 45d00510f993d321d2288b0791a96297893de9e5e0dc24d36246e41e144008ce; tools/watcom_debug.py; tools/register_watcom_debug.py	size:149	Original module: C:\DREAMS\src\PHYSIQUE.C. Symbol object 1 offset 0001d3c4. Direct original-build import; no retail equivalence or prototype inferred.
0002d45c	Apply_Forces_On_Object_	recovered	DREAMS.EXE embedded Watcom v3 code symbol; byte-identical import SHA256 45d00510f993d321d2288b0791a96297893de9e5e0dc24d36246e41e144008ce; tools/watcom_debug.py; tools/register_watcom_debug.py	size:599	Original module: C:\DREAMS\src\PHYSIQUE.C. Symbol object 1 offset 0001d45c. Direct original-build import; no retail equivalence or prototype inferred.
0002d6b4	PHY_InitObjet_	recovered	DREAMS.EXE embedded Watcom v3 code symbol; byte-identical import SHA256 45d00510f993d321d2288b0791a96297893de9e5e0dc24d36246e41e144008ce; tools/watcom_debug.py; tools/register_watcom_debug.py	size:422	Original module: C:\DREAMS\src\PHYSIQUE.C. Symbol object 1 offset 0001d6b4. Direct original-build import; no retail equivalence or prototype inferred.
0002d85c	PHY_DeplaceObjet_	recovered	DREAMS.EXE embedded Watcom v3 code symbol; byte-identical import SHA256 45d00510f993d321d2288b0791a96297893de9e5e0dc24d36246e41e144008ce; tools/watcom_debug.py; tools/register_watcom_debug.py	size:837	Original module: C:\DREAMS\src\PHYSIQUE.C. Symbol object 1 offset 0001d85c. Direct original-build import; no retail equivalence or prototype inferred.
0002dba4	make_fly_perso_internal_force_	recovered	DREAMS.EXE embedded Watcom v3 code symbol; byte-identical import SHA256 45d00510f993d321d2288b0791a96297893de9e5e0dc24d36246e41e144008ce; tools/watcom_debug.py; tools/register_watcom_debug.py	size:153	Original module: C:\DREAMS\src\PHYSIQUE.C. Symbol object 1 offset 0001dba4. Direct original-build import; no retail equivalence or prototype inferred.
0002dc40	make_swim_perso_internal_force_	recovered	DREAMS.EXE embedded Watcom v3 code symbol; byte-identical import SHA256 45d00510f993d321d2288b0791a96297893de9e5e0dc24d36246e41e144008ce; tools/watcom_debug.py; tools/register_watcom_debug.py	size:153	Original module: C:\DREAMS\src\PHYSIQUE.C. Symbol object 1 offset 0001dc40. Direct original-build import; no retail equivalence or prototype inferred.
0002dcdc	PHY_SetPhy23D_	recovered	DREAMS.EXE embedded Watcom v3 code symbol; byte-identical import SHA256 45d00510f993d321d2288b0791a96297893de9e5e0dc24d36246e41e144008ce; tools/watcom_debug.py; tools/register_watcom_debug.py	size:38	Original module: C:\DREAMS\src\PHYSIQUE.C. Symbol object 1 offset 0001dcdc. Direct original-build import; no retail equivalence or prototype inferred.
0002dd04	PHY_Set3D2Phy_	recovered	DREAMS.EXE embedded Watcom v3 code symbol; byte-identical import SHA256 45d00510f993d321d2288b0791a96297893de9e5e0dc24d36246e41e144008ce; tools/watcom_debug.py; tools/register_watcom_debug.py	size:38	Original module: C:\DREAMS\src\PHYSIQUE.C. Symbol object 1 offset 0001dd04. Direct original-build import; no retail equivalence or prototype inferred.
0002dd50	WEA_InitEpeeObject_	recovered	DREAMS.EXE embedded Watcom v3 code symbol; byte-identical import SHA256 45d00510f993d321d2288b0791a96297893de9e5e0dc24d36246e41e144008ce; tools/watcom_debug.py; tools/register_watcom_debug.py	size:281	Original module: C:\DREAMS\src\WEAPON.C. Symbol object 1 offset 0001dd50. Direct original-build import; no retail equivalence or prototype inferred.
0002de6c	WEA_TestActiveEpeeObject_	recovered	DREAMS.EXE embedded Watcom v3 code symbol; byte-identical import SHA256 45d00510f993d321d2288b0791a96297893de9e5e0dc24d36246e41e144008ce; tools/watcom_debug.py; tools/register_watcom_debug.py	size:32	Original module: C:\DREAMS\src\WEAPON.C. Symbol object 1 offset 0001de6c. Direct original-build import; no retail equivalence or prototype inferred.
0002de8c	WEA_ActiveEpeeObject_	recovered	DREAMS.EXE embedded Watcom v3 code symbol; byte-identical import SHA256 45d00510f993d321d2288b0791a96297893de9e5e0dc24d36246e41e144008ce; tools/watcom_debug.py; tools/register_watcom_debug.py	size:248	Original module: C:\DREAMS\src\WEAPON.C. Symbol object 1 offset 0001de8c. Direct original-build import; no retail equivalence or prototype inferred.
0002df84	WEA_UnActiveEpeeObject_	recovered	DREAMS.EXE embedded Watcom v3 code symbol; byte-identical import SHA256 45d00510f993d321d2288b0791a96297893de9e5e0dc24d36246e41e144008ce; tools/watcom_debug.py; tools/register_watcom_debug.py	size:47	Original module: C:\DREAMS\src\WEAPON.C. Symbol object 1 offset 0001df84. Direct original-build import; no retail equivalence or prototype inferred.
0002dfb4	WEA_CompEpeeObject_	recovered	DREAMS.EXE embedded Watcom v3 code symbol; byte-identical import SHA256 45d00510f993d321d2288b0791a96297893de9e5e0dc24d36246e41e144008ce; tools/watcom_debug.py; tools/register_watcom_debug.py	size:470	Original module: C:\DREAMS\src\WEAPON.C. Symbol object 1 offset 0001dfb4. Direct original-build import; no retail equivalence or prototype inferred.
0002e18c	WEA_InitArcObject_	recovered	DREAMS.EXE embedded Watcom v3 code symbol; byte-identical import SHA256 45d00510f993d321d2288b0791a96297893de9e5e0dc24d36246e41e144008ce; tools/watcom_debug.py; tools/register_watcom_debug.py	size:290	Original module: C:\DREAMS\src\WEAPON.C. Symbol object 1 offset 0001e18c. Direct original-build import; no retail equivalence or prototype inferred.
0002e2b0	WEA_TestActiveArcObject_	recovered	DREAMS.EXE embedded Watcom v3 code symbol; byte-identical import SHA256 45d00510f993d321d2288b0791a96297893de9e5e0dc24d36246e41e144008ce; tools/watcom_debug.py; tools/register_watcom_debug.py	size:32	Original module: C:\DREAMS\src\WEAPON.C. Symbol object 1 offset 0001e2b0. Direct original-build import; no retail equivalence or prototype inferred.
0002e2d0	WEA_ActiveArcObject_	recovered	DREAMS.EXE embedded Watcom v3 code symbol; byte-identical import SHA256 45d00510f993d321d2288b0791a96297893de9e5e0dc24d36246e41e144008ce; tools/watcom_debug.py; tools/register_watcom_debug.py	size:252	Original module: C:\DREAMS\src\WEAPON.C. Symbol object 1 offset 0001e2d0. Direct original-build import; no retail equivalence or prototype inferred.
0002e3cc	WEA_UnActiveArcObject_	recovered	DREAMS.EXE embedded Watcom v3 code symbol; byte-identical import SHA256 45d00510f993d321d2288b0791a96297893de9e5e0dc24d36246e41e144008ce; tools/watcom_debug.py; tools/register_watcom_debug.py	size:47	Original module: C:\DREAMS\src\WEAPON.C. Symbol object 1 offset 0001e3cc. Direct original-build import; no retail equivalence or prototype inferred.
0002e3fc	WEA_CompArcObject_	recovered	DREAMS.EXE embedded Watcom v3 code symbol; byte-identical import SHA256 45d00510f993d321d2288b0791a96297893de9e5e0dc24d36246e41e144008ce; tools/watcom_debug.py; tools/register_watcom_debug.py	size:446	Original module: C:\DREAMS\src\WEAPON.C. Symbol object 1 offset 0001e3fc. Direct original-build import; no retail equivalence or prototype inferred.
0002e5bc	WEA_InitGunObject_	recovered	DREAMS.EXE embedded Watcom v3 code symbol; byte-identical import SHA256 45d00510f993d321d2288b0791a96297893de9e5e0dc24d36246e41e144008ce; tools/watcom_debug.py; tools/register_watcom_debug.py	size:230	Original module: C:\DREAMS\src\WEAPON.C. Symbol object 1 offset 0001e5bc. Direct original-build import; no retail equivalence or prototype inferred.
0002e6a4	WEA_TestActiveGunObject_	recovered	DREAMS.EXE embedded Watcom v3 code symbol; byte-identical import SHA256 45d00510f993d321d2288b0791a96297893de9e5e0dc24d36246e41e144008ce; tools/watcom_debug.py; tools/register_watcom_debug.py	size:32	Original module: C:\DREAMS\src\WEAPON.C. Symbol object 1 offset 0001e6a4. Direct original-build import; no retail equivalence or prototype inferred.
0002e6c4	WEA_ActiveGunObject_	recovered	DREAMS.EXE embedded Watcom v3 code symbol; byte-identical import SHA256 45d00510f993d321d2288b0791a96297893de9e5e0dc24d36246e41e144008ce; tools/watcom_debug.py; tools/register_watcom_debug.py	size:157	Original module: C:\DREAMS\src\WEAPON.C. Symbol object 1 offset 0001e6c4. Direct original-build import; no retail equivalence or prototype inferred.
0002e764	WEA_CompGunObject_	recovered	DREAMS.EXE embedded Watcom v3 code symbol; byte-identical import SHA256 45d00510f993d321d2288b0791a96297893de9e5e0dc24d36246e41e144008ce; tools/watcom_debug.py; tools/register_watcom_debug.py	size:199	Original module: C:\DREAMS\src\WEAPON.C. Symbol object 1 offset 0001e764. Direct original-build import; no retail equivalence or prototype inferred.
0002e82c	WEA_InitWeapon_	recovered	DREAMS.EXE embedded Watcom v3 code symbol; byte-identical import SHA256 45d00510f993d321d2288b0791a96297893de9e5e0dc24d36246e41e144008ce; tools/watcom_debug.py; tools/register_watcom_debug.py	size:106	Original module: C:\DREAMS\src\WEAPON.C. Symbol object 1 offset 0001e82c. Direct original-build import; no retail equivalence or prototype inferred.
0002e898	WEA_CreatWeapon_	recovered	DREAMS.EXE embedded Watcom v3 code symbol; byte-identical import SHA256 45d00510f993d321d2288b0791a96297893de9e5e0dc24d36246e41e144008ce; tools/watcom_debug.py; tools/register_watcom_debug.py	size:169	Original module: C:\DREAMS\src\WEAPON.C. Symbol object 1 offset 0001e898. Direct original-build import; no retail equivalence or prototype inferred.
0002e944	WEA_PosWeapon_	recovered	DREAMS.EXE embedded Watcom v3 code symbol; byte-identical import SHA256 45d00510f993d321d2288b0791a96297893de9e5e0dc24d36246e41e144008ce; tools/watcom_debug.py; tools/register_watcom_debug.py	size:86	Original module: C:\DREAMS\src\WEAPON.C. Symbol object 1 offset 0001e944. Direct original-build import; no retail equivalence or prototype inferred.
0002e99c	WEA_SelectWeapon_	recovered	DREAMS.EXE embedded Watcom v3 code symbol; byte-identical import SHA256 45d00510f993d321d2288b0791a96297893de9e5e0dc24d36246e41e144008ce; tools/watcom_debug.py; tools/register_watcom_debug.py	size:59	Original module: C:\DREAMS\src\WEAPON.C. Symbol object 1 offset 0001e99c. Direct original-build import; no retail equivalence or prototype inferred.
0002e9d8	WEA_CompTestCastMana_	recovered	DREAMS.EXE embedded Watcom v3 code symbol; byte-identical import SHA256 45d00510f993d321d2288b0791a96297893de9e5e0dc24d36246e41e144008ce; tools/watcom_debug.py; tools/register_watcom_debug.py	size:55	Original module: C:\DREAMS\src\WEAPON.C. Symbol object 1 offset 0001e9d8. Direct original-build import; no retail equivalence or prototype inferred.
0002ea10	WEA_CompCastMana_	recovered	DREAMS.EXE embedded Watcom v3 code symbol; byte-identical import SHA256 45d00510f993d321d2288b0791a96297893de9e5e0dc24d36246e41e144008ce; tools/watcom_debug.py; tools/register_watcom_debug.py	size:1281	Original module: C:\DREAMS\src\WEAPON.C. Symbol object 1 offset 0001ea10. Direct original-build import; no retail equivalence or prototype inferred.
0002ef14	WEA_CreatSpeedMissile_	recovered	DREAMS.EXE embedded Watcom v3 code symbol; byte-identical import SHA256 45d00510f993d321d2288b0791a96297893de9e5e0dc24d36246e41e144008ce; tools/watcom_debug.py; tools/register_watcom_debug.py	size:289	Original module: C:\DREAMS\src\WEAPON.C. Symbol object 1 offset 0001ef14. Direct original-build import; no retail equivalence or prototype inferred.
0002f038	WEA_CreatMissile_	recovered	DREAMS.EXE embedded Watcom v3 code symbol; byte-identical import SHA256 45d00510f993d321d2288b0791a96297893de9e5e0dc24d36246e41e144008ce; tools/watcom_debug.py; tools/register_watcom_debug.py	size:996	Original module: C:\DREAMS\src\WEAPON.C. Symbol object 1 offset 0001f038. Direct original-build import; no retail equivalence or prototype inferred.
0002f41c	WEA_PosMissile_	recovered	DREAMS.EXE embedded Watcom v3 code symbol; byte-identical import SHA256 45d00510f993d321d2288b0791a96297893de9e5e0dc24d36246e41e144008ce; tools/watcom_debug.py; tools/register_watcom_debug.py	size:1133	Original module: C:\DREAMS\src\WEAPON.C. Symbol object 1 offset 0001f41c. Direct original-build import; no retail equivalence or prototype inferred.
0002f88c	WEA_compare_	recovered	DREAMS.EXE embedded Watcom v3 code symbol; byte-identical import SHA256 45d00510f993d321d2288b0791a96297893de9e5e0dc24d36246e41e144008ce; tools/watcom_debug.py; tools/register_watcom_debug.py	size:36	Original module: C:\DREAMS\src\WEAPON.C. Symbol object 1 offset 0001f88c. Direct original-build import; no retail equivalence or prototype inferred.
0002f8b0	WEA_SearchAllEnemies_	recovered	DREAMS.EXE embedded Watcom v3 code symbol; byte-identical import SHA256 45d00510f993d321d2288b0791a96297893de9e5e0dc24d36246e41e144008ce; tools/watcom_debug.py; tools/register_watcom_debug.py	size:357	Original module: C:\DREAMS\src\WEAPON.C. Symbol object 1 offset 0001f8b0. Direct original-build import; no retail equivalence or prototype inferred.
0002fa18	WEA_SearchAllAmis_	recovered	DREAMS.EXE embedded Watcom v3 code symbol; byte-identical import SHA256 45d00510f993d321d2288b0791a96297893de9e5e0dc24d36246e41e144008ce; tools/watcom_debug.py; tools/register_watcom_debug.py	size:357	Original module: C:\DREAMS\src\WEAPON.C. Symbol object 1 offset 0001fa18. Direct original-build import; no retail equivalence or prototype inferred.
0002fb80	WEA_BlessObject_	recovered	DREAMS.EXE embedded Watcom v3 code symbol; byte-identical import SHA256 45d00510f993d321d2288b0791a96297893de9e5e0dc24d36246e41e144008ce; tools/watcom_debug.py; tools/register_watcom_debug.py	size:356	Original module: C:\DREAMS\src\WEAPON.C. Symbol object 1 offset 0001fb80. Direct original-build import; no retail equivalence or prototype inferred.
0002fce4	WEA_BlessSingleObject_	recovered	DREAMS.EXE embedded Watcom v3 code symbol; byte-identical import SHA256 45d00510f993d321d2288b0791a96297893de9e5e0dc24d36246e41e144008ce; tools/watcom_debug.py; tools/register_watcom_debug.py	size:177	Original module: C:\DREAMS\src\WEAPON.C. Symbol object 1 offset 0001fce4. Direct original-build import; no retail equivalence or prototype inferred.
0002fd98	WEA_CastAllObjectTimeSuspend_	recovered	DREAMS.EXE embedded Watcom v3 code symbol; byte-identical import SHA256 45d00510f993d321d2288b0791a96297893de9e5e0dc24d36246e41e144008ce; tools/watcom_debug.py; tools/register_watcom_debug.py	size:72	Original module: C:\DREAMS\src\WEAPON.C. Symbol object 1 offset 0001fd98. Direct original-build import; no retail equivalence or prototype inferred.
0002fde0	WEA_CastAllObjectTimeUNSuspend_	recovered	DREAMS.EXE embedded Watcom v3 code symbol; byte-identical import SHA256 45d00510f993d321d2288b0791a96297893de9e5e0dc24d36246e41e144008ce; tools/watcom_debug.py; tools/register_watcom_debug.py	size:60	Original module: C:\DREAMS\src\WEAPON.C. Symbol object 1 offset 0001fde0. Direct original-build import; no retail equivalence or prototype inferred.
0002fe1c	WEA_ChockObjet_	recovered	DREAMS.EXE embedded Watcom v3 code symbol; byte-identical import SHA256 45d00510f993d321d2288b0791a96297893de9e5e0dc24d36246e41e144008ce; tools/watcom_debug.py; tools/register_watcom_debug.py	size:245	Original module: C:\DREAMS\src\WEAPON.C. Symbol object 1 offset 0001fe1c. Direct original-build import; no retail equivalence or prototype inferred.
0002ff14	WEA_ChockObjet2_	recovered	DREAMS.EXE embedded Watcom v3 code symbol; byte-identical import SHA256 45d00510f993d321d2288b0791a96297893de9e5e0dc24d36246e41e144008ce; tools/watcom_debug.py; tools/register_watcom_debug.py	size:241	Original module: C:\DREAMS\src\WEAPON.C. Symbol object 1 offset 0001ff14. Direct original-build import; no retail equivalence or prototype inferred.
00030008	WEA_CompChockObjet_	recovered	DREAMS.EXE embedded Watcom v3 code symbol; byte-identical import SHA256 45d00510f993d321d2288b0791a96297893de9e5e0dc24d36246e41e144008ce; tools/watcom_debug.py; tools/register_watcom_debug.py	size:126	Original module: C:\DREAMS\src\WEAPON.C. Symbol object 1 offset 00020008. Direct original-build import; no retail equivalence or prototype inferred.
00030088	WEA_CastObject_	recovered	DREAMS.EXE embedded Watcom v3 code symbol; byte-identical import SHA256 45d00510f993d321d2288b0791a96297893de9e5e0dc24d36246e41e144008ce; tools/watcom_debug.py; tools/register_watcom_debug.py	size:2177	Original module: C:\DREAMS\src\WEAPON.C. Symbol object 1 offset 00020088. Direct original-build import; no retail equivalence or prototype inferred.
0003090c	WEA_SelectMissile_	recovered	DREAMS.EXE embedded Watcom v3 code symbol; byte-identical import SHA256 45d00510f993d321d2288b0791a96297893de9e5e0dc24d36246e41e144008ce; tools/watcom_debug.py; tools/register_watcom_debug.py	size:1236	Original module: C:\DREAMS\src\WEAPON.C. Symbol object 1 offset 0002090c. Direct original-build import; no retail equivalence or prototype inferred.
00030de0	init_decompresseur_hnm6_	recovered	DREAMS.EXE embedded Watcom v3 code symbol; byte-identical import SHA256 45d00510f993d321d2288b0791a96297893de9e5e0dc24d36246e41e144008ce; tools/watcom_debug.py; tools/register_watcom_debug.py	size:41	Original module: C:\DREAMS\src\hnm6\HNM6C.C. Symbol object 1 offset 00020de0. Direct original-build import; no retail equivalence or prototype inferred.
00030e0c	fin_decompresseur_hnm6_	recovered	DREAMS.EXE embedded Watcom v3 code symbol; byte-identical import SHA256 45d00510f993d321d2288b0791a96297893de9e5e0dc24d36246e41e144008ce; tools/watcom_debug.py; tools/register_watcom_debug.py	size:10	Original module: C:\DREAMS\src\hnm6\HNM6C.C. Symbol object 1 offset 00020e0c. Direct original-build import; no retail equivalence or prototype inferred.
00030e18	decomprime_hnm6_	recovered	DREAMS.EXE embedded Watcom v3 code symbol; byte-identical import SHA256 45d00510f993d321d2288b0791a96297893de9e5e0dc24d36246e41e144008ce; tools/watcom_debug.py; tools/register_watcom_debug.py	size:114	Original module: C:\DREAMS\src\hnm6\HNM6C.C. Symbol object 1 offset 00020e18. Direct original-build import; no retail equivalence or prototype inferred.
00030e8c	flip_hnm6_buffers_	recovered	DREAMS.EXE embedded Watcom v3 code symbol; byte-identical import SHA256 45d00510f993d321d2288b0791a96297893de9e5e0dc24d36246e41e144008ce; tools/watcom_debug.py; tools/register_watcom_debug.py	size:25	Original module: C:\DREAMS\src\hnm6\HNM6C.C. Symbol object 1 offset 00020e8c. Direct original-build import; no retail equivalence or prototype inferred.
00030eb0	_init_decompression	recovered	DREAMS.EXE embedded Watcom v3 code symbol; byte-identical import SHA256 45d00510f993d321d2288b0791a96297893de9e5e0dc24d36246e41e144008ce; tools/watcom_debug.py; tools/register_watcom_debug.py	size:32	Original module: src\hnm5\hnm5a.asm. Symbol object 1 offset 00020eb0. Direct original-build import; no retail equivalence or prototype inferred.
00030ed0	_decomprime	recovered	DREAMS.EXE embedded Watcom v3 code symbol; byte-identical import SHA256 45d00510f993d321d2288b0791a96297893de9e5e0dc24d36246e41e144008ce; tools/watcom_debug.py; tools/register_watcom_debug.py	size:25939	Original module: src\hnm5\hnm5a.asm. Symbol object 1 offset 00020ed0. Direct original-build import; no retail equivalence or prototype inferred.
00037423	_Remap256to16bitsAsm	recovered	DREAMS.EXE embedded Watcom v3 code symbol; byte-identical import SHA256 45d00510f993d321d2288b0791a96297893de9e5e0dc24d36246e41e144008ce; tools/watcom_debug.py; tools/register_watcom_debug.py	size:518	Original module: src\hnm5\hnm5a.asm. Symbol object 1 offset 00027423. Direct original-build import; no retail equivalence or prototype inferred.
00037630	init_decompresseur_hnm5_	recovered	DREAMS.EXE embedded Watcom v3 code symbol; byte-identical import SHA256 45d00510f993d321d2288b0791a96297893de9e5e0dc24d36246e41e144008ce; tools/watcom_debug.py; tools/register_watcom_debug.py	size:83	Original module: C:\DREAMS\src\hnm5\HNM5C.C. Symbol object 1 offset 00027630. Direct original-build import; no retail equivalence or prototype inferred.
00037684	fin_decompresseur_hnm5_	recovered	DREAMS.EXE embedded Watcom v3 code symbol; byte-identical import SHA256 45d00510f993d321d2288b0791a96297893de9e5e0dc24d36246e41e144008ce; tools/watcom_debug.py; tools/register_watcom_debug.py	size:20	Original module: C:\DREAMS\src\hnm5\HNM5C.C. Symbol object 1 offset 00027684. Direct original-build import; no retail equivalence or prototype inferred.
00037698	CompPal256to16bits_	recovered	DREAMS.EXE embedded Watcom v3 code symbol; byte-identical import SHA256 45d00510f993d321d2288b0791a96297893de9e5e0dc24d36246e41e144008ce; tools/watcom_debug.py; tools/register_watcom_debug.py	size:177	Original module: C:\DREAMS\src\hnm5\HNM5C.C. Symbol object 1 offset 00027698. Direct original-build import; no retail equivalence or prototype inferred.
0003774c	Remap256to16bits_	recovered	DREAMS.EXE embedded Watcom v3 code symbol; byte-identical import SHA256 45d00510f993d321d2288b0791a96297893de9e5e0dc24d36246e41e144008ce; tools/watcom_debug.py; tools/register_watcom_debug.py	size:188	Original module: C:\DREAMS\src\hnm5\HNM5C.C. Symbol object 1 offset 0002774c. Direct original-build import; no retail equivalence or prototype inferred.
00037808	flip_hnm5_buffers_	recovered	DREAMS.EXE embedded Watcom v3 code symbol; byte-identical import SHA256 45d00510f993d321d2288b0791a96297893de9e5e0dc24d36246e41e144008ce; tools/watcom_debug.py; tools/register_watcom_debug.py	size:25	Original module: C:\DREAMS\src\hnm5\HNM5C.C. Symbol object 1 offset 00027808. Direct original-build import; no retail equivalence or prototype inferred.
00037824	init_hnm_decomp_	recovered	DREAMS.EXE embedded Watcom v3 code symbol; byte-identical import SHA256 45d00510f993d321d2288b0791a96297893de9e5e0dc24d36246e41e144008ce; tools/watcom_debug.py; tools/register_watcom_debug.py	size:100	Original module: src\hnm4\hnm4a.asm. Symbol object 1 offset 00027824. Direct original-build import; no retail equivalence or prototype inferred.
00037888	fin_hnm_decomp_	recovered	DREAMS.EXE embedded Watcom v3 code symbol; byte-identical import SHA256 45d00510f993d321d2288b0791a96297893de9e5e0dc24d36246e41e144008ce; tools/watcom_debug.py; tools/register_watcom_debug.py	size:27	Original module: src\hnm4\hnm4a.asm. Symbol object 1 offset 00027888. Direct original-build import; no retail equivalence or prototype inferred.
000378a3	view_next_hnm_	recovered	DREAMS.EXE embedded Watcom v3 code symbol; byte-identical import SHA256 45d00510f993d321d2288b0791a96297893de9e5e0dc24d36246e41e144008ce; tools/watcom_debug.py; tools/register_watcom_debug.py	size:145	Original module: src\hnm4\hnm4a.asm. Symbol object 1 offset 000278a3. Direct original-build import; no retail equivalence or prototype inferred.
00038896	put_pal_hnm_	recovered	DREAMS.EXE embedded Watcom v3 code symbol; byte-identical import SHA256 45d00510f993d321d2288b0791a96297893de9e5e0dc24d36246e41e144008ce; tools/watcom_debug.py; tools/register_watcom_debug.py	size:121	Original module: src\hnm4\hnm4a.asm. Symbol object 1 offset 00028896. Direct original-build import; no retail equivalence or prototype inferred.
00038970	init_decompresseur_hnmuba_	recovered	DREAMS.EXE embedded Watcom v3 code symbol; byte-identical import SHA256 45d00510f993d321d2288b0791a96297893de9e5e0dc24d36246e41e144008ce; tools/watcom_debug.py; tools/register_watcom_debug.py	size:22	Original module: C:\DREAMS\src\hnm4\HNM4C.C. Symbol object 1 offset 00028970. Direct original-build import; no retail equivalence or prototype inferred.
00038990	HNM_Init_	recovered	DREAMS.EXE embedded Watcom v3 code symbol; byte-identical import SHA256 45d00510f993d321d2288b0791a96297893de9e5e0dc24d36246e41e144008ce; tools/watcom_debug.py; tools/register_watcom_debug.py	size:542	Original module: C:\DREAMS\src\ANIMHNM.C. Symbol object 1 offset 00028990. Direct original-build import; no retail equivalence or prototype inferred.
00038bb0	HNM_ViewNextImage_	recovered	DREAMS.EXE embedded Watcom v3 code symbol; byte-identical import SHA256 45d00510f993d321d2288b0791a96297893de9e5e0dc24d36246e41e144008ce; tools/watcom_debug.py; tools/register_watcom_debug.py	size:1511	Original module: C:\DREAMS\src\ANIMHNM.C. Symbol object 1 offset 00028bb0. Direct original-build import; no retail equivalence or prototype inferred.
00038c44	HNM_Stop_	recovered	DREAMS.EXE embedded Watcom v3 code symbol; byte-identical import SHA256 45d00510f993d321d2288b0791a96297893de9e5e0dc24d36246e41e144008ce; tools/watcom_debug.py; tools/register_watcom_debug.py	size:82	Original module: C:\DREAMS\src\ANIMHNM.C. Symbol object 1 offset 00028c44. Direct original-build import; no retail equivalence or prototype inferred.
00038c98	hnm4_Init_	recovered	DREAMS.EXE embedded Watcom v3 code symbol; byte-identical import SHA256 45d00510f993d321d2288b0791a96297893de9e5e0dc24d36246e41e144008ce; tools/watcom_debug.py; tools/register_watcom_debug.py	size:23	Original module: C:\DREAMS\src\ANIMHNM.C. Symbol object 1 offset 00028c98. Direct original-build import; no retail equivalence or prototype inferred.
00038e2c	hnm5_Init_	recovered	DREAMS.EXE embedded Watcom v3 code symbol; byte-identical import SHA256 45d00510f993d321d2288b0791a96297893de9e5e0dc24d36246e41e144008ce; tools/watcom_debug.py; tools/register_watcom_debug.py	size:25	Original module: C:\DREAMS\src\ANIMHNM.C. Symbol object 1 offset 00028e2c. Direct original-build import; no retail equivalence or prototype inferred.
00039054	hnm6_Init_	recovered	DREAMS.EXE embedded Watcom v3 code symbol; byte-identical import SHA256 45d00510f993d321d2288b0791a96297893de9e5e0dc24d36246e41e144008ce; tools/watcom_debug.py; tools/register_watcom_debug.py	size:56	Original module: C:\DREAMS\src\ANIMHNM.C. Symbol object 1 offset 00029054. Direct original-build import; no retail equivalence or prototype inferred.
00039274	charge_bloc_son_	recovered	DREAMS.EXE embedded Watcom v3 code symbol; byte-identical import SHA256 45d00510f993d321d2288b0791a96297893de9e5e0dc24d36246e41e144008ce; tools/watcom_debug.py; tools/register_watcom_debug.py	size:355	Original module: C:\DREAMS\src\ANIMHNM.C. Symbol object 1 offset 00029274. Direct original-build import; no retail equivalence or prototype inferred.
000393d8	init_hns_sample_	recovered	DREAMS.EXE embedded Watcom v3 code symbol; byte-identical import SHA256 45d00510f993d321d2288b0791a96297893de9e5e0dc24d36246e41e144008ce; tools/watcom_debug.py; tools/register_watcom_debug.py	size:68	Original module: C:\DREAMS\src\ANIMHNM.C. Symbol object 1 offset 000293d8. Direct original-build import; no retail equivalence or prototype inferred.
0003941c	HNM_TimerToNextHnsImage_	recovered	DREAMS.EXE embedded Watcom v3 code symbol; byte-identical import SHA256 45d00510f993d321d2288b0791a96297893de9e5e0dc24d36246e41e144008ce; tools/watcom_debug.py; tools/register_watcom_debug.py	size:49	Original module: C:\DREAMS\src\ANIMHNM.C. Symbol object 1 offset 0002941c. Direct original-build import; no retail equivalence or prototype inferred.
00039450	HNM_Precharge_	recovered	DREAMS.EXE embedded Watcom v3 code symbol; byte-identical import SHA256 45d00510f993d321d2288b0791a96297893de9e5e0dc24d36246e41e144008ce; tools/watcom_debug.py; tools/register_watcom_debug.py	size:19	Original module: C:\DREAMS\src\ANIMHNM.C. Symbol object 1 offset 00029450. Direct original-build import; no retail equivalence or prototype inferred.
00039478	dbgfree_	recovered	DREAMS.EXE embedded Watcom v3 code symbol; byte-identical import SHA256 45d00510f993d321d2288b0791a96297893de9e5e0dc24d36246e41e144008ce; tools/watcom_debug.py; tools/register_watcom_debug.py	size:31	Original module: C:\DREAMS\src\FONTSYS.C. Symbol object 1 offset 00029478. Direct original-build import; no retail equivalence or prototype inferred.
00039498	MemoryUsed_	recovered	DREAMS.EXE embedded Watcom v3 code symbol; byte-identical import SHA256 45d00510f993d321d2288b0791a96297893de9e5e0dc24d36246e41e144008ce; tools/watcom_debug.py; tools/register_watcom_debug.py	size:49	Original module: C:\DREAMS\src\FONTSYS.C. Symbol object 1 offset 00029498. Direct original-build import; no retail equivalence or prototype inferred.
000394cc	ErreurExit_	recovered	DREAMS.EXE embedded Watcom v3 code symbol; byte-identical import SHA256 45d00510f993d321d2288b0791a96297893de9e5e0dc24d36246e41e144008ce; tools/watcom_debug.py; tools/register_watcom_debug.py	size:181	Original module: C:\DREAMS\src\FONTSYS.C. Symbol object 1 offset 000294cc. Direct original-build import; no retail equivalence or prototype inferred.
00039584	FileOpen_	recovered	DREAMS.EXE embedded Watcom v3 code symbol; byte-identical import SHA256 45d00510f993d321d2288b0791a96297893de9e5e0dc24d36246e41e144008ce; tools/watcom_debug.py; tools/register_watcom_debug.py	size:40	Original module: C:\DREAMS\src\FONTSYS.C. Symbol object 1 offset 00029584. Direct original-build import; no retail equivalence or prototype inferred.
000395ac	FileRead_	recovered	DREAMS.EXE embedded Watcom v3 code symbol; byte-identical import SHA256 45d00510f993d321d2288b0791a96297893de9e5e0dc24d36246e41e144008ce; tools/watcom_debug.py; tools/register_watcom_debug.py	size:45	Original module: C:\DREAMS\src\FONTSYS.C. Symbol object 1 offset 000295ac. Direct original-build import; no retail equivalence or prototype inferred.
000395dc	FileSeek_	recovered	DREAMS.EXE embedded Watcom v3 code symbol; byte-identical import SHA256 45d00510f993d321d2288b0791a96297893de9e5e0dc24d36246e41e144008ce; tools/watcom_debug.py; tools/register_watcom_debug.py	size:45	Original module: C:\DREAMS\src\FONTSYS.C. Symbol object 1 offset 000295dc. Direct original-build import; no retail equivalence or prototype inferred.
0003960c	FileClose_	recovered	DREAMS.EXE embedded Watcom v3 code symbol; byte-identical import SHA256 45d00510f993d321d2288b0791a96297893de9e5e0dc24d36246e41e144008ce; tools/watcom_debug.py; tools/register_watcom_debug.py	size:37	Original module: C:\DREAMS\src\FONTSYS.C. Symbol object 1 offset 0002960c. Direct original-build import; no retail equivalence or prototype inferred.
00039634	InitTableAlpha_	recovered	DREAMS.EXE embedded Watcom v3 code symbol; byte-identical import SHA256 45d00510f993d321d2288b0791a96297893de9e5e0dc24d36246e41e144008ce; tools/watcom_debug.py; tools/register_watcom_debug.py	size:172	Original module: C:\DREAMS\src\FONTSYS.C. Symbol object 1 offset 00029634. Direct original-build import; no retail equivalence or prototype inferred.
000396e0	ComputeComponent5Bit_	recovered	DREAMS.EXE embedded Watcom v3 code symbol; byte-identical import SHA256 45d00510f993d321d2288b0791a96297893de9e5e0dc24d36246e41e144008ce; tools/watcom_debug.py; tools/register_watcom_debug.py	size:39	Original module: C:\DREAMS\src\FONTSYS.C. Symbol object 1 offset 000296e0. Direct original-build import; no retail equivalence or prototype inferred.
00039708	ComputeComponent6Bit_	recovered	DREAMS.EXE embedded Watcom v3 code symbol; byte-identical import SHA256 45d00510f993d321d2288b0791a96297893de9e5e0dc24d36246e41e144008ce; tools/watcom_debug.py; tools/register_watcom_debug.py	size:37	Original module: C:\DREAMS\src\FONTSYS.C. Symbol object 1 offset 00029708. Direct original-build import; no retail equivalence or prototype inferred.
00039730	ComputeAlpha_	recovered	DREAMS.EXE embedded Watcom v3 code symbol; byte-identical import SHA256 45d00510f993d321d2288b0791a96297893de9e5e0dc24d36246e41e144008ce; tools/watcom_debug.py; tools/register_watcom_debug.py	size:442	Original module: C:\DREAMS\src\FONTSYS.C. Symbol object 1 offset 00029730. Direct original-build import; no retail equivalence or prototype inferred.
000398ec	LoadSpr_	recovered	DREAMS.EXE embedded Watcom v3 code symbol; byte-identical import SHA256 45d00510f993d321d2288b0791a96297893de9e5e0dc24d36246e41e144008ce; tools/watcom_debug.py; tools/register_watcom_debug.py	size:583	Original module: C:\DREAMS\src\FONTSYS.C. Symbol object 1 offset 000298ec. Direct original-build import; no retail equivalence or prototype inferred.
00039b34	SpriteSetNum_	recovered	DREAMS.EXE embedded Watcom v3 code symbol; byte-identical import SHA256 45d00510f993d321d2288b0791a96297893de9e5e0dc24d36246e41e144008ce; tools/watcom_debug.py; tools/register_watcom_debug.py	size:34	Original module: C:\DREAMS\src\FONTSYS.C. Symbol object 1 offset 00029b34. Direct original-build import; no retail equivalence or prototype inferred.
00039b58	PutSpriteC_	recovered	DREAMS.EXE embedded Watcom v3 code symbol; byte-identical import SHA256 45d00510f993d321d2288b0791a96297893de9e5e0dc24d36246e41e144008ce; tools/watcom_debug.py; tools/register_watcom_debug.py	size:69	Original module: C:\DREAMS\src\FONTSYS.C. Symbol object 1 offset 00029b58. Direct original-build import; no retail equivalence or prototype inferred.
00039ba0	UnLoadSpr_	recovered	DREAMS.EXE embedded Watcom v3 code symbol; byte-identical import SHA256 45d00510f993d321d2288b0791a96297893de9e5e0dc24d36246e41e144008ce; tools/watcom_debug.py; tools/register_watcom_debug.py	size:124	Original module: C:\DREAMS\src\FONTSYS.C. Symbol object 1 offset 00029ba0. Direct original-build import; no retail equivalence or prototype inferred.
00039c1c	SpriteNbre_	recovered	DREAMS.EXE embedded Watcom v3 code symbol; byte-identical import SHA256 45d00510f993d321d2288b0791a96297893de9e5e0dc24d36246e41e144008ce; tools/watcom_debug.py; tools/register_watcom_debug.py	size:8	Original module: C:\DREAMS\src\FONTSYS.C. Symbol object 1 offset 00029c1c. Direct original-build import; no retail equivalence or prototype inferred.
00039c24	UnLoadAllSpr_	recovered	DREAMS.EXE embedded Watcom v3 code symbol; byte-identical import SHA256 45d00510f993d321d2288b0791a96297893de9e5e0dc24d36246e41e144008ce; tools/watcom_debug.py; tools/register_watcom_debug.py	size:34	Original module: C:\DREAMS\src\FONTSYS.C. Symbol object 1 offset 00029c24. Direct original-build import; no retail equivalence or prototype inferred.
00039c48	InitSpr_	recovered	DREAMS.EXE embedded Watcom v3 code symbol; byte-identical import SHA256 45d00510f993d321d2288b0791a96297893de9e5e0dc24d36246e41e144008ce; tools/watcom_debug.py; tools/register_watcom_debug.py	size:27	Original module: C:\DREAMS\src\FONTSYS.C. Symbol object 1 offset 00029c48. Direct original-build import; no retail equivalence or prototype inferred.
00039c64	DrawOneChar_	recovered	DREAMS.EXE embedded Watcom v3 code symbol; byte-identical import SHA256 45d00510f993d321d2288b0791a96297893de9e5e0dc24d36246e41e144008ce; tools/watcom_debug.py; tools/register_watcom_debug.py	size:158	Original module: C:\DREAMS\src\FONTSYS.C. Symbol object 1 offset 00029c64. Direct original-build import; no retail equivalence or prototype inferred.
00039d04	GLength_	recovered	DREAMS.EXE embedded Watcom v3 code symbol; byte-identical import SHA256 45d00510f993d321d2288b0791a96297893de9e5e0dc24d36246e41e144008ce; tools/watcom_debug.py; tools/register_watcom_debug.py	size:136	Original module: C:\DREAMS\src\FONTSYS.C. Symbol object 1 offset 00029d04. Direct original-build import; no retail equivalence or prototype inferred.
00039d8c	GPrintf_	recovered	DREAMS.EXE embedded Watcom v3 code symbol; byte-identical import SHA256 45d00510f993d321d2288b0791a96297893de9e5e0dc24d36246e41e144008ce; tools/watcom_debug.py; tools/register_watcom_debug.py	size:244	Original module: C:\DREAMS\src\FONTSYS.C. Symbol object 1 offset 00029d8c. Direct original-build import; no retail equivalence or prototype inferred.
00039e80	GPrintfWithReturn_	recovered	DREAMS.EXE embedded Watcom v3 code symbol; byte-identical import SHA256 45d00510f993d321d2288b0791a96297893de9e5e0dc24d36246e41e144008ce; tools/watcom_debug.py; tools/register_watcom_debug.py	size:444	Original module: C:\DREAMS\src\FONTSYS.C. Symbol object 1 offset 00029e80. Direct original-build import; no retail equivalence or prototype inferred.
0003a03c	GPrintfCenter_	recovered	DREAMS.EXE embedded Watcom v3 code symbol; byte-identical import SHA256 45d00510f993d321d2288b0791a96297893de9e5e0dc24d36246e41e144008ce; tools/watcom_debug.py; tools/register_watcom_debug.py	size:214	Original module: C:\DREAMS\src\FONTSYS.C. Symbol object 1 offset 0002a03c. Direct original-build import; no retail equivalence or prototype inferred.
0003a114	SetFontEspX_	recovered	DREAMS.EXE embedded Watcom v3 code symbol; byte-identical import SHA256 45d00510f993d321d2288b0791a96297893de9e5e0dc24d36246e41e144008ce; tools/watcom_debug.py; tools/register_watcom_debug.py	size:33	Original module: C:\DREAMS\src\FONTSYS.C. Symbol object 1 offset 0002a114. Direct original-build import; no retail equivalence or prototype inferred.
0003a138	LoadFont_	recovered	DREAMS.EXE embedded Watcom v3 code symbol; byte-identical import SHA256 45d00510f993d321d2288b0791a96297893de9e5e0dc24d36246e41e144008ce; tools/watcom_debug.py; tools/register_watcom_debug.py	size:185	Original module: C:\DREAMS\src\FONTSYS.C. Symbol object 1 offset 0002a138. Direct original-build import; no retail equivalence or prototype inferred.
0003a1f4	UnLoadFont_	recovered	DREAMS.EXE embedded Watcom v3 code symbol; byte-identical import SHA256 45d00510f993d321d2288b0791a96297893de9e5e0dc24d36246e41e144008ce; tools/watcom_debug.py; tools/register_watcom_debug.py	size:57	Original module: C:\DREAMS\src\FONTSYS.C. Symbol object 1 offset 0002a1f4. Direct original-build import; no retail equivalence or prototype inferred.
0003a230	InitFont_	recovered	DREAMS.EXE embedded Watcom v3 code symbol; byte-identical import SHA256 45d00510f993d321d2288b0791a96297893de9e5e0dc24d36246e41e144008ce; tools/watcom_debug.py; tools/register_watcom_debug.py	size:25	Original module: C:\DREAMS\src\FONTSYS.C. Symbol object 1 offset 0002a230. Direct original-build import; no retail equivalence or prototype inferred.
0003a24c	InitGlobalFontSystem_	recovered	DREAMS.EXE embedded Watcom v3 code symbol; byte-identical import SHA256 45d00510f993d321d2288b0791a96297893de9e5e0dc24d36246e41e144008ce; tools/watcom_debug.py; tools/register_watcom_debug.py	size:51	Original module: C:\DREAMS\src\FONTSYS.C. Symbol object 1 offset 0002a24c. Direct original-build import; no retail equivalence or prototype inferred.
0003a280	DesInitGlobalFontSystem_	recovered	DREAMS.EXE embedded Watcom v3 code symbol; byte-identical import SHA256 45d00510f993d321d2288b0791a96297893de9e5e0dc24d36246e41e144008ce; tools/watcom_debug.py; tools/register_watcom_debug.py	size:34	Original module: C:\DREAMS\src\FONTSYS.C. Symbol object 1 offset 0002a280. Direct original-build import; no retail equivalence or prototype inferred.
0003a2a4	DialogDrawOneChar_	recovered	DREAMS.EXE embedded Watcom v3 code symbol; byte-identical import SHA256 45d00510f993d321d2288b0791a96297893de9e5e0dc24d36246e41e144008ce; tools/watcom_debug.py; tools/register_watcom_debug.py	size:165	Original module: C:\DREAMS\src\FONTSYS.C. Symbol object 1 offset 0002a2a4. Direct original-build import; no retail equivalence or prototype inferred.
0003a34c	DialogGPrintf_	recovered	DREAMS.EXE embedded Watcom v3 code symbol; byte-identical import SHA256 45d00510f993d321d2288b0791a96297893de9e5e0dc24d36246e41e144008ce; tools/watcom_debug.py; tools/register_watcom_debug.py	size:279	Original module: C:\DREAMS\src\FONTSYS.C. Symbol object 1 offset 0002a34c. Direct original-build import; no retail equivalence or prototype inferred.
0003a464	LoadSaveDrawOneChar_	recovered	DREAMS.EXE embedded Watcom v3 code symbol; byte-identical import SHA256 45d00510f993d321d2288b0791a96297893de9e5e0dc24d36246e41e144008ce; tools/watcom_debug.py; tools/register_watcom_debug.py	size:171	Original module: C:\DREAMS\src\FONTSYS.C. Symbol object 1 offset 0002a464. Direct original-build import; no retail equivalence or prototype inferred.
0003a510	LoadSaveGPrintf_	recovered	DREAMS.EXE embedded Watcom v3 code symbol; byte-identical import SHA256 45d00510f993d321d2288b0791a96297893de9e5e0dc24d36246e41e144008ce; tools/watcom_debug.py; tools/register_watcom_debug.py	size:265	Original module: C:\DREAMS\src\FONTSYS.C. Symbol object 1 offset 0002a510. Direct original-build import; no retail equivalence or prototype inferred.
0003a640	INV_InitLinkAdventure_	recovered	DREAMS.EXE embedded Watcom v3 code symbol; byte-identical import SHA256 45d00510f993d321d2288b0791a96297893de9e5e0dc24d36246e41e144008ce; tools/watcom_debug.py; tools/register_watcom_debug.py	size:249	Original module: C:\DREAMS\src\INVENTOR.C. Symbol object 1 offset 0002a640. Direct original-build import; no retail equivalence or prototype inferred.
0003a73c	INV_LinkCondIfTestLinkAdventureOK_	recovered	DREAMS.EXE embedded Watcom v3 code symbol; byte-identical import SHA256 45d00510f993d321d2288b0791a96297893de9e5e0dc24d36246e41e144008ce; tools/watcom_debug.py; tools/register_watcom_debug.py	size:6	Original module: C:\DREAMS\src\INVENTOR.C. Symbol object 1 offset 0002a73c. Direct original-build import; no retail equivalence or prototype inferred.
0003a744	INV_TestLinkAdventure_ActionObjet_	recovered	DREAMS.EXE embedded Watcom v3 code symbol; byte-identical import SHA256 45d00510f993d321d2288b0791a96297893de9e5e0dc24d36246e41e144008ce; tools/watcom_debug.py; tools/register_watcom_debug.py	size:139	Original module: C:\DREAMS\src\INVENTOR.C. Symbol object 1 offset 0002a744. Direct original-build import; no retail equivalence or prototype inferred.
0003a7d0	INV_TestLinkAdventure_ActionBox_	recovered	DREAMS.EXE embedded Watcom v3 code symbol; byte-identical import SHA256 45d00510f993d321d2288b0791a96297893de9e5e0dc24d36246e41e144008ce; tools/watcom_debug.py; tools/register_watcom_debug.py	size:87	Original module: C:\DREAMS\src\INVENTOR.C. Symbol object 1 offset 0002a7d0. Direct original-build import; no retail equivalence or prototype inferred.
0003a828	INV_SearchObjetWithHisSceneObjetSptr_	recovered	DREAMS.EXE embedded Watcom v3 code symbol; byte-identical import SHA256 45d00510f993d321d2288b0791a96297893de9e5e0dc24d36246e41e144008ce; tools/watcom_debug.py; tools/register_watcom_debug.py	size:56	Original module: C:\DREAMS\src\INVENTOR.C. Symbol object 1 offset 0002a828. Direct original-build import; no retail equivalence or prototype inferred.
0003a860	INV_TestIFObjetNearObjet_	recovered	DREAMS.EXE embedded Watcom v3 code symbol; byte-identical import SHA256 45d00510f993d321d2288b0791a96297893de9e5e0dc24d36246e41e144008ce; tools/watcom_debug.py; tools/register_watcom_debug.py	size:100	Original module: C:\DREAMS\src\INVENTOR.C. Symbol object 1 offset 0002a860. Direct original-build import; no retail equivalence or prototype inferred.
0003a8c4	INV_TestIFObjetDestNearObjet_	recovered	DREAMS.EXE embedded Watcom v3 code symbol; byte-identical import SHA256 45d00510f993d321d2288b0791a96297893de9e5e0dc24d36246e41e144008ce; tools/watcom_debug.py; tools/register_watcom_debug.py	size:100	Original module: C:\DREAMS\src\INVENTOR.C. Symbol object 1 offset 0002a8c4. Direct original-build import; no retail equivalence or prototype inferred.
0003a928	INV_TestIFAllEnemiIsDead_	recovered	DREAMS.EXE embedded Watcom v3 code symbol; byte-identical import SHA256 45d00510f993d321d2288b0791a96297893de9e5e0dc24d36246e41e144008ce; tools/watcom_debug.py; tools/register_watcom_debug.py	size:109	Original module: C:\DREAMS\src\INVENTOR.C. Symbol object 1 offset 0002a928. Direct original-build import; no retail equivalence or prototype inferred.
0003a998	INV_TestIFJustOneFreeze_	recovered	DREAMS.EXE embedded Watcom v3 code symbol; byte-identical import SHA256 45d00510f993d321d2288b0791a96297893de9e5e0dc24d36246e41e144008ce; tools/watcom_debug.py; tools/register_watcom_debug.py	size:65	Original module: C:\DREAMS\src\INVENTOR.C. Symbol object 1 offset 0002a998. Direct original-build import; no retail equivalence or prototype inferred.
0003a9dc	INV_TestIFNoOneFreeze_	recovered	DREAMS.EXE embedded Watcom v3 code symbol; byte-identical import SHA256 45d00510f993d321d2288b0791a96297893de9e5e0dc24d36246e41e144008ce; tools/watcom_debug.py; tools/register_watcom_debug.py	size:65	Original module: C:\DREAMS\src\INVENTOR.C. Symbol object 1 offset 0002a9dc. Direct original-build import; no retail equivalence or prototype inferred.
0003aa20	INV_CompAllObjUnfreeze_	recovered	DREAMS.EXE embedded Watcom v3 code symbol; byte-identical import SHA256 45d00510f993d321d2288b0791a96297893de9e5e0dc24d36246e41e144008ce; tools/watcom_debug.py; tools/register_watcom_debug.py	size:73	Original module: C:\DREAMS\src\INVENTOR.C. Symbol object 1 offset 0002aa20. Direct original-build import; no retail equivalence or prototype inferred.
0003aa6c	INV_CompPlaceObjDestNearSrc_	recovered	DREAMS.EXE embedded Watcom v3 code symbol; byte-identical import SHA256 45d00510f993d321d2288b0791a96297893de9e5e0dc24d36246e41e144008ce; tools/watcom_debug.py; tools/register_watcom_debug.py	size:87	Original module: C:\DREAMS\src\INVENTOR.C. Symbol object 1 offset 0002aa6c. Direct original-build import; no retail equivalence or prototype inferred.
0003b8ec	INV_CreateObjetInventory_	recovered	DREAMS.EXE embedded Watcom v3 code symbol; byte-identical import SHA256 45d00510f993d321d2288b0791a96297893de9e5e0dc24d36246e41e144008ce; tools/watcom_debug.py; tools/register_watcom_debug.py	size:179	Original module: C:\DREAMS\src\INVENTOR.C. Symbol object 1 offset 0002b8ec. Direct original-build import; no retail equivalence or prototype inferred.
0003b9a0	INV_ImportObjetInInventory_	recovered	DREAMS.EXE embedded Watcom v3 code symbol; byte-identical import SHA256 45d00510f993d321d2288b0791a96297893de9e5e0dc24d36246e41e144008ce; tools/watcom_debug.py; tools/register_watcom_debug.py	size:336	Original module: C:\DREAMS\src\INVENTOR.C. Symbol object 1 offset 0002b9a0. Direct original-build import; no retail equivalence or prototype inferred.
0003baf0	INV_ExportObjetInInventory_	recovered	DREAMS.EXE embedded Watcom v3 code symbol; byte-identical import SHA256 45d00510f993d321d2288b0791a96297893de9e5e0dc24d36246e41e144008ce; tools/watcom_debug.py; tools/register_watcom_debug.py	size:66	Original module: C:\DREAMS\src\INVENTOR.C. Symbol object 1 offset 0002baf0. Direct original-build import; no retail equivalence or prototype inferred.
0003bb34	INV_TestIfObjetPresentInInventory_	recovered	DREAMS.EXE embedded Watcom v3 code symbol; byte-identical import SHA256 45d00510f993d321d2288b0791a96297893de9e5e0dc24d36246e41e144008ce; tools/watcom_debug.py; tools/register_watcom_debug.py	size:116	Original module: C:\DREAMS\src\INVENTOR.C. Symbol object 1 offset 0002bb34. Direct original-build import; no retail equivalence or prototype inferred.
0003bba8	INV_InitInventory_	recovered	DREAMS.EXE embedded Watcom v3 code symbol; byte-identical import SHA256 45d00510f993d321d2288b0791a96297893de9e5e0dc24d36246e41e144008ce; tools/watcom_debug.py; tools/register_watcom_debug.py	size:154	Original module: C:\DREAMS\src\INVENTOR.C. Symbol object 1 offset 0002bba8. Direct original-build import; no retail equivalence or prototype inferred.
0003bc44	INV_CopyHandle_	recovered	DREAMS.EXE embedded Watcom v3 code symbol; byte-identical import SHA256 45d00510f993d321d2288b0791a96297893de9e5e0dc24d36246e41e144008ce; tools/watcom_debug.py; tools/register_watcom_debug.py	size:25	Original module: C:\DREAMS\src\INVENTOR.C. Symbol object 1 offset 0002bc44. Direct original-build import; no retail equivalence or prototype inferred.
0003bc60	INV_SelectObjetInventory_	recovered	DREAMS.EXE embedded Watcom v3 code symbol; byte-identical import SHA256 45d00510f993d321d2288b0791a96297893de9e5e0dc24d36246e41e144008ce; tools/watcom_debug.py; tools/register_watcom_debug.py	size:577	Original module: C:\DREAMS\src\INVENTOR.C. Symbol object 1 offset 0002bc60. Direct original-build import; no retail equivalence or prototype inferred.
0003bea4	INV_InitSonPos_	recovered	DREAMS.EXE embedded Watcom v3 code symbol; byte-identical import SHA256 45d00510f993d321d2288b0791a96297893de9e5e0dc24d36246e41e144008ce; tools/watcom_debug.py; tools/register_watcom_debug.py	size:571	Original module: C:\DREAMS\src\INVENTOR.C. Symbol object 1 offset 0002bea4. Direct original-build import; no retail equivalence or prototype inferred.
0003c0e0	INV_InitSonPosColonne_	recovered	DREAMS.EXE embedded Watcom v3 code symbol; byte-identical import SHA256 45d00510f993d321d2288b0791a96297893de9e5e0dc24d36246e41e144008ce; tools/watcom_debug.py; tools/register_watcom_debug.py	size:549	Original module: C:\DREAMS\src\INVENTOR.C. Symbol object 1 offset 0002c0e0. Direct original-build import; no retail equivalence or prototype inferred.
0003c308	INV_InitSon_	recovered	DREAMS.EXE embedded Watcom v3 code symbol; byte-identical import SHA256 45d00510f993d321d2288b0791a96297893de9e5e0dc24d36246e41e144008ce; tools/watcom_debug.py; tools/register_watcom_debug.py	size:307	Original module: C:\DREAMS\src\INVENTOR.C. Symbol object 1 offset 0002c308. Direct original-build import; no retail equivalence or prototype inferred.
0003c43c	INV_Pos_	recovered	DREAMS.EXE embedded Watcom v3 code symbol; byte-identical import SHA256 45d00510f993d321d2288b0791a96297893de9e5e0dc24d36246e41e144008ce; tools/watcom_debug.py; tools/register_watcom_debug.py	size:407	Original module: C:\DREAMS\src\INVENTOR.C. Symbol object 1 offset 0002c43c. Direct original-build import; no retail equivalence or prototype inferred.
0003c5d4	INV_CompSimpleObjetComeBack_	recovered	DREAMS.EXE embedded Watcom v3 code symbol; byte-identical import SHA256 45d00510f993d321d2288b0791a96297893de9e5e0dc24d36246e41e144008ce; tools/watcom_debug.py; tools/register_watcom_debug.py	size:39	Original module: C:\DREAMS\src\INVENTOR.C. Symbol object 1 offset 0002c5d4. Direct original-build import; no retail equivalence or prototype inferred.
0003c5fc	INV_CompObjetComeBack_	recovered	DREAMS.EXE embedded Watcom v3 code symbol; byte-identical import SHA256 45d00510f993d321d2288b0791a96297893de9e5e0dc24d36246e41e144008ce; tools/watcom_debug.py; tools/register_watcom_debug.py	size:66	Original module: C:\DREAMS\src\INVENTOR.C. Symbol object 1 offset 0002c5fc. Direct original-build import; no retail equivalence or prototype inferred.
0003c640	INV_CompObjetComeOn_	recovered	DREAMS.EXE embedded Watcom v3 code symbol; byte-identical import SHA256 45d00510f993d321d2288b0791a96297893de9e5e0dc24d36246e41e144008ce; tools/watcom_debug.py; tools/register_watcom_debug.py	size:34	Original module: C:\DREAMS\src\INVENTOR.C. Symbol object 1 offset 0002c640. Direct original-build import; no retail equivalence or prototype inferred.
0003c664	INV_PutForSelect_	recovered	DREAMS.EXE embedded Watcom v3 code symbol; byte-identical import SHA256 45d00510f993d321d2288b0791a96297893de9e5e0dc24d36246e41e144008ce; tools/watcom_debug.py; tools/register_watcom_debug.py	size:104	Original module: C:\DREAMS\src\INVENTOR.C. Symbol object 1 offset 0002c664. Direct original-build import; no retail equivalence or prototype inferred.
0003c6cc	INV_CompObjetInventory2_	recovered	DREAMS.EXE embedded Watcom v3 code symbol; byte-identical import SHA256 45d00510f993d321d2288b0791a96297893de9e5e0dc24d36246e41e144008ce; tools/watcom_debug.py; tools/register_watcom_debug.py	size:142	Original module: C:\DREAMS\src\INVENTOR.C. Symbol object 1 offset 0002c6cc. Direct original-build import; no retail equivalence or prototype inferred.
0003c75c	INV_CompObjetInventory_	recovered	DREAMS.EXE embedded Watcom v3 code symbol; byte-identical import SHA256 45d00510f993d321d2288b0791a96297893de9e5e0dc24d36246e41e144008ce; tools/watcom_debug.py; tools/register_watcom_debug.py	size:142	Original module: C:\DREAMS\src\INVENTOR.C. Symbol object 1 offset 0002c75c. Direct original-build import; no retail equivalence or prototype inferred.
0003c7ec	INV_SelectObjet_	recovered	DREAMS.EXE embedded Watcom v3 code symbol; byte-identical import SHA256 45d00510f993d321d2288b0791a96297893de9e5e0dc24d36246e41e144008ce; tools/watcom_debug.py; tools/register_watcom_debug.py	size:6	Original module: C:\DREAMS\src\INVENTOR.C. Symbol object 1 offset 0002c7ec. Direct original-build import; no retail equivalence or prototype inferred.
0003c7f4	INV_ResetSelectObjet_	recovered	DREAMS.EXE embedded Watcom v3 code symbol; byte-identical import SHA256 45d00510f993d321d2288b0791a96297893de9e5e0dc24d36246e41e144008ce; tools/watcom_debug.py; tools/register_watcom_debug.py	size:11	Original module: C:\DREAMS\src\INVENTOR.C. Symbol object 1 offset 0002c7f4. Direct original-build import; no retail equivalence or prototype inferred.
0003c800	INV_PutStat_	recovered	DREAMS.EXE embedded Watcom v3 code symbol; byte-identical import SHA256 45d00510f993d321d2288b0791a96297893de9e5e0dc24d36246e41e144008ce; tools/watcom_debug.py; tools/register_watcom_debug.py	size:341	Original module: C:\DREAMS\src\INVENTOR.C. Symbol object 1 offset 0002c800. Direct original-build import; no retail equivalence or prototype inferred.
0003c958	INV_GetMagicCast_	recovered	DREAMS.EXE embedded Watcom v3 code symbol; byte-identical import SHA256 45d00510f993d321d2288b0791a96297893de9e5e0dc24d36246e41e144008ce; tools/watcom_debug.py; tools/register_watcom_debug.py	size:71	Original module: C:\DREAMS\src\INVENTOR.C. Symbol object 1 offset 0002c958. Direct original-build import; no retail equivalence or prototype inferred.
0003c9a0	INV_CompInventory_	recovered	DREAMS.EXE embedded Watcom v3 code symbol; byte-identical import SHA256 45d00510f993d321d2288b0791a96297893de9e5e0dc24d36246e41e144008ce; tools/watcom_debug.py; tools/register_watcom_debug.py	size:223	Original module: C:\DREAMS\src\INVENTOR.C. Symbol object 1 offset 0002c9a0. Direct original-build import; no retail equivalence or prototype inferred.
0003ca80	P3DM_Bloc_2_3DM_Bloc_	recovered	DREAMS.EXE embedded Watcom v3 code symbol; byte-identical import SHA256 45d00510f993d321d2288b0791a96297893de9e5e0dc24d36246e41e144008ce; tools/watcom_debug.py; tools/register_watcom_debug.py	size:53	Original module: src\dsnreada.asm. Symbol object 1 offset 0002ca80. Direct original-build import; no retail equivalence or prototype inferred.
0003cf50	DSN_Create_	recovered	DREAMS.EXE embedded Watcom v3 code symbol; byte-identical import SHA256 45d00510f993d321d2288b0791a96297893de9e5e0dc24d36246e41e144008ce; tools/watcom_debug.py; tools/register_watcom_debug.py	size:36	Original module: C:\DREAMS\src\DSNREAD.C. Symbol object 1 offset 0002cf50. Direct original-build import; no retail equivalence or prototype inferred.
0003cf74	DSN_Destroy_	recovered	DREAMS.EXE embedded Watcom v3 code symbol; byte-identical import SHA256 45d00510f993d321d2288b0791a96297893de9e5e0dc24d36246e41e144008ce; tools/watcom_debug.py; tools/register_watcom_debug.py	size:1	Original module: C:\DREAMS\src\DSNREAD.C. Symbol object 1 offset 0002cf74. Direct original-build import; no retail equivalence or prototype inferred.
0003cf78	DSN_Reset_	recovered	DREAMS.EXE embedded Watcom v3 code symbol; byte-identical import SHA256 45d00510f993d321d2288b0791a96297893de9e5e0dc24d36246e41e144008ce; tools/watcom_debug.py; tools/register_watcom_debug.py	size:36	Original module: C:\DREAMS\src\DSNREAD.C. Symbol object 1 offset 0002cf78. Direct original-build import; no retail equivalence or prototype inferred.
0003cf9c	DSN_IsOn_	recovered	DREAMS.EXE embedded Watcom v3 code symbol; byte-identical import SHA256 45d00510f993d321d2288b0791a96297893de9e5e0dc24d36246e41e144008ce; tools/watcom_debug.py; tools/register_watcom_debug.py	size:6	Original module: C:\DREAMS\src\DSNREAD.C. Symbol object 1 offset 0002cf9c. Direct original-build import; no retail equivalence or prototype inferred.
0003cfa4	DSN_OpenNewScene_	recovered	DREAMS.EXE embedded Watcom v3 code symbol; byte-identical import SHA256 45d00510f993d321d2288b0791a96297893de9e5e0dc24d36246e41e144008ce; tools/watcom_debug.py; tools/register_watcom_debug.py	size:607	Original module: C:\DREAMS\src\DSNREAD.C. Symbol object 1 offset 0002cfa4. Direct original-build import; no retail equivalence or prototype inferred.
0003d204	DSN_Load3DC_	recovered	DREAMS.EXE embedded Watcom v3 code symbol; byte-identical import SHA256 45d00510f993d321d2288b0791a96297893de9e5e0dc24d36246e41e144008ce; tools/watcom_debug.py; tools/register_watcom_debug.py	size:148	Original module: C:\DREAMS\src\DSNREAD.C. Symbol object 1 offset 0002d204. Direct original-build import; no retail equivalence or prototype inferred.
0003d298	DSN_Load3DI_	recovered	DREAMS.EXE embedded Watcom v3 code symbol; byte-identical import SHA256 45d00510f993d321d2288b0791a96297893de9e5e0dc24d36246e41e144008ce; tools/watcom_debug.py; tools/register_watcom_debug.py	size:148	Original module: C:\DREAMS\src\DSNREAD.C. Symbol object 1 offset 0002d298. Direct original-build import; no retail equivalence or prototype inferred.
0003d32c	DSN_Set3DMPtr_	recovered	DREAMS.EXE embedded Watcom v3 code symbol; byte-identical import SHA256 45d00510f993d321d2288b0791a96297893de9e5e0dc24d36246e41e144008ce; tools/watcom_debug.py; tools/register_watcom_debug.py	size:189	Original module: C:\DREAMS\src\DSNREAD.C. Symbol object 1 offset 0002d32c. Direct original-build import; no retail equivalence or prototype inferred.
0003d3ec	DSN_BuildNextP3DM_	recovered	DREAMS.EXE embedded Watcom v3 code symbol; byte-identical import SHA256 45d00510f993d321d2288b0791a96297893de9e5e0dc24d36246e41e144008ce; tools/watcom_debug.py; tools/register_watcom_debug.py	size:547	Original module: C:\DREAMS\src\DSNREAD.C. Symbol object 1 offset 0002d3ec. Direct original-build import; no retail equivalence or prototype inferred.
0003d610	Convert_P3DM_2_3DM_	recovered	DREAMS.EXE embedded Watcom v3 code symbol; byte-identical import SHA256 45d00510f993d321d2288b0791a96297893de9e5e0dc24d36246e41e144008ce; tools/watcom_debug.py; tools/register_watcom_debug.py	size:75	Original module: C:\DREAMS\src\DSNREAD.C. Symbol object 1 offset 0002d610. Direct original-build import; no retail equivalence or prototype inferred.
0003d660	DPR_Create_	recovered	DREAMS.EXE embedded Watcom v3 code symbol; byte-identical import SHA256 45d00510f993d321d2288b0791a96297893de9e5e0dc24d36246e41e144008ce; tools/watcom_debug.py; tools/register_watcom_debug.py	size:74	Original module: C:\DREAMS\src\dpread\DPREAD.C. Symbol object 1 offset 0002d660. Direct original-build import; no retail equivalence or prototype inferred.
0003d6ac	DPR_Destroy_	recovered	DREAMS.EXE embedded Watcom v3 code symbol; byte-identical import SHA256 45d00510f993d321d2288b0791a96297893de9e5e0dc24d36246e41e144008ce; tools/watcom_debug.py; tools/register_watcom_debug.py	size:41	Original module: C:\DREAMS\src\dpread\DPREAD.C. Symbol object 1 offset 0002d6ac. Direct original-build import; no retail equivalence or prototype inferred.
0003d6d8	DPR_FileOpen_	recovered	DREAMS.EXE embedded Watcom v3 code symbol; byte-identical import SHA256 45d00510f993d321d2288b0791a96297893de9e5e0dc24d36246e41e144008ce; tools/watcom_debug.py; tools/register_watcom_debug.py	size:106	Original module: C:\DREAMS\src\dpread\DPREAD.C. Symbol object 1 offset 0002d6d8. Direct original-build import; no retail equivalence or prototype inferred.
0003d744	DPR_FileClose_	recovered	DREAMS.EXE embedded Watcom v3 code symbol; byte-identical import SHA256 45d00510f993d321d2288b0791a96297893de9e5e0dc24d36246e41e144008ce; tools/watcom_debug.py; tools/register_watcom_debug.py	size:23	Original module: C:\DREAMS\src\dpread\DPREAD.C. Symbol object 1 offset 0002d744. Direct original-build import; no retail equivalence or prototype inferred.
0003d75c	DPR_DiskBlockRead_	recovered	DREAMS.EXE embedded Watcom v3 code symbol; byte-identical import SHA256 45d00510f993d321d2288b0791a96297893de9e5e0dc24d36246e41e144008ce; tools/watcom_debug.py; tools/register_watcom_debug.py	size:145	Original module: C:\DREAMS\src\dpread\DPREAD.C. Symbol object 1 offset 0002d75c. Direct original-build import; no retail equivalence or prototype inferred.
0003d7f0	DPR_DirectReadBlock_	recovered	DREAMS.EXE embedded Watcom v3 code symbol; byte-identical import SHA256 45d00510f993d321d2288b0791a96297893de9e5e0dc24d36246e41e144008ce; tools/watcom_debug.py; tools/register_watcom_debug.py	size:105	Original module: C:\DREAMS\src\dpread\DPREAD.C. Symbol object 1 offset 0002d7f0. Direct original-build import; no retail equivalence or prototype inferred.
0003d85c	DPR_FreeDirectReadBlock_	recovered	DREAMS.EXE embedded Watcom v3 code symbol; byte-identical import SHA256 45d00510f993d321d2288b0791a96297893de9e5e0dc24d36246e41e144008ce; tools/watcom_debug.py; tools/register_watcom_debug.py	size:81	Original module: C:\DREAMS\src\dpread\DPREAD.C. Symbol object 1 offset 0002d85c. Direct original-build import; no retail equivalence or prototype inferred.
0003d8d0	SYM_InitSymbole_	recovered	DREAMS.EXE embedded Watcom v3 code symbol; byte-identical import SHA256 45d00510f993d321d2288b0791a96297893de9e5e0dc24d36246e41e144008ce; tools/watcom_debug.py; tools/register_watcom_debug.py	size:122	Original module: C:\DREAMS\src\SYMBOLE.C. Symbol object 1 offset 0002d8d0. Direct original-build import; no retail equivalence or prototype inferred.
0003d94c	SYM_InitSymboleInObjet_	recovered	DREAMS.EXE embedded Watcom v3 code symbol; byte-identical import SHA256 45d00510f993d321d2288b0791a96297893de9e5e0dc24d36246e41e144008ce; tools/watcom_debug.py; tools/register_watcom_debug.py	size:150	Original module: C:\DREAMS\src\SYMBOLE.C. Symbol object 1 offset 0002d94c. Direct original-build import; no retail equivalence or prototype inferred.
0003d9e4	SYM_TestCanalComm_	recovered	DREAMS.EXE embedded Watcom v3 code symbol; byte-identical import SHA256 45d00510f993d321d2288b0791a96297893de9e5e0dc24d36246e41e144008ce; tools/watcom_debug.py; tools/register_watcom_debug.py	size:16	Original module: C:\DREAMS\src\SYMBOLE.C. Symbol object 1 offset 0002d9e4. Direct original-build import; no retail equivalence or prototype inferred.
0003d9f4	SYM_TestFlagsSym_	recovered	DREAMS.EXE embedded Watcom v3 code symbol; byte-identical import SHA256 45d00510f993d321d2288b0791a96297893de9e5e0dc24d36246e41e144008ce; tools/watcom_debug.py; tools/register_watcom_debug.py	size:16	Original module: C:\DREAMS\src\SYMBOLE.C. Symbol object 1 offset 0002d9f4. Direct original-build import; no retail equivalence or prototype inferred.
0003da04	SYM_ResetFlagsSym_	recovered	DREAMS.EXE embedded Watcom v3 code symbol; byte-identical import SHA256 45d00510f993d321d2288b0791a96297893de9e5e0dc24d36246e41e144008ce; tools/watcom_debug.py; tools/register_watcom_debug.py	size:8	Original module: C:\DREAMS\src\SYMBOLE.C. Symbol object 1 offset 0002da04. Direct original-build import; no retail equivalence or prototype inferred.
0003da0c	SYM_OpenCanalComm_	recovered	DREAMS.EXE embedded Watcom v3 code symbol; byte-identical import SHA256 45d00510f993d321d2288b0791a96297893de9e5e0dc24d36246e41e144008ce; tools/watcom_debug.py; tools/register_watcom_debug.py	size:130	Original module: C:\DREAMS\src\SYMBOLE.C. Symbol object 1 offset 0002da0c. Direct original-build import; no retail equivalence or prototype inferred.
0003da90	SYM_CloseCanalComm_	recovered	DREAMS.EXE embedded Watcom v3 code symbol; byte-identical import SHA256 45d00510f993d321d2288b0791a96297893de9e5e0dc24d36246e41e144008ce; tools/watcom_debug.py; tools/register_watcom_debug.py	size:182	Original module: C:\DREAMS\src\SYMBOLE.C. Symbol object 1 offset 0002da90. Direct original-build import; no retail equivalence or prototype inferred.
0003db48	SYM_Pos_	recovered	DREAMS.EXE embedded Watcom v3 code symbol; byte-identical import SHA256 45d00510f993d321d2288b0791a96297893de9e5e0dc24d36246e41e144008ce; tools/watcom_debug.py; tools/register_watcom_debug.py	size:420	Original module: C:\DREAMS\src\SYMBOLE.C. Symbol object 1 offset 0002db48. Direct original-build import; no retail equivalence or prototype inferred.
0003dcec	SYM_InitSonPos_	recovered	DREAMS.EXE embedded Watcom v3 code symbol; byte-identical import SHA256 45d00510f993d321d2288b0791a96297893de9e5e0dc24d36246e41e144008ce; tools/watcom_debug.py; tools/register_watcom_debug.py	size:376	Original module: C:\DREAMS\src\SYMBOLE.C. Symbol object 1 offset 0002dcec. Direct original-build import; no retail equivalence or prototype inferred.
0003de64	SYM_InitSym3d_	recovered	DREAMS.EXE embedded Watcom v3 code symbol; byte-identical import SHA256 45d00510f993d321d2288b0791a96297893de9e5e0dc24d36246e41e144008ce; tools/watcom_debug.py; tools/register_watcom_debug.py	size:188	Original module: C:\DREAMS\src\SYMBOLE.C. Symbol object 1 offset 0002de64. Direct original-build import; no retail equivalence or prototype inferred.
0003df20	SYM_InitPrintText_	recovered	DREAMS.EXE embedded Watcom v3 code symbol; byte-identical import SHA256 45d00510f993d321d2288b0791a96297893de9e5e0dc24d36246e41e144008ce; tools/watcom_debug.py; tools/register_watcom_debug.py	size:147	Original module: C:\DREAMS\src\SYMBOLE.C. Symbol object 1 offset 0002df20. Direct original-build import; no retail equivalence or prototype inferred.
0003dfb4	SYM_PrintText_	recovered	DREAMS.EXE embedded Watcom v3 code symbol; byte-identical import SHA256 45d00510f993d321d2288b0791a96297893de9e5e0dc24d36246e41e144008ce; tools/watcom_debug.py; tools/register_watcom_debug.py	size:202	Original module: C:\DREAMS\src\SYMBOLE.C. Symbol object 1 offset 0002dfb4. Direct original-build import; no retail equivalence or prototype inferred.
0003e080	SYM_CompCanalCommSend_	recovered	DREAMS.EXE embedded Watcom v3 code symbol; byte-identical import SHA256 45d00510f993d321d2288b0791a96297893de9e5e0dc24d36246e41e144008ce; tools/watcom_debug.py; tools/register_watcom_debug.py	size:59	Original module: C:\DREAMS\src\SYMBOLE.C. Symbol object 1 offset 0002e080. Direct original-build import; no retail equivalence or prototype inferred.
0003e0bc	SYM_InitSonPosReceive_	recovered	DREAMS.EXE embedded Watcom v3 code symbol; byte-identical import SHA256 45d00510f993d321d2288b0791a96297893de9e5e0dc24d36246e41e144008ce; tools/watcom_debug.py; tools/register_watcom_debug.py	size:408	Original module: C:\DREAMS\src\SYMBOLE.C. Symbol object 1 offset 0002e0bc. Direct original-build import; no retail equivalence or prototype inferred.
0003e254	SYM_InitPrintTextReceive_	recovered	DREAMS.EXE embedded Watcom v3 code symbol; byte-identical import SHA256 45d00510f993d321d2288b0791a96297893de9e5e0dc24d36246e41e144008ce; tools/watcom_debug.py; tools/register_watcom_debug.py	size:48	Original module: C:\DREAMS\src\SYMBOLE.C. Symbol object 1 offset 0002e254. Direct original-build import; no retail equivalence or prototype inferred.
0003e284	SYM_PrintTextReceive_	recovered	DREAMS.EXE embedded Watcom v3 code symbol; byte-identical import SHA256 45d00510f993d321d2288b0791a96297893de9e5e0dc24d36246e41e144008ce; tools/watcom_debug.py; tools/register_watcom_debug.py	size:619	Original module: C:\DREAMS\src\SYMBOLE.C. Symbol object 1 offset 0002e284. Direct original-build import; no retail equivalence or prototype inferred.
0003e4f0	SYM_CompCanalCommReceive_	recovered	DREAMS.EXE embedded Watcom v3 code symbol; byte-identical import SHA256 45d00510f993d321d2288b0791a96297893de9e5e0dc24d36246e41e144008ce; tools/watcom_debug.py; tools/register_watcom_debug.py	size:71	Original module: C:\DREAMS\src\SYMBOLE.C. Symbol object 1 offset 0002e4f0. Direct original-build import; no retail equivalence or prototype inferred.
0003e538	SYM_CompCanalComm_	recovered	DREAMS.EXE embedded Watcom v3 code symbol; byte-identical import SHA256 45d00510f993d321d2288b0791a96297893de9e5e0dc24d36246e41e144008ce; tools/watcom_debug.py; tools/register_watcom_debug.py	size:168	Original module: C:\DREAMS\src\SYMBOLE.C. Symbol object 1 offset 0002e538. Direct original-build import; no retail equivalence or prototype inferred.
0003e5e0	SYM_TestSymbole_	recovered	DREAMS.EXE embedded Watcom v3 code symbol; byte-identical import SHA256 45d00510f993d321d2288b0791a96297893de9e5e0dc24d36246e41e144008ce; tools/watcom_debug.py; tools/register_watcom_debug.py	size:208	Original module: C:\DREAMS\src\SYMBOLE.C. Symbol object 1 offset 0002e5e0. Direct original-build import; no retail equivalence or prototype inferred.
0003e6b0	SYM_TestAndComputeReponseCanalComm_	recovered	DREAMS.EXE embedded Watcom v3 code symbol; byte-identical import SHA256 45d00510f993d321d2288b0791a96297893de9e5e0dc24d36246e41e144008ce; tools/watcom_debug.py; tools/register_watcom_debug.py	size:587	Original module: C:\DREAMS\src\SYMBOLE.C. Symbol object 1 offset 0002e6b0. Direct original-build import; no retail equivalence or prototype inferred.
0003e900	add_local_sphere_	recovered	DREAMS.EXE embedded Watcom v3 code symbol; byte-identical import SHA256 45d00510f993d321d2288b0791a96297893de9e5e0dc24d36246e41e144008ce; tools/watcom_debug.py; tools/register_watcom_debug.py	size:64	Original module: C:\DREAMS\src\COL.C. Symbol object 1 offset 0002e900. Direct original-build import; no retail equivalence or prototype inferred.
0003e940	COL_InitNewScene_	recovered	DREAMS.EXE embedded Watcom v3 code symbol; byte-identical import SHA256 45d00510f993d321d2288b0791a96297893de9e5e0dc24d36246e41e144008ce; tools/watcom_debug.py; tools/register_watcom_debug.py	size:95	Original module: C:\DREAMS\src\COL.C. Symbol object 1 offset 0002e940. Direct original-build import; no retail equivalence or prototype inferred.
0003e9a0	COL_SetCollisionMesh_	recovered	DREAMS.EXE embedded Watcom v3 code symbol; byte-identical import SHA256 45d00510f993d321d2288b0791a96297893de9e5e0dc24d36246e41e144008ce; tools/watcom_debug.py; tools/register_watcom_debug.py	size:6	Original module: C:\DREAMS\src\COL.C. Symbol object 1 offset 0002e9a0. Direct original-build import; no retail equivalence or prototype inferred.
0003e9a8	COL_InitObjet_	recovered	DREAMS.EXE embedded Watcom v3 code symbol; byte-identical import SHA256 45d00510f993d321d2288b0791a96297893de9e5e0dc24d36246e41e144008ce; tools/watcom_debug.py; tools/register_watcom_debug.py	size:94	Original module: C:\DREAMS\src\COL.C. Symbol object 1 offset 0002e9a8. Direct original-build import; no retail equivalence or prototype inferred.
0003ea08	COL_InitPerso_	recovered	DREAMS.EXE embedded Watcom v3 code symbol; byte-identical import SHA256 45d00510f993d321d2288b0791a96297893de9e5e0dc24d36246e41e144008ce; tools/watcom_debug.py; tools/register_watcom_debug.py	size:191	Original module: C:\DREAMS\src\COL.C. Symbol object 1 offset 0002ea08. Direct original-build import; no retail equivalence or prototype inferred.
0003eac8	COL_TestAllCollision_	recovered	DREAMS.EXE embedded Watcom v3 code symbol; byte-identical import SHA256 45d00510f993d321d2288b0791a96297893de9e5e0dc24d36246e41e144008ce; tools/watcom_debug.py; tools/register_watcom_debug.py	size:874	Original module: C:\DREAMS\src\COL.C. Symbol object 1 offset 0002eac8. Direct original-build import; no retail equivalence or prototype inferred.
0003ee34	collision_perso_	recovered	DREAMS.EXE embedded Watcom v3 code symbol; byte-identical import SHA256 45d00510f993d321d2288b0791a96297893de9e5e0dc24d36246e41e144008ce; tools/watcom_debug.py; tools/register_watcom_debug.py	size:549	Original module: C:\DREAMS\src\COL.C. Symbol object 1 offset 0002ee34. Direct original-build import; no retail equivalence or prototype inferred.
0003f05c	collision_objet_	recovered	DREAMS.EXE embedded Watcom v3 code symbol; byte-identical import SHA256 45d00510f993d321d2288b0791a96297893de9e5e0dc24d36246e41e144008ce; tools/watcom_debug.py; tools/register_watcom_debug.py	size:391	Original module: C:\DREAMS\src\COL.C. Symbol object 1 offset 0002f05c. Direct original-build import; no retail equivalence or prototype inferred.
0003f1e4	calc_col_parm_	recovered	DREAMS.EXE embedded Watcom v3 code symbol; byte-identical import SHA256 45d00510f993d321d2288b0791a96297893de9e5e0dc24d36246e41e144008ce; tools/watcom_debug.py; tools/register_watcom_debug.py	size:252	Original module: C:\DREAMS\src\COL.C. Symbol object 1 offset 0002f1e4. Direct original-build import; no retail equivalence or prototype inferred.
0003f2f4	calc_objet_collision_correction_	recovered	DREAMS.EXE embedded Watcom v3 code symbol; byte-identical import SHA256 45d00510f993d321d2288b0791a96297893de9e5e0dc24d36246e41e144008ce; tools/watcom_debug.py; tools/register_watcom_debug.py	size:1117	Original module: C:\DREAMS\src\COL.C. Symbol object 1 offset 0002f2f4. Direct original-build import; no retail equivalence or prototype inferred.
0003f754	calc_objet2d_collision_correction_	recovered	DREAMS.EXE embedded Watcom v3 code symbol; byte-identical import SHA256 45d00510f993d321d2288b0791a96297893de9e5e0dc24d36246e41e144008ce; tools/watcom_debug.py; tools/register_watcom_debug.py	size:365	Original module: C:\DREAMS\src\COL.C. Symbol object 1 offset 0002f754. Direct original-build import; no retail equivalence or prototype inferred.
0003f8c4	collision_sphere_sphere_	recovered	DREAMS.EXE embedded Watcom v3 code symbol; byte-identical import SHA256 45d00510f993d321d2288b0791a96297893de9e5e0dc24d36246e41e144008ce; tools/watcom_debug.py; tools/register_watcom_debug.py	size:679	Original module: C:\DREAMS\src\COL.C. Symbol object 1 offset 0002f8c4. Direct original-build import; no retail equivalence or prototype inferred.
0003fb6c	COL_AdjustCameraPos_	recovered	DREAMS.EXE embedded Watcom v3 code symbol; byte-identical import SHA256 45d00510f993d321d2288b0791a96297893de9e5e0dc24d36246e41e144008ce; tools/watcom_debug.py; tools/register_watcom_debug.py	size:235	Original module: C:\DREAMS\src\COL.C. Symbol object 1 offset 0002fb6c. Direct original-build import; no retail equivalence or prototype inferred.
0003fc60	FLU_InitFilter_	recovered	DREAMS.EXE embedded Watcom v3 code symbol; byte-identical import SHA256 45d00510f993d321d2288b0791a96297893de9e5e0dc24d36246e41e144008ce; tools/watcom_debug.py; tools/register_watcom_debug.py	size:173	Original module: C:\DREAMS\src\MENU.C. Symbol object 1 offset 0002fc60. Direct original-build import; no retail equivalence or prototype inferred.
0003fd10	FLU_DesInitFilter_	recovered	DREAMS.EXE embedded Watcom v3 code symbol; byte-identical import SHA256 45d00510f993d321d2288b0791a96297893de9e5e0dc24d36246e41e144008ce; tools/watcom_debug.py; tools/register_watcom_debug.py	size:30	Original module: C:\DREAMS\src\MENU.C. Symbol object 1 offset 0002fd10. Direct original-build import; no retail equivalence or prototype inferred.
0003fd30	FLU_CompFilter0_	recovered	DREAMS.EXE embedded Watcom v3 code symbol; byte-identical import SHA256 45d00510f993d321d2288b0791a96297893de9e5e0dc24d36246e41e144008ce; tools/watcom_debug.py; tools/register_watcom_debug.py	size:196	Original module: C:\DREAMS\src\MENU.C. Symbol object 1 offset 0002fd30. Direct original-build import; no retail equivalence or prototype inferred.
0003fdf4	FLU_CompFilter1_	recovered	DREAMS.EXE embedded Watcom v3 code symbol; byte-identical import SHA256 45d00510f993d321d2288b0791a96297893de9e5e0dc24d36246e41e144008ce; tools/watcom_debug.py; tools/register_watcom_debug.py	size:171	Original module: C:\DREAMS\src\MENU.C. Symbol object 1 offset 0002fdf4. Direct original-build import; no retail equivalence or prototype inferred.
0003fea0	FLU_SelectMode_	recovered	DREAMS.EXE embedded Watcom v3 code symbol; byte-identical import SHA256 45d00510f993d321d2288b0791a96297893de9e5e0dc24d36246e41e144008ce; tools/watcom_debug.py; tools/register_watcom_debug.py	size:1349	Original module: C:\DREAMS\src\MENU.C. Symbol object 1 offset 0002fea0. Direct original-build import; no retail equivalence or prototype inferred.
000403e8	FLU_CompMode_	recovered	DREAMS.EXE embedded Watcom v3 code symbol; byte-identical import SHA256 45d00510f993d321d2288b0791a96297893de9e5e0dc24d36246e41e144008ce; tools/watcom_debug.py; tools/register_watcom_debug.py	size:382	Original module: C:\DREAMS\src\MENU.C. Symbol object 1 offset 000303e8. Direct original-build import; no retail equivalence or prototype inferred.
00040568	FLU_CompFluid_	recovered	DREAMS.EXE embedded Watcom v3 code symbol; byte-identical import SHA256 45d00510f993d321d2288b0791a96297893de9e5e0dc24d36246e41e144008ce; tools/watcom_debug.py; tools/register_watcom_debug.py	size:24	Original module: C:\DREAMS\src\MENU.C. Symbol object 1 offset 00030568. Direct original-build import; no retail equivalence or prototype inferred.
00040580	FLU_OpenTga_	recovered	DREAMS.EXE embedded Watcom v3 code symbol; byte-identical import SHA256 45d00510f993d321d2288b0791a96297893de9e5e0dc24d36246e41e144008ce; tools/watcom_debug.py; tools/register_watcom_debug.py	size:99	Original module: C:\DREAMS\src\MENU.C. Symbol object 1 offset 00030580. Direct original-build import; no retail equivalence or prototype inferred.
000405e4	FLU_OpenFluid_	recovered	DREAMS.EXE embedded Watcom v3 code symbol; byte-identical import SHA256 45d00510f993d321d2288b0791a96297893de9e5e0dc24d36246e41e144008ce; tools/watcom_debug.py; tools/register_watcom_debug.py	size:93	Original module: C:\DREAMS\src\MENU.C. Symbol object 1 offset 000305e4. Direct original-build import; no retail equivalence or prototype inferred.
00040650	ELE_CompLifeDestination_	recovered	DREAMS.EXE embedded Watcom v3 code symbol; byte-identical import SHA256 45d00510f993d321d2288b0791a96297893de9e5e0dc24d36246e41e144008ce; tools/watcom_debug.py; tools/register_watcom_debug.py	size:196	Original module: C:\DREAMS\src\ELEMENT.C. Symbol object 1 offset 00030650. Direct original-build import; no retail equivalence or prototype inferred.
00040714	ELE_CompLifeFatherDestination_	recovered	DREAMS.EXE embedded Watcom v3 code symbol; byte-identical import SHA256 45d00510f993d321d2288b0791a96297893de9e5e0dc24d36246e41e144008ce; tools/watcom_debug.py; tools/register_watcom_debug.py	size:160	Original module: C:\DREAMS\src\ELEMENT.C. Symbol object 1 offset 00030714. Direct original-build import; no retail equivalence or prototype inferred.
000407b4	ELE_CompLifePereFils_	recovered	DREAMS.EXE embedded Watcom v3 code symbol; byte-identical import SHA256 45d00510f993d321d2288b0791a96297893de9e5e0dc24d36246e41e144008ce; tools/watcom_debug.py; tools/register_watcom_debug.py	size:55	Original module: C:\DREAMS\src\ELEMENT.C. Symbol object 1 offset 000307b4. Direct original-build import; no retail equivalence or prototype inferred.
000407ec	ELE_InitLife_	recovered	DREAMS.EXE embedded Watcom v3 code symbol; byte-identical import SHA256 45d00510f993d321d2288b0791a96297893de9e5e0dc24d36246e41e144008ce; tools/watcom_debug.py; tools/register_watcom_debug.py	size:424	Original module: C:\DREAMS\src\ELEMENT.C. Symbol object 1 offset 000307ec. Direct original-build import; no retail equivalence or prototype inferred.
00040994	ELE_LifeCompMov_	recovered	DREAMS.EXE embedded Watcom v3 code symbol; byte-identical import SHA256 45d00510f993d321d2288b0791a96297893de9e5e0dc24d36246e41e144008ce; tools/watcom_debug.py; tools/register_watcom_debug.py	size:1183	Original module: C:\DREAMS\src\ELEMENT.C. Symbol object 1 offset 00030994. Direct original-build import; no retail equivalence or prototype inferred.
00040e34	ELE_LifeNearPLayer_	recovered	DREAMS.EXE embedded Watcom v3 code symbol; byte-identical import SHA256 45d00510f993d321d2288b0791a96297893de9e5e0dc24d36246e41e144008ce; tools/watcom_debug.py; tools/register_watcom_debug.py	size:349	Original module: C:\DREAMS\src\ELEMENT.C. Symbol object 1 offset 00030e34. Direct original-build import; no retail equivalence or prototype inferred.
00040f94	ELE_CompLife_	recovered	DREAMS.EXE embedded Watcom v3 code symbol; byte-identical import SHA256 45d00510f993d321d2288b0791a96297893de9e5e0dc24d36246e41e144008ce; tools/watcom_debug.py; tools/register_watcom_debug.py	size:56	Original module: C:\DREAMS\src\ELEMENT.C. Symbol object 1 offset 00030f94. Direct original-build import; no retail equivalence or prototype inferred.
00040fcc	ELE_InitOxygen_	recovered	DREAMS.EXE embedded Watcom v3 code symbol; byte-identical import SHA256 45d00510f993d321d2288b0791a96297893de9e5e0dc24d36246e41e144008ce; tools/watcom_debug.py; tools/register_watcom_debug.py	size:184	Original module: C:\DREAMS\src\ELEMENT.C. Symbol object 1 offset 00030fcc. Direct original-build import; no retail equivalence or prototype inferred.
00041084	ELE_TestOxygenNearObjet_	recovered	DREAMS.EXE embedded Watcom v3 code symbol; byte-identical import SHA256 45d00510f993d321d2288b0791a96297893de9e5e0dc24d36246e41e144008ce; tools/watcom_debug.py; tools/register_watcom_debug.py	size:347	Original module: C:\DREAMS\src\ELEMENT.C. Symbol object 1 offset 00031084. Direct original-build import; no retail equivalence or prototype inferred.
000411e0	ELE_InitMana_	recovered	DREAMS.EXE embedded Watcom v3 code symbol; byte-identical import SHA256 45d00510f993d321d2288b0791a96297893de9e5e0dc24d36246e41e144008ce; tools/watcom_debug.py; tools/register_watcom_debug.py	size:296	Original module: C:\DREAMS\src\ELEMENT.C. Symbol object 1 offset 000311e0. Direct original-build import; no retail equivalence or prototype inferred.
00041308	ELE_TestManaNearObjet_	recovered	DREAMS.EXE embedded Watcom v3 code symbol; byte-identical import SHA256 45d00510f993d321d2288b0791a96297893de9e5e0dc24d36246e41e144008ce; tools/watcom_debug.py; tools/register_watcom_debug.py	size:191	Original module: C:\DREAMS\src\ELEMENT.C. Symbol object 1 offset 00031308. Direct original-build import; no retail equivalence or prototype inferred.
000413c8	ELE_InitElement_	recovered	DREAMS.EXE embedded Watcom v3 code symbol; byte-identical import SHA256 45d00510f993d321d2288b0791a96297893de9e5e0dc24d36246e41e144008ce; tools/watcom_debug.py; tools/register_watcom_debug.py	size:240	Original module: C:\DREAMS\src\ELEMENT.C. Symbol object 1 offset 000313c8. Direct original-build import; no retail equivalence or prototype inferred.
000414b8	ELE_CompInsertCircle_	recovered	DREAMS.EXE embedded Watcom v3 code symbol; byte-identical import SHA256 45d00510f993d321d2288b0791a96297893de9e5e0dc24d36246e41e144008ce; tools/watcom_debug.py; tools/register_watcom_debug.py	size:253	Original module: C:\DREAMS\src\ELEMENT.C. Symbol object 1 offset 000314b8. Direct original-build import; no retail equivalence or prototype inferred.
000415b8	ELE_InsertElement_	recovered	DREAMS.EXE embedded Watcom v3 code symbol; byte-identical import SHA256 45d00510f993d321d2288b0791a96297893de9e5e0dc24d36246e41e144008ce; tools/watcom_debug.py; tools/register_watcom_debug.py	size:1235	Original module: C:\DREAMS\src\ELEMENT.C. Symbol object 1 offset 000315b8. Direct original-build import; no retail equivalence or prototype inferred.
00041a8c	ELE_ExitElement_	recovered	DREAMS.EXE embedded Watcom v3 code symbol; byte-identical import SHA256 45d00510f993d321d2288b0791a96297893de9e5e0dc24d36246e41e144008ce; tools/watcom_debug.py; tools/register_watcom_debug.py	size:52	Original module: C:\DREAMS\src\ELEMENT.C. Symbol object 1 offset 00031a8c. Direct original-build import; no retail equivalence or prototype inferred.
00041ac0	ELE_PosElement_	recovered	DREAMS.EXE embedded Watcom v3 code symbol; byte-identical import SHA256 45d00510f993d321d2288b0791a96297893de9e5e0dc24d36246e41e144008ce; tools/watcom_debug.py; tools/register_watcom_debug.py	size:431	Original module: C:\DREAMS\src\ELEMENT.C. Symbol object 1 offset 00031ac0. Direct original-build import; no retail equivalence or prototype inferred.
00041c70	EXP_InitExplosion_	recovered	DREAMS.EXE embedded Watcom v3 code symbol; byte-identical import SHA256 45d00510f993d321d2288b0791a96297893de9e5e0dc24d36246e41e144008ce; tools/watcom_debug.py; tools/register_watcom_debug.py	size:171	Original module: C:\DREAMS\src\ELEMENT.C. Symbol object 1 offset 00031c70. Direct original-build import; no retail equivalence or prototype inferred.
00041d1c	EXP_InsertExplosion_	recovered	DREAMS.EXE embedded Watcom v3 code symbol; byte-identical import SHA256 45d00510f993d321d2288b0791a96297893de9e5e0dc24d36246e41e144008ce; tools/watcom_debug.py; tools/register_watcom_debug.py	size:325	Original module: C:\DREAMS\src\ELEMENT.C. Symbol object 1 offset 00031d1c. Direct original-build import; no retail equivalence or prototype inferred.
00041e64	EXP_ExitExplosion_	recovered	DREAMS.EXE embedded Watcom v3 code symbol; byte-identical import SHA256 45d00510f993d321d2288b0791a96297893de9e5e0dc24d36246e41e144008ce; tools/watcom_debug.py; tools/register_watcom_debug.py	size:77	Original module: C:\DREAMS\src\ELEMENT.C. Symbol object 1 offset 00031e64. Direct original-build import; no retail equivalence or prototype inferred.
00041eb4	EXP_PosExplosion_	recovered	DREAMS.EXE embedded Watcom v3 code symbol; byte-identical import SHA256 45d00510f993d321d2288b0791a96297893de9e5e0dc24d36246e41e144008ce; tools/watcom_debug.py; tools/register_watcom_debug.py	size:364	Original module: C:\DREAMS\src\ELEMENT.C. Symbol object 1 offset 00031eb4. Direct original-build import; no retail equivalence or prototype inferred.
00042020	LUM_LightOFFAllObject_	recovered	DREAMS.EXE embedded Watcom v3 code symbol; byte-identical import SHA256 45d00510f993d321d2288b0791a96297893de9e5e0dc24d36246e41e144008ce; tools/watcom_debug.py; tools/register_watcom_debug.py	size:162	Original module: C:\DREAMS\src\LIGHT.C. Symbol object 1 offset 00032020. Direct original-build import; no retail equivalence or prototype inferred.
000420c4	LUM_LightONAllObject_	recovered	DREAMS.EXE embedded Watcom v3 code symbol; byte-identical import SHA256 45d00510f993d321d2288b0791a96297893de9e5e0dc24d36246e41e144008ce; tools/watcom_debug.py; tools/register_watcom_debug.py	size:162	Original module: C:\DREAMS\src\LIGHT.C. Symbol object 1 offset 000320c4. Direct original-build import; no retail equivalence or prototype inferred.
00042168	LUM_InitLight_	recovered	DREAMS.EXE embedded Watcom v3 code symbol; byte-identical import SHA256 45d00510f993d321d2288b0791a96297893de9e5e0dc24d36246e41e144008ce; tools/watcom_debug.py; tools/register_watcom_debug.py	size:27	Original module: C:\DREAMS\src\LIGHT.C. Symbol object 1 offset 00032168. Direct original-build import; no retail equivalence or prototype inferred.
00042184	LUM_CreatLight_	recovered	DREAMS.EXE embedded Watcom v3 code symbol; byte-identical import SHA256 45d00510f993d321d2288b0791a96297893de9e5e0dc24d36246e41e144008ce; tools/watcom_debug.py; tools/register_watcom_debug.py	size:173	Original module: C:\DREAMS\src\LIGHT.C. Symbol object 1 offset 00032184. Direct original-build import; no retail equivalence or prototype inferred.
00042234	LUM_SetRandLightPos_	recovered	DREAMS.EXE embedded Watcom v3 code symbol; byte-identical import SHA256 45d00510f993d321d2288b0791a96297893de9e5e0dc24d36246e41e144008ce; tools/watcom_debug.py; tools/register_watcom_debug.py	size:276	Original module: C:\DREAMS\src\LIGHT.C. Symbol object 1 offset 00032234. Direct original-build import; no retail equivalence or prototype inferred.
00042348	LUM_SetLightPos_	recovered	DREAMS.EXE embedded Watcom v3 code symbol; byte-identical import SHA256 45d00510f993d321d2288b0791a96297893de9e5e0dc24d36246e41e144008ce; tools/watcom_debug.py; tools/register_watcom_debug.py	size:82	Original module: C:\DREAMS\src\LIGHT.C. Symbol object 1 offset 00032348. Direct original-build import; no retail equivalence or prototype inferred.
0004239c	LUM_DestructLight_	recovered	DREAMS.EXE embedded Watcom v3 code symbol; byte-identical import SHA256 45d00510f993d321d2288b0791a96297893de9e5e0dc24d36246e41e144008ce; tools/watcom_debug.py; tools/register_watcom_debug.py	size:105	Original module: C:\DREAMS\src\LIGHT.C. Symbol object 1 offset 0003239c. Direct original-build import; no retail equivalence or prototype inferred.
00042410	FSB_Creat_	recovered	DREAMS.EXE embedded Watcom v3 code symbol; byte-identical import SHA256 45d00510f993d321d2288b0791a96297893de9e5e0dc24d36246e41e144008ce; tools/watcom_debug.py; tools/register_watcom_debug.py	size:412	Original module: C:\DREAMS\src\FSB.C. Symbol object 1 offset 00032410. Direct original-build import; no retail equivalence or prototype inferred.
000425ac	FSB_Destroy_	recovered	DREAMS.EXE embedded Watcom v3 code symbol; byte-identical import SHA256 45d00510f993d321d2288b0791a96297893de9e5e0dc24d36246e41e144008ce; tools/watcom_debug.py; tools/register_watcom_debug.py	size:55	Original module: C:\DREAMS\src\FSB.C. Symbol object 1 offset 000325ac. Direct original-build import; no retail equivalence or prototype inferred.
000425e4	FSB_GetWavPtr_	recovered	DREAMS.EXE embedded Watcom v3 code symbol; byte-identical import SHA256 45d00510f993d321d2288b0791a96297893de9e5e0dc24d36246e41e144008ce; tools/watcom_debug.py; tools/register_watcom_debug.py	size:17	Original module: C:\DREAMS\src\FSB.C. Symbol object 1 offset 000325e4. Direct original-build import; no retail equivalence or prototype inferred.
00042600	ACD_Init_	recovered	DREAMS.EXE embedded Watcom v3 code symbol; byte-identical import SHA256 45d00510f993d321d2288b0791a96297893de9e5e0dc24d36246e41e144008ce; tools/watcom_debug.py; tools/register_watcom_debug.py	size:3	Original module: C:\DREAMS\src\acd\ACD.C. Symbol object 1 offset 00032600. Direct original-build import; no retail equivalence or prototype inferred.
00042604	ACD_End_	recovered	DREAMS.EXE embedded Watcom v3 code symbol; byte-identical import SHA256 45d00510f993d321d2288b0791a96297893de9e5e0dc24d36246e41e144008ce; tools/watcom_debug.py; tools/register_watcom_debug.py	size:39	Original module: C:\DREAMS\src\acd\ACD.C. Symbol object 1 offset 00032604. Direct original-build import; no retail equivalence or prototype inferred.
0004262c	ACD_OpenTray_	recovered	DREAMS.EXE embedded Watcom v3 code symbol; byte-identical import SHA256 45d00510f993d321d2288b0791a96297893de9e5e0dc24d36246e41e144008ce; tools/watcom_debug.py; tools/register_watcom_debug.py	size:24	Original module: C:\DREAMS\src\acd\ACD.C. Symbol object 1 offset 0003262c. Direct original-build import; no retail equivalence or prototype inferred.
00042644	ACD_CloseTray_	recovered	DREAMS.EXE embedded Watcom v3 code symbol; byte-identical import SHA256 45d00510f993d321d2288b0791a96297893de9e5e0dc24d36246e41e144008ce; tools/watcom_debug.py; tools/register_watcom_debug.py	size:29	Original module: C:\DREAMS\src\acd\ACD.C. Symbol object 1 offset 00032644. Direct original-build import; no retail equivalence or prototype inferred.
00042664	ACD_Reset_	recovered	DREAMS.EXE embedded Watcom v3 code symbol; byte-identical import SHA256 45d00510f993d321d2288b0791a96297893de9e5e0dc24d36246e41e144008ce; tools/watcom_debug.py; tools/register_watcom_debug.py	size:148	Original module: C:\DREAMS\src\acd\ACD.C. Symbol object 1 offset 00032664. Direct original-build import; no retail equivalence or prototype inferred.
000426f8	ACD_PlayTrack_	recovered	DREAMS.EXE embedded Watcom v3 code symbol; byte-identical import SHA256 45d00510f993d321d2288b0791a96297893de9e5e0dc24d36246e41e144008ce; tools/watcom_debug.py; tools/register_watcom_debug.py	size:50	Original module: C:\DREAMS\src\acd\ACD.C. Symbol object 1 offset 000326f8. Direct original-build import; no retail equivalence or prototype inferred.
0004272c	ACD_Stop_	recovered	DREAMS.EXE embedded Watcom v3 code symbol; byte-identical import SHA256 45d00510f993d321d2288b0791a96297893de9e5e0dc24d36246e41e144008ce; tools/watcom_debug.py; tools/register_watcom_debug.py	size:24	Original module: C:\DREAMS\src\acd\ACD.C. Symbol object 1 offset 0003272c. Direct original-build import; no retail equivalence or prototype inferred.
00042744	ACD_Pause_	recovered	DREAMS.EXE embedded Watcom v3 code symbol; byte-identical import SHA256 45d00510f993d321d2288b0791a96297893de9e5e0dc24d36246e41e144008ce; tools/watcom_debug.py; tools/register_watcom_debug.py	size:24	Original module: C:\DREAMS\src\acd\ACD.C. Symbol object 1 offset 00032744. Direct original-build import; no retail equivalence or prototype inferred.
0004275c	ACD_Resume_	recovered	DREAMS.EXE embedded Watcom v3 code symbol; byte-identical import SHA256 45d00510f993d321d2288b0791a96297893de9e5e0dc24d36246e41e144008ce; tools/watcom_debug.py; tools/register_watcom_debug.py	size:24	Original module: C:\DREAMS\src\acd\ACD.C. Symbol object 1 offset 0003275c. Direct original-build import; no retail equivalence or prototype inferred.
00042774	ACD_GetStatus_	recovered	DREAMS.EXE embedded Watcom v3 code symbol; byte-identical import SHA256 45d00510f993d321d2288b0791a96297893de9e5e0dc24d36246e41e144008ce; tools/watcom_debug.py; tools/register_watcom_debug.py	size:29	Original module: C:\DREAMS\src\acd\ACD.C. Symbol object 1 offset 00032774. Direct original-build import; no retail equivalence or prototype inferred.
00042794	ACD_GetNumberTracks_	recovered	DREAMS.EXE embedded Watcom v3 code symbol; byte-identical import SHA256 45d00510f993d321d2288b0791a96297893de9e5e0dc24d36246e41e144008ce; tools/watcom_debug.py; tools/register_watcom_debug.py	size:34	Original module: C:\DREAMS\src\acd\ACD.C. Symbol object 1 offset 00032794. Direct original-build import; no retail equivalence or prototype inferred.
000427b8	ACD_ChangeVolume_	recovered	DREAMS.EXE embedded Watcom v3 code symbol; byte-identical import SHA256 45d00510f993d321d2288b0791a96297893de9e5e0dc24d36246e41e144008ce; tools/watcom_debug.py; tools/register_watcom_debug.py	size:25	Original module: C:\DREAMS\src\acd\ACD.C. Symbol object 1 offset 000327b8. Direct original-build import; no retail equivalence or prototype inferred.
000427d4	ACD_GetVolume_	recovered	DREAMS.EXE embedded Watcom v3 code symbol; byte-identical import SHA256 45d00510f993d321d2288b0791a96297893de9e5e0dc24d36246e41e144008ce; tools/watcom_debug.py; tools/register_watcom_debug.py	size:29	Original module: C:\DREAMS\src\acd\ACD.C. Symbol object 1 offset 000327d4. Direct original-build import; no retail equivalence or prototype inferred.
00042890	DAN_Create_	recovered	DREAMS.EXE embedded Watcom v3 code symbol; byte-identical import SHA256 45d00510f993d321d2288b0791a96297893de9e5e0dc24d36246e41e144008ce; tools/watcom_debug.py; tools/register_watcom_debug.py	size:29	Original module: C:\DREAMS\src\DANREAD.C. Symbol object 1 offset 00032890. Direct original-build import; no retail equivalence or prototype inferred.
000428b0	DAN_Reset_	recovered	DREAMS.EXE embedded Watcom v3 code symbol; byte-identical import SHA256 45d00510f993d321d2288b0791a96297893de9e5e0dc24d36246e41e144008ce; tools/watcom_debug.py; tools/register_watcom_debug.py	size:39	Original module: C:\DREAMS\src\DANREAD.C. Symbol object 1 offset 000328b0. Direct original-build import; no retail equivalence or prototype inferred.
000428d8	DAN_Open_	recovered	DREAMS.EXE embedded Watcom v3 code symbol; byte-identical import SHA256 45d00510f993d321d2288b0791a96297893de9e5e0dc24d36246e41e144008ce; tools/watcom_debug.py; tools/register_watcom_debug.py	size:657	Original module: C:\DREAMS\src\DANREAD.C. Symbol object 1 offset 000328d8. Direct original-build import; no retail equivalence or prototype inferred.
00042b6c	DAN_Load3DC_	recovered	DREAMS.EXE embedded Watcom v3 code symbol; byte-identical import SHA256 45d00510f993d321d2288b0791a96297893de9e5e0dc24d36246e41e144008ce; tools/watcom_debug.py; tools/register_watcom_debug.py	size:198	Original module: C:\DREAMS\src\DANREAD.C. Symbol object 1 offset 00032b6c. Direct original-build import; no retail equivalence or prototype inferred.
00042c34	DAN_Open3DMUse_	recovered	DREAMS.EXE embedded Watcom v3 code symbol; byte-identical import SHA256 45d00510f993d321d2288b0791a96297893de9e5e0dc24d36246e41e144008ce; tools/watcom_debug.py; tools/register_watcom_debug.py	size:180	Original module: C:\DREAMS\src\DANREAD.C. Symbol object 1 offset 00032c34. Direct original-build import; no retail equivalence or prototype inferred.
00042ce8	DAN_Close3DMUse_	recovered	DREAMS.EXE embedded Watcom v3 code symbol; byte-identical import SHA256 45d00510f993d321d2288b0791a96297893de9e5e0dc24d36246e41e144008ce; tools/watcom_debug.py; tools/register_watcom_debug.py	size:57	Original module: C:\DREAMS\src\DANREAD.C. Symbol object 1 offset 00032ce8. Direct original-build import; no retail equivalence or prototype inferred.
00042d24	DAN_Open3DAUse_	recovered	DREAMS.EXE embedded Watcom v3 code symbol; byte-identical import SHA256 45d00510f993d321d2288b0791a96297893de9e5e0dc24d36246e41e144008ce; tools/watcom_debug.py; tools/register_watcom_debug.py	size:180	Original module: C:\DREAMS\src\DANREAD.C. Symbol object 1 offset 00032d24. Direct original-build import; no retail equivalence or prototype inferred.
00042dd8	DAN_Close3DAUse_	recovered	DREAMS.EXE embedded Watcom v3 code symbol; byte-identical import SHA256 45d00510f993d321d2288b0791a96297893de9e5e0dc24d36246e41e144008ce; tools/watcom_debug.py; tools/register_watcom_debug.py	size:39	Original module: C:\DREAMS\src\DANREAD.C. Symbol object 1 offset 00032dd8. Direct original-build import; no retail equivalence or prototype inferred.
00042e00	DAN_Load3DM_	recovered	DREAMS.EXE embedded Watcom v3 code symbol; byte-identical import SHA256 45d00510f993d321d2288b0791a96297893de9e5e0dc24d36246e41e144008ce; tools/watcom_debug.py; tools/register_watcom_debug.py	size:112	Original module: C:\DREAMS\src\DANREAD.C. Symbol object 1 offset 00032e00. Direct original-build import; no retail equivalence or prototype inferred.
00042e70	DAN_Load3DA_	recovered	DREAMS.EXE embedded Watcom v3 code symbol; byte-identical import SHA256 45d00510f993d321d2288b0791a96297893de9e5e0dc24d36246e41e144008ce; tools/watcom_debug.py; tools/register_watcom_debug.py	size:117	Original module: C:\DREAMS\src\DANREAD.C. Symbol object 1 offset 00032e70. Direct original-build import; no retail equivalence or prototype inferred.
00042ee8	DAN_GetAnimNb_	recovered	DREAMS.EXE embedded Watcom v3 code symbol; byte-identical import SHA256 45d00510f993d321d2288b0791a96297893de9e5e0dc24d36246e41e144008ce; tools/watcom_debug.py; tools/register_watcom_debug.py	size:6	Original module: C:\DREAMS\src\DANREAD.C. Symbol object 1 offset 00032ee8. Direct original-build import; no retail equivalence or prototype inferred.
00042ef0	DAN_GetAnimName_	recovered	DREAMS.EXE embedded Watcom v3 code symbol; byte-identical import SHA256 45d00510f993d321d2288b0791a96297893de9e5e0dc24d36246e41e144008ce; tools/watcom_debug.py; tools/register_watcom_debug.py	size:20	Original module: C:\DREAMS\src\DANREAD.C. Symbol object 1 offset 00032ef0. Direct original-build import; no retail equivalence or prototype inferred.
00042f04	DAN_IsOn_	recovered	DREAMS.EXE embedded Watcom v3 code symbol; byte-identical import SHA256 45d00510f993d321d2288b0791a96297893de9e5e0dc24d36246e41e144008ce; tools/watcom_debug.py; tools/register_watcom_debug.py	size:8	Original module: C:\DREAMS\src\DANREAD.C. Symbol object 1 offset 00032f04. Direct original-build import; no retail equivalence or prototype inferred.
00042f10	SHD_Init_	recovered	DREAMS.EXE embedded Watcom v3 code symbol; byte-identical import SHA256 45d00510f993d321d2288b0791a96297893de9e5e0dc24d36246e41e144008ce; tools/watcom_debug.py; tools/register_watcom_debug.py	size:393	Original module: C:\DREAMS\src\SHADOW.C. Symbol object 1 offset 00032f10. Direct original-build import; no retail equivalence or prototype inferred.
0004309c	SHD_Reset_	recovered	DREAMS.EXE embedded Watcom v3 code symbol; byte-identical import SHA256 45d00510f993d321d2288b0791a96297893de9e5e0dc24d36246e41e144008ce; tools/watcom_debug.py; tools/register_watcom_debug.py	size:152	Original module: C:\DREAMS\src\SHADOW.C. Symbol object 1 offset 0003309c. Direct original-build import; no retail equivalence or prototype inferred.
00043134	SHD_GetShadow_	recovered	DREAMS.EXE embedded Watcom v3 code symbol; byte-identical import SHA256 45d00510f993d321d2288b0791a96297893de9e5e0dc24d36246e41e144008ce; tools/watcom_debug.py; tools/register_watcom_debug.py	size:111	Original module: C:\DREAMS\src\SHADOW.C. Symbol object 1 offset 00033134. Direct original-build import; no retail equivalence or prototype inferred.
000431a4	SHD_KillShadow_	recovered	DREAMS.EXE embedded Watcom v3 code symbol; byte-identical import SHA256 45d00510f993d321d2288b0791a96297893de9e5e0dc24d36246e41e144008ce; tools/watcom_debug.py; tools/register_watcom_debug.py	size:80	Original module: C:\DREAMS\src\SHADOW.C. Symbol object 1 offset 000331a4. Direct original-build import; no retail equivalence or prototype inferred.
000431f4	SHD_MoveShadow_	recovered	DREAMS.EXE embedded Watcom v3 code symbol; byte-identical import SHA256 45d00510f993d321d2288b0791a96297893de9e5e0dc24d36246e41e144008ce; tools/watcom_debug.py; tools/register_watcom_debug.py	size:317	Original module: C:\DREAMS\src\SHADOW.C. Symbol object 1 offset 000331f4. Direct original-build import; no retail equivalence or prototype inferred.
00043334	Change_Circle_Shadow_Aspect_	recovered	DREAMS.EXE embedded Watcom v3 code symbol; byte-identical import SHA256 45d00510f993d321d2288b0791a96297893de9e5e0dc24d36246e41e144008ce; tools/watcom_debug.py; tools/register_watcom_debug.py	size:39	Original module: C:\DREAMS\src\SHADOW.C. Symbol object 1 offset 00033334. Direct original-build import; no retail equivalence or prototype inferred.
0004335c	Change_Real_Shadow_Aspect_	recovered	DREAMS.EXE embedded Watcom v3 code symbol; byte-identical import SHA256 45d00510f993d321d2288b0791a96297893de9e5e0dc24d36246e41e144008ce; tools/watcom_debug.py; tools/register_watcom_debug.py	size:344	Original module: C:\DREAMS\src\SHADOW.C. Symbol object 1 offset 0003335c. Direct original-build import; no retail equivalence or prototype inferred.
000434b4	UVShadow_Read_Function_	recovered	DREAMS.EXE embedded Watcom v3 code symbol; byte-identical import SHA256 45d00510f993d321d2288b0791a96297893de9e5e0dc24d36246e41e144008ce; tools/watcom_debug.py; tools/register_watcom_debug.py	size:87	Original module: C:\DREAMS\src\SHADOW.C. Symbol object 1 offset 000334b4. Direct original-build import; no retail equivalence or prototype inferred.
0004350c	UVShadow_Change_Function_	recovered	DREAMS.EXE embedded Watcom v3 code symbol; byte-identical import SHA256 45d00510f993d321d2288b0791a96297893de9e5e0dc24d36246e41e144008ce; tools/watcom_debug.py; tools/register_watcom_debug.py	size:101	Original module: C:\DREAMS\src\SHADOW.C. Symbol object 1 offset 0003350c. Direct original-build import; no retail equivalence or prototype inferred.
00043574	get_free_shadow_index_	recovered	DREAMS.EXE embedded Watcom v3 code symbol; byte-identical import SHA256 45d00510f993d321d2288b0791a96297893de9e5e0dc24d36246e41e144008ce; tools/watcom_debug.py; tools/register_watcom_debug.py	size:34	Original module: C:\DREAMS\src\SHADOW.C. Symbol object 1 offset 00033574. Direct original-build import; no retail equivalence or prototype inferred.
000435a4	MAG_InitMagic_	recovered	DREAMS.EXE embedded Watcom v3 code symbol; byte-identical import SHA256 45d00510f993d321d2288b0791a96297893de9e5e0dc24d36246e41e144008ce; tools/watcom_debug.py; tools/register_watcom_debug.py	size:242	Original module: C:\DREAMS\src\MAGIC.C. Symbol object 1 offset 000335a4. Direct original-build import; no retail equivalence or prototype inferred.
00043698	MAG_CreateMagic_	recovered	DREAMS.EXE embedded Watcom v3 code symbol; byte-identical import SHA256 45d00510f993d321d2288b0791a96297893de9e5e0dc24d36246e41e144008ce; tools/watcom_debug.py; tools/register_watcom_debug.py	size:350	Original module: C:\DREAMS\src\MAGIC.C. Symbol object 1 offset 00033698. Direct original-build import; no retail equivalence or prototype inferred.
000437f8	MAG_CompMagic_	recovered	DREAMS.EXE embedded Watcom v3 code symbol; byte-identical import SHA256 45d00510f993d321d2288b0791a96297893de9e5e0dc24d36246e41e144008ce; tools/watcom_debug.py; tools/register_watcom_debug.py	size:295	Original module: C:\DREAMS\src\MAGIC.C. Symbol object 1 offset 000337f8. Direct original-build import; no retail equivalence or prototype inferred.
00043920	MAG_InitCLONE_	recovered	DREAMS.EXE embedded Watcom v3 code symbol; byte-identical import SHA256 45d00510f993d321d2288b0791a96297893de9e5e0dc24d36246e41e144008ce; tools/watcom_debug.py; tools/register_watcom_debug.py	size:414	Original module: C:\DREAMS\src\MAGIC.C. Symbol object 1 offset 00033920. Direct original-build import; no retail equivalence or prototype inferred.
00043ac0	MAG_CreateCLONE_	recovered	DREAMS.EXE embedded Watcom v3 code symbol; byte-identical import SHA256 45d00510f993d321d2288b0791a96297893de9e5e0dc24d36246e41e144008ce; tools/watcom_debug.py; tools/register_watcom_debug.py	size:144	Original module: C:\DREAMS\src\MAGIC.C. Symbol object 1 offset 00033ac0. Direct original-build import; no retail equivalence or prototype inferred.
00043b50	MAG_TestClone_	recovered	DREAMS.EXE embedded Watcom v3 code symbol; byte-identical import SHA256 45d00510f993d321d2288b0791a96297893de9e5e0dc24d36246e41e144008ce; tools/watcom_debug.py; tools/register_watcom_debug.py	size:17	Original module: C:\DREAMS\src\MAGIC.C. Symbol object 1 offset 00033b50. Direct original-build import; no retail equivalence or prototype inferred.
00043b64	MAG_CompCLONE_	recovered	DREAMS.EXE embedded Watcom v3 code symbol; byte-identical import SHA256 45d00510f993d321d2288b0791a96297893de9e5e0dc24d36246e41e144008ce; tools/watcom_debug.py; tools/register_watcom_debug.py	size:72	Original module: C:\DREAMS\src\MAGIC.C. Symbol object 1 offset 00033b64. Direct original-build import; no retail equivalence or prototype inferred.
00043bac	MAG_KillCLONE_	recovered	DREAMS.EXE embedded Watcom v3 code symbol; byte-identical import SHA256 45d00510f993d321d2288b0791a96297893de9e5e0dc24d36246e41e144008ce; tools/watcom_debug.py; tools/register_watcom_debug.py	size:53	Original module: C:\DREAMS\src\MAGIC.C. Symbol object 1 offset 00033bac. Direct original-build import; no retail equivalence or prototype inferred.
00043be4	MAG_InitSpasme_	recovered	DREAMS.EXE embedded Watcom v3 code symbol; byte-identical import SHA256 45d00510f993d321d2288b0791a96297893de9e5e0dc24d36246e41e144008ce; tools/watcom_debug.py; tools/register_watcom_debug.py	size:214	Original module: C:\DREAMS\src\MAGIC.C. Symbol object 1 offset 00033be4. Direct original-build import; no retail equivalence or prototype inferred.
00043cbc	MAG_ActiveSpasme_	recovered	DREAMS.EXE embedded Watcom v3 code symbol; byte-identical import SHA256 45d00510f993d321d2288b0791a96297893de9e5e0dc24d36246e41e144008ce; tools/watcom_debug.py; tools/register_watcom_debug.py	size:332	Original module: C:\DREAMS\src\MAGIC.C. Symbol object 1 offset 00033cbc. Direct original-build import; no retail equivalence or prototype inferred.
00043e08	MAG_DesActiveSpasme_	recovered	DREAMS.EXE embedded Watcom v3 code symbol; byte-identical import SHA256 45d00510f993d321d2288b0791a96297893de9e5e0dc24d36246e41e144008ce; tools/watcom_debug.py; tools/register_watcom_debug.py	size:302	Original module: C:\DREAMS\src\MAGIC.C. Symbol object 1 offset 00033e08. Direct original-build import; no retail equivalence or prototype inferred.
00043f40	PLT_Reset_	recovered	DREAMS.EXE embedded Watcom v3 code symbol; byte-identical import SHA256 45d00510f993d321d2288b0791a96297893de9e5e0dc24d36246e41e144008ce; tools/watcom_debug.py; tools/register_watcom_debug.py	size:48	Original module: C:\DREAMS\src\PLATF.C. Symbol object 1 offset 00033f40. Direct original-build import; no retail equivalence or prototype inferred.
00043f70	PLT_Init_	recovered	DREAMS.EXE embedded Watcom v3 code symbol; byte-identical import SHA256 45d00510f993d321d2288b0791a96297893de9e5e0dc24d36246e41e144008ce; tools/watcom_debug.py; tools/register_watcom_debug.py	size:454	Original module: C:\DREAMS\src\PLATF.C. Symbol object 1 offset 00033f70. Direct original-build import; no retail equivalence or prototype inferred.
00044138	PLT_Move_	recovered	DREAMS.EXE embedded Watcom v3 code symbol; byte-identical import SHA256 45d00510f993d321d2288b0791a96297893de9e5e0dc24d36246e41e144008ce; tools/watcom_debug.py; tools/register_watcom_debug.py	size:319	Original module: C:\DREAMS\src\PLATF.C. Symbol object 1 offset 00034138. Direct original-build import; no retail equivalence or prototype inferred.
00044278	PLT_Object3dSPtr_	recovered	DREAMS.EXE embedded Watcom v3 code symbol; byte-identical import SHA256 45d00510f993d321d2288b0791a96297893de9e5e0dc24d36246e41e144008ce; tools/watcom_debug.py; tools/register_watcom_debug.py	size:6	Original module: C:\DREAMS\src\PLATF.C. Symbol object 1 offset 00034278. Direct original-build import; no retail equivalence or prototype inferred.
00044280	PLT_GetSpeed_	recovered	DREAMS.EXE embedded Watcom v3 code symbol; byte-identical import SHA256 45d00510f993d321d2288b0791a96297893de9e5e0dc24d36246e41e144008ce; tools/watcom_debug.py; tools/register_watcom_debug.py	size:35	Original module: C:\DREAMS\src\PLATF.C. Symbol object 1 offset 00034280. Direct original-build import; no retail equivalence or prototype inferred.
000442a4	PLT_GetY_	recovered	DREAMS.EXE embedded Watcom v3 code symbol; byte-identical import SHA256 45d00510f993d321d2288b0791a96297893de9e5e0dc24d36246e41e144008ce; tools/watcom_debug.py; tools/register_watcom_debug.py	size:22	Original module: C:\DREAMS\src\PLATF.C. Symbol object 1 offset 000342a4. Direct original-build import; no retail equivalence or prototype inferred.
000442bc	PLT_CheckObjPltCollision_	recovered	DREAMS.EXE embedded Watcom v3 code symbol; byte-identical import SHA256 45d00510f993d321d2288b0791a96297893de9e5e0dc24d36246e41e144008ce; tools/watcom_debug.py; tools/register_watcom_debug.py	size:404	Original module: C:\DREAMS\src\PLATF.C. Symbol object 1 offset 000342bc. Direct original-build import; no retail equivalence or prototype inferred.
00044450	MMS_Init_	recovered	DREAMS.EXE embedded Watcom v3 code symbol; byte-identical import SHA256 45d00510f993d321d2288b0791a96297893de9e5e0dc24d36246e41e144008ce; tools/watcom_debug.py; tools/register_watcom_debug.py	size:58	Original module: C:\DREAMS\src\MMSYSTEM.C. Symbol object 1 offset 00034450. Direct original-build import; no retail equivalence or prototype inferred.
0004448c	MMS_End_	recovered	DREAMS.EXE embedded Watcom v3 code symbol; byte-identical import SHA256 45d00510f993d321d2288b0791a96297893de9e5e0dc24d36246e41e144008ce; tools/watcom_debug.py; tools/register_watcom_debug.py	size:19	Original module: C:\DREAMS\src\MMSYSTEM.C. Symbol object 1 offset 0003448c. Direct original-build import; no retail equivalence or prototype inferred.
000444a0	MMS_ReInit_	recovered	DREAMS.EXE embedded Watcom v3 code symbol; byte-identical import SHA256 45d00510f993d321d2288b0791a96297893de9e5e0dc24d36246e41e144008ce; tools/watcom_debug.py; tools/register_watcom_debug.py	size:8	Original module: C:\DREAMS\src\MMSYSTEM.C. Symbol object 1 offset 000344a0. Direct original-build import; no retail equivalence or prototype inferred.
000444a8	MMS_MallocMem_	recovered	DREAMS.EXE embedded Watcom v3 code symbol; byte-identical import SHA256 45d00510f993d321d2288b0791a96297893de9e5e0dc24d36246e41e144008ce; tools/watcom_debug.py; tools/register_watcom_debug.py	size:47	Original module: C:\DREAMS\src\MMSYSTEM.C. Symbol object 1 offset 000344a8. Direct original-build import; no retail equivalence or prototype inferred.
000444d8	MMS_FreeMem_	recovered	DREAMS.EXE embedded Watcom v3 code symbol; byte-identical import SHA256 45d00510f993d321d2288b0791a96297893de9e5e0dc24d36246e41e144008ce; tools/watcom_debug.py; tools/register_watcom_debug.py	size:42	Original module: C:\DREAMS\src\MMSYSTEM.C. Symbol object 1 offset 000344d8. Direct original-build import; no retail equivalence or prototype inferred.
00044504	MMS_GetFreeSpace_	recovered	DREAMS.EXE embedded Watcom v3 code symbol; byte-identical import SHA256 45d00510f993d321d2288b0791a96297893de9e5e0dc24d36246e41e144008ce; tools/watcom_debug.py; tools/register_watcom_debug.py	size:17	Original module: C:\DREAMS\src\MMSYSTEM.C. Symbol object 1 offset 00034504. Direct original-build import; no retail equivalence or prototype inferred.
00044520	BinFileExist_	recovered	DREAMS.EXE embedded Watcom v3 code symbol; byte-identical import SHA256 45d00510f993d321d2288b0791a96297893de9e5e0dc24d36246e41e144008ce; tools/watcom_debug.py; tools/register_watcom_debug.py	size:30	Original module: C:\DREAMS\src\BINFILE.C. Symbol object 1 offset 00034520. Direct original-build import; no retail equivalence or prototype inferred.
00044540	BinFileOpen_	recovered	DREAMS.EXE embedded Watcom v3 code symbol; byte-identical import SHA256 45d00510f993d321d2288b0791a96297893de9e5e0dc24d36246e41e144008ce; tools/watcom_debug.py; tools/register_watcom_debug.py	size:134	Original module: C:\DREAMS\src\BINFILE.C. Symbol object 1 offset 00034540. Direct original-build import; no retail equivalence or prototype inferred.
000445c8	BinFileRead_	recovered	DREAMS.EXE embedded Watcom v3 code symbol; byte-identical import SHA256 45d00510f993d321d2288b0791a96297893de9e5e0dc24d36246e41e144008ce; tools/watcom_debug.py; tools/register_watcom_debug.py	size:301	Original module: C:\DREAMS\src\BINFILE.C. Symbol object 1 offset 000345c8. Direct original-build import; no retail equivalence or prototype inferred.
000446f8	BinFileWrite_	recovered	DREAMS.EXE embedded Watcom v3 code symbol; byte-identical import SHA256 45d00510f993d321d2288b0791a96297893de9e5e0dc24d36246e41e144008ce; tools/watcom_debug.py; tools/register_watcom_debug.py	size:73	Original module: C:\DREAMS\src\BINFILE.C. Symbol object 1 offset 000346f8. Direct original-build import; no retail equivalence or prototype inferred.
00044744	BinFileSeek_	recovered	DREAMS.EXE embedded Watcom v3 code symbol; byte-identical import SHA256 45d00510f993d321d2288b0791a96297893de9e5e0dc24d36246e41e144008ce; tools/watcom_debug.py; tools/register_watcom_debug.py	size:369	Original module: C:\DREAMS\src\BINFILE.C. Symbol object 1 offset 00034744. Direct original-build import; no retail equivalence or prototype inferred.
000448b8	BinFileClose_	recovered	DREAMS.EXE embedded Watcom v3 code symbol; byte-identical import SHA256 45d00510f993d321d2288b0791a96297893de9e5e0dc24d36246e41e144008ce; tools/watcom_debug.py; tools/register_watcom_debug.py	size:106	Original module: C:\DREAMS\src\BINFILE.C. Symbol object 1 offset 000348b8. Direct original-build import; no retail equivalence or prototype inferred.
00044938	Exist_	recovered	DREAMS.EXE embedded Watcom v3 code symbol; byte-identical import SHA256 45d00510f993d321d2288b0791a96297893de9e5e0dc24d36246e41e144008ce; tools/watcom_debug.py; tools/register_watcom_debug.py	size:81	Original module: C:\DREAMS\src\MIS.C. Symbol object 1 offset 00034938. Direct original-build import; no retail equivalence or prototype inferred.
0004498c	AddReplace_	recovered	DREAMS.EXE embedded Watcom v3 code symbol; byte-identical import SHA256 45d00510f993d321d2288b0791a96297893de9e5e0dc24d36246e41e144008ce; tools/watcom_debug.py; tools/register_watcom_debug.py	size:306	Original module: C:\DREAMS\src\MIS.C. Symbol object 1 offset 0003498c. Direct original-build import; no retail equivalence or prototype inferred.
00044ac0	InitMisFile_	recovered	DREAMS.EXE embedded Watcom v3 code symbol; byte-identical import SHA256 45d00510f993d321d2288b0791a96297893de9e5e0dc24d36246e41e144008ce; tools/watcom_debug.py; tools/register_watcom_debug.py	size:504	Original module: C:\DREAMS\src\MIS.C. Symbol object 1 offset 00034ac0. Direct original-build import; no retail equivalence or prototype inferred.
00044cb8	DesInitMisFile_	recovered	DREAMS.EXE embedded Watcom v3 code symbol; byte-identical import SHA256 45d00510f993d321d2288b0791a96297893de9e5e0dc24d36246e41e144008ce; tools/watcom_debug.py; tools/register_watcom_debug.py	size:10	Original module: C:\DREAMS\src\MIS.C. Symbol object 1 offset 00034cb8. Direct original-build import; no retail equivalence or prototype inferred.
00044cc4	MisExistEntry_	recovered	DREAMS.EXE embedded Watcom v3 code symbol; byte-identical import SHA256 45d00510f993d321d2288b0791a96297893de9e5e0dc24d36246e41e144008ce; tools/watcom_debug.py; tools/register_watcom_debug.py	size:109	Original module: C:\DREAMS\src\MIS.C. Symbol object 1 offset 00034cc4. Direct original-build import; no retail equivalence or prototype inferred.
00044d34	PrintMisEntry_	recovered	DREAMS.EXE embedded Watcom v3 code symbol; byte-identical import SHA256 45d00510f993d321d2288b0791a96297893de9e5e0dc24d36246e41e144008ce; tools/watcom_debug.py; tools/register_watcom_debug.py	size:59	Original module: C:\DREAMS\src\MIS.C. Symbol object 1 offset 00034d34. Direct original-build import; no retail equivalence or prototype inferred.
00044d70	ICO_InitIcones_	recovered	DREAMS.EXE embedded Watcom v3 code symbol; byte-identical import SHA256 45d00510f993d321d2288b0791a96297893de9e5e0dc24d36246e41e144008ce; tools/watcom_debug.py; tools/register_watcom_debug.py	size:506	Original module: C:\DREAMS\src\ICONES.C. Symbol object 1 offset 00034d70. Direct original-build import; no retail equivalence or prototype inferred.
00044f6c	ICO_FreeIcone_	recovered	DREAMS.EXE embedded Watcom v3 code symbol; byte-identical import SHA256 45d00510f993d321d2288b0791a96297893de9e5e0dc24d36246e41e144008ce; tools/watcom_debug.py; tools/register_watcom_debug.py	size:84	Original module: C:\DREAMS\src\ICONES.C. Symbol object 1 offset 00034f6c. Direct original-build import; no retail equivalence or prototype inferred.
00044fc0	ICO_FreeDialogueSpr_	recovered	DREAMS.EXE embedded Watcom v3 code symbol; byte-identical import SHA256 45d00510f993d321d2288b0791a96297893de9e5e0dc24d36246e41e144008ce; tools/watcom_debug.py; tools/register_watcom_debug.py	size:55	Original module: C:\DREAMS\src\ICONES.C. Symbol object 1 offset 00034fc0. Direct original-build import; no retail equivalence or prototype inferred.
00044ff8	ICO_LoadDialogIcones_	recovered	DREAMS.EXE embedded Watcom v3 code symbol; byte-identical import SHA256 45d00510f993d321d2288b0791a96297893de9e5e0dc24d36246e41e144008ce; tools/watcom_debug.py; tools/register_watcom_debug.py	size:408	Original module: C:\DREAMS\src\ICONES.C. Symbol object 1 offset 00034ff8. Direct original-build import; no retail equivalence or prototype inferred.
00045190	ICO_DesInitIcones_	recovered	DREAMS.EXE embedded Watcom v3 code symbol; byte-identical import SHA256 45d00510f993d321d2288b0791a96297893de9e5e0dc24d36246e41e144008ce; tools/watcom_debug.py; tools/register_watcom_debug.py	size:18	Original module: C:\DREAMS\src\ICONES.C. Symbol object 1 offset 00035190. Direct original-build import; no retail equivalence or prototype inferred.
000451a4	ICO_SetNumberAndOffset_	recovered	DREAMS.EXE embedded Watcom v3 code symbol; byte-identical import SHA256 45d00510f993d321d2288b0791a96297893de9e5e0dc24d36246e41e144008ce; tools/watcom_debug.py; tools/register_watcom_debug.py	size:88	Original module: C:\DREAMS\src\ICONES.C. Symbol object 1 offset 000351a4. Direct original-build import; no retail equivalence or prototype inferred.
000451fc	ICO_GetPosition_	recovered	DREAMS.EXE embedded Watcom v3 code symbol; byte-identical import SHA256 45d00510f993d321d2288b0791a96297893de9e5e0dc24d36246e41e144008ce; tools/watcom_debug.py; tools/register_watcom_debug.py	size:52	Original module: C:\DREAMS\src\ICONES.C. Symbol object 1 offset 000351fc. Direct original-build import; no retail equivalence or prototype inferred.
00045230	ICO_SetPyramideStruct_	recovered	DREAMS.EXE embedded Watcom v3 code symbol; byte-identical import SHA256 45d00510f993d321d2288b0791a96297893de9e5e0dc24d36246e41e144008ce; tools/watcom_debug.py; tools/register_watcom_debug.py	size:431	Original module: C:\DREAMS\src\ICONES.C. Symbol object 1 offset 00035230. Direct original-build import; no retail equivalence or prototype inferred.
000453e0	ICO_PutDialogSprite_	recovered	DREAMS.EXE embedded Watcom v3 code symbol; byte-identical import SHA256 45d00510f993d321d2288b0791a96297893de9e5e0dc24d36246e41e144008ce; tools/watcom_debug.py; tools/register_watcom_debug.py	size:84	Original module: C:\DREAMS\src\ICONES.C. Symbol object 1 offset 000353e0. Direct original-build import; no retail equivalence or prototype inferred.
00045434	ICO_PutSprite_	recovered	DREAMS.EXE embedded Watcom v3 code symbol; byte-identical import SHA256 45d00510f993d321d2288b0791a96297893de9e5e0dc24d36246e41e144008ce; tools/watcom_debug.py; tools/register_watcom_debug.py	size:157	Original module: C:\DREAMS\src\ICONES.C. Symbol object 1 offset 00035434. Direct original-build import; no retail equivalence or prototype inferred.
000454d4	ICO_PutNoAlphaSprite_	recovered	DREAMS.EXE embedded Watcom v3 code symbol; byte-identical import SHA256 45d00510f993d321d2288b0791a96297893de9e5e0dc24d36246e41e144008ce; tools/watcom_debug.py; tools/register_watcom_debug.py	size:154	Original module: C:\DREAMS\src\ICONES.C. Symbol object 1 offset 000354d4. Direct original-build import; no retail equivalence or prototype inferred.
00045570	ICO_PutGriseSprite_	recovered	DREAMS.EXE embedded Watcom v3 code symbol; byte-identical import SHA256 45d00510f993d321d2288b0791a96297893de9e5e0dc24d36246e41e144008ce; tools/watcom_debug.py; tools/register_watcom_debug.py	size:157	Original module: C:\DREAMS\src\ICONES.C. Symbol object 1 offset 00035570. Direct original-build import; no retail equivalence or prototype inferred.
00045610	ICO_PutATransSprite_	recovered	DREAMS.EXE embedded Watcom v3 code symbol; byte-identical import SHA256 45d00510f993d321d2288b0791a96297893de9e5e0dc24d36246e41e144008ce; tools/watcom_debug.py; tools/register_watcom_debug.py	size:136	Original module: C:\DREAMS\src\ICONES.C. Symbol object 1 offset 00035610. Direct original-build import; no retail equivalence or prototype inferred.
00045698	ICO_PutGriseAlphaSprite_	recovered	DREAMS.EXE embedded Watcom v3 code symbol; byte-identical import SHA256 45d00510f993d321d2288b0791a96297893de9e5e0dc24d36246e41e144008ce; tools/watcom_debug.py; tools/register_watcom_debug.py	size:160	Original module: C:\DREAMS\src\ICONES.C. Symbol object 1 offset 00035698. Direct original-build import; no retail equivalence or prototype inferred.
00045738	ICO_PutPyramideSprite_	recovered	DREAMS.EXE embedded Watcom v3 code symbol; byte-identical import SHA256 45d00510f993d321d2288b0791a96297893de9e5e0dc24d36246e41e144008ce; tools/watcom_debug.py; tools/register_watcom_debug.py	size:765	Original module: C:\DREAMS\src\ICONES.C. Symbol object 1 offset 00035738. Direct original-build import; no retail equivalence or prototype inferred.
00045a38	ICO_CopyFeuInPyramideAlpha_	recovered	DREAMS.EXE embedded Watcom v3 code symbol; byte-identical import SHA256 45d00510f993d321d2288b0791a96297893de9e5e0dc24d36246e41e144008ce; tools/watcom_debug.py; tools/register_watcom_debug.py	size:96	Original module: C:\DREAMS\src\ICONES.C. Symbol object 1 offset 00035a38. Direct original-build import; no retail equivalence or prototype inferred.
00045aa0	MENJ_InitMenu_	recovered	DREAMS.EXE embedded Watcom v3 code symbol; byte-identical import SHA256 45d00510f993d321d2288b0791a96297893de9e5e0dc24d36246e41e144008ce; tools/watcom_debug.py; tools/register_watcom_debug.py	size:702	Original module: C:\DREAMS\src\MENJEU.C. Symbol object 1 offset 00035aa0. Direct original-build import; no retail equivalence or prototype inferred.
00045d60	MENJ_DesInitMenu_	recovered	DREAMS.EXE embedded Watcom v3 code symbol; byte-identical import SHA256 45d00510f993d321d2288b0791a96297893de9e5e0dc24d36246e41e144008ce; tools/watcom_debug.py; tools/register_watcom_debug.py	size:20	Original module: C:\DREAMS\src\MENJEU.C. Symbol object 1 offset 00035d60. Direct original-build import; no retail equivalence or prototype inferred.
00045d74	MENJ_ResizeScreen_	recovered	DREAMS.EXE embedded Watcom v3 code symbol; byte-identical import SHA256 45d00510f993d321d2288b0791a96297893de9e5e0dc24d36246e41e144008ce; tools/watcom_debug.py; tools/register_watcom_debug.py	size:182	Original module: C:\DREAMS\src\MENJEU.C. Symbol object 1 offset 00035d74. Direct original-build import; no retail equivalence or prototype inferred.
00045e2c	MENJ_AfficheMenu_	recovered	DREAMS.EXE embedded Watcom v3 code symbol; byte-identical import SHA256 45d00510f993d321d2288b0791a96297893de9e5e0dc24d36246e41e144008ce; tools/watcom_debug.py; tools/register_watcom_debug.py	size:4203	Original module: C:\DREAMS\src\MENJEU.C. Symbol object 1 offset 00035e2c. Direct original-build import; no retail equivalence or prototype inferred.
00046e98	MENJ_ReInitTransfert_	recovered	DREAMS.EXE embedded Watcom v3 code symbol; byte-identical import SHA256 45d00510f993d321d2288b0791a96297893de9e5e0dc24d36246e41e144008ce; tools/watcom_debug.py; tools/register_watcom_debug.py	size:82	Original module: C:\DREAMS\src\MENJEU.C. Symbol object 1 offset 00036e98. Direct original-build import; no retail equivalence or prototype inferred.
00046eec	MENJ_TestAnimInWorks_	recovered	DREAMS.EXE embedded Watcom v3 code symbol; byte-identical import SHA256 45d00510f993d321d2288b0791a96297893de9e5e0dc24d36246e41e144008ce; tools/watcom_debug.py; tools/register_watcom_debug.py	size:26	Original module: C:\DREAMS\src\MENJEU.C. Symbol object 1 offset 00036eec. Direct original-build import; no retail equivalence or prototype inferred.
00046f08	MENJ_MiseAJourMagie_	recovered	DREAMS.EXE embedded Watcom v3 code symbol; byte-identical import SHA256 45d00510f993d321d2288b0791a96297893de9e5e0dc24d36246e41e144008ce; tools/watcom_debug.py; tools/register_watcom_debug.py	size:152	Original module: C:\DREAMS\src\MENJEU.C. Symbol object 1 offset 00036f08. Direct original-build import; no retail equivalence or prototype inferred.
00046fb8	MENJ_Dispatcher_	recovered	DREAMS.EXE embedded Watcom v3 code symbol; byte-identical import SHA256 45d00510f993d321d2288b0791a96297893de9e5e0dc24d36246e41e144008ce; tools/watcom_debug.py; tools/register_watcom_debug.py	size:726	Original module: C:\DREAMS\src\MENJEU.C. Symbol object 1 offset 00036fb8. Direct original-build import; no retail equivalence or prototype inferred.
000472c0	MENJ_RegardeActionPresentation_	recovered	DREAMS.EXE embedded Watcom v3 code symbol; byte-identical import SHA256 45d00510f993d321d2288b0791a96297893de9e5e0dc24d36246e41e144008ce; tools/watcom_debug.py; tools/register_watcom_debug.py	size:3778	Original module: C:\DREAMS\src\MENJEU.C. Symbol object 1 offset 000372c0. Direct original-build import; no retail equivalence or prototype inferred.
00048194	MENJ_Wait_	recovered	DREAMS.EXE embedded Watcom v3 code symbol; byte-identical import SHA256 45d00510f993d321d2288b0791a96297893de9e5e0dc24d36246e41e144008ce; tools/watcom_debug.py; tools/register_watcom_debug.py	size:1644	Original module: C:\DREAMS\src\MENJEU.C. Symbol object 1 offset 00038194. Direct original-build import; no retail equivalence or prototype inferred.
00048810	MENJ_Presentation_	recovered	DREAMS.EXE embedded Watcom v3 code symbol; byte-identical import SHA256 45d00510f993d321d2288b0791a96297893de9e5e0dc24d36246e41e144008ce; tools/watcom_debug.py; tools/register_watcom_debug.py	size:2290	Original module: C:\DREAMS\src\MENJEU.C. Symbol object 1 offset 00038810. Direct original-build import; no retail equivalence or prototype inferred.
00049104	MENJ_GriseDialogueEcran_	recovered	DREAMS.EXE embedded Watcom v3 code symbol; byte-identical import SHA256 45d00510f993d321d2288b0791a96297893de9e5e0dc24d36246e41e144008ce; tools/watcom_debug.py; tools/register_watcom_debug.py	size:186	Original module: C:\DREAMS\src\MENJEU.C. Symbol object 1 offset 00039104. Direct original-build import; no retail equivalence or prototype inferred.
000491c0	MENJ_Dialogue_	recovered	DREAMS.EXE embedded Watcom v3 code symbol; byte-identical import SHA256 45d00510f993d321d2288b0791a96297893de9e5e0dc24d36246e41e144008ce; tools/watcom_debug.py; tools/register_watcom_debug.py	size:1604	Original module: C:\DREAMS\src\MENJEU.C. Symbol object 1 offset 000391c0. Direct original-build import; no retail equivalence or prototype inferred.
00049804	MENJ_GriseLoadSaveEcran_	recovered	DREAMS.EXE embedded Watcom v3 code symbol; byte-identical import SHA256 45d00510f993d321d2288b0791a96297893de9e5e0dc24d36246e41e144008ce; tools/watcom_debug.py; tools/register_watcom_debug.py	size:208	Original module: C:\DREAMS\src\MENJEU.C. Symbol object 1 offset 00039804. Direct original-build import; no retail equivalence or prototype inferred.
000498d4	MENJ_RegardeLoadSaveControl_	recovered	DREAMS.EXE embedded Watcom v3 code symbol; byte-identical import SHA256 45d00510f993d321d2288b0791a96297893de9e5e0dc24d36246e41e144008ce; tools/watcom_debug.py; tools/register_watcom_debug.py	size:1711	Original module: C:\DREAMS\src\MENJEU.C. Symbol object 1 offset 000398d4. Direct original-build import; no retail equivalence or prototype inferred.
00049f84	MENJ_LoadSave_	recovered	DREAMS.EXE embedded Watcom v3 code symbol; byte-identical import SHA256 45d00510f993d321d2288b0791a96297893de9e5e0dc24d36246e41e144008ce; tools/watcom_debug.py; tools/register_watcom_debug.py	size:2632	Original module: C:\DREAMS\src\MENJEU.C. Symbol object 1 offset 00039f84. Direct original-build import; no retail equivalence or prototype inferred.
0004a9d0	MENI_DesInitMenu_	recovered	DREAMS.EXE embedded Watcom v3 code symbol; byte-identical import SHA256 45d00510f993d321d2288b0791a96297893de9e5e0dc24d36246e41e144008ce; tools/watcom_debug.py; tools/register_watcom_debug.py	size:11	Original module: C:\DREAMS\src\MENGEINV.C. Symbol object 1 offset 0003a9d0. Direct original-build import; no retail equivalence or prototype inferred.
0004a9dc	MENI_RegardeClavier_	recovered	DREAMS.EXE embedded Watcom v3 code symbol; byte-identical import SHA256 45d00510f993d321d2288b0791a96297893de9e5e0dc24d36246e41e144008ce; tools/watcom_debug.py; tools/register_watcom_debug.py	size:819	Original module: C:\DREAMS\src\MENGEINV.C. Symbol object 1 offset 0003a9dc. Direct original-build import; no retail equivalence or prototype inferred.
0004ad10	MENI_AfficheMenu_	recovered	DREAMS.EXE embedded Watcom v3 code symbol; byte-identical import SHA256 45d00510f993d321d2288b0791a96297893de9e5e0dc24d36246e41e144008ce; tools/watcom_debug.py; tools/register_watcom_debug.py	size:1095	Original module: C:\DREAMS\src\MENGEINV.C. Symbol object 1 offset 0003ad10. Direct original-build import; no retail equivalence or prototype inferred.
0004b158	MENI_InitMenu_	recovered	DREAMS.EXE embedded Watcom v3 code symbol; byte-identical import SHA256 45d00510f993d321d2288b0791a96297893de9e5e0dc24d36246e41e144008ce; tools/watcom_debug.py; tools/register_watcom_debug.py	size:210	Original module: C:\DREAMS\src\MENGEINV.C. Symbol object 1 offset 0003b158. Direct original-build import; no retail equivalence or prototype inferred.
0004b22c	MENI_LaunchMenu_	recovered	DREAMS.EXE embedded Watcom v3 code symbol; byte-identical import SHA256 45d00510f993d321d2288b0791a96297893de9e5e0dc24d36246e41e144008ce; tools/watcom_debug.py; tools/register_watcom_debug.py	size:118	Original module: C:\DREAMS\src\MENGEINV.C. Symbol object 1 offset 0003b22c. Direct original-build import; no retail equivalence or prototype inferred.
0004b2a4	MENI_GoMenu_	recovered	DREAMS.EXE embedded Watcom v3 code symbol; byte-identical import SHA256 45d00510f993d321d2288b0791a96297893de9e5e0dc24d36246e41e144008ce; tools/watcom_debug.py; tools/register_watcom_debug.py	size:303	Original module: C:\DREAMS\src\MENGEINV.C. Symbol object 1 offset 0003b2a4. Direct original-build import; no retail equivalence or prototype inferred.
0004b3e0	MENG_DesInitMenu_	recovered	DREAMS.EXE embedded Watcom v3 code symbol; byte-identical import SHA256 45d00510f993d321d2288b0791a96297893de9e5e0dc24d36246e41e144008ce; tools/watcom_debug.py; tools/register_watcom_debug.py	size:11	Original module: C:\DREAMS\src\MENGEST.C. Symbol object 1 offset 0003b3e0. Direct original-build import; no retail equivalence or prototype inferred.
0004b3ec	MENG_RegardeClavier_	recovered	DREAMS.EXE embedded Watcom v3 code symbol; byte-identical import SHA256 45d00510f993d321d2288b0791a96297893de9e5e0dc24d36246e41e144008ce; tools/watcom_debug.py; tools/register_watcom_debug.py	size:268	Original module: C:\DREAMS\src\MENGEST.C. Symbol object 1 offset 0003b3ec. Direct original-build import; no retail equivalence or prototype inferred.
0004b4f8	MENG_AfficheMenu_	recovered	DREAMS.EXE embedded Watcom v3 code symbol; byte-identical import SHA256 45d00510f993d321d2288b0791a96297893de9e5e0dc24d36246e41e144008ce; tools/watcom_debug.py; tools/register_watcom_debug.py	size:150	Original module: C:\DREAMS\src\MENGEST.C. Symbol object 1 offset 0003b4f8. Direct original-build import; no retail equivalence or prototype inferred.
0004b590	MENG_LaunchMenu_	recovered	DREAMS.EXE embedded Watcom v3 code symbol; byte-identical import SHA256 45d00510f993d321d2288b0791a96297893de9e5e0dc24d36246e41e144008ce; tools/watcom_debug.py; tools/register_watcom_debug.py	size:480	Original module: C:\DREAMS\src\MENGEST.C. Symbol object 1 offset 0003b590. Direct original-build import; no retail equivalence or prototype inferred.
0004b770	EFF_InitEffet_	recovered	DREAMS.EXE embedded Watcom v3 code symbol; byte-identical import SHA256 45d00510f993d321d2288b0791a96297893de9e5e0dc24d36246e41e144008ce; tools/watcom_debug.py; tools/register_watcom_debug.py	size:42	Original module: C:\DREAMS\src\EFFET.C. Symbol object 1 offset 0003b770. Direct original-build import; no retail equivalence or prototype inferred.
0004b79c	EFF_DesInitEffet_	recovered	DREAMS.EXE embedded Watcom v3 code symbol; byte-identical import SHA256 45d00510f993d321d2288b0791a96297893de9e5e0dc24d36246e41e144008ce; tools/watcom_debug.py; tools/register_watcom_debug.py	size:10	Original module: C:\DREAMS\src\EFFET.C. Symbol object 1 offset 0003b79c. Direct original-build import; no retail equivalence or prototype inferred.
0004b7a8	EFF_BackupVideo_	recovered	DREAMS.EXE embedded Watcom v3 code symbol; byte-identical import SHA256 45d00510f993d321d2288b0791a96297893de9e5e0dc24d36246e41e144008ce; tools/watcom_debug.py; tools/register_watcom_debug.py	size:82	Original module: C:\DREAMS\src\EFFET.C. Symbol object 1 offset 0003b7a8. Direct original-build import; no retail equivalence or prototype inferred.
0004b7fc	EFF_BackupBackVideo_	recovered	DREAMS.EXE embedded Watcom v3 code symbol; byte-identical import SHA256 45d00510f993d321d2288b0791a96297893de9e5e0dc24d36246e41e144008ce; tools/watcom_debug.py; tools/register_watcom_debug.py	size:82	Original module: C:\DREAMS\src\EFFET.C. Symbol object 1 offset 0003b7fc. Direct original-build import; no retail equivalence or prototype inferred.
0004b850	EFF_CopyVideo_	recovered	DREAMS.EXE embedded Watcom v3 code symbol; byte-identical import SHA256 45d00510f993d321d2288b0791a96297893de9e5e0dc24d36246e41e144008ce; tools/watcom_debug.py; tools/register_watcom_debug.py	size:82	Original module: C:\DREAMS\src\EFFET.C. Symbol object 1 offset 0003b850. Direct original-build import; no retail equivalence or prototype inferred.
0004b8b4	EFF_DegradeVideo_	recovered	DREAMS.EXE embedded Watcom v3 code symbol; byte-identical import SHA256 45d00510f993d321d2288b0791a96297893de9e5e0dc24d36246e41e144008ce; tools/watcom_debug.py; tools/register_watcom_debug.py	size:420	Original module: C:\DREAMS\src\EFFET.C. Symbol object 1 offset 0003b8b4. Direct original-build import; no retail equivalence or prototype inferred.
0004ba58	EFF_InitFeu_	recovered	DREAMS.EXE embedded Watcom v3 code symbol; byte-identical import SHA256 45d00510f993d321d2288b0791a96297893de9e5e0dc24d36246e41e144008ce; tools/watcom_debug.py; tools/register_watcom_debug.py	size:23	Original module: C:\DREAMS\src\EFFET.C. Symbol object 1 offset 0003ba58. Direct original-build import; no retail equivalence or prototype inferred.
0004ba70	MAGB_InitBar_	recovered	DREAMS.EXE embedded Watcom v3 code symbol; byte-identical import SHA256 45d00510f993d321d2288b0791a96297893de9e5e0dc24d36246e41e144008ce; tools/watcom_debug.py; tools/register_watcom_debug.py	size:61	Original module: C:\DREAMS\src\MAGICBAR.C. Symbol object 1 offset 0003ba70. Direct original-build import; no retail equivalence or prototype inferred.
0004bab0	MAGB_SetCurrentLevel_	recovered	DREAMS.EXE embedded Watcom v3 code symbol; byte-identical import SHA256 45d00510f993d321d2288b0791a96297893de9e5e0dc24d36246e41e144008ce; tools/watcom_debug.py; tools/register_watcom_debug.py	size:14	Original module: C:\DREAMS\src\MAGICBAR.C. Symbol object 1 offset 0003bab0. Direct original-build import; no retail equivalence or prototype inferred.
0004bac0	MAGB_HLINE_	recovered	DREAMS.EXE embedded Watcom v3 code symbol; byte-identical import SHA256 45d00510f993d321d2288b0791a96297893de9e5e0dc24d36246e41e144008ce; tools/watcom_debug.py; tools/register_watcom_debug.py	size:57	Original module: C:\DREAMS\src\MAGICBAR.C. Symbol object 1 offset 0003bac0. Direct original-build import; no retail equivalence or prototype inferred.
0004bafc	MAGB_VLine_	recovered	DREAMS.EXE embedded Watcom v3 code symbol; byte-identical import SHA256 45d00510f993d321d2288b0791a96297893de9e5e0dc24d36246e41e144008ce; tools/watcom_debug.py; tools/register_watcom_debug.py	size:48	Original module: C:\DREAMS\src\MAGICBAR.C. Symbol object 1 offset 0003bafc. Direct original-build import; no retail equivalence or prototype inferred.
0004bb2c	MAGB_PutPixel_	recovered	DREAMS.EXE embedded Watcom v3 code symbol; byte-identical import SHA256 45d00510f993d321d2288b0791a96297893de9e5e0dc24d36246e41e144008ce; tools/watcom_debug.py; tools/register_watcom_debug.py	size:16	Original module: C:\DREAMS\src\MAGICBAR.C. Symbol object 1 offset 0003bb2c. Direct original-build import; no retail equivalence or prototype inferred.
0004bb3c	MAGB_AfficheBar_	recovered	DREAMS.EXE embedded Watcom v3 code symbol; byte-identical import SHA256 45d00510f993d321d2288b0791a96297893de9e5e0dc24d36246e41e144008ce; tools/watcom_debug.py; tools/register_watcom_debug.py	size:791	Original module: C:\DREAMS\src\MAGICBAR.C. Symbol object 1 offset 0003bb3c. Direct original-build import; no retail equivalence or prototype inferred.
0004be60	MENM_DesInitMenu_	recovered	DREAMS.EXE embedded Watcom v3 code symbol; byte-identical import SHA256 45d00510f993d321d2288b0791a96297893de9e5e0dc24d36246e41e144008ce; tools/watcom_debug.py; tools/register_watcom_debug.py	size:11	Original module: C:\DREAMS\src\MENGEMAG.C. Symbol object 1 offset 0003be60. Direct original-build import; no retail equivalence or prototype inferred.
0004be6c	MENM_AfficheTexte_	recovered	DREAMS.EXE embedded Watcom v3 code symbol; byte-identical import SHA256 45d00510f993d321d2288b0791a96297893de9e5e0dc24d36246e41e144008ce; tools/watcom_debug.py; tools/register_watcom_debug.py	size:753	Original module: C:\DREAMS\src\MENGEMAG.C. Symbol object 1 offset 0003be6c. Direct original-build import; no retail equivalence or prototype inferred.
0004c180	MENM_RegardeClavier_	recovered	DREAMS.EXE embedded Watcom v3 code symbol; byte-identical import SHA256 45d00510f993d321d2288b0791a96297893de9e5e0dc24d36246e41e144008ce; tools/watcom_debug.py; tools/register_watcom_debug.py	size:1546	Original module: C:\DREAMS\src\MENGEMAG.C. Symbol object 1 offset 0003c180. Direct original-build import; no retail equivalence or prototype inferred.
0004c78c	MENM_AfficheMenu_	recovered	DREAMS.EXE embedded Watcom v3 code symbol; byte-identical import SHA256 45d00510f993d321d2288b0791a96297893de9e5e0dc24d36246e41e144008ce; tools/watcom_debug.py; tools/register_watcom_debug.py	size:896	Original module: C:\DREAMS\src\MENGEMAG.C. Symbol object 1 offset 0003c78c. Direct original-build import; no retail equivalence or prototype inferred.
0004cb0c	MENM_InitMenu_	recovered	DREAMS.EXE embedded Watcom v3 code symbol; byte-identical import SHA256 45d00510f993d321d2288b0791a96297893de9e5e0dc24d36246e41e144008ce; tools/watcom_debug.py; tools/register_watcom_debug.py	size:465	Original module: C:\DREAMS\src\MENGEMAG.C. Symbol object 1 offset 0003cb0c. Direct original-build import; no retail equivalence or prototype inferred.
0004cce0	MENM_LaunchMenu_	recovered	DREAMS.EXE embedded Watcom v3 code symbol; byte-identical import SHA256 45d00510f993d321d2288b0791a96297893de9e5e0dc24d36246e41e144008ce; tools/watcom_debug.py; tools/register_watcom_debug.py	size:43	Original module: C:\DREAMS\src\MENGEMAG.C. Symbol object 1 offset 0003cce0. Direct original-build import; no retail equivalence or prototype inferred.
0004cd0c	MENM_GoMenu_	recovered	DREAMS.EXE embedded Watcom v3 code symbol; byte-identical import SHA256 45d00510f993d321d2288b0791a96297893de9e5e0dc24d36246e41e144008ce; tools/watcom_debug.py; tools/register_watcom_debug.py	size:511	Original module: C:\DREAMS\src\MENGEMAG.C. Symbol object 1 offset 0003cd0c. Direct original-build import; no retail equivalence or prototype inferred.
0004cf10	DLG_OpenDRDBank_	recovered	DREAMS.EXE embedded Watcom v3 code symbol; byte-identical import SHA256 45d00510f993d321d2288b0791a96297893de9e5e0dc24d36246e41e144008ce; tools/watcom_debug.py; tools/register_watcom_debug.py	size:307	Original module: C:\DREAMS\src\DIALOG.C. Symbol object 1 offset 0003cf10. Direct original-build import; no retail equivalence or prototype inferred.
0004d044	DLG_CloseDRDBank_	recovered	DREAMS.EXE embedded Watcom v3 code symbol; byte-identical import SHA256 45d00510f993d321d2288b0791a96297893de9e5e0dc24d36246e41e144008ce; tools/watcom_debug.py; tools/register_watcom_debug.py	size:20	Original module: C:\DREAMS\src\DIALOG.C. Symbol object 1 offset 0003d044. Direct original-build import; no retail equivalence or prototype inferred.
0004d058	DLG_GetNbDialog_	recovered	DREAMS.EXE embedded Watcom v3 code symbol; byte-identical import SHA256 45d00510f993d321d2288b0791a96297893de9e5e0dc24d36246e41e144008ce; tools/watcom_debug.py; tools/register_watcom_debug.py	size:6	Original module: C:\DREAMS\src\DIALOG.C. Symbol object 1 offset 0003d058. Direct original-build import; no retail equivalence or prototype inferred.
0004d060	LoadDialog_	recovered	DREAMS.EXE embedded Watcom v3 code symbol; byte-identical import SHA256 45d00510f993d321d2288b0791a96297893de9e5e0dc24d36246e41e144008ce; tools/watcom_debug.py; tools/register_watcom_debug.py	size:439	Original module: C:\DREAMS\src\DIALOG.C. Symbol object 1 offset 0003d060. Direct original-build import; no retail equivalence or prototype inferred.
0004d218	DLG_GetDialogWav_	recovered	DREAMS.EXE embedded Watcom v3 code symbol; byte-identical import SHA256 45d00510f993d321d2288b0791a96297893de9e5e0dc24d36246e41e144008ce; tools/watcom_debug.py; tools/register_watcom_debug.py	size:6	Original module: C:\DREAMS\src\DIALOG.C. Symbol object 1 offset 0003d218. Direct original-build import; no retail equivalence or prototype inferred.
0004d220	DLG_GetDialogSpr_	recovered	DREAMS.EXE embedded Watcom v3 code symbol; byte-identical import SHA256 45d00510f993d321d2288b0791a96297893de9e5e0dc24d36246e41e144008ce; tools/watcom_debug.py; tools/register_watcom_debug.py	size:18	Original module: C:\DREAMS\src\DIALOG.C. Symbol object 1 offset 0003d220. Direct original-build import; no retail equivalence or prototype inferred.
0004d234	DLG_GetNbPhraseInDialog_	recovered	DREAMS.EXE embedded Watcom v3 code symbol; byte-identical import SHA256 45d00510f993d321d2288b0791a96297893de9e5e0dc24d36246e41e144008ce; tools/watcom_debug.py; tools/register_watcom_debug.py	size:6	Original module: C:\DREAMS\src\DIALOG.C. Symbol object 1 offset 0003d234. Direct original-build import; no retail equivalence or prototype inferred.
0004d23c	DLG_DialogPhraseTicks_	recovered	DREAMS.EXE embedded Watcom v3 code symbol; byte-identical import SHA256 45d00510f993d321d2288b0791a96297893de9e5e0dc24d36246e41e144008ce; tools/watcom_debug.py; tools/register_watcom_debug.py	size:66	Original module: C:\DREAMS\src\DIALOG.C. Symbol object 1 offset 0003d23c. Direct original-build import; no retail equivalence or prototype inferred.
0004d280	GetPhraseTimeCode_	recovered	DREAMS.EXE embedded Watcom v3 code symbol; byte-identical import SHA256 45d00510f993d321d2288b0791a96297893de9e5e0dc24d36246e41e144008ce; tools/watcom_debug.py; tools/register_watcom_debug.py	size:8	Original module: C:\DREAMS\src\DIALOG.C. Symbol object 1 offset 0003d280. Direct original-build import; no retail equivalence or prototype inferred.
0004d288	DLG_GetPhrase_	recovered	DREAMS.EXE embedded Watcom v3 code symbol; byte-identical import SHA256 45d00510f993d321d2288b0791a96297893de9e5e0dc24d36246e41e144008ce; tools/watcom_debug.py; tools/register_watcom_debug.py	size:8	Original module: C:\DREAMS\src\DIALOG.C. Symbol object 1 offset 0003d288. Direct original-build import; no retail equivalence or prototype inferred.
0004d290	DLG_RequestDialog_	recovered	DREAMS.EXE embedded Watcom v3 code symbol; byte-identical import SHA256 45d00510f993d321d2288b0791a96297893de9e5e0dc24d36246e41e144008ce; tools/watcom_debug.py; tools/register_watcom_debug.py	size:16	Original module: C:\DREAMS\src\DIALOG.C. Symbol object 1 offset 0003d290. Direct original-build import; no retail equivalence or prototype inferred.
0004d2a0	DLG_StartDialog_	recovered	DREAMS.EXE embedded Watcom v3 code symbol; byte-identical import SHA256 45d00510f993d321d2288b0791a96297893de9e5e0dc24d36246e41e144008ce; tools/watcom_debug.py; tools/register_watcom_debug.py	size:34	Original module: C:\DREAMS\src\DIALOG.C. Symbol object 1 offset 0003d2a0. Direct original-build import; no retail equivalence or prototype inferred.
0004d2cc	DLG_GetDialogState_	recovered	DREAMS.EXE embedded Watcom v3 code symbol; byte-identical import SHA256 45d00510f993d321d2288b0791a96297893de9e5e0dc24d36246e41e144008ce; tools/watcom_debug.py; tools/register_watcom_debug.py	size:106	Original module: C:\DREAMS\src\DIALOG.C. Symbol object 1 offset 0003d2cc. Direct original-build import; no retail equivalence or prototype inferred.
0004d338	DLG_GetDialogTotalTicks_	recovered	DREAMS.EXE embedded Watcom v3 code symbol; byte-identical import SHA256 45d00510f993d321d2288b0791a96297893de9e5e0dc24d36246e41e144008ce; tools/watcom_debug.py; tools/register_watcom_debug.py	size:6	Original module: C:\DREAMS\src\DIALOG.C. Symbol object 1 offset 0003d338. Direct original-build import; no retail equivalence or prototype inferred.
0004d340	CTRL_SaveJoyStatus_	recovered	DREAMS.EXE embedded Watcom v3 code symbol; byte-identical import SHA256 45d00510f993d321d2288b0791a96297893de9e5e0dc24d36246e41e144008ce; tools/watcom_debug.py; tools/register_watcom_debug.py	size:490	Original module: C:\DREAMS\src\CONTROLE.C. Symbol object 1 offset 0003d340. Direct original-build import; no retail equivalence or prototype inferred.
0004d52c	CTRL_ReplaySequence_	recovered	DREAMS.EXE embedded Watcom v3 code symbol; byte-identical import SHA256 45d00510f993d321d2288b0791a96297893de9e5e0dc24d36246e41e144008ce; tools/watcom_debug.py; tools/register_watcom_debug.py	size:128	Original module: C:\DREAMS\src\CONTROLE.C. Symbol object 1 offset 0003d52c. Direct original-build import; no retail equivalence or prototype inferred.
0004d5ac	CTRL_RecordReplaySequence_	recovered	DREAMS.EXE embedded Watcom v3 code symbol; byte-identical import SHA256 45d00510f993d321d2288b0791a96297893de9e5e0dc24d36246e41e144008ce; tools/watcom_debug.py; tools/register_watcom_debug.py	size:78	Original module: C:\DREAMS\src\CONTROLE.C. Symbol object 1 offset 0003d5ac. Direct original-build import; no retail equivalence or prototype inferred.
0004d5fc	CTRL_ResetReplaySequence_	recovered	DREAMS.EXE embedded Watcom v3 code symbol; byte-identical import SHA256 45d00510f993d321d2288b0791a96297893de9e5e0dc24d36246e41e144008ce; tools/watcom_debug.py; tools/register_watcom_debug.py	size:144	Original module: C:\DREAMS\src\CONTROLE.C. Symbol object 1 offset 0003d5fc. Direct original-build import; no retail equivalence or prototype inferred.
0004d69c	CTRL_TestControle_	recovered	DREAMS.EXE embedded Watcom v3 code symbol; byte-identical import SHA256 45d00510f993d321d2288b0791a96297893de9e5e0dc24d36246e41e144008ce; tools/watcom_debug.py; tools/register_watcom_debug.py	size:540	Original module: C:\DREAMS\src\CONTROLE.C. Symbol object 1 offset 0003d69c. Direct original-build import; no retail equivalence or prototype inferred.
0004d8b8	CTRL_SaveCTRLType_	recovered	DREAMS.EXE embedded Watcom v3 code symbol; byte-identical import SHA256 45d00510f993d321d2288b0791a96297893de9e5e0dc24d36246e41e144008ce; tools/watcom_debug.py; tools/register_watcom_debug.py	size:11	Original module: C:\DREAMS\src\CONTROLE.C. Symbol object 1 offset 0003d8b8. Direct original-build import; no retail equivalence or prototype inferred.
0004d8c4	CTRL_RestoreCTRLType_	recovered	DREAMS.EXE embedded Watcom v3 code symbol; byte-identical import SHA256 45d00510f993d321d2288b0791a96297893de9e5e0dc24d36246e41e144008ce; tools/watcom_debug.py; tools/register_watcom_debug.py	size:8	Original module: C:\DREAMS\src\CONTROLE.C. Symbol object 1 offset 0003d8c4. Direct original-build import; no retail equivalence or prototype inferred.
0004d8cc	CTRL_SetControleType_	recovered	DREAMS.EXE embedded Watcom v3 code symbol; byte-identical import SHA256 45d00510f993d321d2288b0791a96297893de9e5e0dc24d36246e41e144008ce; tools/watcom_debug.py; tools/register_watcom_debug.py	size:6	Original module: C:\DREAMS\src\CONTROLE.C. Symbol object 1 offset 0003d8cc. Direct original-build import; no retail equivalence or prototype inferred.
0004d8d4	CTRL_Arrondi_	recovered	DREAMS.EXE embedded Watcom v3 code symbol; byte-identical import SHA256 45d00510f993d321d2288b0791a96297893de9e5e0dc24d36246e41e144008ce; tools/watcom_debug.py; tools/register_watcom_debug.py	size:94	Original module: C:\DREAMS\src\CONTROLE.C. Symbol object 1 offset 0003d8d4. Direct original-build import; no retail equivalence or prototype inferred.
0004d934	CTRL_TestNextKey_	recovered	DREAMS.EXE embedded Watcom v3 code symbol; byte-identical import SHA256 45d00510f993d321d2288b0791a96297893de9e5e0dc24d36246e41e144008ce; tools/watcom_debug.py; tools/register_watcom_debug.py	size:390	Original module: C:\DREAMS\src\CONTROLE.C. Symbol object 1 offset 0003d934. Direct original-build import; no retail equivalence or prototype inferred.
0004dabc	CTRL_Replay_	recovered	DREAMS.EXE embedded Watcom v3 code symbol; byte-identical import SHA256 45d00510f993d321d2288b0791a96297893de9e5e0dc24d36246e41e144008ce; tools/watcom_debug.py; tools/register_watcom_debug.py	size:500	Original module: C:\DREAMS\src\CONTROLE.C. Symbol object 1 offset 0003dabc. Direct original-build import; no retail equivalence or prototype inferred.
0004dce4	CTRL_Dispatcher_	recovered	DREAMS.EXE embedded Watcom v3 code symbol; byte-identical import SHA256 45d00510f993d321d2288b0791a96297893de9e5e0dc24d36246e41e144008ce; tools/watcom_debug.py; tools/register_watcom_debug.py	size:695	Original module: C:\DREAMS\src\CONTROLE.C. Symbol object 1 offset 0003dce4. Direct original-build import; no retail equivalence or prototype inferred.
0004df9c	CTRL_InitControlMessageList_	recovered	DREAMS.EXE embedded Watcom v3 code symbol; byte-identical import SHA256 45d00510f993d321d2288b0791a96297893de9e5e0dc24d36246e41e144008ce; tools/watcom_debug.py; tools/register_watcom_debug.py	size:124	Original module: C:\DREAMS\src\CONTROLE.C. Symbol object 1 offset 0003df9c. Direct original-build import; no retail equivalence or prototype inferred.
0004e018	CTRL_DesInitControlMessageList_	recovered	DREAMS.EXE embedded Watcom v3 code symbol; byte-identical import SHA256 45d00510f993d321d2288b0791a96297893de9e5e0dc24d36246e41e144008ce; tools/watcom_debug.py; tools/register_watcom_debug.py	size:60	Original module: C:\DREAMS\src\CONTROLE.C. Symbol object 1 offset 0003e018. Direct original-build import; no retail equivalence or prototype inferred.
0004e054	CTRL_CompIntefaceKey_	recovered	DREAMS.EXE embedded Watcom v3 code symbol; byte-identical import SHA256 45d00510f993d321d2288b0791a96297893de9e5e0dc24d36246e41e144008ce; tools/watcom_debug.py; tools/register_watcom_debug.py	size:81	Original module: C:\DREAMS\src\CONTROLE.C. Symbol object 1 offset 0003e054. Direct original-build import; no retail equivalence or prototype inferred.
0004e0a8	CTRL_CompIntefaceKey2_	recovered	DREAMS.EXE embedded Watcom v3 code symbol; byte-identical import SHA256 45d00510f993d321d2288b0791a96297893de9e5e0dc24d36246e41e144008ce; tools/watcom_debug.py; tools/register_watcom_debug.py	size:136	Original module: C:\DREAMS\src\CONTROLE.C. Symbol object 1 offset 0003e0a8. Direct original-build import; no retail equivalence or prototype inferred.
0004e130	CTRL_SaveReplaySequence_	recovered	DREAMS.EXE embedded Watcom v3 code symbol; byte-identical import SHA256 45d00510f993d321d2288b0791a96297893de9e5e0dc24d36246e41e144008ce; tools/watcom_debug.py; tools/register_watcom_debug.py	size:184	Original module: C:\DREAMS\src\CONTROLE.C. Symbol object 1 offset 0003e130. Direct original-build import; no retail equivalence or prototype inferred.
0004e1e8	CTRL_LoadReplaySequence_	recovered	DREAMS.EXE embedded Watcom v3 code symbol; byte-identical import SHA256 45d00510f993d321d2288b0791a96297893de9e5e0dc24d36246e41e144008ce; tools/watcom_debug.py; tools/register_watcom_debug.py	size:96	Original module: C:\DREAMS\src\CONTROLE.C. Symbol object 1 offset 0003e1e8. Direct original-build import; no retail equivalence or prototype inferred.
0004e248	CTRL_SaveGameHeader_	recovered	DREAMS.EXE embedded Watcom v3 code symbol; byte-identical import SHA256 45d00510f993d321d2288b0791a96297893de9e5e0dc24d36246e41e144008ce; tools/watcom_debug.py; tools/register_watcom_debug.py	size:61	Original module: C:\DREAMS\src\CONTROLE.C. Symbol object 1 offset 0003e248. Direct original-build import; no retail equivalence or prototype inferred.
0004e288	CTRL_LoadGameHeader_	recovered	DREAMS.EXE embedded Watcom v3 code symbol; byte-identical import SHA256 45d00510f993d321d2288b0791a96297893de9e5e0dc24d36246e41e144008ce; tools/watcom_debug.py; tools/register_watcom_debug.py	size:56	Original module: C:\DREAMS\src\CONTROLE.C. Symbol object 1 offset 0003e288. Direct original-build import; no retail equivalence or prototype inferred.
0004e2c0	CTRL_SaveGame_	recovered	DREAMS.EXE embedded Watcom v3 code symbol; byte-identical import SHA256 45d00510f993d321d2288b0791a96297893de9e5e0dc24d36246e41e144008ce; tools/watcom_debug.py; tools/register_watcom_debug.py	size:182	Original module: C:\DREAMS\src\CONTROLE.C. Symbol object 1 offset 0003e2c0. Direct original-build import; no retail equivalence or prototype inferred.
0004e378	CTRL_LoadGame_	recovered	DREAMS.EXE embedded Watcom v3 code symbol; byte-identical import SHA256 45d00510f993d321d2288b0791a96297893de9e5e0dc24d36246e41e144008ce; tools/watcom_debug.py; tools/register_watcom_debug.py	size:282	Original module: C:\DREAMS\src\CONTROLE.C. Symbol object 1 offset 0003e378. Direct original-build import; no retail equivalence or prototype inferred.
0004e492	printf_	recovered	DREAMS.EXE embedded Watcom v3 code symbol; byte-identical import SHA256 45d00510f993d321d2288b0791a96297893de9e5e0dc24d36246e41e144008ce; tools/watcom_debug.py; tools/register_watcom_debug.py	size:34	Original module: printf. Symbol object 1 offset 0003e492. Direct original-build import; no retail equivalence or prototype inferred.
0004e4b4	SVUTIL_UnivbeInstall_	recovered	DREAMS.EXE embedded Watcom v3 code symbol; byte-identical import SHA256 45d00510f993d321d2288b0791a96297893de9e5e0dc24d36246e41e144008ce; tools/watcom_debug.py; tools/register_watcom_debug.py	size:87	Original module: D:\DREAMS\SVGA\svgautil.c. Symbol object 1 offset 0003e4b4. Direct original-build import; no retail equivalence or prototype inferred.
0004e50b	SVUTIL_UnivbeUninstall_	recovered	DREAMS.EXE embedded Watcom v3 code symbol; byte-identical import SHA256 45d00510f993d321d2288b0791a96297893de9e5e0dc24d36246e41e144008ce; tools/watcom_debug.py; tools/register_watcom_debug.py	size:36	Original module: D:\DREAMS\SVGA\svgautil.c. Symbol object 1 offset 0003e50b. Direct original-build import; no retail equivalence or prototype inferred.
0004e52f	SVUTIL_GetModeNumber_	recovered	DREAMS.EXE embedded Watcom v3 code symbol; byte-identical import SHA256 45d00510f993d321d2288b0791a96297893de9e5e0dc24d36246e41e144008ce; tools/watcom_debug.py; tools/register_watcom_debug.py	size:268	Original module: D:\DREAMS\SVGA\svgautil.c. Symbol object 1 offset 0003e52f. Direct original-build import; no retail equivalence or prototype inferred.
0004e63b	SVUTIL_SetVideoMode_	recovered	DREAMS.EXE embedded Watcom v3 code symbol; byte-identical import SHA256 45d00510f993d321d2288b0791a96297893de9e5e0dc24d36246e41e144008ce; tools/watcom_debug.py; tools/register_watcom_debug.py	size:91	Original module: D:\DREAMS\SVGA\svgautil.c. Symbol object 1 offset 0003e63b. Direct original-build import; no retail equivalence or prototype inferred.
0004e696	int386_	recovered	DREAMS.EXE embedded Watcom v3 code symbol; byte-identical import SHA256 45d00510f993d321d2288b0791a96297893de9e5e0dc24d36246e41e144008ce; tools/watcom_debug.py; tools/register_watcom_debug.py	size:29	Original module: int386. Symbol object 1 offset 0003e696. Direct original-build import; no retail equivalence or prototype inferred.
0004e6c0	InstallMultiKey_	recovered	DREAMS.EXE embedded Watcom v3 code symbol; byte-identical import SHA256 45d00510f993d321d2288b0791a96297893de9e5e0dc24d36246e41e144008ce; tools/watcom_debug.py; tools/register_watcom_debug.py	size:110	Original module: multikey.asm. Symbol object 1 offset 0003e6c0. Direct original-build import; no retail equivalence or prototype inferred.
0004e72e	UninstallMultiKey_	recovered	DREAMS.EXE embedded Watcom v3 code symbol; byte-identical import SHA256 45d00510f993d321d2288b0791a96297893de9e5e0dc24d36246e41e144008ce; tools/watcom_debug.py; tools/register_watcom_debug.py	size:47	Original module: multikey.asm. Symbol object 1 offset 0003e72e. Direct original-build import; no retail equivalence or prototype inferred.
0004e75d	new_int9_handler	recovered	DREAMS.EXE embedded Watcom v3 code symbol; byte-identical import SHA256 45d00510f993d321d2288b0791a96297893de9e5e0dc24d36246e41e144008ce; tools/watcom_debug.py; tools/register_watcom_debug.py	size:121	Original module: multikey.asm. Symbol object 1 offset 0003e75d. Direct original-build import; no retail equivalence or prototype inferred.
0004e7dc	new_int1B_handler	recovered	DREAMS.EXE embedded Watcom v3 code symbol; byte-identical import SHA256 45d00510f993d321d2288b0791a96297893de9e5e0dc24d36246e41e144008ce; tools/watcom_debug.py; tools/register_watcom_debug.py	size:2	Original module: multikey.asm. Symbol object 1 offset 0003e7dc. Direct original-build import; no retail equivalence or prototype inferred.
0004e7de	ScanKey2Ascii_	recovered	DREAMS.EXE embedded Watcom v3 code symbol; byte-identical import SHA256 45d00510f993d321d2288b0791a96297893de9e5e0dc24d36246e41e144008ce; tools/watcom_debug.py; tools/register_watcom_debug.py	size:10	Original module: multikey.asm. Symbol object 1 offset 0003e7de. Direct original-build import; no retail equivalence or prototype inferred.
0004e7f0	mallocC3D_CSPHERE_OVERLAP_	recovered	DREAMS.EXE embedded Watcom v3 code symbol; byte-identical import SHA256 45d00510f993d321d2288b0791a96297893de9e5e0dc24d36246e41e144008ce; tools/watcom_debug.py; tools/register_watcom_debug.py	size:18	Original module: C:\SOURCES\BEN11\3DC_COL2.C. Symbol object 1 offset 0003e7f0. Direct original-build import; no retail equivalence or prototype inferred.
0004e810	mallocC3D_CSPHERE_COLLISION_	recovered	DREAMS.EXE embedded Watcom v3 code symbol; byte-identical import SHA256 45d00510f993d321d2288b0791a96297893de9e5e0dc24d36246e41e144008ce; tools/watcom_debug.py; tools/register_watcom_debug.py	size:18	Original module: C:\SOURCES\BEN11\3DC_COL2.C. Symbol object 1 offset 0003e810. Direct original-build import; no retail equivalence or prototype inferred.
0004e830	Free_CMesh_	recovered	DREAMS.EXE embedded Watcom v3 code symbol; byte-identical import SHA256 45d00510f993d321d2288b0791a96297893de9e5e0dc24d36246e41e144008ce; tools/watcom_debug.py; tools/register_watcom_debug.py	size:29	Original module: C:\SOURCES\BEN11\3DC_COL2.C. Symbol object 1 offset 0003e830. Direct original-build import; no retail equivalence or prototype inferred.
0004e850	Init_CHandler_	recovered	DREAMS.EXE embedded Watcom v3 code symbol; byte-identical import SHA256 45d00510f993d321d2288b0791a96297893de9e5e0dc24d36246e41e144008ce; tools/watcom_debug.py; tools/register_watcom_debug.py	size:61	Original module: C:\SOURCES\BEN11\3DC_COL2.C. Symbol object 1 offset 0003e850. Direct original-build import; no retail equivalence or prototype inferred.
0004e890	Reset_CHandler_	recovered	DREAMS.EXE embedded Watcom v3 code symbol; byte-identical import SHA256 45d00510f993d321d2288b0791a96297893de9e5e0dc24d36246e41e144008ce; tools/watcom_debug.py; tools/register_watcom_debug.py	size:49	Original module: C:\SOURCES\BEN11\3DC_COL2.C. Symbol object 1 offset 0003e890. Direct original-build import; no retail equivalence or prototype inferred.
0004e8c4	Free_CHandler_	recovered	DREAMS.EXE embedded Watcom v3 code symbol; byte-identical import SHA256 45d00510f993d321d2288b0791a96297893de9e5e0dc24d36246e41e144008ce; tools/watcom_debug.py; tools/register_watcom_debug.py	size:73	Original module: C:\SOURCES\BEN11\3DC_COL2.C. Symbol object 1 offset 0003e8c4. Direct original-build import; no retail equivalence or prototype inferred.
0004e910	QuickSort_	recovered	DREAMS.EXE embedded Watcom v3 code symbol; byte-identical import SHA256 45d00510f993d321d2288b0791a96297893de9e5e0dc24d36246e41e144008ce; tools/watcom_debug.py; tools/register_watcom_debug.py	size:329	Original module: C:\SOURCES\BEN11\3DC_COL2.C. Symbol object 1 offset 0003e910. Direct original-build import; no retail equivalence or prototype inferred.
0004ea5c	Add_CMesh_	recovered	DREAMS.EXE embedded Watcom v3 code symbol; byte-identical import SHA256 45d00510f993d321d2288b0791a96297893de9e5e0dc24d36246e41e144008ce; tools/watcom_debug.py; tools/register_watcom_debug.py	size:230	Original module: C:\SOURCES\BEN11\3DC_COL2.C. Symbol object 1 offset 0003ea5c. Direct original-build import; no retail equivalence or prototype inferred.
0004eb44	Remove_CMesh_	recovered	DREAMS.EXE embedded Watcom v3 code symbol; byte-identical import SHA256 45d00510f993d321d2288b0791a96297893de9e5e0dc24d36246e41e144008ce; tools/watcom_debug.py; tools/register_watcom_debug.py	size:246	Original module: C:\SOURCES\BEN11\3DC_COL2.C. Symbol object 1 offset 0003eb44. Direct original-build import; no retail equivalence or prototype inferred.
0004ec3c	Add_Overlap_	recovered	DREAMS.EXE embedded Watcom v3 code symbol; byte-identical import SHA256 45d00510f993d321d2288b0791a96297893de9e5e0dc24d36246e41e144008ce; tools/watcom_debug.py; tools/register_watcom_debug.py	size:336	Original module: C:\SOURCES\BEN11\3DC_COL2.C. Symbol object 1 offset 0003ec3c. Direct original-build import; no retail equivalence or prototype inferred.
0004ed8c	Remove_Overlap_	recovered	DREAMS.EXE embedded Watcom v3 code symbol; byte-identical import SHA256 45d00510f993d321d2288b0791a96297893de9e5e0dc24d36246e41e144008ce; tools/watcom_debug.py; tools/register_watcom_debug.py	size:433	Original module: C:\SOURCES\BEN11\3DC_COL2.C. Symbol object 1 offset 0003ed8c. Direct original-build import; no retail equivalence or prototype inferred.
0004ef50	Update_CSphere_	recovered	DREAMS.EXE embedded Watcom v3 code symbol; byte-identical import SHA256 45d00510f993d321d2288b0791a96297893de9e5e0dc24d36246e41e144008ce; tools/watcom_debug.py; tools/register_watcom_debug.py	size:2087	Original module: C:\SOURCES\BEN11\3DC_COL2.C. Symbol object 1 offset 0003ef50. Direct original-build import; no retail equivalence or prototype inferred.
0004f778	Create_CSphere_	recovered	DREAMS.EXE embedded Watcom v3 code symbol; byte-identical import SHA256 45d00510f993d321d2288b0791a96297893de9e5e0dc24d36246e41e144008ce; tools/watcom_debug.py; tools/register_watcom_debug.py	size:73	Original module: C:\SOURCES\BEN11\3DC_COL2.C. Symbol object 1 offset 0003f778. Direct original-build import; no retail equivalence or prototype inferred.
0004f7c4	Remove_CSphere_	recovered	DREAMS.EXE embedded Watcom v3 code symbol; byte-identical import SHA256 45d00510f993d321d2288b0791a96297893de9e5e0dc24d36246e41e144008ce; tools/watcom_debug.py; tools/register_watcom_debug.py	size:100	Original module: C:\SOURCES\BEN11\3DC_COL2.C. Symbol object 1 offset 0003f7c4. Direct original-build import; no retail equivalence or prototype inferred.
0004f828	Init_CSphere_	recovered	DREAMS.EXE embedded Watcom v3 code symbol; byte-identical import SHA256 45d00510f993d321d2288b0791a96297893de9e5e0dc24d36246e41e144008ce; tools/watcom_debug.py; tools/register_watcom_debug.py	size:67	Original module: C:\SOURCES\BEN11\3DC_COL2.C. Symbol object 1 offset 0003f828. Direct original-build import; no retail equivalence or prototype inferred.
0004f86c	Free_Overlap_	recovered	DREAMS.EXE embedded Watcom v3 code symbol; byte-identical import SHA256 45d00510f993d321d2288b0791a96297893de9e5e0dc24d36246e41e144008ce; tools/watcom_debug.py; tools/register_watcom_debug.py	size:67	Original module: C:\SOURCES\BEN11\3DC_COL2.C. Symbol object 1 offset 0003f86c. Direct original-build import; no retail equivalence or prototype inferred.
0004f8b0	Reset_CSphere_	recovered	DREAMS.EXE embedded Watcom v3 code symbol; byte-identical import SHA256 45d00510f993d321d2288b0791a96297893de9e5e0dc24d36246e41e144008ce; tools/watcom_debug.py; tools/register_watcom_debug.py	size:105	Original module: C:\SOURCES\BEN11\3DC_COL2.C. Symbol object 1 offset 0003f8b0. Direct original-build import; no retail equivalence or prototype inferred.
0004f91c	Distance_To_Edge_	recovered	DREAMS.EXE embedded Watcom v3 code symbol; byte-identical import SHA256 45d00510f993d321d2288b0791a96297893de9e5e0dc24d36246e41e144008ce; tools/watcom_debug.py; tools/register_watcom_debug.py	size:103	Original module: C:\SOURCES\BEN11\3DC_COL2.C. Symbol object 1 offset 0003f91c. Direct original-build import; no retail equivalence or prototype inferred.
0004f984	Projection_On_Line_	recovered	DREAMS.EXE embedded Watcom v3 code symbol; byte-identical import SHA256 45d00510f993d321d2288b0791a96297893de9e5e0dc24d36246e41e144008ce; tools/watcom_debug.py; tools/register_watcom_debug.py	size:292	Original module: C:\SOURCES\BEN11\3DC_COL2.C. Symbol object 1 offset 0003f984. Direct original-build import; no retail equivalence or prototype inferred.
0004faa8	Projection_On_Face_	recovered	DREAMS.EXE embedded Watcom v3 code symbol; byte-identical import SHA256 45d00510f993d321d2288b0791a96297893de9e5e0dc24d36246e41e144008ce; tools/watcom_debug.py; tools/register_watcom_debug.py	size:307	Original module: C:\SOURCES\BEN11\3DC_COL2.C. Symbol object 1 offset 0003faa8. Direct original-build import; no retail equivalence or prototype inferred.
0004fbdc	Intersection_With_Face_	recovered	DREAMS.EXE embedded Watcom v3 code symbol; byte-identical import SHA256 45d00510f993d321d2288b0791a96297893de9e5e0dc24d36246e41e144008ce; tools/watcom_debug.py; tools/register_watcom_debug.py	size:435	Original module: C:\SOURCES\BEN11\3DC_COL2.C. Symbol object 1 offset 0003fbdc. Direct original-build import; no retail equivalence or prototype inferred.
0004fd90	Closest_On_Segment_	recovered	DREAMS.EXE embedded Watcom v3 code symbol; byte-identical import SHA256 45d00510f993d321d2288b0791a96297893de9e5e0dc24d36246e41e144008ce; tools/watcom_debug.py; tools/register_watcom_debug.py	size:501	Original module: C:\SOURCES\BEN11\3DC_COL2.C. Symbol object 1 offset 0003fd90. Direct original-build import; no retail equivalence or prototype inferred.
0004ff88	Sphere_Over_Face_	recovered	DREAMS.EXE embedded Watcom v3 code symbol; byte-identical import SHA256 45d00510f993d321d2288b0791a96297893de9e5e0dc24d36246e41e144008ce; tools/watcom_debug.py; tools/register_watcom_debug.py	size:688	Original module: C:\SOURCES\BEN11\3DC_COL2.C. Symbol object 1 offset 0003ff88. Direct original-build import; no retail equivalence or prototype inferred.
00050254	Sphere_Intersects_Face_	recovered	DREAMS.EXE embedded Watcom v3 code symbol; byte-identical import SHA256 45d00510f993d321d2288b0791a96297893de9e5e0dc24d36246e41e144008ce; tools/watcom_debug.py; tools/register_watcom_debug.py	size:449	Original module: C:\SOURCES\BEN11\3DC_COL2.C. Symbol object 1 offset 00040254. Direct original-build import; no retail equivalence or prototype inferred.
00050418	Display_Pixel_	recovered	DREAMS.EXE embedded Watcom v3 code symbol; byte-identical import SHA256 45d00510f993d321d2288b0791a96297893de9e5e0dc24d36246e41e144008ce; tools/watcom_debug.py; tools/register_watcom_debug.py	size:103	Original module: C:\SOURCES\BEN11\3DC_COL2.C. Symbol object 1 offset 00040418. Direct original-build import; no retail equivalence or prototype inferred.
00050480	Display_Line_	recovered	DREAMS.EXE embedded Watcom v3 code symbol; byte-identical import SHA256 45d00510f993d321d2288b0791a96297893de9e5e0dc24d36246e41e144008ce; tools/watcom_debug.py; tools/register_watcom_debug.py	size:176	Original module: C:\SOURCES\BEN11\3DC_COL2.C. Symbol object 1 offset 00040480. Direct original-build import; no retail equivalence or prototype inferred.
00050530	Display_Collision_Sphere_	recovered	DREAMS.EXE embedded Watcom v3 code symbol; byte-identical import SHA256 45d00510f993d321d2288b0791a96297893de9e5e0dc24d36246e41e144008ce; tools/watcom_debug.py; tools/register_watcom_debug.py	size:1796	Original module: C:\SOURCES\BEN11\3DC_COL2.C. Symbol object 1 offset 00040530. Direct original-build import; no retail equivalence or prototype inferred.
00050c34	Display_Overlap_Sphere_	recovered	DREAMS.EXE embedded Watcom v3 code symbol; byte-identical import SHA256 45d00510f993d321d2288b0791a96297893de9e5e0dc24d36246e41e144008ce; tools/watcom_debug.py; tools/register_watcom_debug.py	size:352	Original module: C:\SOURCES\BEN11\3DC_COL2.C. Symbol object 1 offset 00040c34. Direct original-build import; no retail equivalence or prototype inferred.
00050d94	Display_Face_	recovered	DREAMS.EXE embedded Watcom v3 code symbol; byte-identical import SHA256 45d00510f993d321d2288b0791a96297893de9e5e0dc24d36246e41e144008ce; tools/watcom_debug.py; tools/register_watcom_debug.py	size:57	Original module: C:\SOURCES\BEN11\3DC_COL2.C. Symbol object 1 offset 00040d94. Direct original-build import; no retail equivalence or prototype inferred.
00050dd0	Display_Collision_Mesh_	recovered	DREAMS.EXE embedded Watcom v3 code symbol; byte-identical import SHA256 45d00510f993d321d2288b0791a96297893de9e5e0dc24d36246e41e144008ce; tools/watcom_debug.py; tools/register_watcom_debug.py	size:399	Original module: C:\SOURCES\BEN11\3DC_COL2.C. Symbol object 1 offset 00040dd0. Direct original-build import; no retail equivalence or prototype inferred.
00050f60	Init_Sphere_Collision_	recovered	DREAMS.EXE embedded Watcom v3 code symbol; byte-identical import SHA256 45d00510f993d321d2288b0791a96297893de9e5e0dc24d36246e41e144008ce; tools/watcom_debug.py; tools/register_watcom_debug.py	size:13	Original module: C:\SOURCES\BEN11\3DC_COL2.C. Symbol object 1 offset 00040f60. Direct original-build import; no retail equivalence or prototype inferred.
00050f70	End_Sphere_Collision_	recovered	DREAMS.EXE embedded Watcom v3 code symbol; byte-identical import SHA256 45d00510f993d321d2288b0791a96297893de9e5e0dc24d36246e41e144008ce; tools/watcom_debug.py; tools/register_watcom_debug.py	size:13	Original module: C:\SOURCES\BEN11\3DC_COL2.C. Symbol object 1 offset 00040f70. Direct original-build import; no retail equivalence or prototype inferred.
00050f80	Add_Collision_Mesh_	recovered	DREAMS.EXE embedded Watcom v3 code symbol; byte-identical import SHA256 45d00510f993d321d2288b0791a96297893de9e5e0dc24d36246e41e144008ce; tools/watcom_debug.py; tools/register_watcom_debug.py	size:32	Original module: C:\SOURCES\BEN11\3DC_COL2.C. Symbol object 1 offset 00040f80. Direct original-build import; no retail equivalence or prototype inferred.
00050fa0	Remove_Collision_Mesh_	recovered	DREAMS.EXE embedded Watcom v3 code symbol; byte-identical import SHA256 45d00510f993d321d2288b0791a96297893de9e5e0dc24d36246e41e144008ce; tools/watcom_debug.py; tools/register_watcom_debug.py	size:32	Original module: C:\SOURCES\BEN11\3DC_COL2.C. Symbol object 1 offset 00040fa0. Direct original-build import; no retail equivalence or prototype inferred.
00050fc0	Create_Sphere_	recovered	DREAMS.EXE embedded Watcom v3 code symbol; byte-identical import SHA256 45d00510f993d321d2288b0791a96297893de9e5e0dc24d36246e41e144008ce; tools/watcom_debug.py; tools/register_watcom_debug.py	size:17	Original module: C:\SOURCES\BEN11\3DC_COL2.C. Symbol object 1 offset 00040fc0. Direct original-build import; no retail equivalence or prototype inferred.
00050fd4	Kill_Sphere_	recovered	DREAMS.EXE embedded Watcom v3 code symbol; byte-identical import SHA256 45d00510f993d321d2288b0791a96297893de9e5e0dc24d36246e41e144008ce; tools/watcom_debug.py; tools/register_watcom_debug.py	size:17	Original module: C:\SOURCES\BEN11\3DC_COL2.C. Symbol object 1 offset 00040fd4. Direct original-build import; no retail equivalence or prototype inferred.
00050fe8	Check_Sphere_	recovered	DREAMS.EXE embedded Watcom v3 code symbol; byte-identical import SHA256 45d00510f993d321d2288b0791a96297893de9e5e0dc24d36246e41e144008ce; tools/watcom_debug.py; tools/register_watcom_debug.py	size:113	Original module: C:\SOURCES\BEN11\3DC_COL2.C. Symbol object 1 offset 00040fe8. Direct original-build import; no retail equivalence or prototype inferred.
0005105c	Set_Sphere_Position_	recovered	DREAMS.EXE embedded Watcom v3 code symbol; byte-identical import SHA256 45d00510f993d321d2288b0791a96297893de9e5e0dc24d36246e41e144008ce; tools/watcom_debug.py; tools/register_watcom_debug.py	size:8	Original module: C:\SOURCES\BEN11\3DC_COL2.C. Symbol object 1 offset 0004105c. Direct original-build import; no retail equivalence or prototype inferred.
00051064	Set_Sphere_Radius_	recovered	DREAMS.EXE embedded Watcom v3 code symbol; byte-identical import SHA256 45d00510f993d321d2288b0791a96297893de9e5e0dc24d36246e41e144008ce; tools/watcom_debug.py; tools/register_watcom_debug.py	size:10	Original module: C:\SOURCES\BEN11\3DC_COL2.C. Symbol object 1 offset 00041064. Direct original-build import; no retail equivalence or prototype inferred.
00051070	Set_Sphere_Flag_	recovered	DREAMS.EXE embedded Watcom v3 code symbol; byte-identical import SHA256 45d00510f993d321d2288b0791a96297893de9e5e0dc24d36246e41e144008ce; tools/watcom_debug.py; tools/register_watcom_debug.py	size:11	Original module: C:\SOURCES\BEN11\3DC_COL2.C. Symbol object 1 offset 00041070. Direct original-build import; no retail equivalence or prototype inferred.
0005107c	Get_Sphere_Mesh_Collision_	recovered	DREAMS.EXE embedded Watcom v3 code symbol; byte-identical import SHA256 45d00510f993d321d2288b0791a96297893de9e5e0dc24d36246e41e144008ce; tools/watcom_debug.py; tools/register_watcom_debug.py	size:100	Original module: C:\SOURCES\BEN11\3DC_COL2.C. Symbol object 1 offset 0004107c. Direct original-build import; no retail equivalence or prototype inferred.
000510e0	Get_Sphere_Mesh_Overlap_	recovered	DREAMS.EXE embedded Watcom v3 code symbol; byte-identical import SHA256 45d00510f993d321d2288b0791a96297893de9e5e0dc24d36246e41e144008ce; tools/watcom_debug.py; tools/register_watcom_debug.py	size:100	Original module: C:\SOURCES\BEN11\3DC_COL2.C. Symbol object 1 offset 000410e0. Direct original-build import; no retail equivalence or prototype inferred.
00051144	Sphere_Face_Collision_	recovered	DREAMS.EXE embedded Watcom v3 code symbol; byte-identical import SHA256 45d00510f993d321d2288b0791a96297893de9e5e0dc24d36246e41e144008ce; tools/watcom_debug.py; tools/register_watcom_debug.py	size:55	Original module: C:\SOURCES\BEN11\3DC_COL2.C. Symbol object 1 offset 00041144. Direct original-build import; no retail equivalence or prototype inferred.
0005117c	Sphere_Face_Overlap_	recovered	DREAMS.EXE embedded Watcom v3 code symbol; byte-identical import SHA256 45d00510f993d321d2288b0791a96297893de9e5e0dc24d36246e41e144008ce; tools/watcom_debug.py; tools/register_watcom_debug.py	size:55	Original module: C:\SOURCES\BEN11\3DC_COL2.C. Symbol object 1 offset 0004117c. Direct original-build import; no retail equivalence or prototype inferred.
000511b4	Get_Face_Info_	recovered	DREAMS.EXE embedded Watcom v3 code symbol; byte-identical import SHA256 45d00510f993d321d2288b0791a96297893de9e5e0dc24d36246e41e144008ce; tools/watcom_debug.py; tools/register_watcom_debug.py	size:78	Original module: C:\SOURCES\BEN11\3DC_COL2.C. Symbol object 1 offset 000411b4. Direct original-build import; no retail equivalence or prototype inferred.
00051204	Get_Sphere_Info_	recovered	DREAMS.EXE embedded Watcom v3 code symbol; byte-identical import SHA256 45d00510f993d321d2288b0791a96297893de9e5e0dc24d36246e41e144008ce; tools/watcom_debug.py; tools/register_watcom_debug.py	size:28	Original module: C:\SOURCES\BEN11\3DC_COL2.C. Symbol object 1 offset 00041204. Direct original-build import; no retail equivalence or prototype inferred.
00051220	Get_Line_Mesh_Intersection_	recovered	DREAMS.EXE embedded Watcom v3 code symbol; byte-identical import SHA256 45d00510f993d321d2288b0791a96297893de9e5e0dc24d36246e41e144008ce; tools/watcom_debug.py; tools/register_watcom_debug.py	size:1157	Original module: C:\SOURCES\BEN11\3DC_COL2.C. Symbol object 1 offset 00041220. Direct original-build import; no retail equivalence or prototype inferred.
000516a8	Line_Face_Intersection_	recovered	DREAMS.EXE embedded Watcom v3 code symbol; byte-identical import SHA256 45d00510f993d321d2288b0791a96297893de9e5e0dc24d36246e41e144008ce; tools/watcom_debug.py; tools/register_watcom_debug.py	size:287	Original module: C:\SOURCES\BEN11\3DC_COL2.C. Symbol object 1 offset 000416a8. Direct original-build import; no retail equivalence or prototype inferred.
000517d0	Transf_Box_	recovered	DREAMS.EXE embedded Watcom v3 code symbol; byte-identical import SHA256 45d00510f993d321d2288b0791a96297893de9e5e0dc24d36246e41e144008ce; tools/watcom_debug.py; tools/register_watcom_debug.py	size:776	Original module: C:\SOURCES\BEN11\3DC_COLL.C. Symbol object 1 offset 000417d0. Direct original-build import; no retail equivalence or prototype inferred.
00051ad8	XForm_Boxes_	recovered	DREAMS.EXE embedded Watcom v3 code symbol; byte-identical import SHA256 45d00510f993d321d2288b0791a96297893de9e5e0dc24d36246e41e144008ce; tools/watcom_debug.py; tools/register_watcom_debug.py	size:113	Original module: C:\SOURCES\BEN11\3DC_COLL.C. Symbol object 1 offset 00041ad8. Direct original-build import; no retail equivalence or prototype inferred.
00051b4c	Aff_Box_	recovered	DREAMS.EXE embedded Watcom v3 code symbol; byte-identical import SHA256 45d00510f993d321d2288b0791a96297893de9e5e0dc24d36246e41e144008ce; tools/watcom_debug.py; tools/register_watcom_debug.py	size:471	Original module: C:\SOURCES\BEN11\3DC_COLL.C. Symbol object 1 offset 00041b4c. Direct original-build import; no retail equivalence or prototype inferred.
00051d24	Display_Box_	recovered	DREAMS.EXE embedded Watcom v3 code symbol; byte-identical import SHA256 45d00510f993d321d2288b0791a96297893de9e5e0dc24d36246e41e144008ce; tools/watcom_debug.py; tools/register_watcom_debug.py	size:377	Original module: C:\SOURCES\BEN11\3DC_COLL.C. Symbol object 1 offset 00041d24. Direct original-build import; no retail equivalence or prototype inferred.
00051ea0	Display_Boxes_	recovered	DREAMS.EXE embedded Watcom v3 code symbol; byte-identical import SHA256 45d00510f993d321d2288b0791a96297893de9e5e0dc24d36246e41e144008ce; tools/watcom_debug.py; tools/register_watcom_debug.py	size:107	Original module: C:\SOURCES\BEN11\3DC_COLL.C. Symbol object 1 offset 00041ea0. Direct original-build import; no retail equivalence or prototype inferred.
00051f0c	Get_Nb_Box_	recovered	DREAMS.EXE embedded Watcom v3 code symbol; byte-identical import SHA256 45d00510f993d321d2288b0791a96297893de9e5e0dc24d36246e41e144008ce; tools/watcom_debug.py; tools/register_watcom_debug.py	size:12	Original module: C:\SOURCES\BEN11\3DC_COLL.C. Symbol object 1 offset 00041f0c. Direct original-build import; no retail equivalence or prototype inferred.
00051f18	Get_Box_Addr_	recovered	DREAMS.EXE embedded Watcom v3 code symbol; byte-identical import SHA256 45d00510f993d321d2288b0791a96297893de9e5e0dc24d36246e41e144008ce; tools/watcom_debug.py; tools/register_watcom_debug.py	size:39	Original module: C:\SOURCES\BEN11\3DC_COLL.C. Symbol object 1 offset 00041f18. Direct original-build import; no retail equivalence or prototype inferred.
00051f40	Get_Box_Info_	recovered	DREAMS.EXE embedded Watcom v3 code symbol; byte-identical import SHA256 45d00510f993d321d2288b0791a96297893de9e5e0dc24d36246e41e144008ce; tools/watcom_debug.py; tools/register_watcom_debug.py	size:346	Original module: C:\SOURCES\BEN11\3DC_COLL.C. Symbol object 1 offset 00041f40. Direct original-build import; no retail equivalence or prototype inferred.
0005209c	ProjectionOnLine_	recovered	DREAMS.EXE embedded Watcom v3 code symbol; byte-identical import SHA256 45d00510f993d321d2288b0791a96297893de9e5e0dc24d36246e41e144008ce; tools/watcom_debug.py; tools/register_watcom_debug.py	size:312	Original module: C:\SOURCES\BEN11\3DC_COLL.C. Symbol object 1 offset 0004209c. Direct original-build import; no retail equivalence or prototype inferred.
000521d4	ProjectionOnPlane_	recovered	DREAMS.EXE embedded Watcom v3 code symbol; byte-identical import SHA256 45d00510f993d321d2288b0791a96297893de9e5e0dc24d36246e41e144008ce; tools/watcom_debug.py; tools/register_watcom_debug.py	size:201	Original module: C:\SOURCES\BEN11\3DC_COLL.C. Symbol object 1 offset 000421d4. Direct original-build import; no retail equivalence or prototype inferred.
000522a0	PlaneLineIntersection_	recovered	DREAMS.EXE embedded Watcom v3 code symbol; byte-identical import SHA256 45d00510f993d321d2288b0791a96297893de9e5e0dc24d36246e41e144008ce; tools/watcom_debug.py; tools/register_watcom_debug.py	size:267	Original module: C:\SOURCES\BEN11\3DC_COLL.C. Symbol object 1 offset 000422a0. Direct original-build import; no retail equivalence or prototype inferred.
000523ac	ClosestEdgeEdge_	recovered	DREAMS.EXE embedded Watcom v3 code symbol; byte-identical import SHA256 45d00510f993d321d2288b0791a96297893de9e5e0dc24d36246e41e144008ce; tools/watcom_debug.py; tools/register_watcom_debug.py	size:3171	Original module: C:\SOURCES\BEN11\3DC_COLL.C. Symbol object 1 offset 000423ac. Direct original-build import; no retail equivalence or prototype inferred.
00053010	ChangeRegion_	recovered	DREAMS.EXE embedded Watcom v3 code symbol; byte-identical import SHA256 45d00510f993d321d2288b0791a96297893de9e5e0dc24d36246e41e144008ce; tools/watcom_debug.py; tools/register_watcom_debug.py	size:200	Original module: C:\SOURCES\BEN11\3DC_COLL.C. Symbol object 1 offset 00043010. Direct original-build import; no retail equivalence or prototype inferred.
000530d8	TestRegion_	recovered	DREAMS.EXE embedded Watcom v3 code symbol; byte-identical import SHA256 45d00510f993d321d2288b0791a96297893de9e5e0dc24d36246e41e144008ce; tools/watcom_debug.py; tools/register_watcom_debug.py	size:186	Original module: C:\SOURCES\BEN11\3DC_COLL.C. Symbol object 1 offset 000430d8. Direct original-build import; no retail equivalence or prototype inferred.
00053194	VertexVertex_	recovered	DREAMS.EXE embedded Watcom v3 code symbol; byte-identical import SHA256 45d00510f993d321d2288b0791a96297893de9e5e0dc24d36246e41e144008ce; tools/watcom_debug.py; tools/register_watcom_debug.py	size:310	Original module: C:\SOURCES\BEN11\3DC_COLL.C. Symbol object 1 offset 00043194. Direct original-build import; no retail equivalence or prototype inferred.
000532cc	VertexEdge_	recovered	DREAMS.EXE embedded Watcom v3 code symbol; byte-identical import SHA256 45d00510f993d321d2288b0791a96297893de9e5e0dc24d36246e41e144008ce; tools/watcom_debug.py; tools/register_watcom_debug.py	size:280	Original module: C:\SOURCES\BEN11\3DC_COLL.C. Symbol object 1 offset 000432cc. Direct original-build import; no retail equivalence or prototype inferred.
000533e4	VertexFace_	recovered	DREAMS.EXE embedded Watcom v3 code symbol; byte-identical import SHA256 45d00510f993d321d2288b0791a96297893de9e5e0dc24d36246e41e144008ce; tools/watcom_debug.py; tools/register_watcom_debug.py	size:460	Original module: C:\SOURCES\BEN11\3DC_COLL.C. Symbol object 1 offset 000433e4. Direct original-build import; no retail equivalence or prototype inferred.
000535b0	VertexInside_	recovered	DREAMS.EXE embedded Watcom v3 code symbol; byte-identical import SHA256 45d00510f993d321d2288b0791a96297893de9e5e0dc24d36246e41e144008ce; tools/watcom_debug.py; tools/register_watcom_debug.py	size:162	Original module: C:\SOURCES\BEN11\3DC_COLL.C. Symbol object 1 offset 000435b0. Direct original-build import; no retail equivalence or prototype inferred.
00053654	EdgeEdge_	recovered	DREAMS.EXE embedded Watcom v3 code symbol; byte-identical import SHA256 45d00510f993d321d2288b0791a96297893de9e5e0dc24d36246e41e144008ce; tools/watcom_debug.py; tools/register_watcom_debug.py	size:276	Original module: C:\SOURCES\BEN11\3DC_COLL.C. Symbol object 1 offset 00043654. Direct original-build import; no retail equivalence or prototype inferred.
00053768	EdgeFace_	recovered	DREAMS.EXE embedded Watcom v3 code symbol; byte-identical import SHA256 45d00510f993d321d2288b0791a96297893de9e5e0dc24d36246e41e144008ce; tools/watcom_debug.py; tools/register_watcom_debug.py	size:2018	Original module: C:\SOURCES\BEN11\3DC_COLL.C. Symbol object 1 offset 00043768. Direct original-build import; no retail equivalence or prototype inferred.
00053f4c	EdgeInside_	recovered	DREAMS.EXE embedded Watcom v3 code symbol; byte-identical import SHA256 45d00510f993d321d2288b0791a96297893de9e5e0dc24d36246e41e144008ce; tools/watcom_debug.py; tools/register_watcom_debug.py	size:1114	Original module: C:\SOURCES\BEN11\3DC_COLL.C. Symbol object 1 offset 00043f4c. Direct original-build import; no retail equivalence or prototype inferred.
000543a8	FaceFace_	recovered	DREAMS.EXE embedded Watcom v3 code symbol; byte-identical import SHA256 45d00510f993d321d2288b0791a96297893de9e5e0dc24d36246e41e144008ce; tools/watcom_debug.py; tools/register_watcom_debug.py	size:592	Original module: C:\SOURCES\BEN11\3DC_COLL.C. Symbol object 1 offset 000443a8. Direct original-build import; no retail equivalence or prototype inferred.
000545f8	FaceInside_	recovered	DREAMS.EXE embedded Watcom v3 code symbol; byte-identical import SHA256 45d00510f993d321d2288b0791a96297893de9e5e0dc24d36246e41e144008ce; tools/watcom_debug.py; tools/register_watcom_debug.py	size:63	Original module: C:\SOURCES\BEN11\3DC_COLL.C. Symbol object 1 offset 000445f8. Direct original-build import; no retail equivalence or prototype inferred.
0005485c	InsideInside_	recovered	DREAMS.EXE embedded Watcom v3 code symbol; byte-identical import SHA256 45d00510f993d321d2288b0791a96297893de9e5e0dc24d36246e41e144008ce; tools/watcom_debug.py; tools/register_watcom_debug.py	size:5	Original module: C:\SOURCES\BEN11\3DC_COLL.C. Symbol object 1 offset 0004485c. Direct original-build import; no retail equivalence or prototype inferred.
000548b4	ClosestBoxBox_	recovered	DREAMS.EXE embedded Watcom v3 code symbol; byte-identical import SHA256 45d00510f993d321d2288b0791a96297893de9e5e0dc24d36246e41e144008ce; tools/watcom_debug.py; tools/register_watcom_debug.py	size:705	Original module: C:\SOURCES\BEN11\3DC_COLL.C. Symbol object 1 offset 000448b4. Direct original-build import; no retail equivalence or prototype inferred.
00054b78	Init_Collision_	recovered	DREAMS.EXE embedded Watcom v3 code symbol; byte-identical import SHA256 45d00510f993d321d2288b0791a96297893de9e5e0dc24d36246e41e144008ce; tools/watcom_debug.py; tools/register_watcom_debug.py	size:341	Original module: C:\SOURCES\BEN11\3DC_COLL.C. Symbol object 1 offset 00044b78. Direct original-build import; no retail equivalence or prototype inferred.
00054cd0	End_Collision_	recovered	DREAMS.EXE embedded Watcom v3 code symbol; byte-identical import SHA256 45d00510f993d321d2288b0791a96297893de9e5e0dc24d36246e41e144008ce; tools/watcom_debug.py; tools/register_watcom_debug.py	size:82	Original module: C:\SOURCES\BEN11\3DC_COLL.C. Symbol object 1 offset 00044cd0. Direct original-build import; no retail equivalence or prototype inferred.
00054d24	Find_Box_	recovered	DREAMS.EXE embedded Watcom v3 code symbol; byte-identical import SHA256 45d00510f993d321d2288b0791a96297893de9e5e0dc24d36246e41e144008ce; tools/watcom_debug.py; tools/register_watcom_debug.py	size:71	Original module: C:\SOURCES\BEN11\3DC_COLL.C. Symbol object 1 offset 00044d24. Direct original-build import; no retail equivalence or prototype inferred.
00054d6c	Enable_Box_	recovered	DREAMS.EXE embedded Watcom v3 code symbol; byte-identical import SHA256 45d00510f993d321d2288b0791a96297893de9e5e0dc24d36246e41e144008ce; tools/watcom_debug.py; tools/register_watcom_debug.py	size:452	Original module: C:\SOURCES\BEN11\3DC_COLL.C. Symbol object 1 offset 00044d6c. Direct original-build import; no retail equivalence or prototype inferred.
00054f30	Disable_Box_	recovered	DREAMS.EXE embedded Watcom v3 code symbol; byte-identical import SHA256 45d00510f993d321d2288b0791a96297893de9e5e0dc24d36246e41e144008ce; tools/watcom_debug.py; tools/register_watcom_debug.py	size:762	Original module: C:\SOURCES\BEN11\3DC_COLL.C. Symbol object 1 offset 00044f30. Direct original-build import; no retail equivalence or prototype inferred.
0005522c	Create_Pair_	recovered	DREAMS.EXE embedded Watcom v3 code symbol; byte-identical import SHA256 45d00510f993d321d2288b0791a96297893de9e5e0dc24d36246e41e144008ce; tools/watcom_debug.py; tools/register_watcom_debug.py	size:84	Original module: C:\SOURCES\BEN11\3DC_COLL.C. Symbol object 1 offset 0004522c. Direct original-build import; no retail equivalence or prototype inferred.
00055280	Delete_Pair_	recovered	DREAMS.EXE embedded Watcom v3 code symbol; byte-identical import SHA256 45d00510f993d321d2288b0791a96297893de9e5e0dc24d36246e41e144008ce; tools/watcom_debug.py; tools/register_watcom_debug.py	size:114	Original module: C:\SOURCES\BEN11\3DC_COLL.C. Symbol object 1 offset 00045280. Direct original-build import; no retail equivalence or prototype inferred.
000552f4	Enable_Box_Pair_	recovered	DREAMS.EXE embedded Watcom v3 code symbol; byte-identical import SHA256 45d00510f993d321d2288b0791a96297893de9e5e0dc24d36246e41e144008ce; tools/watcom_debug.py; tools/register_watcom_debug.py	size:102	Original module: C:\SOURCES\BEN11\3DC_COLL.C. Symbol object 1 offset 000452f4. Direct original-build import; no retail equivalence or prototype inferred.
0005535c	Disable_Box_Pair_	recovered	DREAMS.EXE embedded Watcom v3 code symbol; byte-identical import SHA256 45d00510f993d321d2288b0791a96297893de9e5e0dc24d36246e41e144008ce; tools/watcom_debug.py; tools/register_watcom_debug.py	size:121	Original module: C:\SOURCES\BEN11\3DC_COLL.C. Symbol object 1 offset 0004535c. Direct original-build import; no retail equivalence or prototype inferred.
000553d8	Check_Collision_	recovered	DREAMS.EXE embedded Watcom v3 code symbol; byte-identical import SHA256 45d00510f993d321d2288b0791a96297893de9e5e0dc24d36246e41e144008ce; tools/watcom_debug.py; tools/register_watcom_debug.py	size:2185	Original module: C:\SOURCES\BEN11\3DC_COLL.C. Symbol object 1 offset 000453d8. Direct original-build import; no retail equivalence or prototype inferred.
00055c64	Get_Pair_Collision_	recovered	DREAMS.EXE embedded Watcom v3 code symbol; byte-identical import SHA256 45d00510f993d321d2288b0791a96297893de9e5e0dc24d36246e41e144008ce; tools/watcom_debug.py; tools/register_watcom_debug.py	size:415	Original module: C:\SOURCES\BEN11\3DC_COLL.C. Symbol object 1 offset 00045c64. Direct original-build import; no retail equivalence or prototype inferred.
00055e04	Get_Pair_Closest_Point_	recovered	DREAMS.EXE embedded Watcom v3 code symbol; byte-identical import SHA256 45d00510f993d321d2288b0791a96297893de9e5e0dc24d36246e41e144008ce; tools/watcom_debug.py; tools/register_watcom_debug.py	size:192	Original module: C:\SOURCES\BEN11\3DC_COLL.C. Symbol object 1 offset 00045e04. Direct original-build import; no retail equivalence or prototype inferred.
00055ed0	Heap_Init_	recovered	DREAMS.EXE embedded Watcom v3 code symbol; byte-identical import SHA256 45d00510f993d321d2288b0791a96297893de9e5e0dc24d36246e41e144008ce; tools/watcom_debug.py; tools/register_watcom_debug.py	size:6	Original module: C:\SOURCES\BEN11\3DC_MEM.C. Symbol object 1 offset 00045ed0. Direct original-build import; no retail equivalence or prototype inferred.
00055ed8	Heap_Alloc_	recovered	DREAMS.EXE embedded Watcom v3 code symbol; byte-identical import SHA256 45d00510f993d321d2288b0791a96297893de9e5e0dc24d36246e41e144008ce; tools/watcom_debug.py; tools/register_watcom_debug.py	size:60	Original module: C:\SOURCES\BEN11\3DC_MEM.C. Symbol object 1 offset 00045ed8. Direct original-build import; no retail equivalence or prototype inferred.
00055f14	Get_Free_Memory_	recovered	DREAMS.EXE embedded Watcom v3 code symbol; byte-identical import SHA256 45d00510f993d321d2288b0791a96297893de9e5e0dc24d36246e41e144008ce; tools/watcom_debug.py; tools/register_watcom_debug.py	size:6	Original module: C:\SOURCES\BEN11\3DC_MEM.C. Symbol object 1 offset 00045f14. Direct original-build import; no retail equivalence or prototype inferred.
00055f1c	Alloc_Memory_	recovered	DREAMS.EXE embedded Watcom v3 code symbol; byte-identical import SHA256 45d00510f993d321d2288b0791a96297893de9e5e0dc24d36246e41e144008ce; tools/watcom_debug.py; tools/register_watcom_debug.py	size:21	Original module: C:\SOURCES\BEN11\3DC_MEM.C. Symbol object 1 offset 00045f1c. Direct original-build import; no retail equivalence or prototype inferred.
00055f34	debut_obj_	recovered	DREAMS.EXE embedded Watcom v3 code symbol; byte-identical import SHA256 45d00510f993d321d2288b0791a96297893de9e5e0dc24d36246e41e144008ce; tools/watcom_debug.py; tools/register_watcom_debug.py	size:4	Original module: C:\SOURCES\BEN11\3DC_MEM.C. Symbol object 1 offset 00045f34. Direct original-build import; no retail equivalence or prototype inferred.
00055f38	Give_Obj_Addr_	recovered	DREAMS.EXE embedded Watcom v3 code symbol; byte-identical import SHA256 45d00510f993d321d2288b0791a96297893de9e5e0dc24d36246e41e144008ce; tools/watcom_debug.py; tools/register_watcom_debug.py	size:16	Original module: C:\SOURCES\BEN11\3DC_MEM.C. Symbol object 1 offset 00045f38. Direct original-build import; no retail equivalence or prototype inferred.
00055f48	Get_Handle_Addr_	recovered	DREAMS.EXE embedded Watcom v3 code symbol; byte-identical import SHA256 45d00510f993d321d2288b0791a96297893de9e5e0dc24d36246e41e144008ce; tools/watcom_debug.py; tools/register_watcom_debug.py	size:27	Original module: C:\SOURCES\BEN11\3DC_MEM.C. Symbol object 1 offset 00045f48. Direct original-build import; no retail equivalence or prototype inferred.
00055f64	Get_Handle_	recovered	DREAMS.EXE embedded Watcom v3 code symbol; byte-identical import SHA256 45d00510f993d321d2288b0791a96297893de9e5e0dc24d36246e41e144008ce; tools/watcom_debug.py; tools/register_watcom_debug.py	size:95	Original module: C:\SOURCES\BEN11\3DC_MEM.C. Symbol object 1 offset 00045f64. Direct original-build import; no retail equivalence or prototype inferred.
00055fc4	Get_Free_Handle_	recovered	DREAMS.EXE embedded Watcom v3 code symbol; byte-identical import SHA256 45d00510f993d321d2288b0791a96297893de9e5e0dc24d36246e41e144008ce; tools/watcom_debug.py; tools/register_watcom_debug.py	size:83	Original module: C:\SOURCES\BEN11\3DC_MEM.C. Symbol object 1 offset 00045fc4. Direct original-build import; no retail equivalence or prototype inferred.
00056018	Get_Obj_	recovered	DREAMS.EXE embedded Watcom v3 code symbol; byte-identical import SHA256 45d00510f993d321d2288b0791a96297893de9e5e0dc24d36246e41e144008ce; tools/watcom_debug.py; tools/register_watcom_debug.py	size:82	Original module: C:\SOURCES\BEN11\3DC_MEM.C. Symbol object 1 offset 00046018. Direct original-build import; no retail equivalence or prototype inferred.
0005606c	Get_CMesh_Addr_	recovered	DREAMS.EXE embedded Watcom v3 code symbol; byte-identical import SHA256 45d00510f993d321d2288b0791a96297893de9e5e0dc24d36246e41e144008ce; tools/watcom_debug.py; tools/register_watcom_debug.py	size:28	Original module: C:\SOURCES\BEN11\3DC_MEM.C. Symbol object 1 offset 0004606c. Direct original-build import; no retail equivalence or prototype inferred.
00056088	Get_Morph_Anim_	recovered	DREAMS.EXE embedded Watcom v3 code symbol; byte-identical import SHA256 45d00510f993d321d2288b0791a96297893de9e5e0dc24d36246e41e144008ce; tools/watcom_debug.py; tools/register_watcom_debug.py	size:45	Original module: C:\SOURCES\BEN11\3DC_MEM.C. Symbol object 1 offset 00046088. Direct original-build import; no retail equivalence or prototype inferred.
000560b8	Get_Morphrot_Anim_	recovered	DREAMS.EXE embedded Watcom v3 code symbol; byte-identical import SHA256 45d00510f993d321d2288b0791a96297893de9e5e0dc24d36246e41e144008ce; tools/watcom_debug.py; tools/register_watcom_debug.py	size:45	Original module: C:\SOURCES\BEN11\3DC_MEM.C. Symbol object 1 offset 000460b8. Direct original-build import; no retail equivalence or prototype inferred.
0005619c	MAJ_Objet_Map_	recovered	DREAMS.EXE embedded Watcom v3 code symbol; byte-identical import SHA256 45d00510f993d321d2288b0791a96297893de9e5e0dc24d36246e41e144008ce; tools/watcom_debug.py; tools/register_watcom_debug.py	size:360	Original module: C:\SOURCES\BEN11\3DC_MEM.C. Symbol object 1 offset 0004619c. Direct original-build import; no retail equivalence or prototype inferred.
000563b8	Update_faces_	recovered	DREAMS.EXE embedded Watcom v3 code symbol; byte-identical import SHA256 45d00510f993d321d2288b0791a96297893de9e5e0dc24d36246e41e144008ce; tools/watcom_debug.py; tools/register_watcom_debug.py	size:1025	Original module: C:\SOURCES\BEN11\3DC_MEM.C. Symbol object 1 offset 000463b8. Direct original-build import; no retail equivalence or prototype inferred.
00056870	Update_edges_	recovered	DREAMS.EXE embedded Watcom v3 code symbol; byte-identical import SHA256 45d00510f993d321d2288b0791a96297893de9e5e0dc24d36246e41e144008ce; tools/watcom_debug.py; tools/register_watcom_debug.py	size:432	Original module: C:\SOURCES\BEN11\3DC_MEM.C. Symbol object 1 offset 00046870. Direct original-build import; no retail equivalence or prototype inferred.
00056a20	MAJ_Objet_	recovered	DREAMS.EXE embedded Watcom v3 code symbol; byte-identical import SHA256 45d00510f993d321d2288b0791a96297893de9e5e0dc24d36246e41e144008ce; tools/watcom_debug.py; tools/register_watcom_debug.py	size:220	Original module: C:\SOURCES\BEN11\3DC_MEM.C. Symbol object 1 offset 00046a20. Direct original-build import; no retail equivalence or prototype inferred.
00056afc	Update_Object_	recovered	DREAMS.EXE embedded Watcom v3 code symbol; byte-identical import SHA256 45d00510f993d321d2288b0791a96297893de9e5e0dc24d36246e41e144008ce; tools/watcom_debug.py; tools/register_watcom_debug.py	size:108	Original module: C:\SOURCES\BEN11\3DC_MEM.C. Symbol object 1 offset 00046afc. Direct original-build import; no retail equivalence or prototype inferred.
00056b68	Update_Header_Object_	recovered	DREAMS.EXE embedded Watcom v3 code symbol; byte-identical import SHA256 45d00510f993d321d2288b0791a96297893de9e5e0dc24d36246e41e144008ce; tools/watcom_debug.py; tools/register_watcom_debug.py	size:36	Original module: C:\SOURCES\BEN11\3DC_MEM.C. Symbol object 1 offset 00046b68. Direct original-build import; no retail equivalence or prototype inferred.
00056b8c	Update_class_pointer_	recovered	DREAMS.EXE embedded Watcom v3 code symbol; byte-identical import SHA256 45d00510f993d321d2288b0791a96297893de9e5e0dc24d36246e41e144008ce; tools/watcom_debug.py; tools/register_watcom_debug.py	size:108	Original module: C:\SOURCES\BEN11\3DC_MEM.C. Symbol object 1 offset 00046b8c. Direct original-build import; no retail equivalence or prototype inferred.
00056bf8	Update_Anim_Rot_	recovered	DREAMS.EXE embedded Watcom v3 code symbol; byte-identical import SHA256 45d00510f993d321d2288b0791a96297893de9e5e0dc24d36246e41e144008ce; tools/watcom_debug.py; tools/register_watcom_debug.py	size:53	Original module: C:\SOURCES\BEN11\3DC_MEM.C. Symbol object 1 offset 00046bf8. Direct original-build import; no retail equivalence or prototype inferred.
00056c30	Update_Anim_Rot2_	recovered	DREAMS.EXE embedded Watcom v3 code symbol; byte-identical import SHA256 45d00510f993d321d2288b0791a96297893de9e5e0dc24d36246e41e144008ce; tools/watcom_debug.py; tools/register_watcom_debug.py	size:53	Original module: C:\SOURCES\BEN11\3DC_MEM.C. Symbol object 1 offset 00046c30. Direct original-build import; no retail equivalence or prototype inferred.
00056c68	Update_Mesh_Coll_	recovered	DREAMS.EXE embedded Watcom v3 code symbol; byte-identical import SHA256 45d00510f993d321d2288b0791a96297893de9e5e0dc24d36246e41e144008ce; tools/watcom_debug.py; tools/register_watcom_debug.py	size:129	Original module: C:\SOURCES\BEN11\3DC_MEM.C. Symbol object 1 offset 00046c68. Direct original-build import; no retail equivalence or prototype inferred.
00056cec	Update_Map_	recovered	DREAMS.EXE embedded Watcom v3 code symbol; byte-identical import SHA256 45d00510f993d321d2288b0791a96297893de9e5e0dc24d36246e41e144008ce; tools/watcom_debug.py; tools/register_watcom_debug.py	size:522	Original module: C:\SOURCES\BEN11\3DC_MEM.C. Symbol object 1 offset 00046cec. Direct original-build import; no retail equivalence or prototype inferred.
00056ef8	Dec_Map_counter_	recovered	DREAMS.EXE embedded Watcom v3 code symbol; byte-identical import SHA256 45d00510f993d321d2288b0791a96297893de9e5e0dc24d36246e41e144008ce; tools/watcom_debug.py; tools/register_watcom_debug.py	size:290	Original module: C:\SOURCES\BEN11\3DC_MEM.C. Symbol object 1 offset 00046ef8. Direct original-build import; no retail equivalence or prototype inferred.
0005701c	Update_Header_	recovered	DREAMS.EXE embedded Watcom v3 code symbol; byte-identical import SHA256 45d00510f993d321d2288b0791a96297893de9e5e0dc24d36246e41e144008ce; tools/watcom_debug.py; tools/register_watcom_debug.py	size:172	Original module: C:\SOURCES\BEN11\3DC_MEM.C. Symbol object 1 offset 0004701c. Direct original-build import; no retail equivalence or prototype inferred.
000570c8	Update_Header2_	recovered	DREAMS.EXE embedded Watcom v3 code symbol; byte-identical import SHA256 45d00510f993d321d2288b0791a96297893de9e5e0dc24d36246e41e144008ce; tools/watcom_debug.py; tools/register_watcom_debug.py	size:184	Original module: C:\SOURCES\BEN11\3DC_MEM.C. Symbol object 1 offset 000470c8. Direct original-build import; no retail equivalence or prototype inferred.
00057198	Defrag_	recovered	DREAMS.EXE embedded Watcom v3 code symbol; byte-identical import SHA256 45d00510f993d321d2288b0791a96297893de9e5e0dc24d36246e41e144008ce; tools/watcom_debug.py; tools/register_watcom_debug.py	size:162	Original module: C:\SOURCES\BEN11\3DC_MEM.C. Symbol object 1 offset 00047198. Direct original-build import; no retail equivalence or prototype inferred.
000574cc	Defrag_All_	recovered	DREAMS.EXE embedded Watcom v3 code symbol; byte-identical import SHA256 45d00510f993d321d2288b0791a96297893de9e5e0dc24d36246e41e144008ce; tools/watcom_debug.py; tools/register_watcom_debug.py	size:79	Original module: C:\SOURCES\BEN11\3DC_MEM.C. Symbol object 1 offset 000474cc. Direct original-build import; no retail equivalence or prototype inferred.
0005751c	Init3D_Mem_	recovered	DREAMS.EXE embedded Watcom v3 code symbol; byte-identical import SHA256 45d00510f993d321d2288b0791a96297893de9e5e0dc24d36246e41e144008ce; tools/watcom_debug.py; tools/register_watcom_debug.py	size:440	Original module: C:\SOURCES\BEN11\3DC_MEM.C. Symbol object 1 offset 0004751c. Direct original-build import; no retail equivalence or prototype inferred.
000576d4	Init3D_Res_	recovered	DREAMS.EXE embedded Watcom v3 code symbol; byte-identical import SHA256 45d00510f993d321d2288b0791a96297893de9e5e0dc24d36246e41e144008ce; tools/watcom_debug.py; tools/register_watcom_debug.py	size:124	Original module: C:\SOURCES\BEN11\3DC_MEM.C. Symbol object 1 offset 000476d4. Direct original-build import; no retail equivalence or prototype inferred.
00057750	Set_Aspect_Ratio_	recovered	DREAMS.EXE embedded Watcom v3 code symbol; byte-identical import SHA256 45d00510f993d321d2288b0791a96297893de9e5e0dc24d36246e41e144008ce; tools/watcom_debug.py; tools/register_watcom_debug.py	size:14	Original module: C:\SOURCES\BEN11\3DC_MEM.C. Symbol object 1 offset 00047750. Direct original-build import; no retail equivalence or prototype inferred.
00057760	Init3D_View_	recovered	DREAMS.EXE embedded Watcom v3 code symbol; byte-identical import SHA256 45d00510f993d321d2288b0791a96297893de9e5e0dc24d36246e41e144008ce; tools/watcom_debug.py; tools/register_watcom_debug.py	size:316	Original module: C:\SOURCES\BEN11\3DC_MEM.C. Symbol object 1 offset 00047760. Direct original-build import; no retail equivalence or prototype inferred.
0005789c	Init3D_View2_	recovered	DREAMS.EXE embedded Watcom v3 code symbol; byte-identical import SHA256 45d00510f993d321d2288b0791a96297893de9e5e0dc24d36246e41e144008ce; tools/watcom_debug.py; tools/register_watcom_debug.py	size:303	Original module: C:\SOURCES\BEN11\3DC_MEM.C. Symbol object 1 offset 0004789c. Direct original-build import; no retail equivalence or prototype inferred.
000579cc	Set_Near_ZClip_	recovered	DREAMS.EXE embedded Watcom v3 code symbol; byte-identical import SHA256 45d00510f993d321d2288b0791a96297893de9e5e0dc24d36246e41e144008ce; tools/watcom_debug.py; tools/register_watcom_debug.py	size:7	Original module: C:\SOURCES\BEN11\3DC_MEM.C. Symbol object 1 offset 000479cc. Direct original-build import; no retail equivalence or prototype inferred.
000579d4	Set_Far_ZClip_	recovered	DREAMS.EXE embedded Watcom v3 code symbol; byte-identical import SHA256 45d00510f993d321d2288b0791a96297893de9e5e0dc24d36246e41e144008ce; tools/watcom_debug.py; tools/register_watcom_debug.py	size:8	Original module: C:\SOURCES\BEN11\3DC_MEM.C. Symbol object 1 offset 000479d4. Direct original-build import; no retail equivalence or prototype inferred.
000579dc	Compute_Normals_	recovered	DREAMS.EXE embedded Watcom v3 code symbol; byte-identical import SHA256 45d00510f993d321d2288b0791a96297893de9e5e0dc24d36246e41e144008ce; tools/watcom_debug.py; tools/register_watcom_debug.py	size:311	Original module: C:\SOURCES\BEN11\3DC_MEM.C. Symbol object 1 offset 000479dc. Direct original-build import; no retail equivalence or prototype inferred.
00057b14	Check_File_	recovered	DREAMS.EXE embedded Watcom v3 code symbol; byte-identical import SHA256 45d00510f993d321d2288b0791a96297893de9e5e0dc24d36246e41e144008ce; tools/watcom_debug.py; tools/register_watcom_debug.py	size:24	Original module: C:\SOURCES\BEN11\3DC_MEM.C. Symbol object 1 offset 00047b14. Direct original-build import; no retail equivalence or prototype inferred.
00057b2c	Create_Obj_	recovered	DREAMS.EXE embedded Watcom v3 code symbol; byte-identical import SHA256 45d00510f993d321d2288b0791a96297893de9e5e0dc24d36246e41e144008ce; tools/watcom_debug.py; tools/register_watcom_debug.py	size:98	Original module: C:\SOURCES\BEN11\3DC_MEM.C. Symbol object 1 offset 00047b2c. Direct original-build import; no retail equivalence or prototype inferred.
00057b90	Dup_Obj_	recovered	DREAMS.EXE embedded Watcom v3 code symbol; byte-identical import SHA256 45d00510f993d321d2288b0791a96297893de9e5e0dc24d36246e41e144008ce; tools/watcom_debug.py; tools/register_watcom_debug.py	size:198	Original module: C:\SOURCES\BEN11\3DC_MEM.C. Symbol object 1 offset 00047b90. Direct original-build import; no retail equivalence or prototype inferred.
00057c70	Kill_Obj_	recovered	DREAMS.EXE embedded Watcom v3 code symbol; byte-identical import SHA256 45d00510f993d321d2288b0791a96297893de9e5e0dc24d36246e41e144008ce; tools/watcom_debug.py; tools/register_watcom_debug.py	size:256	Original module: C:\SOURCES\BEN11\3DC_MEM.C. Symbol object 1 offset 00047c70. Direct original-build import; no retail equivalence or prototype inferred.
00057d88	Scale_Obj_	recovered	DREAMS.EXE embedded Watcom v3 code symbol; byte-identical import SHA256 45d00510f993d321d2288b0791a96297893de9e5e0dc24d36246e41e144008ce; tools/watcom_debug.py; tools/register_watcom_debug.py	size:678	Original module: C:\SOURCES\BEN11\3DC_MEM.C. Symbol object 1 offset 00047d88. Direct original-build import; no retail equivalence or prototype inferred.
00058030	Link_Obj_	recovered	DREAMS.EXE embedded Watcom v3 code symbol; byte-identical import SHA256 45d00510f993d321d2288b0791a96297893de9e5e0dc24d36246e41e144008ce; tools/watcom_debug.py; tools/register_watcom_debug.py	size:78	Original module: C:\SOURCES\BEN11\3DC_MEM.C. Symbol object 1 offset 00048030. Direct original-build import; no retail equivalence or prototype inferred.
00058080	UnLink_Obj_	recovered	DREAMS.EXE embedded Watcom v3 code symbol; byte-identical import SHA256 45d00510f993d321d2288b0791a96297893de9e5e0dc24d36246e41e144008ce; tools/watcom_debug.py; tools/register_watcom_debug.py	size:122	Original module: C:\SOURCES\BEN11\3DC_MEM.C. Symbol object 1 offset 00048080. Direct original-build import; no retail equivalence or prototype inferred.
000580fc	Set_Obj_Illum_	recovered	DREAMS.EXE embedded Watcom v3 code symbol; byte-identical import SHA256 45d00510f993d321d2288b0791a96297893de9e5e0dc24d36246e41e144008ce; tools/watcom_debug.py; tools/register_watcom_debug.py	size:72	Original module: C:\SOURCES\BEN11\3DC_MEM.C. Symbol object 1 offset 000480fc. Direct original-build import; no retail equivalence or prototype inferred.
00058144	Freeze_Obj_	recovered	DREAMS.EXE embedded Watcom v3 code symbol; byte-identical import SHA256 45d00510f993d321d2288b0791a96297893de9e5e0dc24d36246e41e144008ce; tools/watcom_debug.py; tools/register_watcom_debug.py	size:22	Original module: C:\SOURCES\BEN11\3DC_MEM.C. Symbol object 1 offset 00048144. Direct original-build import; no retail equivalence or prototype inferred.
0005815c	UnFreeze_Obj_	recovered	DREAMS.EXE embedded Watcom v3 code symbol; byte-identical import SHA256 45d00510f993d321d2288b0791a96297893de9e5e0dc24d36246e41e144008ce; tools/watcom_debug.py; tools/register_watcom_debug.py	size:22	Original module: C:\SOURCES\BEN11\3DC_MEM.C. Symbol object 1 offset 0004815c. Direct original-build import; no retail equivalence or prototype inferred.
00058174	Hide_Obj_	recovered	DREAMS.EXE embedded Watcom v3 code symbol; byte-identical import SHA256 45d00510f993d321d2288b0791a96297893de9e5e0dc24d36246e41e144008ce; tools/watcom_debug.py; tools/register_watcom_debug.py	size:22	Original module: C:\SOURCES\BEN11\3DC_MEM.C. Symbol object 1 offset 00048174. Direct original-build import; no retail equivalence or prototype inferred.
0005818c	UnHide_Obj_	recovered	DREAMS.EXE embedded Watcom v3 code symbol; byte-identical import SHA256 45d00510f993d321d2288b0791a96297893de9e5e0dc24d36246e41e144008ce; tools/watcom_debug.py; tools/register_watcom_debug.py	size:22	Original module: C:\SOURCES\BEN11\3DC_MEM.C. Symbol object 1 offset 0004818c. Direct original-build import; no retail equivalence or prototype inferred.
000581a4	NoClipFar_Obj_	recovered	DREAMS.EXE embedded Watcom v3 code symbol; byte-identical import SHA256 45d00510f993d321d2288b0791a96297893de9e5e0dc24d36246e41e144008ce; tools/watcom_debug.py; tools/register_watcom_debug.py	size:22	Original module: C:\SOURCES\BEN11\3DC_MEM.C. Symbol object 1 offset 000481a4. Direct original-build import; no retail equivalence or prototype inferred.
000581bc	ClipFar_Obj_	recovered	DREAMS.EXE embedded Watcom v3 code symbol; byte-identical import SHA256 45d00510f993d321d2288b0791a96297893de9e5e0dc24d36246e41e144008ce; tools/watcom_debug.py; tools/register_watcom_debug.py	size:22	Original module: C:\SOURCES\BEN11\3DC_MEM.C. Symbol object 1 offset 000481bc. Direct original-build import; no retail equivalence or prototype inferred.
000581d4	Env_Mapping_Obj_	recovered	DREAMS.EXE embedded Watcom v3 code symbol; byte-identical import SHA256 45d00510f993d321d2288b0791a96297893de9e5e0dc24d36246e41e144008ce; tools/watcom_debug.py; tools/register_watcom_debug.py	size:28	Original module: C:\SOURCES\BEN11\3DC_MEM.C. Symbol object 1 offset 000481d4. Direct original-build import; no retail equivalence or prototype inferred.
000581f0	Miror_Obj_	recovered	DREAMS.EXE embedded Watcom v3 code symbol; byte-identical import SHA256 45d00510f993d321d2288b0791a96297893de9e5e0dc24d36246e41e144008ce; tools/watcom_debug.py; tools/register_watcom_debug.py	size:28	Original module: C:\SOURCES\BEN11\3DC_MEM.C. Symbol object 1 offset 000481f0. Direct original-build import; no retail equivalence or prototype inferred.
0005820c	Change_Object_Material2_	recovered	DREAMS.EXE embedded Watcom v3 code symbol; byte-identical import SHA256 45d00510f993d321d2288b0791a96297893de9e5e0dc24d36246e41e144008ce; tools/watcom_debug.py; tools/register_watcom_debug.py	size:230	Original module: C:\SOURCES\BEN11\3DC_MEM.C. Symbol object 1 offset 0004820c. Direct original-build import; no retail equivalence or prototype inferred.
000582f4	Change_Object_Classes2_	recovered	DREAMS.EXE embedded Watcom v3 code symbol; byte-identical import SHA256 45d00510f993d321d2288b0791a96297893de9e5e0dc24d36246e41e144008ce; tools/watcom_debug.py; tools/register_watcom_debug.py	size:179	Original module: C:\SOURCES\BEN11\3DC_MEM.C. Symbol object 1 offset 000482f4. Direct original-build import; no retail equivalence or prototype inferred.
000583a8	Change_All_Classes_	recovered	DREAMS.EXE embedded Watcom v3 code symbol; byte-identical import SHA256 45d00510f993d321d2288b0791a96297893de9e5e0dc24d36246e41e144008ce; tools/watcom_debug.py; tools/register_watcom_debug.py	size:194	Original module: C:\SOURCES\BEN11\3DC_MEM.C. Symbol object 1 offset 000483a8. Direct original-build import; no retail equivalence or prototype inferred.
0005846c	Change_Object_Material_	recovered	DREAMS.EXE embedded Watcom v3 code symbol; byte-identical import SHA256 45d00510f993d321d2288b0791a96297893de9e5e0dc24d36246e41e144008ce; tools/watcom_debug.py; tools/register_watcom_debug.py	size:127	Original module: C:\SOURCES\BEN11\3DC_MEM.C. Symbol object 1 offset 0004846c. Direct original-build import; no retail equivalence or prototype inferred.
000584ec	Change_Object_Classes_	recovered	DREAMS.EXE embedded Watcom v3 code symbol; byte-identical import SHA256 45d00510f993d321d2288b0791a96297893de9e5e0dc24d36246e41e144008ce; tools/watcom_debug.py; tools/register_watcom_debug.py	size:120	Original module: C:\SOURCES\BEN11\3DC_MEM.C. Symbol object 1 offset 000484ec. Direct original-build import; no retail equivalence or prototype inferred.
00058564	Get_Name_Elts_	recovered	DREAMS.EXE embedded Watcom v3 code symbol; byte-identical import SHA256 45d00510f993d321d2288b0791a96297893de9e5e0dc24d36246e41e144008ce; tools/watcom_debug.py; tools/register_watcom_debug.py	size:15	Original module: C:\SOURCES\BEN11\3DC_MEM.C. Symbol object 1 offset 00048564. Direct original-build import; no retail equivalence or prototype inferred.
00058574	Get_Nb_Elts_	recovered	DREAMS.EXE embedded Watcom v3 code symbol; byte-identical import SHA256 45d00510f993d321d2288b0791a96297893de9e5e0dc24d36246e41e144008ce; tools/watcom_debug.py; tools/register_watcom_debug.py	size:46	Original module: C:\SOURCES\BEN11\3DC_MEM.C. Symbol object 1 offset 00048574. Direct original-build import; no retail equivalence or prototype inferred.
000585a4	Get_Root_	recovered	DREAMS.EXE embedded Watcom v3 code symbol; byte-identical import SHA256 45d00510f993d321d2288b0791a96297893de9e5e0dc24d36246e41e144008ce; tools/watcom_debug.py; tools/register_watcom_debug.py	size:19	Original module: C:\SOURCES\BEN11\3DC_MEM.C. Symbol object 1 offset 000485a4. Direct original-build import; no retail equivalence or prototype inferred.
000585b8	Get_Father_	recovered	DREAMS.EXE embedded Watcom v3 code symbol; byte-identical import SHA256 45d00510f993d321d2288b0791a96297893de9e5e0dc24d36246e41e144008ce; tools/watcom_debug.py; tools/register_watcom_debug.py	size:101	Original module: C:\SOURCES\BEN11\3DC_MEM.C. Symbol object 1 offset 000485b8. Direct original-build import; no retail equivalence or prototype inferred.
00058620	Get_Child_	recovered	DREAMS.EXE embedded Watcom v3 code symbol; byte-identical import SHA256 45d00510f993d321d2288b0791a96297893de9e5e0dc24d36246e41e144008ce; tools/watcom_debug.py; tools/register_watcom_debug.py	size:101	Original module: C:\SOURCES\BEN11\3DC_MEM.C. Symbol object 1 offset 00048620. Direct original-build import; no retail equivalence or prototype inferred.
00058688	Get_Brother_	recovered	DREAMS.EXE embedded Watcom v3 code symbol; byte-identical import SHA256 45d00510f993d321d2288b0791a96297893de9e5e0dc24d36246e41e144008ce; tools/watcom_debug.py; tools/register_watcom_debug.py	size:101	Original module: C:\SOURCES\BEN11\3DC_MEM.C. Symbol object 1 offset 00048688. Direct original-build import; no retail equivalence or prototype inferred.
000586f0	Get_Local_Matrix_	recovered	DREAMS.EXE embedded Watcom v3 code symbol; byte-identical import SHA256 45d00510f993d321d2288b0791a96297893de9e5e0dc24d36246e41e144008ce; tools/watcom_debug.py; tools/register_watcom_debug.py	size:50	Original module: C:\SOURCES\BEN11\3DC_MEM.C. Symbol object 1 offset 000486f0. Direct original-build import; no retail equivalence or prototype inferred.
00058724	Get_Local_Pos_	recovered	DREAMS.EXE embedded Watcom v3 code symbol; byte-identical import SHA256 45d00510f993d321d2288b0791a96297893de9e5e0dc24d36246e41e144008ce; tools/watcom_debug.py; tools/register_watcom_debug.py	size:50	Original module: C:\SOURCES\BEN11\3DC_MEM.C. Symbol object 1 offset 00048724. Direct original-build import; no retail equivalence or prototype inferred.
00058758	Set_Local_Matrix_	recovered	DREAMS.EXE embedded Watcom v3 code symbol; byte-identical import SHA256 45d00510f993d321d2288b0791a96297893de9e5e0dc24d36246e41e144008ce; tools/watcom_debug.py; tools/register_watcom_debug.py	size:106	Original module: C:\SOURCES\BEN11\3DC_MEM.C. Symbol object 1 offset 00048758. Direct original-build import; no retail equivalence or prototype inferred.
000587c4	Set_Local_Pos_	recovered	DREAMS.EXE embedded Watcom v3 code symbol; byte-identical import SHA256 45d00510f993d321d2288b0791a96297893de9e5e0dc24d36246e41e144008ce; tools/watcom_debug.py; tools/register_watcom_debug.py	size:93	Original module: C:\SOURCES\BEN11\3DC_MEM.C. Symbol object 1 offset 000487c4. Direct original-build import; no retail equivalence or prototype inferred.
00058824	Get_Global_Matrix_	recovered	DREAMS.EXE embedded Watcom v3 code symbol; byte-identical import SHA256 45d00510f993d321d2288b0791a96297893de9e5e0dc24d36246e41e144008ce; tools/watcom_debug.py; tools/register_watcom_debug.py	size:33	Original module: C:\SOURCES\BEN11\3DC_MEM.C. Symbol object 1 offset 00048824. Direct original-build import; no retail equivalence or prototype inferred.
00058848	Get_Global_Pos_	recovered	DREAMS.EXE embedded Watcom v3 code symbol; byte-identical import SHA256 45d00510f993d321d2288b0791a96297893de9e5e0dc24d36246e41e144008ce; tools/watcom_debug.py; tools/register_watcom_debug.py	size:33	Original module: C:\SOURCES\BEN11\3DC_MEM.C. Symbol object 1 offset 00048848. Direct original-build import; no retail equivalence or prototype inferred.
0005886c	Set_Global_Matrix_	recovered	DREAMS.EXE embedded Watcom v3 code symbol; byte-identical import SHA256 45d00510f993d321d2288b0791a96297893de9e5e0dc24d36246e41e144008ce; tools/watcom_debug.py; tools/register_watcom_debug.py	size:81	Original module: C:\SOURCES\BEN11\3DC_MEM.C. Symbol object 1 offset 0004886c. Direct original-build import; no retail equivalence or prototype inferred.
000588c0	Set_Global_Pos_	recovered	DREAMS.EXE embedded Watcom v3 code symbol; byte-identical import SHA256 45d00510f993d321d2288b0791a96297893de9e5e0dc24d36246e41e144008ce; tools/watcom_debug.py; tools/register_watcom_debug.py	size:100	Original module: C:\SOURCES\BEN11\3DC_MEM.C. Symbol object 1 offset 000488c0. Direct original-build import; no retail equivalence or prototype inferred.
00058924	Get_World_Matrix_	recovered	DREAMS.EXE embedded Watcom v3 code symbol; byte-identical import SHA256 45d00510f993d321d2288b0791a96297893de9e5e0dc24d36246e41e144008ce; tools/watcom_debug.py; tools/register_watcom_debug.py	size:65	Original module: C:\SOURCES\BEN11\3DC_MEM.C. Symbol object 1 offset 00048924. Direct original-build import; no retail equivalence or prototype inferred.
00058968	Get_World_Pos_	recovered	DREAMS.EXE embedded Watcom v3 code symbol; byte-identical import SHA256 45d00510f993d321d2288b0791a96297893de9e5e0dc24d36246e41e144008ce; tools/watcom_debug.py; tools/register_watcom_debug.py	size:81	Original module: C:\SOURCES\BEN11\3DC_MEM.C. Symbol object 1 offset 00048968. Direct original-build import; no retail equivalence or prototype inferred.
000589bc	Get_World_Matrix2_	recovered	DREAMS.EXE embedded Watcom v3 code symbol; byte-identical import SHA256 45d00510f993d321d2288b0791a96297893de9e5e0dc24d36246e41e144008ce; tools/watcom_debug.py; tools/register_watcom_debug.py	size:64	Original module: C:\SOURCES\BEN11\3DC_MEM.C. Symbol object 1 offset 000489bc. Direct original-build import; no retail equivalence or prototype inferred.
000589fc	Get_World_Pos2_	recovered	DREAMS.EXE embedded Watcom v3 code symbol; byte-identical import SHA256 45d00510f993d321d2288b0791a96297893de9e5e0dc24d36246e41e144008ce; tools/watcom_debug.py; tools/register_watcom_debug.py	size:82	Original module: C:\SOURCES\BEN11\3DC_MEM.C. Symbol object 1 offset 000489fc. Direct original-build import; no retail equivalence or prototype inferred.
00058a50	Get_Miror_Pos_	recovered	DREAMS.EXE embedded Watcom v3 code symbol; byte-identical import SHA256 45d00510f993d321d2288b0791a96297893de9e5e0dc24d36246e41e144008ce; tools/watcom_debug.py; tools/register_watcom_debug.py	size:236	Original module: C:\SOURCES\BEN11\3DC_MEM.C. Symbol object 1 offset 00048a50. Direct original-build import; no retail equivalence or prototype inferred.
00058b3c	Get_Miror_Matrix_	recovered	DREAMS.EXE embedded Watcom v3 code symbol; byte-identical import SHA256 45d00510f993d321d2288b0791a96297893de9e5e0dc24d36246e41e144008ce; tools/watcom_debug.py; tools/register_watcom_debug.py	size:711	Original module: C:\SOURCES\BEN11\3DC_MEM.C. Symbol object 1 offset 00048b3c. Direct original-build import; no retail equivalence or prototype inferred.
00058e04	Set_Vertex_Pos_	recovered	DREAMS.EXE embedded Watcom v3 code symbol; byte-identical import SHA256 45d00510f993d321d2288b0791a96297893de9e5e0dc24d36246e41e144008ce; tools/watcom_debug.py; tools/register_watcom_debug.py	size:53	Original module: C:\SOURCES\BEN11\3DC_MEM.C. Symbol object 1 offset 00048e04. Direct original-build import; no retail equivalence or prototype inferred.
00058e3c	Get_Vertex_Pos_	recovered	DREAMS.EXE embedded Watcom v3 code symbol; byte-identical import SHA256 45d00510f993d321d2288b0791a96297893de9e5e0dc24d36246e41e144008ce; tools/watcom_debug.py; tools/register_watcom_debug.py	size:53	Original module: C:\SOURCES\BEN11\3DC_MEM.C. Symbol object 1 offset 00048e3c. Direct original-build import; no retail equivalence or prototype inferred.
00058e74	Get_Nb_Vertices_	recovered	DREAMS.EXE embedded Watcom v3 code symbol; byte-identical import SHA256 45d00510f993d321d2288b0791a96297893de9e5e0dc24d36246e41e144008ce; tools/watcom_debug.py; tools/register_watcom_debug.py	size:19	Original module: C:\SOURCES\BEN11\3DC_MEM.C. Symbol object 1 offset 00048e74. Direct original-build import; no retail equivalence or prototype inferred.
00058e88	Set_Vertices_Pos_	recovered	DREAMS.EXE embedded Watcom v3 code symbol; byte-identical import SHA256 45d00510f993d321d2288b0791a96297893de9e5e0dc24d36246e41e144008ce; tools/watcom_debug.py; tools/register_watcom_debug.py	size:80	Original module: C:\SOURCES\BEN11\3DC_MEM.C. Symbol object 1 offset 00048e88. Direct original-build import; no retail equivalence or prototype inferred.
00058ed8	Get_Vertices_Pos_	recovered	DREAMS.EXE embedded Watcom v3 code symbol; byte-identical import SHA256 45d00510f993d321d2288b0791a96297893de9e5e0dc24d36246e41e144008ce; tools/watcom_debug.py; tools/register_watcom_debug.py	size:80	Original module: C:\SOURCES\BEN11\3DC_MEM.C. Symbol object 1 offset 00048ed8. Direct original-build import; no retail equivalence or prototype inferred.
00058f28	Get_Sphere_Obj_	recovered	DREAMS.EXE embedded Watcom v3 code symbol; byte-identical import SHA256 45d00510f993d321d2288b0791a96297893de9e5e0dc24d36246e41e144008ce; tools/watcom_debug.py; tools/register_watcom_debug.py	size:49	Original module: C:\SOURCES\BEN11\3DC_MEM.C. Symbol object 1 offset 00048f28. Direct original-build import; no retail equivalence or prototype inferred.
00058f5c	Change_Obj_Mesh_	recovered	DREAMS.EXE embedded Watcom v3 code symbol; byte-identical import SHA256 45d00510f993d321d2288b0791a96297893de9e5e0dc24d36246e41e144008ce; tools/watcom_debug.py; tools/register_watcom_debug.py	size:339	Original module: C:\SOURCES\BEN11\3DC_MEM.C. Symbol object 1 offset 00048f5c. Direct original-build import; no retail equivalence or prototype inferred.
000590b0	Scan_Mem_	recovered	DREAMS.EXE embedded Watcom v3 code symbol; byte-identical import SHA256 45d00510f993d321d2288b0791a96297893de9e5e0dc24d36246e41e144008ce; tools/watcom_debug.py; tools/register_watcom_debug.py	size:60	Original module: C:\SOURCES\BEN11\3DC_MEM.C. Symbol object 1 offset 000490b0. Direct original-build import; no retail equivalence or prototype inferred.
000590ec	Set_BackGrd_Color_	recovered	DREAMS.EXE embedded Watcom v3 code symbol; byte-identical import SHA256 45d00510f993d321d2288b0791a96297893de9e5e0dc24d36246e41e144008ce; tools/watcom_debug.py; tools/register_watcom_debug.py	size:17	Original module: C:\SOURCES\BEN11\3DC_MEM.C. Symbol object 1 offset 000490ec. Direct original-build import; no retail equivalence or prototype inferred.
00059100	Set_BackGrd_Bmp_	recovered	DREAMS.EXE embedded Watcom v3 code symbol; byte-identical import SHA256 45d00510f993d321d2288b0791a96297893de9e5e0dc24d36246e41e144008ce; tools/watcom_debug.py; tools/register_watcom_debug.py	size:6	Original module: C:\SOURCES\BEN11\3DC_MEM.C. Symbol object 1 offset 00049100. Direct original-build import; no retail equivalence or prototype inferred.
00059108	Kill_Engine_	recovered	DREAMS.EXE embedded Watcom v3 code symbol; byte-identical import SHA256 45d00510f993d321d2288b0791a96297893de9e5e0dc24d36246e41e144008ce; tools/watcom_debug.py; tools/register_watcom_debug.py	size:20	Original module: C:\SOURCES\BEN11\3DC_MEM.C. Symbol object 1 offset 00049108. Direct original-build import; no retail equivalence or prototype inferred.
0005911c	New_PreRender_	recovered	DREAMS.EXE embedded Watcom v3 code symbol; byte-identical import SHA256 45d00510f993d321d2288b0791a96297893de9e5e0dc24d36246e41e144008ce; tools/watcom_debug.py; tools/register_watcom_debug.py	size:6	Original module: C:\SOURCES\BEN11\3DC_MEM.C. Symbol object 1 offset 0004911c. Direct original-build import; no retail equivalence or prototype inferred.
00059124	Display_Frame_	recovered	DREAMS.EXE embedded Watcom v3 code symbol; byte-identical import SHA256 45d00510f993d321d2288b0791a96297893de9e5e0dc24d36246e41e144008ce; tools/watcom_debug.py; tools/register_watcom_debug.py	size:484	Original module: C:\SOURCES\BEN11\3DC_MEM.C. Symbol object 1 offset 00049124. Direct original-build import; no retail equivalence or prototype inferred.
000593bc	Set_Obj_All_FreeFaces_	recovered	DREAMS.EXE embedded Watcom v3 code symbol; byte-identical import SHA256 45d00510f993d321d2288b0791a96297893de9e5e0dc24d36246e41e144008ce; tools/watcom_debug.py; tools/register_watcom_debug.py	size:230	Original module: C:\SOURCES\BEN11\3DC_MEM.C. Symbol object 1 offset 000493bc. Direct original-build import; no retail equivalence or prototype inferred.
00059558	Compute_Obj_Normals_	recovered	DREAMS.EXE embedded Watcom v3 code symbol; byte-identical import SHA256 45d00510f993d321d2288b0791a96297893de9e5e0dc24d36246e41e144008ce; tools/watcom_debug.py; tools/register_watcom_debug.py	size:2570	Original module: C:\SOURCES\BEN11\3DC_MEM.C. Symbol object 1 offset 00049558. Direct original-build import; no retail equivalence or prototype inferred.
00059f64	Set_Render_ScanLine_	recovered	DREAMS.EXE embedded Watcom v3 code symbol; byte-identical import SHA256 45d00510f993d321d2288b0791a96297893de9e5e0dc24d36246e41e144008ce; tools/watcom_debug.py; tools/register_watcom_debug.py	size:26	Original module: C:\SOURCES\BEN11\3DC_MEM.C. Symbol object 1 offset 00049f64. Direct original-build import; no retail equivalence or prototype inferred.
00059f80	Set_Map_Resolution_	recovered	DREAMS.EXE embedded Watcom v3 code symbol; byte-identical import SHA256 45d00510f993d321d2288b0791a96297893de9e5e0dc24d36246e41e144008ce; tools/watcom_debug.py; tools/register_watcom_debug.py	size:35	Original module: C:\SOURCES\BEN11\3DC_MEM.C. Symbol object 1 offset 00049f80. Direct original-build import; no retail equivalence or prototype inferred.
00059fa4	Render_	recovered	DREAMS.EXE embedded Watcom v3 code symbol; byte-identical import SHA256 45d00510f993d321d2288b0791a96297893de9e5e0dc24d36246e41e144008ce; tools/watcom_debug.py; tools/register_watcom_debug.py	size:222	Original module: C:\SOURCES\BEN11\3DC_MEM.C. Symbol object 1 offset 00049fa4. Direct original-build import; no retail equivalence or prototype inferred.
0005a084	Render2_	recovered	DREAMS.EXE embedded Watcom v3 code symbol; byte-identical import SHA256 45d00510f993d321d2288b0791a96297893de9e5e0dc24d36246e41e144008ce; tools/watcom_debug.py; tools/register_watcom_debug.py	size:219	Original module: C:\SOURCES\BEN11\3DC_MEM.C. Symbol object 1 offset 0004a084. Direct original-build import; no retail equivalence or prototype inferred.
0005a160	VBE_callESDI_	recovered	DREAMS.EXE embedded Watcom v3 code symbol; byte-identical import SHA256 45d00510f993d321d2288b0791a96297893de9e5e0dc24d36246e41e144008ce; tools/watcom_debug.py; tools/register_watcom_debug.py	size:108	Original module: C:\SCITECH\SRC\SVGAKIT\VESAVBE.C. Symbol object 1 offset 0004a160. Direct original-build import; no retail equivalence or prototype inferred.
0005a1cc	VBE_copyStrToLocal_	recovered	DREAMS.EXE embedded Watcom v3 code symbol; byte-identical import SHA256 45d00510f993d321d2288b0791a96297893de9e5e0dc24d36246e41e144008ce; tools/watcom_debug.py; tools/register_watcom_debug.py	size:83	Original module: C:\SCITECH\SRC\SVGAKIT\VESAVBE.C. Symbol object 1 offset 0004a1cc. Direct original-build import; no retail equivalence or prototype inferred.
0005a220	VBE_copyShortToLocal_	recovered	DREAMS.EXE embedded Watcom v3 code symbol; byte-identical import SHA256 45d00510f993d321d2288b0791a96297893de9e5e0dc24d36246e41e144008ce; tools/watcom_debug.py; tools/register_watcom_debug.py	size:88	Original module: C:\SCITECH\SRC\SVGAKIT\VESAVBE.C. Symbol object 1 offset 0004a220. Direct original-build import; no retail equivalence or prototype inferred.
0005a278	VBE_detect_	recovered	DREAMS.EXE embedded Watcom v3 code symbol; byte-identical import SHA256 45d00510f993d321d2288b0791a96297893de9e5e0dc24d36246e41e144008ce; tools/watcom_debug.py; tools/register_watcom_debug.py	size:255	Original module: C:\SCITECH\SRC\SVGAKIT\VESAVBE.C. Symbol object 1 offset 0004a278. Direct original-build import; no retail equivalence or prototype inferred.
0005a378	VBE_getModeInfo_	recovered	DREAMS.EXE embedded Watcom v3 code symbol; byte-identical import SHA256 45d00510f993d321d2288b0791a96297893de9e5e0dc24d36246e41e144008ce; tools/watcom_debug.py; tools/register_watcom_debug.py	size:298	Original module: C:\SCITECH\SRC\SVGAKIT\VESAVBE.C. Symbol object 1 offset 0004a378. Direct original-build import; no retail equivalence or prototype inferred.
0005a4a4	VBE_getPageSize_	recovered	DREAMS.EXE embedded Watcom v3 code symbol; byte-identical import SHA256 45d00510f993d321d2288b0791a96297893de9e5e0dc24d36246e41e144008ce; tools/watcom_debug.py; tools/register_watcom_debug.py	size:87	Original module: C:\SCITECH\SRC\SVGAKIT\VESAVBE.C. Symbol object 1 offset 0004a4a4. Direct original-build import; no retail equivalence or prototype inferred.
0005a4fc	VBE_setVideoMode_	recovered	DREAMS.EXE embedded Watcom v3 code symbol; byte-identical import SHA256 45d00510f993d321d2288b0791a96297893de9e5e0dc24d36246e41e144008ce; tools/watcom_debug.py; tools/register_watcom_debug.py	size:100	Original module: C:\SCITECH\SRC\SVGAKIT\VESAVBE.C. Symbol object 1 offset 0004a4fc. Direct original-build import; no retail equivalence or prototype inferred.
0005a560	VBE_getVideoMode_	recovered	DREAMS.EXE embedded Watcom v3 code symbol; byte-identical import SHA256 45d00510f993d321d2288b0791a96297893de9e5e0dc24d36246e41e144008ce; tools/watcom_debug.py; tools/register_watcom_debug.py	size:56	Original module: C:\SCITECH\SRC\SVGAKIT\VESAVBE.C. Symbol object 1 offset 0004a560. Direct original-build import; no retail equivalence or prototype inferred.
0005a598	VBE_setBank_	recovered	DREAMS.EXE embedded Watcom v3 code symbol; byte-identical import SHA256 45d00510f993d321d2288b0791a96297893de9e5e0dc24d36246e41e144008ce; tools/watcom_debug.py; tools/register_watcom_debug.py	size:63	Original module: C:\SCITECH\SRC\SVGAKIT\VESAVBE.C. Symbol object 1 offset 0004a598. Direct original-build import; no retail equivalence or prototype inferred.
0005a5d8	VBE_getBank_	recovered	DREAMS.EXE embedded Watcom v3 code symbol; byte-identical import SHA256 45d00510f993d321d2288b0791a96297893de9e5e0dc24d36246e41e144008ce; tools/watcom_debug.py; tools/register_watcom_debug.py	size:65	Original module: C:\SCITECH\SRC\SVGAKIT\VESAVBE.C. Symbol object 1 offset 0004a5d8. Direct original-build import; no retail equivalence or prototype inferred.
0005a61c	VBE_setPixelsPerLine_	recovered	DREAMS.EXE embedded Watcom v3 code symbol; byte-identical import SHA256 45d00510f993d321d2288b0791a96297893de9e5e0dc24d36246e41e144008ce; tools/watcom_debug.py; tools/register_watcom_debug.py	size:92	Original module: C:\SCITECH\SRC\SVGAKIT\VESAVBE.C. Symbol object 1 offset 0004a61c. Direct original-build import; no retail equivalence or prototype inferred.
0005a678	VBE_setBytesPerLine_	recovered	DREAMS.EXE embedded Watcom v3 code symbol; byte-identical import SHA256 45d00510f993d321d2288b0791a96297893de9e5e0dc24d36246e41e144008ce; tools/watcom_debug.py; tools/register_watcom_debug.py	size:92	Original module: C:\SCITECH\SRC\SVGAKIT\VESAVBE.C. Symbol object 1 offset 0004a678. Direct original-build import; no retail equivalence or prototype inferred.
0005a6d4	VBE_getScanlineLength_	recovered	DREAMS.EXE embedded Watcom v3 code symbol; byte-identical import SHA256 45d00510f993d321d2288b0791a96297893de9e5e0dc24d36246e41e144008ce; tools/watcom_debug.py; tools/register_watcom_debug.py	size:86	Original module: C:\SCITECH\SRC\SVGAKIT\VESAVBE.C. Symbol object 1 offset 0004a6d4. Direct original-build import; no retail equivalence or prototype inferred.
0005a72c	VBE_getMaxScanlineLength_	recovered	DREAMS.EXE embedded Watcom v3 code symbol; byte-identical import SHA256 45d00510f993d321d2288b0791a96297893de9e5e0dc24d36246e41e144008ce; tools/watcom_debug.py; tools/register_watcom_debug.py	size:77	Original module: C:\SCITECH\SRC\SVGAKIT\VESAVBE.C. Symbol object 1 offset 0004a72c. Direct original-build import; no retail equivalence or prototype inferred.
0005a77c	VBE_SetDisplayStart_	recovered	DREAMS.EXE embedded Watcom v3 code symbol; byte-identical import SHA256 45d00510f993d321d2288b0791a96297893de9e5e0dc24d36246e41e144008ce; tools/watcom_debug.py; tools/register_watcom_debug.py	size:74	Original module: C:\SCITECH\SRC\SVGAKIT\VESAVBE.C. Symbol object 1 offset 0004a77c. Direct original-build import; no retail equivalence or prototype inferred.
0005a7c8	VBE_getDisplayStart_	recovered	DREAMS.EXE embedded Watcom v3 code symbol; byte-identical import SHA256 45d00510f993d321d2288b0791a96297893de9e5e0dc24d36246e41e144008ce; tools/watcom_debug.py; tools/register_watcom_debug.py	size:82	Original module: C:\SCITECH\SRC\SVGAKIT\VESAVBE.C. Symbol object 1 offset 0004a7c8. Direct original-build import; no retail equivalence or prototype inferred.
0005a81c	VBE_setDACWidth_	recovered	DREAMS.EXE embedded Watcom v3 code symbol; byte-identical import SHA256 45d00510f993d321d2288b0791a96297893de9e5e0dc24d36246e41e144008ce; tools/watcom_debug.py; tools/register_watcom_debug.py	size:58	Original module: C:\SCITECH\SRC\SVGAKIT\VESAVBE.C. Symbol object 1 offset 0004a81c. Direct original-build import; no retail equivalence or prototype inferred.
0005a858	VBE_getDACWidth_	recovered	DREAMS.EXE embedded Watcom v3 code symbol; byte-identical import SHA256 45d00510f993d321d2288b0791a96297893de9e5e0dc24d36246e41e144008ce; tools/watcom_debug.py; tools/register_watcom_debug.py	size:60	Original module: C:\SCITECH\SRC\SVGAKIT\VESAVBE.C. Symbol object 1 offset 0004a858. Direct original-build import; no retail equivalence or prototype inferred.
0005a894	VBE_setPalette_	recovered	DREAMS.EXE embedded Watcom v3 code symbol; byte-identical import SHA256 45d00510f993d321d2288b0791a96297893de9e5e0dc24d36246e41e144008ce; tools/watcom_debug.py; tools/register_watcom_debug.py	size:75	Original module: C:\SCITECH\SRC\SVGAKIT\VESAVBE.C. Symbol object 1 offset 0004a894. Direct original-build import; no retail equivalence or prototype inferred.
0005a8e0	VBE_getBankedPointer_	recovered	DREAMS.EXE embedded Watcom v3 code symbol; byte-identical import SHA256 45d00510f993d321d2288b0791a96297893de9e5e0dc24d36246e41e144008ce; tools/watcom_debug.py; tools/register_watcom_debug.py	size:50	Original module: C:\SCITECH\SRC\SVGAKIT\VESAVBE.C. Symbol object 1 offset 0004a8e0. Direct original-build import; no retail equivalence or prototype inferred.
0005a914	VBE_getLinearPointer_	recovered	DREAMS.EXE embedded Watcom v3 code symbol; byte-identical import SHA256 45d00510f993d321d2288b0791a96297893de9e5e0dc24d36246e41e144008ce; tools/watcom_debug.py; tools/register_watcom_debug.py	size:43	Original module: C:\SCITECH\SRC\SVGAKIT\VESAVBE.C. Symbol object 1 offset 0004a914. Direct original-build import; no retail equivalence or prototype inferred.
0005a940	InitPMCode_	recovered	DREAMS.EXE embedded Watcom v3 code symbol; byte-identical import SHA256 45d00510f993d321d2288b0791a96297893de9e5e0dc24d36246e41e144008ce; tools/watcom_debug.py; tools/register_watcom_debug.py	size:270	Original module: C:\SCITECH\SRC\SVGAKIT\VESAVBE.C. Symbol object 1 offset 0004a940. Direct original-build import; no retail equivalence or prototype inferred.
0005aa50	VBE_getSetBank_	recovered	DREAMS.EXE embedded Watcom v3 code symbol; byte-identical import SHA256 45d00510f993d321d2288b0791a96297893de9e5e0dc24d36246e41e144008ce; tools/watcom_debug.py; tools/register_watcom_debug.py	size:43	Original module: C:\SCITECH\SRC\SVGAKIT\VESAVBE.C. Symbol object 1 offset 0004aa50. Direct original-build import; no retail equivalence or prototype inferred.
0005aa7c	VBE_getSetDisplayStart_	recovered	DREAMS.EXE embedded Watcom v3 code symbol; byte-identical import SHA256 45d00510f993d321d2288b0791a96297893de9e5e0dc24d36246e41e144008ce; tools/watcom_debug.py; tools/register_watcom_debug.py	size:45	Original module: C:\SCITECH\SRC\SVGAKIT\VESAVBE.C. Symbol object 1 offset 0004aa7c. Direct original-build import; no retail equivalence or prototype inferred.
0005aaac	VBE_getSetPalette_	recovered	DREAMS.EXE embedded Watcom v3 code symbol; byte-identical import SHA256 45d00510f993d321d2288b0791a96297893de9e5e0dc24d36246e41e144008ce; tools/watcom_debug.py; tools/register_watcom_debug.py	size:46	Original module: C:\SCITECH\SRC\SVGAKIT\VESAVBE.C. Symbol object 1 offset 0004aaac. Direct original-build import; no retail equivalence or prototype inferred.
0005aadc	VBE_freePMCode_	recovered	DREAMS.EXE embedded Watcom v3 code symbol; byte-identical import SHA256 45d00510f993d321d2288b0791a96297893de9e5e0dc24d36246e41e144008ce; tools/watcom_debug.py; tools/register_watcom_debug.py	size:30	Original module: C:\SCITECH\SRC\SVGAKIT\VESAVBE.C. Symbol object 1 offset 0004aadc. Direct original-build import; no retail equivalence or prototype inferred.
0005aafc	VBE_getBankFunc32_	recovered	DREAMS.EXE embedded Watcom v3 code symbol; byte-identical import SHA256 45d00510f993d321d2288b0791a96297893de9e5e0dc24d36246e41e144008ce; tools/watcom_debug.py; tools/register_watcom_debug.py	size:248	Original module: C:\SCITECH\SRC\SVGAKIT\VESAVBE.C. Symbol object 1 offset 0004aafc. Direct original-build import; no retail equivalence or prototype inferred.
0005ac00	ExitVBEBuf_	recovered	DREAMS.EXE embedded Watcom v3 code symbol; byte-identical import SHA256 45d00510f993d321d2288b0791a96297893de9e5e0dc24d36246e41e144008ce; tools/watcom_debug.py; tools/register_watcom_debug.py	size:29	Original module: C:\SCITECH\SRC\SVGAKIT\SVGASDK.C. Symbol object 1 offset 0004ac00. Direct original-build import; no retail equivalence or prototype inferred.
0005ac20	VBE_initRMBuf_	recovered	DREAMS.EXE embedded Watcom v3 code symbol; byte-identical import SHA256 45d00510f993d321d2288b0791a96297893de9e5e0dc24d36246e41e144008ce; tools/watcom_debug.py; tools/register_watcom_debug.py	size:77	Original module: C:\SCITECH\SRC\SVGAKIT\SVGASDK.C. Symbol object 1 offset 0004ac20. Direct original-build import; no retail equivalence or prototype inferred.
0005ac70	SV_init_	recovered	DREAMS.EXE embedded Watcom v3 code symbol; byte-identical import SHA256 45d00510f993d321d2288b0791a96297893de9e5e0dc24d36246e41e144008ce; tools/watcom_debug.py; tools/register_watcom_debug.py	size:350	Original module: C:\SCITECH\SRC\SVGAKIT\SVGASDK.C. Symbol object 1 offset 0004ac70. Direct original-build import; no retail equivalence or prototype inferred.
0005add0	SV_setMode_	recovered	DREAMS.EXE embedded Watcom v3 code symbol; byte-identical import SHA256 45d00510f993d321d2288b0791a96297893de9e5e0dc24d36246e41e144008ce; tools/watcom_debug.py; tools/register_watcom_debug.py	size:1907	Original module: C:\SCITECH\SRC\SVGAKIT\SVGASDK.C. Symbol object 1 offset 0004add0. Direct original-build import; no retail equivalence or prototype inferred.
0005b544	SV_restoreMode_	recovered	DREAMS.EXE embedded Watcom v3 code symbol; byte-identical import SHA256 45d00510f993d321d2288b0791a96297893de9e5e0dc24d36246e41e144008ce; tools/watcom_debug.py; tools/register_watcom_debug.py	size:73	Original module: C:\SCITECH\SRC\SVGAKIT\SVGASDK.C. Symbol object 1 offset 0004b544. Direct original-build import; no retail equivalence or prototype inferred.
0005b590	SV_set8BitDAC_	recovered	DREAMS.EXE embedded Watcom v3 code symbol; byte-identical import SHA256 45d00510f993d321d2288b0791a96297893de9e5e0dc24d36246e41e144008ce; tools/watcom_debug.py; tools/register_watcom_debug.py	size:34	Original module: C:\SCITECH\SRC\SVGAKIT\SVGASDK.C. Symbol object 1 offset 0004b590. Direct original-build import; no retail equivalence or prototype inferred.
0005b5b4	SV_set6BitDAC_	recovered	DREAMS.EXE embedded Watcom v3 code symbol; byte-identical import SHA256 45d00510f993d321d2288b0791a96297893de9e5e0dc24d36246e41e144008ce; tools/watcom_debug.py; tools/register_watcom_debug.py	size:21	Original module: C:\SCITECH\SRC\SVGAKIT\SVGASDK.C. Symbol object 1 offset 0004b5b4. Direct original-build import; no retail equivalence or prototype inferred.
0005b5cc	SV_setBytesPerLine_	recovered	DREAMS.EXE embedded Watcom v3 code symbol; byte-identical import SHA256 45d00510f993d321d2288b0791a96297893de9e5e0dc24d36246e41e144008ce; tools/watcom_debug.py; tools/register_watcom_debug.py	size:70	Original module: C:\SCITECH\SRC\SVGAKIT\SVGASDK.C. Symbol object 1 offset 0004b5cc. Direct original-build import; no retail equivalence or prototype inferred.
0005b614	SV_setPixelsPerLine_	recovered	DREAMS.EXE embedded Watcom v3 code symbol; byte-identical import SHA256 45d00510f993d321d2288b0791a96297893de9e5e0dc24d36246e41e144008ce; tools/watcom_debug.py; tools/register_watcom_debug.py	size:70	Original module: C:\SCITECH\SRC\SVGAKIT\SVGASDK.C. Symbol object 1 offset 0004b614. Direct original-build import; no retail equivalence or prototype inferred.
0005b65c	SV_setPalette_	recovered	DREAMS.EXE embedded Watcom v3 code symbol; byte-identical import SHA256 45d00510f993d321d2288b0791a96297893de9e5e0dc24d36246e41e144008ce; tools/watcom_debug.py; tools/register_watcom_debug.py	size:166	Original module: C:\SCITECH\SRC\SVGAKIT\SVGASDK.C. Symbol object 1 offset 0004b65c. Direct original-build import; no retail equivalence or prototype inferred.
0005b704	SV_rgbColor_	recovered	DREAMS.EXE embedded Watcom v3 code symbol; byte-identical import SHA256 45d00510f993d321d2288b0791a96297893de9e5e0dc24d36246e41e144008ce; tools/watcom_debug.py; tools/register_watcom_debug.py	size:103	Original module: C:\SCITECH\SRC\SVGAKIT\SVGASDK.C. Symbol object 1 offset 0004b704. Direct original-build import; no retail equivalence or prototype inferred.
0005b76c	SV_writeText_	recovered	DREAMS.EXE embedded Watcom v3 code symbol; byte-identical import SHA256 45d00510f993d321d2288b0791a96297893de9e5e0dc24d36246e41e144008ce; tools/watcom_debug.py; tools/register_watcom_debug.py	size:214	Original module: C:\SCITECH\SRC\SVGAKIT\SVGASDK.C. Symbol object 1 offset 0004b76c. Direct original-build import; no retail equivalence or prototype inferred.
0005b844	SV_getModeName_	recovered	DREAMS.EXE embedded Watcom v3 code symbol; byte-identical import SHA256 45d00510f993d321d2288b0791a96297893de9e5e0dc24d36246e41e144008ce; tools/watcom_debug.py; tools/register_watcom_debug.py	size:279	Original module: C:\SCITECH\SRC\SVGAKIT\SVGASDK.C. Symbol object 1 offset 0004b844. Direct original-build import; no retail equivalence or prototype inferred.
0005b96e	sprintf_	recovered	DREAMS.EXE embedded Watcom v3 code symbol; byte-identical import SHA256 45d00510f993d321d2288b0791a96297893de9e5e0dc24d36246e41e144008ce; tools/watcom_debug.py; tools/register_watcom_debug.py	size:48	Original module: sprintf. Symbol object 1 offset 0004b96e. Direct original-build import; no retail equivalence or prototype inferred.
0005b99e	fprintf_	recovered	DREAMS.EXE embedded Watcom v3 code symbol; byte-identical import SHA256 45d00510f993d321d2288b0791a96297893de9e5e0dc24d36246e41e144008ce; tools/watcom_debug.py; tools/register_watcom_debug.py	size:33	Original module: fprintf. Symbol object 1 offset 0004b99e. Direct original-build import; no retail equivalence or prototype inferred.
0005b9c0	__CHP	recovered	DREAMS.EXE embedded Watcom v3 code symbol; byte-identical import SHA256 45d00510f993d321d2288b0791a96297893de9e5e0dc24d36246e41e144008ce; tools/watcom_debug.py; tools/register_watcom_debug.py	size:29	Original module: fchop. Symbol object 1 offset 0004b9c0. Direct original-build import; no retail equivalence or prototype inferred.
0005ba02	utoa_	recovered	DREAMS.EXE embedded Watcom v3 code symbol; byte-identical import SHA256 45d00510f993d321d2288b0791a96297893de9e5e0dc24d36246e41e144008ce; tools/watcom_debug.py; tools/register_watcom_debug.py	size:74	Original module: itoa. Symbol object 1 offset 0004ba02. Direct original-build import; no retail equivalence or prototype inferred.
0005bcf9	__do_exit_with_msg__	recovered	DREAMS.EXE embedded Watcom v3 code symbol; byte-identical import SHA256 45d00510f993d321d2288b0791a96297893de9e5e0dc24d36246e41e144008ce; tools/watcom_debug.py; tools/register_watcom_debug.py	size:59	Original module: cstrt386. Symbol object 1 offset 0004bcf9. Direct original-build import; no retail equivalence or prototype inferred.
0005bd3f	___GETDSEnd_	recovered	DREAMS.EXE embedded Watcom v3 code symbol; byte-identical import SHA256 45d00510f993d321d2288b0791a96297893de9e5e0dc24d36246e41e144008ce; tools/watcom_debug.py; tools/register_watcom_debug.py	size:5	Original module: cstrt386. Symbol object 1 offset 0004bd3f. Direct original-build import; no retail equivalence or prototype inferred.
0005bd45	__fini_387_emulator	recovered	DREAMS.EXE embedded Watcom v3 code symbol; byte-identical import SHA256 45d00510f993d321d2288b0791a96297893de9e5e0dc24d36246e41e144008ce; tools/watcom_debug.py; tools/register_watcom_debug.py	size:1	Original module: 386inite. Symbol object 1 offset 0004bd45. Direct original-build import; no retail equivalence or prototype inferred.
0005bd4a	_dos_findfirst_	recovered	DREAMS.EXE embedded Watcom v3 code symbol; byte-identical import SHA256 45d00510f993d321d2288b0791a96297893de9e5e0dc24d36246e41e144008ce; tools/watcom_debug.py; tools/register_watcom_debug.py	size:29	Original module: find386. Symbol object 1 offset 0004bd4a. Direct original-build import; no retail equivalence or prototype inferred.
0005bd67	_dos_findnext_	recovered	DREAMS.EXE embedded Watcom v3 code symbol; byte-identical import SHA256 45d00510f993d321d2288b0791a96297893de9e5e0dc24d36246e41e144008ce; tools/watcom_debug.py; tools/register_watcom_debug.py	size:28	Original module: find386. Symbol object 1 offset 0004bd67. Direct original-build import; no retail equivalence or prototype inferred.
0005bd83	_dos_findclose_	recovered	DREAMS.EXE embedded Watcom v3 code symbol; byte-identical import SHA256 45d00510f993d321d2288b0791a96297893de9e5e0dc24d36246e41e144008ce; tools/watcom_debug.py; tools/register_watcom_debug.py	size:3	Original module: find386. Symbol object 1 offset 0004bd83. Direct original-build import; no retail equivalence or prototype inferred.
0005bdcc	strncpy_	recovered	DREAMS.EXE embedded Watcom v3 code symbol; byte-identical import SHA256 45d00510f993d321d2288b0791a96297893de9e5e0dc24d36246e41e144008ce; tools/watcom_debug.py; tools/register_watcom_debug.py	size:37	Original module: strncpy. Symbol object 1 offset 0004bdcc. Direct original-build import; no retail equivalence or prototype inferred.
0005bdf1	atoi_	recovered	DREAMS.EXE embedded Watcom v3 code symbol; byte-identical import SHA256 45d00510f993d321d2288b0791a96297893de9e5e0dc24d36246e41e144008ce; tools/watcom_debug.py; tools/register_watcom_debug.py	size:109	Original module: atoi. Symbol object 1 offset 0004bdf1. Direct original-build import; no retail equivalence or prototype inferred.
0005be60	Morph_Obj_	recovered	DREAMS.EXE embedded Watcom v3 code symbol; byte-identical import SHA256 45d00510f993d321d2288b0791a96297893de9e5e0dc24d36246e41e144008ce; tools/watcom_debug.py; tools/register_watcom_debug.py	size:537	Original module: C:\SOURCES\BEN11\3DC_ANIM.C. Symbol object 1 offset 0004be60. Direct original-build import; no retail equivalence or prototype inferred.
0005c07c	Morph_Obj2_	recovered	DREAMS.EXE embedded Watcom v3 code symbol; byte-identical import SHA256 45d00510f993d321d2288b0791a96297893de9e5e0dc24d36246e41e144008ce; tools/watcom_debug.py; tools/register_watcom_debug.py	size:436	Original module: C:\SOURCES\BEN11\3DC_ANIM.C. Symbol object 1 offset 0004c07c. Direct original-build import; no retail equivalence or prototype inferred.
0005c230	Get_Nb_Frames_	recovered	DREAMS.EXE embedded Watcom v3 code symbol; byte-identical import SHA256 45d00510f993d321d2288b0791a96297893de9e5e0dc24d36246e41e144008ce; tools/watcom_debug.py; tools/register_watcom_debug.py	size:8	Original module: C:\SOURCES\BEN11\3DC_ANIM.C. Symbol object 1 offset 0004c230. Direct original-build import; no retail equivalence or prototype inferred.
0005c238	Anim_Rot1_	recovered	DREAMS.EXE embedded Watcom v3 code symbol; byte-identical import SHA256 45d00510f993d321d2288b0791a96297893de9e5e0dc24d36246e41e144008ce; tools/watcom_debug.py; tools/register_watcom_debug.py	size:481	Original module: C:\SOURCES\BEN11\3DC_ANIM.C. Symbol object 1 offset 0004c238. Direct original-build import; no retail equivalence or prototype inferred.
0005c41c	Anim_Rot2_	recovered	DREAMS.EXE embedded Watcom v3 code symbol; byte-identical import SHA256 45d00510f993d321d2288b0791a96297893de9e5e0dc24d36246e41e144008ce; tools/watcom_debug.py; tools/register_watcom_debug.py	size:880	Original module: C:\SOURCES\BEN11\3DC_ANIM.C. Symbol object 1 offset 0004c41c. Direct original-build import; no retail equivalence or prototype inferred.
0005c78c	Morph_Obj_Rot_	recovered	DREAMS.EXE embedded Watcom v3 code symbol; byte-identical import SHA256 45d00510f993d321d2288b0791a96297893de9e5e0dc24d36246e41e144008ce; tools/watcom_debug.py; tools/register_watcom_debug.py	size:362	Original module: C:\SOURCES\BEN11\3DC_ANIM.C. Symbol object 1 offset 0004c78c. Direct original-build import; no retail equivalence or prototype inferred.
0005c8f8	Ease_	recovered	DREAMS.EXE embedded Watcom v3 code symbol; byte-identical import SHA256 45d00510f993d321d2288b0791a96297893de9e5e0dc24d36246e41e144008ce; tools/watcom_debug.py; tools/register_watcom_debug.py	size:249	Original module: C:\SOURCES\BEN11\3DC_ANIM.C. Symbol object 1 offset 0004c8f8. Direct original-build import; no retail equivalence or prototype inferred.
0005c9f4	DotProductFloat_	recovered	DREAMS.EXE embedded Watcom v3 code symbol; byte-identical import SHA256 45d00510f993d321d2288b0791a96297893de9e5e0dc24d36246e41e144008ce; tools/watcom_debug.py; tools/register_watcom_debug.py	size:29	Original module: C:\SOURCES\BEN11\3DC_ANIM.C. Symbol object 1 offset 0004c9f4. Direct original-build import; no retail equivalence or prototype inferred.
0005ca14	MatMulVectFloat_	recovered	DREAMS.EXE embedded Watcom v3 code symbol; byte-identical import SHA256 45d00510f993d321d2288b0791a96297893de9e5e0dc24d36246e41e144008ce; tools/watcom_debug.py; tools/register_watcom_debug.py	size:95	Original module: C:\SOURCES\BEN11\3DC_ANIM.C. Symbol object 1 offset 0004ca14. Direct original-build import; no retail equivalence or prototype inferred.
0005ca74	Anim_Rot3_	recovered	DREAMS.EXE embedded Watcom v3 code symbol; byte-identical import SHA256 45d00510f993d321d2288b0791a96297893de9e5e0dc24d36246e41e144008ce; tools/watcom_debug.py; tools/register_watcom_debug.py	size:816	Original module: C:\SOURCES\BEN11\3DC_ANIM.C. Symbol object 1 offset 0004ca74. Direct original-build import; no retail equivalence or prototype inferred.
0005cda4	Anim_Rot4_	recovered	DREAMS.EXE embedded Watcom v3 code symbol; byte-identical import SHA256 45d00510f993d321d2288b0791a96297893de9e5e0dc24d36246e41e144008ce; tools/watcom_debug.py; tools/register_watcom_debug.py	size:514	Original module: C:\SOURCES\BEN11\3DC_ANIM.C. Symbol object 1 offset 0004cda4. Direct original-build import; no retail equivalence or prototype inferred.
0005cfa8	Anim_Rot5_	recovered	DREAMS.EXE embedded Watcom v3 code symbol; byte-identical import SHA256 45d00510f993d321d2288b0791a96297893de9e5e0dc24d36246e41e144008ce; tools/watcom_debug.py; tools/register_watcom_debug.py	size:952	Original module: C:\SOURCES\BEN11\3DC_ANIM.C. Symbol object 1 offset 0004cfa8. Direct original-build import; no retail equivalence or prototype inferred.
0005d360	Anim_Rot6_	recovered	DREAMS.EXE embedded Watcom v3 code symbol; byte-identical import SHA256 45d00510f993d321d2288b0791a96297893de9e5e0dc24d36246e41e144008ce; tools/watcom_debug.py; tools/register_watcom_debug.py	size:213	Original module: C:\SOURCES\BEN11\3DC_ANIM.C. Symbol object 1 offset 0004d360. Direct original-build import; no retail equivalence or prototype inferred.
0005d438	Anim_Rot7_	recovered	DREAMS.EXE embedded Watcom v3 code symbol; byte-identical import SHA256 45d00510f993d321d2288b0791a96297893de9e5e0dc24d36246e41e144008ce; tools/watcom_debug.py; tools/register_watcom_debug.py	size:952	Original module: C:\SOURCES\BEN11\3DC_ANIM.C. Symbol object 1 offset 0004d438. Direct original-build import; no retail equivalence or prototype inferred.
0005d7f0	Morph_Obj_Rot2_	recovered	DREAMS.EXE embedded Watcom v3 code symbol; byte-identical import SHA256 45d00510f993d321d2288b0791a96297893de9e5e0dc24d36246e41e144008ce; tools/watcom_debug.py; tools/register_watcom_debug.py	size:485	Original module: C:\SOURCES\BEN11\3DC_ANIM.C. Symbol object 1 offset 0004d7f0. Direct original-build import; no retail equivalence or prototype inferred.
0005d9d8	Modify_Animation_Matrix_	recovered	DREAMS.EXE embedded Watcom v3 code symbol; byte-identical import SHA256 45d00510f993d321d2288b0791a96297893de9e5e0dc24d36246e41e144008ce; tools/watcom_debug.py; tools/register_watcom_debug.py	size:153	Original module: C:\SOURCES\BEN11\3DC_ANIM.C. Symbol object 1 offset 0004d9d8. Direct original-build import; no retail equivalence or prototype inferred.
0005da80	make_sin_cos_tables_	recovered	DREAMS.EXE embedded Watcom v3 code symbol; byte-identical import SHA256 45d00510f993d321d2288b0791a96297893de9e5e0dc24d36246e41e144008ce; tools/watcom_debug.py; tools/register_watcom_debug.py	size:188	Original module: C:\SOURCES\BEN11\3DC_MATH.C. Symbol object 1 offset 0004da80. Direct original-build import; no retail equivalence or prototype inferred.
0005db3c	C3D_Sin_	recovered	DREAMS.EXE embedded Watcom v3 code symbol; byte-identical import SHA256 45d00510f993d321d2288b0791a96297893de9e5e0dc24d36246e41e144008ce; tools/watcom_debug.py; tools/register_watcom_debug.py	size:40	Original module: C:\SOURCES\BEN11\3DC_MATH.C. Symbol object 1 offset 0004db3c. Direct original-build import; no retail equivalence or prototype inferred.
0005db64	C3D_Cos_	recovered	DREAMS.EXE embedded Watcom v3 code symbol; byte-identical import SHA256 45d00510f993d321d2288b0791a96297893de9e5e0dc24d36246e41e144008ce; tools/watcom_debug.py; tools/register_watcom_debug.py	size:40	Original module: C:\SOURCES\BEN11\3DC_MATH.C. Symbol object 1 offset 0004db64. Direct original-build import; no retail equivalence or prototype inferred.
0005db8c	Mat_Id_	recovered	DREAMS.EXE embedded Watcom v3 code symbol; byte-identical import SHA256 45d00510f993d321d2288b0791a96297893de9e5e0dc24d36246e41e144008ce; tools/watcom_debug.py; tools/register_watcom_debug.py	size:63	Original module: C:\SOURCES\BEN11\3DC_MATH.C. Symbol object 1 offset 0004db8c. Direct original-build import; no retail equivalence or prototype inferred.
0005dbcc	Set_Mat_Angle_	recovered	DREAMS.EXE embedded Watcom v3 code symbol; byte-identical import SHA256 45d00510f993d321d2288b0791a96297893de9e5e0dc24d36246e41e144008ce; tools/watcom_debug.py; tools/register_watcom_debug.py	size:313	Original module: C:\SOURCES\BEN11\3DC_MATH.C. Symbol object 1 offset 0004dbcc. Direct original-build import; no retail equivalence or prototype inferred.
0005dd08	Set_Orient_	recovered	DREAMS.EXE embedded Watcom v3 code symbol; byte-identical import SHA256 45d00510f993d321d2288b0791a96297893de9e5e0dc24d36246e41e144008ce; tools/watcom_debug.py; tools/register_watcom_debug.py	size:284	Original module: C:\SOURCES\BEN11\3DC_MATH.C. Symbol object 1 offset 0004dd08. Direct original-build import; no retail equivalence or prototype inferred.
0005de24	Set_Orient2_	recovered	DREAMS.EXE embedded Watcom v3 code symbol; byte-identical import SHA256 45d00510f993d321d2288b0791a96297893de9e5e0dc24d36246e41e144008ce; tools/watcom_debug.py; tools/register_watcom_debug.py	size:282	Original module: C:\SOURCES\BEN11\3DC_MATH.C. Symbol object 1 offset 0004de24. Direct original-build import; no retail equivalence or prototype inferred.
0005df40	Set_Orient3_	recovered	DREAMS.EXE embedded Watcom v3 code symbol; byte-identical import SHA256 45d00510f993d321d2288b0791a96297893de9e5e0dc24d36246e41e144008ce; tools/watcom_debug.py; tools/register_watcom_debug.py	size:448	Original module: C:\SOURCES\BEN11\3DC_MATH.C. Symbol object 1 offset 0004df40. Direct original-build import; no retail equivalence or prototype inferred.
0005e100	Set_Mat_Rot_	recovered	DREAMS.EXE embedded Watcom v3 code symbol; byte-identical import SHA256 45d00510f993d321d2288b0791a96297893de9e5e0dc24d36246e41e144008ce; tools/watcom_debug.py; tools/register_watcom_debug.py	size:419	Original module: C:\SOURCES\BEN11\3DC_MATH.C. Symbol object 1 offset 0004e100. Direct original-build import; no retail equivalence or prototype inferred.
0005e2a4	Mat_Mul_	recovered	DREAMS.EXE embedded Watcom v3 code symbol; byte-identical import SHA256 45d00510f993d321d2288b0791a96297893de9e5e0dc24d36246e41e144008ce; tools/watcom_debug.py; tools/register_watcom_debug.py	size:116	Original module: C:\SOURCES\BEN11\3DC_MATH.C. Symbol object 1 offset 0004e2a4. Direct original-build import; no retail equivalence or prototype inferred.
0005e318	Mat_Transpose_	recovered	DREAMS.EXE embedded Watcom v3 code symbol; byte-identical import SHA256 45d00510f993d321d2288b0791a96297893de9e5e0dc24d36246e41e144008ce; tools/watcom_debug.py; tools/register_watcom_debug.py	size:72	Original module: C:\SOURCES\BEN11\3DC_MATH.C. Symbol object 1 offset 0004e318. Direct original-build import; no retail equivalence or prototype inferred.
0005e360	Mat_Mul_Vect_	recovered	DREAMS.EXE embedded Watcom v3 code symbol; byte-identical import SHA256 45d00510f993d321d2288b0791a96297893de9e5e0dc24d36246e41e144008ce; tools/watcom_debug.py; tools/register_watcom_debug.py	size:61	Original module: C:\SOURCES\BEN11\3DC_MATH.C. Symbol object 1 offset 0004e360. Direct original-build import; no retail equivalence or prototype inferred.
0005e3a0	Vect_Add_	recovered	DREAMS.EXE embedded Watcom v3 code symbol; byte-identical import SHA256 45d00510f993d321d2288b0791a96297893de9e5e0dc24d36246e41e144008ce; tools/watcom_debug.py; tools/register_watcom_debug.py	size:36	Original module: C:\SOURCES\BEN11\3DC_MATH.C. Symbol object 1 offset 0004e3a0. Direct original-build import; no retail equivalence or prototype inferred.
0005e3c4	Vect_Sub_	recovered	DREAMS.EXE embedded Watcom v3 code symbol; byte-identical import SHA256 45d00510f993d321d2288b0791a96297893de9e5e0dc24d36246e41e144008ce; tools/watcom_debug.py; tools/register_watcom_debug.py	size:36	Original module: C:\SOURCES\BEN11\3DC_MATH.C. Symbol object 1 offset 0004e3c4. Direct original-build import; no retail equivalence or prototype inferred.
0005e3e8	Vect_Neg_	recovered	DREAMS.EXE embedded Watcom v3 code symbol; byte-identical import SHA256 45d00510f993d321d2288b0791a96297893de9e5e0dc24d36246e41e144008ce; tools/watcom_debug.py; tools/register_watcom_debug.py	size:27	Original module: C:\SOURCES\BEN11\3DC_MATH.C. Symbol object 1 offset 0004e3e8. Direct original-build import; no retail equivalence or prototype inferred.
0005e404	Vect_Cross_	recovered	DREAMS.EXE embedded Watcom v3 code symbol; byte-identical import SHA256 45d00510f993d321d2288b0791a96297893de9e5e0dc24d36246e41e144008ce; tools/watcom_debug.py; tools/register_watcom_debug.py	size:65	Original module: C:\SOURCES\BEN11\3DC_MATH.C. Symbol object 1 offset 0004e404. Direct original-build import; no retail equivalence or prototype inferred.
0005e448	Vect_Scalar_	recovered	DREAMS.EXE embedded Watcom v3 code symbol; byte-identical import SHA256 45d00510f993d321d2288b0791a96297893de9e5e0dc24d36246e41e144008ce; tools/watcom_debug.py; tools/register_watcom_debug.py	size:38	Original module: C:\SOURCES\BEN11\3DC_MATH.C. Symbol object 1 offset 0004e448. Direct original-build import; no retail equivalence or prototype inferred.
0005e470	Vect_Length_	recovered	DREAMS.EXE embedded Watcom v3 code symbol; byte-identical import SHA256 45d00510f993d321d2288b0791a96297893de9e5e0dc24d36246e41e144008ce; tools/watcom_debug.py; tools/register_watcom_debug.py	size:53	Original module: C:\SOURCES\BEN11\3DC_MATH.C. Symbol object 1 offset 0004e470. Direct original-build import; no retail equivalence or prototype inferred.
0005e4a8	Vect_Norm_	recovered	DREAMS.EXE embedded Watcom v3 code symbol; byte-identical import SHA256 45d00510f993d321d2288b0791a96297893de9e5e0dc24d36246e41e144008ce; tools/watcom_debug.py; tools/register_watcom_debug.py	size:136	Original module: C:\SOURCES\BEN11\3DC_MATH.C. Symbol object 1 offset 0004e4a8. Direct original-build import; no retail equivalence or prototype inferred.
0005e530	Vect_Morph_	recovered	DREAMS.EXE embedded Watcom v3 code symbol; byte-identical import SHA256 45d00510f993d321d2288b0791a96297893de9e5e0dc24d36246e41e144008ce; tools/watcom_debug.py; tools/register_watcom_debug.py	size:79	Original module: C:\SOURCES\BEN11\3DC_MATH.C. Symbol object 1 offset 0004e530. Direct original-build import; no retail equivalence or prototype inferred.
0005e580	Vect_Proj_	recovered	DREAMS.EXE embedded Watcom v3 code symbol; byte-identical import SHA256 45d00510f993d321d2288b0791a96297893de9e5e0dc24d36246e41e144008ce; tools/watcom_debug.py; tools/register_watcom_debug.py	size:58	Original module: C:\SOURCES\BEN11\3DC_MATH.C. Symbol object 1 offset 0004e580. Direct original-build import; no retail equivalence or prototype inferred.
0005e5bc	Vect_Cpy_	recovered	DREAMS.EXE embedded Watcom v3 code symbol; byte-identical import SHA256 45d00510f993d321d2288b0791a96297893de9e5e0dc24d36246e41e144008ce; tools/watcom_debug.py; tools/register_watcom_debug.py	size:19	Original module: C:\SOURCES\BEN11\3DC_MATH.C. Symbol object 1 offset 0004e5bc. Direct original-build import; no retail equivalence or prototype inferred.
0005e5d0	Mat_Cpy_	recovered	DREAMS.EXE embedded Watcom v3 code symbol; byte-identical import SHA256 45d00510f993d321d2288b0791a96297893de9e5e0dc24d36246e41e144008ce; tools/watcom_debug.py; tools/register_watcom_debug.py	size:32	Original module: C:\SOURCES\BEN11\3DC_MATH.C. Symbol object 1 offset 0004e5d0. Direct original-build import; no retail equivalence or prototype inferred.
0005e5f0	Quat_Cpy_	recovered	DREAMS.EXE embedded Watcom v3 code symbol; byte-identical import SHA256 45d00510f993d321d2288b0791a96297893de9e5e0dc24d36246e41e144008ce; tools/watcom_debug.py; tools/register_watcom_debug.py	size:25	Original module: C:\SOURCES\BEN11\3DC_MATH.C. Symbol object 1 offset 0004e5f0. Direct original-build import; no retail equivalence or prototype inferred.
0005e60c	Mat_Print_	recovered	DREAMS.EXE embedded Watcom v3 code symbol; byte-identical import SHA256 45d00510f993d321d2288b0791a96297893de9e5e0dc24d36246e41e144008ce; tools/watcom_debug.py; tools/register_watcom_debug.py	size:47	Original module: C:\SOURCES\BEN11\3DC_MATH.C. Symbol object 1 offset 0004e60c. Direct original-build import; no retail equivalence or prototype inferred.
0005e63c	Vect_Print_	recovered	DREAMS.EXE embedded Watcom v3 code symbol; byte-identical import SHA256 45d00510f993d321d2288b0791a96297893de9e5e0dc24d36246e41e144008ce; tools/watcom_debug.py; tools/register_watcom_debug.py	size:35	Original module: C:\SOURCES\BEN11\3DC_MATH.C. Symbol object 1 offset 0004e63c. Direct original-build import; no retail equivalence or prototype inferred.
0005e660	Quat_to_Mat_	recovered	DREAMS.EXE embedded Watcom v3 code symbol; byte-identical import SHA256 45d00510f993d321d2288b0791a96297893de9e5e0dc24d36246e41e144008ce; tools/watcom_debug.py; tools/register_watcom_debug.py	size:263	Original module: C:\SOURCES\BEN11\3DC_MATH.C. Symbol object 1 offset 0004e660. Direct original-build import; no retail equivalence or prototype inferred.
0005e768	Mat_to_Quat_	recovered	DREAMS.EXE embedded Watcom v3 code symbol; byte-identical import SHA256 45d00510f993d321d2288b0791a96297893de9e5e0dc24d36246e41e144008ce; tools/watcom_debug.py; tools/register_watcom_debug.py	size:565	Original module: C:\SOURCES\BEN11\3DC_MATH.C. Symbol object 1 offset 0004e768. Direct original-build import; no retail equivalence or prototype inferred.
0005e9a0	Quat_Slerp_	recovered	DREAMS.EXE embedded Watcom v3 code symbol; byte-identical import SHA256 45d00510f993d321d2288b0791a96297893de9e5e0dc24d36246e41e144008ce; tools/watcom_debug.py; tools/register_watcom_debug.py	size:486	Original module: C:\SOURCES\BEN11\3DC_MATH.C. Symbol object 1 offset 0004e9a0. Direct original-build import; no retail equivalence or prototype inferred.
0005eb88	Get_3D_Vect_	recovered	DREAMS.EXE embedded Watcom v3 code symbol; byte-identical import SHA256 45d00510f993d321d2288b0791a96297893de9e5e0dc24d36246e41e144008ce; tools/watcom_debug.py; tools/register_watcom_debug.py	size:63	Original module: C:\SOURCES\BEN11\3DC_MATH.C. Symbol object 1 offset 0004eb88. Direct original-build import; no retail equivalence or prototype inferred.
0005ebc7	strncmp_	recovered	DREAMS.EXE embedded Watcom v3 code symbol; byte-identical import SHA256 45d00510f993d321d2288b0791a96297893de9e5e0dc24d36246e41e144008ce; tools/watcom_debug.py; tools/register_watcom_debug.py	size:41	Original module: strncmp. Symbol object 1 offset 0004ebc7. Direct original-build import; no retail equivalence or prototype inferred.
0005ebf0	C3D_Print_	recovered	DREAMS.EXE embedded Watcom v3 code symbol; byte-identical import SHA256 45d00510f993d321d2288b0791a96297893de9e5e0dc24d36246e41e144008ce; tools/watcom_debug.py; tools/register_watcom_debug.py	size:234	Original module: C:\SOURCES\BEN11\3DC_TEXT.C. Symbol object 1 offset 0004ebf0. Direct original-build import; no retail equivalence or prototype inferred.
0005ecdc	Clip_Line_	recovered	DREAMS.EXE embedded Watcom v3 code symbol; byte-identical import SHA256 45d00510f993d321d2288b0791a96297893de9e5e0dc24d36246e41e144008ce; tools/watcom_debug.py; tools/register_watcom_debug.py	size:1508	Original module: C:\SOURCES\BEN11\3DC_TEXT.C. Symbol object 1 offset 0004ecdc. Direct original-build import; no retail equivalence or prototype inferred.
0005f2c0	C3D_Line_	recovered	DREAMS.EXE embedded Watcom v3 code symbol; byte-identical import SHA256 45d00510f993d321d2288b0791a96297893de9e5e0dc24d36246e41e144008ce; tools/watcom_debug.py; tools/register_watcom_debug.py	size:545	Original module: C:\SOURCES\BEN11\3DC_TEXT.C. Symbol object 1 offset 0004f2c0. Direct original-build import; no retail equivalence or prototype inferred.
0005f4e4	C3D_Pixel_	recovered	DREAMS.EXE embedded Watcom v3 code symbol; byte-identical import SHA256 45d00510f993d321d2288b0791a96297893de9e5e0dc24d36246e41e144008ce; tools/watcom_debug.py; tools/register_watcom_debug.py	size:40	Original module: C:\SOURCES\BEN11\3DC_TEXT.C. Symbol object 1 offset 0004f4e4. Direct original-build import; no retail equivalence or prototype inferred.
0005f50d	exit_	recovered	DREAMS.EXE embedded Watcom v3 code symbol; byte-identical import SHA256 45d00510f993d321d2288b0791a96297893de9e5e0dc24d36246e41e144008ce; tools/watcom_debug.py; tools/register_watcom_debug.py	size:24	Original module: exit. Symbol object 1 offset 0004f50d. Direct original-build import; no retail equivalence or prototype inferred.
0005f525	_exit_	recovered	DREAMS.EXE embedded Watcom v3 code symbol; byte-identical import SHA256 45d00510f993d321d2288b0791a96297893de9e5e0dc24d36246e41e144008ce; tools/watcom_debug.py; tools/register_watcom_debug.py	size:22	Original module: exit. Symbol object 1 offset 0004f525. Direct original-build import; no retail equivalence or prototype inferred.
0005f53b	copypart_	recovered	DREAMS.EXE embedded Watcom v3 code symbol; byte-identical import SHA256 45d00510f993d321d2288b0791a96297893de9e5e0dc24d36246e41e144008ce; tools/watcom_debug.py; tools/register_watcom_debug.py	size:54	Original module: splitpat. Symbol object 1 offset 0004f53b. Direct original-build import; no retail equivalence or prototype inferred.
0005f571	_splitpath_	recovered	DREAMS.EXE embedded Watcom v3 code symbol; byte-identical import SHA256 45d00510f993d321d2288b0791a96297893de9e5e0dc24d36246e41e144008ce; tools/watcom_debug.py; tools/register_watcom_debug.py	size:217	Original module: splitpat. Symbol object 1 offset 0004f571. Direct original-build import; no retail equivalence or prototype inferred.
0005f650	strcmp_	recovered	DREAMS.EXE embedded Watcom v3 code symbol; byte-identical import SHA256 45d00510f993d321d2288b0791a96297893de9e5e0dc24d36246e41e144008ce; tools/watcom_debug.py; tools/register_watcom_debug.py	size:161	Original module: cmp386. Symbol object 1 offset 0004f650. Direct original-build import; no retail equivalence or prototype inferred.
0005f716	open_	recovered	DREAMS.EXE embedded Watcom v3 code symbol; byte-identical import SHA256 45d00510f993d321d2288b0791a96297893de9e5e0dc24d36246e41e144008ce; tools/watcom_debug.py; tools/register_watcom_debug.py	size:36	Original module: open. Symbol object 1 offset 0004f716. Direct original-build import; no retail equivalence or prototype inferred.
0005f73a	sopen_	recovered	DREAMS.EXE embedded Watcom v3 code symbol; byte-identical import SHA256 45d00510f993d321d2288b0791a96297893de9e5e0dc24d36246e41e144008ce; tools/watcom_debug.py; tools/register_watcom_debug.py	size:489	Original module: open. Symbol object 1 offset 0004f73a. Direct original-build import; no retail equivalence or prototype inferred.
0005f923	__set_binary_	recovered	DREAMS.EXE embedded Watcom v3 code symbol; byte-identical import SHA256 45d00510f993d321d2288b0791a96297893de9e5e0dc24d36246e41e144008ce; tools/watcom_debug.py; tools/register_watcom_debug.py	size:101	Original module: open. Symbol object 1 offset 0004f923. Direct original-build import; no retail equivalence or prototype inferred.
0005f988	fflush_	recovered	DREAMS.EXE embedded Watcom v3 code symbol; byte-identical import SHA256 45d00510f993d321d2288b0791a96297893de9e5e0dc24d36246e41e144008ce; tools/watcom_debug.py; tools/register_watcom_debug.py	size:16	Original module: fflush. Symbol object 1 offset 0004f988. Direct original-build import; no retail equivalence or prototype inferred.
0005f998	filelength_	recovered	DREAMS.EXE embedded Watcom v3 code symbol; byte-identical import SHA256 45d00510f993d321d2288b0791a96297893de9e5e0dc24d36246e41e144008ce; tools/watcom_debug.py; tools/register_watcom_debug.py	size:61	Original module: filelen. Symbol object 1 offset 0004f998. Direct original-build import; no retail equivalence or prototype inferred.
0005f9d5	read_	recovered	DREAMS.EXE embedded Watcom v3 code symbol; byte-identical import SHA256 45d00510f993d321d2288b0791a96297893de9e5e0dc24d36246e41e144008ce; tools/watcom_debug.py; tools/register_watcom_debug.py	size:251	Original module: read. Symbol object 1 offset 0004f9d5. Direct original-build import; no retail equivalence or prototype inferred.
0005fad0	close_	recovered	DREAMS.EXE embedded Watcom v3 code symbol; byte-identical import SHA256 45d00510f993d321d2288b0791a96297893de9e5e0dc24d36246e41e144008ce; tools/watcom_debug.py; tools/register_watcom_debug.py	size:32	Original module: close. Symbol object 1 offset 0004fad0. Direct original-build import; no retail equivalence or prototype inferred.
0005faf0	memset_	recovered	DREAMS.EXE embedded Watcom v3 code symbol; byte-identical import SHA256 45d00510f993d321d2288b0791a96297893de9e5e0dc24d36246e41e144008ce; tools/watcom_debug.py; tools/register_watcom_debug.py	size:24	Original module: set386. Symbol object 1 offset 0004faf0. Direct original-build import; no retail equivalence or prototype inferred.
0005fb08	initrandnext_	recovered	DREAMS.EXE embedded Watcom v3 code symbol; byte-identical import SHA256 45d00510f993d321d2288b0791a96297893de9e5e0dc24d36246e41e144008ce; tools/watcom_debug.py; tools/register_watcom_debug.py	size:6	Original module: rand. Symbol object 1 offset 0004fb08. Direct original-build import; no retail equivalence or prototype inferred.
0005fb0e	rand_	recovered	DREAMS.EXE embedded Watcom v3 code symbol; byte-identical import SHA256 45d00510f993d321d2288b0791a96297893de9e5e0dc24d36246e41e144008ce; tools/watcom_debug.py; tools/register_watcom_debug.py	size:36	Original module: rand. Symbol object 1 offset 0004fb0e. Direct original-build import; no retail equivalence or prototype inferred.
0005fb32	srand_	recovered	DREAMS.EXE embedded Watcom v3 code symbol; byte-identical import SHA256 45d00510f993d321d2288b0791a96297893de9e5e0dc24d36246e41e144008ce; tools/watcom_debug.py; tools/register_watcom_debug.py	size:16	Original module: rand. Symbol object 1 offset 0004fb32. Direct original-build import; no retail equivalence or prototype inferred.
0005fb50	Get_Map_Ptr_	recovered	DREAMS.EXE embedded Watcom v3 code symbol; byte-identical import SHA256 45d00510f993d321d2288b0791a96297893de9e5e0dc24d36246e41e144008ce; tools/watcom_debug.py; tools/register_watcom_debug.py	size:91	Original module: C:\SOURCES\BEN11\3DC_MAP.C. Symbol object 1 offset 0004fb50. Direct original-build import; no retail equivalence or prototype inferred.
0005fbac	Get_Map_Ptr2_	recovered	DREAMS.EXE embedded Watcom v3 code symbol; byte-identical import SHA256 45d00510f993d321d2288b0791a96297893de9e5e0dc24d36246e41e144008ce; tools/watcom_debug.py; tools/register_watcom_debug.py	size:101	Original module: C:\SOURCES\BEN11\3DC_MAP.C. Symbol object 1 offset 0004fbac. Direct original-build import; no retail equivalence or prototype inferred.
0005fc14	Get_Palette_Ptr_	recovered	DREAMS.EXE embedded Watcom v3 code symbol; byte-identical import SHA256 45d00510f993d321d2288b0791a96297893de9e5e0dc24d36246e41e144008ce; tools/watcom_debug.py; tools/register_watcom_debug.py	size:111	Original module: C:\SOURCES\BEN11\3DC_MAP.C. Symbol object 1 offset 0004fc14. Direct original-build import; no retail equivalence or prototype inferred.
0005fc84	Load_Material_	recovered	DREAMS.EXE embedded Watcom v3 code symbol; byte-identical import SHA256 45d00510f993d321d2288b0791a96297893de9e5e0dc24d36246e41e144008ce; tools/watcom_debug.py; tools/register_watcom_debug.py	size:400	Original module: C:\SOURCES\BEN11\3DC_MAP.C. Symbol object 1 offset 0004fc84. Direct original-build import; no retail equivalence or prototype inferred.
0005fe14	Load_Material2_	recovered	DREAMS.EXE embedded Watcom v3 code symbol; byte-identical import SHA256 45d00510f993d321d2288b0791a96297893de9e5e0dc24d36246e41e144008ce; tools/watcom_debug.py; tools/register_watcom_debug.py	size:400	Original module: C:\SOURCES\BEN11\3DC_MAP.C. Symbol object 1 offset 0004fe14. Direct original-build import; no retail equivalence or prototype inferred.
0005ffa4	Get_Nb_Material_	recovered	DREAMS.EXE embedded Watcom v3 code symbol; byte-identical import SHA256 45d00510f993d321d2288b0791a96297893de9e5e0dc24d36246e41e144008ce; tools/watcom_debug.py; tools/register_watcom_debug.py	size:6	Original module: C:\SOURCES\BEN11\3DC_MAP.C. Symbol object 1 offset 0004ffa4. Direct original-build import; no retail equivalence or prototype inferred.
0005ffac	Get_Name_Material_	recovered	DREAMS.EXE embedded Watcom v3 code symbol; byte-identical import SHA256 45d00510f993d321d2288b0791a96297893de9e5e0dc24d36246e41e144008ce; tools/watcom_debug.py; tools/register_watcom_debug.py	size:37	Original module: C:\SOURCES\BEN11\3DC_MAP.C. Symbol object 1 offset 0004ffac. Direct original-build import; no retail equivalence or prototype inferred.
0005ffd4	Change_Map_Coord_	recovered	DREAMS.EXE embedded Watcom v3 code symbol; byte-identical import SHA256 45d00510f993d321d2288b0791a96297893de9e5e0dc24d36246e41e144008ce; tools/watcom_debug.py; tools/register_watcom_debug.py	size:57	Original module: C:\SOURCES\BEN11\3DC_MAP.C. Symbol object 1 offset 0004ffd4. Direct original-build import; no retail equivalence or prototype inferred.
00060010	ReMap_15b_	recovered	DREAMS.EXE embedded Watcom v3 code symbol; byte-identical import SHA256 45d00510f993d321d2288b0791a96297893de9e5e0dc24d36246e41e144008ce; tools/watcom_debug.py; tools/register_watcom_debug.py	size:159	Original module: C:\SOURCES\BEN11\3DC_MAP.C. Symbol object 1 offset 00050010. Direct original-build import; no retail equivalence or prototype inferred.
000600af	calloc_	recovered	DREAMS.EXE embedded Watcom v3 code symbol; byte-identical import SHA256 45d00510f993d321d2288b0791a96297893de9e5e0dc24d36246e41e144008ce; tools/watcom_debug.py; tools/register_watcom_debug.py	size:24	Original module: calloc. Symbol object 1 offset 000500af. Direct original-build import; no retail equivalence or prototype inferred.
000600d0	__STOSB	recovered	DREAMS.EXE embedded Watcom v3 code symbol; byte-identical import SHA256 45d00510f993d321d2288b0791a96297893de9e5e0dc24d36246e41e144008ce; tools/watcom_debug.py; tools/register_watcom_debug.py	size:49	Original module: __stos. Symbol object 1 offset 000500d0. Direct original-build import; no retail equivalence or prototype inferred.
00060107	__STOSD	recovered	DREAMS.EXE embedded Watcom v3 code symbol; byte-identical import SHA256 45d00510f993d321d2288b0791a96297893de9e5e0dc24d36246e41e144008ce; tools/watcom_debug.py; tools/register_watcom_debug.py	size:108	Original module: __stos. Symbol object 1 offset 00050107. Direct original-build import; no retail equivalence or prototype inferred.
00060180	Flip_Render_	recovered	DREAMS.EXE embedded Watcom v3 code symbol; byte-identical import SHA256 45d00510f993d321d2288b0791a96297893de9e5e0dc24d36246e41e144008ce; tools/watcom_debug.py; tools/register_watcom_debug.py	size:6	Original module: C:\SOURCES\BEN11\3DC_SL.C. Symbol object 1 offset 00050180. Direct original-build import; no retail equivalence or prototype inferred.
00060188	Init_Mip_Map_Level_	recovered	DREAMS.EXE embedded Watcom v3 code symbol; byte-identical import SHA256 45d00510f993d321d2288b0791a96297893de9e5e0dc24d36246e41e144008ce; tools/watcom_debug.py; tools/register_watcom_debug.py	size:51	Original module: C:\SOURCES\BEN11\3DC_SL.C. Symbol object 1 offset 00050188. Direct original-build import; no retail equivalence or prototype inferred.
000601bc	RAZ_CKD_	recovered	DREAMS.EXE embedded Watcom v3 code symbol; byte-identical import SHA256 45d00510f993d321d2288b0791a96297893de9e5e0dc24d36246e41e144008ce; tools/watcom_debug.py; tools/register_watcom_debug.py	size:91	Original module: C:\SOURCES\BEN11\3DC_SL.C. Symbol object 1 offset 000501bc. Direct original-build import; no retail equivalence or prototype inferred.
00060218	CK_Flat_	recovered	DREAMS.EXE embedded Watcom v3 code symbol; byte-identical import SHA256 45d00510f993d321d2288b0791a96297893de9e5e0dc24d36246e41e144008ce; tools/watcom_debug.py; tools/register_watcom_debug.py	size:1455	Original module: C:\SOURCES\BEN11\3DC_SL.C. Symbol object 1 offset 00050218. Direct original-build import; no retail equivalence or prototype inferred.
000607c8	BT_Flat_	recovered	DREAMS.EXE embedded Watcom v3 code symbol; byte-identical import SHA256 45d00510f993d321d2288b0791a96297893de9e5e0dc24d36246e41e144008ce; tools/watcom_debug.py; tools/register_watcom_debug.py	size:3385	Original module: C:\SOURCES\BEN11\3DC_SL.C. Symbol object 1 offset 000507c8. Direct original-build import; no retail equivalence or prototype inferred.
00061504	CK_Linear_G_	recovered	DREAMS.EXE embedded Watcom v3 code symbol; byte-identical import SHA256 45d00510f993d321d2288b0791a96297893de9e5e0dc24d36246e41e144008ce; tools/watcom_debug.py; tools/register_watcom_debug.py	size:1719	Original module: C:\SOURCES\BEN11\3DC_SL.C. Symbol object 1 offset 00051504. Direct original-build import; no retail equivalence or prototype inferred.
00061bbc	CK_Perspective_G_	recovered	DREAMS.EXE embedded Watcom v3 code symbol; byte-identical import SHA256 45d00510f993d321d2288b0791a96297893de9e5e0dc24d36246e41e144008ce; tools/watcom_debug.py; tools/register_watcom_debug.py	size:1679	Original module: C:\SOURCES\BEN11\3DC_SL.C. Symbol object 1 offset 00051bbc. Direct original-build import; no retail equivalence or prototype inferred.
0006224c	CK_Linear_	recovered	DREAMS.EXE embedded Watcom v3 code symbol; byte-identical import SHA256 45d00510f993d321d2288b0791a96297893de9e5e0dc24d36246e41e144008ce; tools/watcom_debug.py; tools/register_watcom_debug.py	size:1627	Original module: C:\SOURCES\BEN11\3DC_SL.C. Symbol object 1 offset 0005224c. Direct original-build import; no retail equivalence or prototype inferred.
000628a8	BT_Linear_G_	recovered	DREAMS.EXE embedded Watcom v3 code symbol; byte-identical import SHA256 45d00510f993d321d2288b0791a96297893de9e5e0dc24d36246e41e144008ce; tools/watcom_debug.py; tools/register_watcom_debug.py	size:7697	Original module: C:\SOURCES\BEN11\3DC_SL.C. Symbol object 1 offset 000528a8. Direct original-build import; no retail equivalence or prototype inferred.
000646bc	BT_Perspective_G_	recovered	DREAMS.EXE embedded Watcom v3 code symbol; byte-identical import SHA256 45d00510f993d321d2288b0791a96297893de9e5e0dc24d36246e41e144008ce; tools/watcom_debug.py; tools/register_watcom_debug.py	size:7661	Original module: C:\SOURCES\BEN11\3DC_SL.C. Symbol object 1 offset 000546bc. Direct original-build import; no retail equivalence or prototype inferred.
000664ac	BT_Linear_	recovered	DREAMS.EXE embedded Watcom v3 code symbol; byte-identical import SHA256 45d00510f993d321d2288b0791a96297893de9e5e0dc24d36246e41e144008ce; tools/watcom_debug.py; tools/register_watcom_debug.py	size:6726	Original module: C:\SOURCES\BEN11\3DC_SL.C. Symbol object 1 offset 000564ac. Direct original-build import; no retail equivalence or prototype inferred.
00067ef4	BT_Linear_TVAR_	recovered	DREAMS.EXE embedded Watcom v3 code symbol; byte-identical import SHA256 45d00510f993d321d2288b0791a96297893de9e5e0dc24d36246e41e144008ce; tools/watcom_debug.py; tools/register_watcom_debug.py	size:6891	Original module: C:\SOURCES\BEN11\3DC_SL.C. Symbol object 1 offset 00057ef4. Direct original-build import; no retail equivalence or prototype inferred.
000699e0	BT_Perspective_	recovered	DREAMS.EXE embedded Watcom v3 code symbol; byte-identical import SHA256 45d00510f993d321d2288b0791a96297893de9e5e0dc24d36246e41e144008ce; tools/watcom_debug.py; tools/register_watcom_debug.py	size:6680	Original module: C:\SOURCES\BEN11\3DC_SL.C. Symbol object 1 offset 000599e0. Direct original-build import; no retail equivalence or prototype inferred.
0006b3f8	BT_Mapping_Flat_	recovered	DREAMS.EXE embedded Watcom v3 code symbol; byte-identical import SHA256 45d00510f993d321d2288b0791a96297893de9e5e0dc24d36246e41e144008ce; tools/watcom_debug.py; tools/register_watcom_debug.py	size:4329	Original module: C:\SOURCES\BEN11\3DC_SL.C. Symbol object 1 offset 0005b3f8. Direct original-build import; no retail equivalence or prototype inferred.
0006c4e4	CK_Perspective_	recovered	DREAMS.EXE embedded Watcom v3 code symbol; byte-identical import SHA256 45d00510f993d321d2288b0791a96297893de9e5e0dc24d36246e41e144008ce; tools/watcom_debug.py; tools/register_watcom_debug.py	size:1591	Original module: C:\SOURCES\BEN11\3DC_SL.C. Symbol object 1 offset 0005c4e4. Direct original-build import; no retail equivalence or prototype inferred.
0006cbd0	Build_Trig_	recovered	DREAMS.EXE embedded Watcom v3 code symbol; byte-identical import SHA256 45d00510f993d321d2288b0791a96297893de9e5e0dc24d36246e41e144008ce; tools/watcom_debug.py; tools/register_watcom_debug.py	size:236	Original module: C:\SOURCES\BEN11\3DC_SL.C. Symbol object 1 offset 0005cbd0. Direct original-build import; no retail equivalence or prototype inferred.
0006cd70	Process_CK_	recovered	DREAMS.EXE embedded Watcom v3 code symbol; byte-identical import SHA256 45d00510f993d321d2288b0791a96297893de9e5e0dc24d36246e41e144008ce; tools/watcom_debug.py; tools/register_watcom_debug.py	size:184	Original module: C:\SOURCES\BEN11\3DC_SL.C. Symbol object 1 offset 0005cd70. Direct original-build import; no retail equivalence or prototype inferred.
0006ce28	Init_ScanLine2_	recovered	DREAMS.EXE embedded Watcom v3 code symbol; byte-identical import SHA256 45d00510f993d321d2288b0791a96297893de9e5e0dc24d36246e41e144008ce; tools/watcom_debug.py; tools/register_watcom_debug.py	size:55	Original module: C:\SOURCES\BEN11\3DC_SL.C. Symbol object 1 offset 0005ce28. Direct original-build import; no retail equivalence or prototype inferred.
0006cf14	_Display_Edge_TAB	recovered	DREAMS.EXE embedded Watcom v3 code symbol; byte-identical import SHA256 45d00510f993d321d2288b0791a96297893de9e5e0dc24d36246e41e144008ce; tools/watcom_debug.py; tools/register_watcom_debug.py	size:11432	Original module: C:\SOURCES\BEN11\3DC_SL.C. Symbol object 1 offset 0005cf14. Direct original-build import; no retail equivalence or prototype inferred.
0006fbbc	Insere_SSL_	recovered	DREAMS.EXE embedded Watcom v3 code symbol; byte-identical import SHA256 45d00510f993d321d2288b0791a96297893de9e5e0dc24d36246e41e144008ce; tools/watcom_debug.py; tools/register_watcom_debug.py	size:311	Original module: C:\SOURCES\BEN11\3DC_SL.C. Symbol object 1 offset 0005fbbc. Direct original-build import; no retail equivalence or prototype inferred.
0006fcf4	Insere_SSL2_	recovered	DREAMS.EXE embedded Watcom v3 code symbol; byte-identical import SHA256 45d00510f993d321d2288b0791a96297893de9e5e0dc24d36246e41e144008ce; tools/watcom_debug.py; tools/register_watcom_debug.py	size:354	Original module: C:\SOURCES\BEN11\3DC_SL.C. Symbol object 1 offset 0005fcf4. Direct original-build import; no retail equivalence or prototype inferred.
0006fe58	Test_Pos_SSL_	recovered	DREAMS.EXE embedded Watcom v3 code symbol; byte-identical import SHA256 45d00510f993d321d2288b0791a96297893de9e5e0dc24d36246e41e144008ce; tools/watcom_debug.py; tools/register_watcom_debug.py	size:116	Original module: C:\SOURCES\BEN11\3DC_SL.C. Symbol object 1 offset 0005fe58. Direct original-build import; no retail equivalence or prototype inferred.
0006fecc	Affiche_Line_	recovered	DREAMS.EXE embedded Watcom v3 code symbol; byte-identical import SHA256 45d00510f993d321d2288b0791a96297893de9e5e0dc24d36246e41e144008ce; tools/watcom_debug.py; tools/register_watcom_debug.py	size:571	Original module: C:\SOURCES\BEN11\3DC_SL.C. Symbol object 1 offset 0005fecc. Direct original-build import; no retail equivalence or prototype inferred.
00070108	Affiche_Line_Transp_	recovered	DREAMS.EXE embedded Watcom v3 code symbol; byte-identical import SHA256 45d00510f993d321d2288b0791a96297893de9e5e0dc24d36246e41e144008ce; tools/watcom_debug.py; tools/register_watcom_debug.py	size:942	Original module: C:\SOURCES\BEN11\3DC_SL.C. Symbol object 1 offset 00060108. Direct original-build import; no retail equivalence or prototype inferred.
0007056c	Affiche_ScanLine_	recovered	DREAMS.EXE embedded Watcom v3 code symbol; byte-identical import SHA256 45d00510f993d321d2288b0791a96297893de9e5e0dc24d36246e41e144008ce; tools/watcom_debug.py; tools/register_watcom_debug.py	size:1281	Original module: C:\SOURCES\BEN11\3DC_SL.C. Symbol object 1 offset 0006056c. Direct original-build import; no retail equivalence or prototype inferred.
00070b24	Affiche_ScanLine_Water_	recovered	DREAMS.EXE embedded Watcom v3 code symbol; byte-identical import SHA256 45d00510f993d321d2288b0791a96297893de9e5e0dc24d36246e41e144008ce; tools/watcom_debug.py; tools/register_watcom_debug.py	size:1474	Original module: C:\SOURCES\BEN11\3DC_SL.C. Symbol object 1 offset 00060b24. Direct original-build import; no retail equivalence or prototype inferred.
000710e8	Alloc_ScanLine_	recovered	DREAMS.EXE embedded Watcom v3 code symbol; byte-identical import SHA256 45d00510f993d321d2288b0791a96297893de9e5e0dc24d36246e41e144008ce; tools/watcom_debug.py; tools/register_watcom_debug.py	size:277	Original module: C:\SOURCES\BEN11\3DC_SL.C. Symbol object 1 offset 000610e8. Direct original-build import; no retail equivalence or prototype inferred.
00071200	Change_BackGrd_Mode_	recovered	DREAMS.EXE embedded Watcom v3 code symbol; byte-identical import SHA256 45d00510f993d321d2288b0791a96297893de9e5e0dc24d36246e41e144008ce; tools/watcom_debug.py; tools/register_watcom_debug.py	size:16	Original module: C:\SOURCES\BEN11\3DC_SL.C. Symbol object 1 offset 00061200. Direct original-build import; no retail equivalence or prototype inferred.
00071210	Init_ScanLine_	recovered	DREAMS.EXE embedded Watcom v3 code symbol; byte-identical import SHA256 45d00510f993d321d2288b0791a96297893de9e5e0dc24d36246e41e144008ce; tools/watcom_debug.py; tools/register_watcom_debug.py	size:500	Original module: C:\SOURCES\BEN11\3DC_SL.C. Symbol object 1 offset 00061210. Direct original-build import; no retail equivalence or prototype inferred.
00071569	__open_flags_	recovered	DREAMS.EXE embedded Watcom v3 code symbol; byte-identical import SHA256 45d00510f993d321d2288b0791a96297893de9e5e0dc24d36246e41e144008ce; tools/watcom_debug.py; tools/register_watcom_debug.py	size:209	Original module: fopen. Symbol object 1 offset 00061569. Direct original-build import; no retail equivalence or prototype inferred.
0007163a	__doopen_	recovered	DREAMS.EXE embedded Watcom v3 code symbol; byte-identical import SHA256 45d00510f993d321d2288b0791a96297893de9e5e0dc24d36246e41e144008ce; tools/watcom_debug.py; tools/register_watcom_debug.py	size:196	Original module: fopen. Symbol object 1 offset 0006163a. Direct original-build import; no retail equivalence or prototype inferred.
000716fe	_fsopen_	recovered	DREAMS.EXE embedded Watcom v3 code symbol; byte-identical import SHA256 45d00510f993d321d2288b0791a96297893de9e5e0dc24d36246e41e144008ce; tools/watcom_debug.py; tools/register_watcom_debug.py	size:57	Original module: fopen. Symbol object 1 offset 000616fe. Direct original-build import; no retail equivalence or prototype inferred.
00071737	fopen_	recovered	DREAMS.EXE embedded Watcom v3 code symbol; byte-identical import SHA256 45d00510f993d321d2288b0791a96297893de9e5e0dc24d36246e41e144008ce; tools/watcom_debug.py; tools/register_watcom_debug.py	size:10	Original module: fopen. Symbol object 1 offset 00061737. Direct original-build import; no retail equivalence or prototype inferred.
00071741	close_file_	recovered	DREAMS.EXE embedded Watcom v3 code symbol; byte-identical import SHA256 45d00510f993d321d2288b0791a96297893de9e5e0dc24d36246e41e144008ce; tools/watcom_debug.py; tools/register_watcom_debug.py	size:104	Original module: fopen. Symbol object 1 offset 00061741. Direct original-build import; no retail equivalence or prototype inferred.
000717a9	freopen_	recovered	DREAMS.EXE embedded Watcom v3 code symbol; byte-identical import SHA256 45d00510f993d321d2288b0791a96297893de9e5e0dc24d36246e41e144008ce; tools/watcom_debug.py; tools/register_watcom_debug.py	size:66	Original module: fopen. Symbol object 1 offset 000617a9. Direct original-build import; no retail equivalence or prototype inferred.
000717eb	fwrite_	recovered	DREAMS.EXE embedded Watcom v3 code symbol; byte-identical import SHA256 45d00510f993d321d2288b0791a96297893de9e5e0dc24d36246e41e144008ce; tools/watcom_debug.py; tools/register_watcom_debug.py	size:448	Original module: fwrite. Symbol object 1 offset 000617eb. Direct original-build import; no retail equivalence or prototype inferred.
000719ab	fclose_	recovered	DREAMS.EXE embedded Watcom v3 code symbol; byte-identical import SHA256 45d00510f993d321d2288b0791a96297893de9e5e0dc24d36246e41e144008ce; tools/watcom_debug.py; tools/register_watcom_debug.py	size:45	Original module: fclose. Symbol object 1 offset 000619ab. Direct original-build import; no retail equivalence or prototype inferred.
000719d8	__shutdown_stream_	recovered	DREAMS.EXE embedded Watcom v3 code symbol; byte-identical import SHA256 45d00510f993d321d2288b0791a96297893de9e5e0dc24d36246e41e144008ce; tools/watcom_debug.py; tools/register_watcom_debug.py	size:21	Original module: fclose. Symbol object 1 offset 000619d8. Direct original-build import; no retail equivalence or prototype inferred.
000719ed	__hex_	recovered	DREAMS.EXE embedded Watcom v3 code symbol; byte-identical import SHA256 45d00510f993d321d2288b0791a96297893de9e5e0dc24d36246e41e144008ce; tools/watcom_debug.py; tools/register_watcom_debug.py	size:12	Original module: fclose. Symbol object 1 offset 000619ed. Direct original-build import; no retail equivalence or prototype inferred.
000719f9	__MkTmpFile_	recovered	DREAMS.EXE embedded Watcom v3 code symbol; byte-identical import SHA256 45d00510f993d321d2288b0791a96297893de9e5e0dc24d36246e41e144008ce; tools/watcom_debug.py; tools/register_watcom_debug.py	size:101	Original module: fclose. Symbol object 1 offset 000619f9. Direct original-build import; no retail equivalence or prototype inferred.
00071a5e	__doclose_	recovered	DREAMS.EXE embedded Watcom v3 code symbol; byte-identical import SHA256 45d00510f993d321d2288b0791a96297893de9e5e0dc24d36246e41e144008ce; tools/watcom_debug.py; tools/register_watcom_debug.py	size:144	Original module: fclose. Symbol object 1 offset 00061a5e. Direct original-build import; no retail equivalence or prototype inferred.
00071aee	int386x_	recovered	DREAMS.EXE embedded Watcom v3 code symbol; byte-identical import SHA256 45d00510f993d321d2288b0791a96297893de9e5e0dc24d36246e41e144008ce; tools/watcom_debug.py; tools/register_watcom_debug.py	size:25	Original module: intx386. Symbol object 1 offset 00061aee. Direct original-build import; no retail equivalence or prototype inferred.
00071b07	write_	recovered	DREAMS.EXE embedded Watcom v3 code symbol; byte-identical import SHA256 45d00510f993d321d2288b0791a96297893de9e5e0dc24d36246e41e144008ce; tools/watcom_debug.py; tools/register_watcom_debug.py	size:469	Original module: write. Symbol object 1 offset 00061b07. Direct original-build import; no retail equivalence or prototype inferred.
00071ce1	getch_	recovered	DREAMS.EXE embedded Watcom v3 code symbol; byte-identical import SHA256 45d00510f993d321d2288b0791a96297893de9e5e0dc24d36246e41e144008ce; tools/watcom_debug.py; tools/register_watcom_debug.py	size:29	Original module: getch. Symbol object 1 offset 00061ce1. Direct original-build import; no retail equivalence or prototype inferred.
00071cfe	_gettextposition_	recovered	DREAMS.EXE embedded Watcom v3 code symbol; byte-identical import SHA256 45d00510f993d321d2288b0791a96297893de9e5e0dc24d36246e41e144008ce; tools/watcom_debug.py; tools/register_watcom_debug.py	size:50	Original module: textposr. Symbol object 1 offset 00061cfe. Direct original-build import; no retail equivalence or prototype inferred.
00071d30	_settextposition_	recovered	DREAMS.EXE embedded Watcom v3 code symbol; byte-identical import SHA256 45d00510f993d321d2288b0791a96297893de9e5e0dc24d36246e41e144008ce; tools/watcom_debug.py; tools/register_watcom_debug.py	size:152	Original module: textposr. Symbol object 1 offset 00061d30. Direct original-build import; no retail equivalence or prototype inferred.
00071dc8	putch_	recovered	DREAMS.EXE embedded Watcom v3 code symbol; byte-identical import SHA256 45d00510f993d321d2288b0791a96297893de9e5e0dc24d36246e41e144008ce; tools/watcom_debug.py; tools/register_watcom_debug.py	size:15	Original module: putch. Symbol object 1 offset 00061dc8. Direct original-build import; no retail equivalence or prototype inferred.
00071dd7	_L2clearscreen_	recovered	DREAMS.EXE embedded Watcom v3 code symbol; byte-identical import SHA256 45d00510f993d321d2288b0791a96297893de9e5e0dc24d36246e41e144008ce; tools/watcom_debug.py; tools/register_watcom_debug.py	size:203	Original module: clearscrr. Symbol object 1 offset 00061dd7. Direct original-build import; no retail equivalence or prototype inferred.
00071ea2	_clearscreen_	recovered	DREAMS.EXE embedded Watcom v3 code symbol; byte-identical import SHA256 45d00510f993d321d2288b0791a96297893de9e5e0dc24d36246e41e144008ce; tools/watcom_debug.py; tools/register_watcom_debug.py	size:128	Original module: clearscrr. Symbol object 1 offset 00061ea2. Direct original-build import; no retail equivalence or prototype inferred.
00071f22	_GrClear_	recovered	DREAMS.EXE embedded Watcom v3 code symbol; byte-identical import SHA256 45d00510f993d321d2288b0791a96297893de9e5e0dc24d36246e41e144008ce; tools/watcom_debug.py; tools/register_watcom_debug.py	size:94	Original module: clearscrr. Symbol object 1 offset 00061f22. Direct original-build import; no retail equivalence or prototype inferred.
00071f80	_TxtClear_	recovered	DREAMS.EXE embedded Watcom v3 code symbol; byte-identical import SHA256 45d00510f993d321d2288b0791a96297893de9e5e0dc24d36246e41e144008ce; tools/watcom_debug.py; tools/register_watcom_debug.py	size:191	Original module: clearscrr. Symbol object 1 offset 00061f80. Direct original-build import; no retail equivalence or prototype inferred.
0007203f	kbhit_	recovered	DREAMS.EXE embedded Watcom v3 code symbol; byte-identical import SHA256 45d00510f993d321d2288b0791a96297893de9e5e0dc24d36246e41e144008ce; tools/watcom_debug.py; tools/register_watcom_debug.py	size:23	Original module: kbhit. Symbol object 1 offset 0006203f. Direct original-build import; no retail equivalence or prototype inferred.
00072056	byteswap_	recovered	DREAMS.EXE embedded Watcom v3 code symbol; byte-identical import SHA256 45d00510f993d321d2288b0791a96297893de9e5e0dc24d36246e41e144008ce; tools/watcom_debug.py; tools/register_watcom_debug.py	size:38	Original module: qsort. Symbol object 1 offset 00062056. Direct original-build import; no retail equivalence or prototype inferred.
0007207c	med3_	recovered	DREAMS.EXE embedded Watcom v3 code symbol; byte-identical import SHA256 45d00510f993d321d2288b0791a96297893de9e5e0dc24d36246e41e144008ce; tools/watcom_debug.py; tools/register_watcom_debug.py	size:88	Original module: qsort. Symbol object 1 offset 0006207c. Direct original-build import; no retail equivalence or prototype inferred.
000720d4	qsort_	recovered	DREAMS.EXE embedded Watcom v3 code symbol; byte-identical import SHA256 45d00510f993d321d2288b0791a96297893de9e5e0dc24d36246e41e144008ce; tools/watcom_debug.py; tools/register_watcom_debug.py	size:1081	Original module: qsort. Symbol object 1 offset 000620d4. Direct original-build import; no retail equivalence or prototype inferred.
00072510	SetTimer_	recovered	DREAMS.EXE embedded Watcom v3 code symbol; byte-identical import SHA256 45d00510f993d321d2288b0791a96297893de9e5e0dc24d36246e41e144008ce; tools/watcom_debug.py; tools/register_watcom_debug.py	size:141	Original module: timer.asm. Symbol object 1 offset 00062510. Direct original-build import; no retail equivalence or prototype inferred.
000725a0	my_timer_prot_handler	recovered	DREAMS.EXE embedded Watcom v3 code symbol; byte-identical import SHA256 45d00510f993d321d2288b0791a96297893de9e5e0dc24d36246e41e144008ce; tools/watcom_debug.py; tools/register_watcom_debug.py	size:86	Original module: timer.asm. Symbol object 1 offset 000625a0. Direct original-build import; no retail equivalence or prototype inferred.
000725f8	EndTimer_	recovered	DREAMS.EXE embedded Watcom v3 code symbol; byte-identical import SHA256 45d00510f993d321d2288b0791a96297893de9e5e0dc24d36246e41e144008ce; tools/watcom_debug.py; tools/register_watcom_debug.py	size:45	Original module: timer.asm. Symbol object 1 offset 000625f8. Direct original-build import; no retail equivalence or prototype inferred.
00072628	key_hit_	recovered	DREAMS.EXE embedded Watcom v3 code symbol; byte-identical import SHA256 45d00510f993d321d2288b0791a96297893de9e5e0dc24d36246e41e144008ce; tools/watcom_debug.py; tools/register_watcom_debug.py	size:14	Original module: keybrd.asm. Symbol object 1 offset 00062628. Direct original-build import; no retail equivalence or prototype inferred.
00072636	get_key_	recovered	DREAMS.EXE embedded Watcom v3 code symbol; byte-identical import SHA256 45d00510f993d321d2288b0791a96297893de9e5e0dc24d36246e41e144008ce; tools/watcom_debug.py; tools/register_watcom_debug.py	size:23	Original module: keybrd.asm. Symbol object 1 offset 00062636. Direct original-build import; no retail equivalence or prototype inferred.
00072650	init_mouse_	recovered	DREAMS.EXE embedded Watcom v3 code symbol; byte-identical import SHA256 45d00510f993d321d2288b0791a96297893de9e5e0dc24d36246e41e144008ce; tools/watcom_debug.py; tools/register_watcom_debug.py	size:73	Original module: mouse.asm. Symbol object 1 offset 00062650. Direct original-build import; no retail equivalence or prototype inferred.
00072699	show_mouse_	recovered	DREAMS.EXE embedded Watcom v3 code symbol; byte-identical import SHA256 45d00510f993d321d2288b0791a96297893de9e5e0dc24d36246e41e144008ce; tools/watcom_debug.py; tools/register_watcom_debug.py	size:9	Original module: mouse.asm. Symbol object 1 offset 00062699. Direct original-build import; no retail equivalence or prototype inferred.
000726a2	hide_mouse_	recovered	DREAMS.EXE embedded Watcom v3 code symbol; byte-identical import SHA256 45d00510f993d321d2288b0791a96297893de9e5e0dc24d36246e41e144008ce; tools/watcom_debug.py; tools/register_watcom_debug.py	size:9	Original module: mouse.asm. Symbol object 1 offset 000626a2. Direct original-build import; no retail equivalence or prototype inferred.
000726ab	get_mouse_boutons_	recovered	DREAMS.EXE embedded Watcom v3 code symbol; byte-identical import SHA256 45d00510f993d321d2288b0791a96297893de9e5e0dc24d36246e41e144008ce; tools/watcom_debug.py; tools/register_watcom_debug.py	size:24	Original module: mouse.asm. Symbol object 1 offset 000626ab. Direct original-build import; no retail equivalence or prototype inferred.
000726c3	get_mouse_pos_	recovered	DREAMS.EXE embedded Watcom v3 code symbol; byte-identical import SHA256 45d00510f993d321d2288b0791a96297893de9e5e0dc24d36246e41e144008ce; tools/watcom_debug.py; tools/register_watcom_debug.py	size:49	Original module: mouse.asm. Symbol object 1 offset 000626c3. Direct original-build import; no retail equivalence or prototype inferred.
000726f4	get_mouse_butpos_	recovered	DREAMS.EXE embedded Watcom v3 code symbol; byte-identical import SHA256 45d00510f993d321d2288b0791a96297893de9e5e0dc24d36246e41e144008ce; tools/watcom_debug.py; tools/register_watcom_debug.py	size:51	Original module: mouse.asm. Symbol object 1 offset 000626f4. Direct original-build import; no retail equivalence or prototype inferred.
00072727	move_mouse_	recovered	DREAMS.EXE embedded Watcom v3 code symbol; byte-identical import SHA256 45d00510f993d321d2288b0791a96297893de9e5e0dc24d36246e41e144008ce; tools/watcom_debug.py; tools/register_watcom_debug.py	size:32	Original module: mouse.asm. Symbol object 1 offset 00062727. Direct original-build import; no retail equivalence or prototype inferred.
00072747	nb_mouse_bt_press_	recovered	DREAMS.EXE embedded Watcom v3 code symbol; byte-identical import SHA256 45d00510f993d321d2288b0791a96297893de9e5e0dc24d36246e41e144008ce; tools/watcom_debug.py; tools/register_watcom_debug.py	size:18	Original module: mouse.asm. Symbol object 1 offset 00062747. Direct original-build import; no retail equivalence or prototype inferred.
00072759	nb_mouse_bt_release_	recovered	DREAMS.EXE embedded Watcom v3 code symbol; byte-identical import SHA256 45d00510f993d321d2288b0791a96297893de9e5e0dc24d36246e41e144008ce; tools/watcom_debug.py; tools/register_watcom_debug.py	size:18	Original module: mouse.asm. Symbol object 1 offset 00062759. Direct original-build import; no retail equivalence or prototype inferred.
0007276b	def_mouse_move_range_	recovered	DREAMS.EXE embedded Watcom v3 code symbol; byte-identical import SHA256 45d00510f993d321d2288b0791a96297893de9e5e0dc24d36246e41e144008ce; tools/watcom_debug.py; tools/register_watcom_debug.py	size:57	Original module: mouse.asm. Symbol object 1 offset 0006276b. Direct original-build import; no retail equivalence or prototype inferred.
000727a4	def_mouse_exclusion_range_	recovered	DREAMS.EXE embedded Watcom v3 code symbol; byte-identical import SHA256 45d00510f993d321d2288b0791a96297893de9e5e0dc24d36246e41e144008ce; tools/watcom_debug.py; tools/register_watcom_debug.py	size:45	Original module: mouse.asm. Symbol object 1 offset 000627a4. Direct original-build import; no retail equivalence or prototype inferred.
000727d1	def_mouse_mickey_ratio_	recovered	DREAMS.EXE embedded Watcom v3 code symbol; byte-identical import SHA256 45d00510f993d321d2288b0791a96297893de9e5e0dc24d36246e41e144008ce; tools/watcom_debug.py; tools/register_watcom_debug.py	size:9	Original module: mouse.asm. Symbol object 1 offset 000627d1. Direct original-build import; no retail equivalence or prototype inferred.
000727da	def_mouse_text_cursor_	recovered	DREAMS.EXE embedded Watcom v3 code symbol; byte-identical import SHA256 45d00510f993d321d2288b0791a96297893de9e5e0dc24d36246e41e144008ce; tools/watcom_debug.py; tools/register_watcom_debug.py	size:18	Original module: mouse.asm. Symbol object 1 offset 000627da. Direct original-build import; no retail equivalence or prototype inferred.
000727ec	def_mouse_graph_cursor_	recovered	DREAMS.EXE embedded Watcom v3 code symbol; byte-identical import SHA256 45d00510f993d321d2288b0791a96297893de9e5e0dc24d36246e41e144008ce; tools/watcom_debug.py; tools/register_watcom_debug.py	size:32	Original module: mouse.asm. Symbol object 1 offset 000627ec. Direct original-build import; no retail equivalence or prototype inferred.
0007280c	get_mouse_mickey_counters_	recovered	DREAMS.EXE embedded Watcom v3 code symbol; byte-identical import SHA256 45d00510f993d321d2288b0791a96297893de9e5e0dc24d36246e41e144008ce; tools/watcom_debug.py; tools/register_watcom_debug.py	size:19	Original module: mouse.asm. Symbol object 1 offset 0006280c. Direct original-build import; no retail equivalence or prototype inferred.
00072820	Calc_RDTSC_	recovered	DREAMS.EXE embedded Watcom v3 code symbol; byte-identical import SHA256 45d00510f993d321d2288b0791a96297893de9e5e0dc24d36246e41e144008ce; tools/watcom_debug.py; tools/register_watcom_debug.py	size:12	Original module: rdtsca.asm. Symbol object 1 offset 00062820. Direct original-build import; no retail equivalence or prototype inferred.
0007282c	Sub_RDTSC_	recovered	DREAMS.EXE embedded Watcom v3 code symbol; byte-identical import SHA256 45d00510f993d321d2288b0791a96297893de9e5e0dc24d36246e41e144008ce; tools/watcom_debug.py; tools/register_watcom_debug.py	size:28	Original module: rdtsca.asm. Symbol object 1 offset 0006282c. Direct original-build import; no retail equivalence or prototype inferred.
00072850	AILSR_end_	recovered	DREAMS.EXE embedded Watcom v3 code symbol; byte-identical import SHA256 45d00510f993d321d2288b0791a96297893de9e5e0dc24d36246e41e144008ce; tools/watcom_debug.py; tools/register_watcom_debug.py	size:42	Original module: D:\DEVEL\PROJECTS\MSS\DOSSRC\ailsr.c. Symbol object 1 offset 00062850. Direct original-build import; no retail equivalence or prototype inferred.
00072880	_AIL_startup_reg	recovered	DREAMS.EXE embedded Watcom v3 code symbol; byte-identical import SHA256 45d00510f993d321d2288b0791a96297893de9e5e0dc24d36246e41e144008ce; tools/watcom_debug.py; tools/register_watcom_debug.py	size:420	Original module: D:\DEVEL\PROJECTS\MSS\DOSSRC\ailsr.c. Symbol object 1 offset 00062880. Direct original-build import; no retail equivalence or prototype inferred.
00072a48	AIL_SPRINTF	recovered	DREAMS.EXE embedded Watcom v3 code symbol; byte-identical import SHA256 45d00510f993d321d2288b0791a96297893de9e5e0dc24d36246e41e144008ce; tools/watcom_debug.py; tools/register_watcom_debug.py	size:187	Original module: D:\DEVEL\PROJECTS\MSS\DOSSRC\ailsr.c. Symbol object 1 offset 00062a48. Direct original-build import; no retail equivalence or prototype inferred.
00072b10	AIL_INT386	recovered	DREAMS.EXE embedded Watcom v3 code symbol; byte-identical import SHA256 45d00510f993d321d2288b0791a96297893de9e5e0dc24d36246e41e144008ce; tools/watcom_debug.py; tools/register_watcom_debug.py	size:20	Original module: D:\DEVEL\PROJECTS\MSS\DOSSRC\ailsr.c. Symbol object 1 offset 00062b10. Direct original-build import; no retail equivalence or prototype inferred.
00072b30	AIL_GETENV	recovered	DREAMS.EXE embedded Watcom v3 code symbol; byte-identical import SHA256 45d00510f993d321d2288b0791a96297893de9e5e0dc24d36246e41e144008ce; tools/watcom_debug.py; tools/register_watcom_debug.py	size:16	Original module: D:\DEVEL\PROJECTS\MSS\DOSSRC\ailsr.c. Symbol object 1 offset 00062b30. Direct original-build import; no retail equivalence or prototype inferred.
00072b40	AIL_FREE	recovered	DREAMS.EXE embedded Watcom v3 code symbol; byte-identical import SHA256 45d00510f993d321d2288b0791a96297893de9e5e0dc24d36246e41e144008ce; tools/watcom_debug.py; tools/register_watcom_debug.py	size:12	Original module: D:\DEVEL\PROJECTS\MSS\DOSSRC\ailsr.c. Symbol object 1 offset 00062b40. Direct original-build import; no retail equivalence or prototype inferred.
00072b50	AIL_MALLOC	recovered	DREAMS.EXE embedded Watcom v3 code symbol; byte-identical import SHA256 45d00510f993d321d2288b0791a96297893de9e5e0dc24d36246e41e144008ce; tools/watcom_debug.py; tools/register_watcom_debug.py	size:16	Original module: D:\DEVEL\PROJECTS\MSS\DOSSRC\ailsr.c. Symbol object 1 offset 00062b50. Direct original-build import; no retail equivalence or prototype inferred.
00072b60	AILSR_start_	recovered	DREAMS.EXE embedded Watcom v3 code symbol; byte-identical import SHA256 45d00510f993d321d2288b0791a96297893de9e5e0dc24d36246e41e144008ce; tools/watcom_debug.py; tools/register_watcom_debug.py	size:50	Original module: D:\DEVEL\PROJECTS\MSS\DOSSRC\ailsr.c. Symbol object 1 offset 00062b60. Direct original-build import; no retail equivalence or prototype inferred.
00072ba0	AILDEBUG_END	recovered	DREAMS.EXE embedded Watcom v3 code symbol; byte-identical import SHA256 45d00510f993d321d2288b0791a96297893de9e5e0dc24d36246e41e144008ce; tools/watcom_debug.py; tools/register_watcom_debug.py	size:36	Original module: D:\DEVEL\PROJECTS\MSS\DOSSRC\aildebug.c. Symbol object 1 offset 00062ba0. Direct original-build import; no retail equivalence or prototype inferred.
00072bd0	_AIL_stream_user_data	recovered	DREAMS.EXE embedded Watcom v3 code symbol; byte-identical import SHA256 45d00510f993d321d2288b0791a96297893de9e5e0dc24d36246e41e144008ce; tools/watcom_debug.py; tools/register_watcom_debug.py	size:262	Original module: D:\DEVEL\PROJECTS\MSS\DOSSRC\aildebug.c. Symbol object 1 offset 00062bd0. Direct original-build import; no retail equivalence or prototype inferred.
00072ce0	_AIL_set_stream_user_data	recovered	DREAMS.EXE embedded Watcom v3 code symbol; byte-identical import SHA256 45d00510f993d321d2288b0791a96297893de9e5e0dc24d36246e41e144008ce; tools/watcom_debug.py; tools/register_watcom_debug.py	size:206	Original module: D:\DEVEL\PROJECTS\MSS\DOSSRC\aildebug.c. Symbol object 1 offset 00062ce0. Direct original-build import; no retail equivalence or prototype inferred.
00072db0	_AIL_register_stream_callback	recovered	DREAMS.EXE embedded Watcom v3 code symbol; byte-identical import SHA256 45d00510f993d321d2288b0791a96297893de9e5e0dc24d36246e41e144008ce; tools/watcom_debug.py; tools/register_watcom_debug.py	size:262	Original module: D:\DEVEL\PROJECTS\MSS\DOSSRC\aildebug.c. Symbol object 1 offset 00062db0. Direct original-build import; no retail equivalence or prototype inferred.
00072ec0	_AIL_stream_info	recovered	DREAMS.EXE embedded Watcom v3 code symbol; byte-identical import SHA256 45d00510f993d321d2288b0791a96297893de9e5e0dc24d36246e41e144008ce; tools/watcom_debug.py; tools/register_watcom_debug.py	size:250	Original module: D:\DEVEL\PROJECTS\MSS\DOSSRC\aildebug.c. Symbol object 1 offset 00062ec0. Direct original-build import; no retail equivalence or prototype inferred.
00072fc0	_AIL_stream_position	recovered	DREAMS.EXE embedded Watcom v3 code symbol; byte-identical import SHA256 45d00510f993d321d2288b0791a96297893de9e5e0dc24d36246e41e144008ce; tools/watcom_debug.py; tools/register_watcom_debug.py	size:241	Original module: D:\DEVEL\PROJECTS\MSS\DOSSRC\aildebug.c. Symbol object 1 offset 00062fc0. Direct original-build import; no retail equivalence or prototype inferred.
000730c0	_AIL_set_stream_position	recovered	DREAMS.EXE embedded Watcom v3 code symbol; byte-identical import SHA256 45d00510f993d321d2288b0791a96297893de9e5e0dc24d36246e41e144008ce; tools/watcom_debug.py; tools/register_watcom_debug.py	size:182	Original module: D:\DEVEL\PROJECTS\MSS\DOSSRC\aildebug.c. Symbol object 1 offset 000630c0. Direct original-build import; no retail equivalence or prototype inferred.
00073180	_AIL_stream_status	recovered	DREAMS.EXE embedded Watcom v3 code symbol; byte-identical import SHA256 45d00510f993d321d2288b0791a96297893de9e5e0dc24d36246e41e144008ce; tools/watcom_debug.py; tools/register_watcom_debug.py	size:241	Original module: D:\DEVEL\PROJECTS\MSS\DOSSRC\aildebug.c. Symbol object 1 offset 00063180. Direct original-build import; no retail equivalence or prototype inferred.
00073280	_AIL_set_stream_loop_count	recovered	DREAMS.EXE embedded Watcom v3 code symbol; byte-identical import SHA256 45d00510f993d321d2288b0791a96297893de9e5e0dc24d36246e41e144008ce; tools/watcom_debug.py; tools/register_watcom_debug.py	size:182	Original module: D:\DEVEL\PROJECTS\MSS\DOSSRC\aildebug.c. Symbol object 1 offset 00063280. Direct original-build import; no retail equivalence or prototype inferred.
00073340	_AIL_stream_loop_count	recovered	DREAMS.EXE embedded Watcom v3 code symbol; byte-identical import SHA256 45d00510f993d321d2288b0791a96297893de9e5e0dc24d36246e41e144008ce; tools/watcom_debug.py; tools/register_watcom_debug.py	size:241	Original module: D:\DEVEL\PROJECTS\MSS\DOSSRC\aildebug.c. Symbol object 1 offset 00063340. Direct original-build import; no retail equivalence or prototype inferred.
00073440	_AIL_stream_playback_rate	recovered	DREAMS.EXE embedded Watcom v3 code symbol; byte-identical import SHA256 45d00510f993d321d2288b0791a96297893de9e5e0dc24d36246e41e144008ce; tools/watcom_debug.py; tools/register_watcom_debug.py	size:241	Original module: D:\DEVEL\PROJECTS\MSS\DOSSRC\aildebug.c. Symbol object 1 offset 00063440. Direct original-build import; no retail equivalence or prototype inferred.
00073540	_AIL_set_stream_playback_rate	recovered	DREAMS.EXE embedded Watcom v3 code symbol; byte-identical import SHA256 45d00510f993d321d2288b0791a96297893de9e5e0dc24d36246e41e144008ce; tools/watcom_debug.py; tools/register_watcom_debug.py	size:182	Original module: D:\DEVEL\PROJECTS\MSS\DOSSRC\aildebug.c. Symbol object 1 offset 00063540. Direct original-build import; no retail equivalence or prototype inferred.
00073600	_AIL_stream_pan	recovered	DREAMS.EXE embedded Watcom v3 code symbol; byte-identical import SHA256 45d00510f993d321d2288b0791a96297893de9e5e0dc24d36246e41e144008ce; tools/watcom_debug.py; tools/register_watcom_debug.py	size:241	Original module: D:\DEVEL\PROJECTS\MSS\DOSSRC\aildebug.c. Symbol object 1 offset 00063600. Direct original-build import; no retail equivalence or prototype inferred.
00073700	_AIL_stream_volume	recovered	DREAMS.EXE embedded Watcom v3 code symbol; byte-identical import SHA256 45d00510f993d321d2288b0791a96297893de9e5e0dc24d36246e41e144008ce; tools/watcom_debug.py; tools/register_watcom_debug.py	size:241	Original module: D:\DEVEL\PROJECTS\MSS\DOSSRC\aildebug.c. Symbol object 1 offset 00063700. Direct original-build import; no retail equivalence or prototype inferred.
00073800	_AIL_set_stream_pan	recovered	DREAMS.EXE embedded Watcom v3 code symbol; byte-identical import SHA256 45d00510f993d321d2288b0791a96297893de9e5e0dc24d36246e41e144008ce; tools/watcom_debug.py; tools/register_watcom_debug.py	size:182	Original module: D:\DEVEL\PROJECTS\MSS\DOSSRC\aildebug.c. Symbol object 1 offset 00063800. Direct original-build import; no retail equivalence or prototype inferred.
000738c0	_AIL_set_stream_volume	recovered	DREAMS.EXE embedded Watcom v3 code symbol; byte-identical import SHA256 45d00510f993d321d2288b0791a96297893de9e5e0dc24d36246e41e144008ce; tools/watcom_debug.py; tools/register_watcom_debug.py	size:182	Original module: D:\DEVEL\PROJECTS\MSS\DOSSRC\aildebug.c. Symbol object 1 offset 000638c0. Direct original-build import; no retail equivalence or prototype inferred.
00073980	_AIL_pause_stream	recovered	DREAMS.EXE embedded Watcom v3 code symbol; byte-identical import SHA256 45d00510f993d321d2288b0791a96297893de9e5e0dc24d36246e41e144008ce; tools/watcom_debug.py; tools/register_watcom_debug.py	size:182	Original module: D:\DEVEL\PROJECTS\MSS\DOSSRC\aildebug.c. Symbol object 1 offset 00063980. Direct original-build import; no retail equivalence or prototype inferred.
00073a40	_AIL_start_stream	recovered	DREAMS.EXE embedded Watcom v3 code symbol; byte-identical import SHA256 45d00510f993d321d2288b0791a96297893de9e5e0dc24d36246e41e144008ce; tools/watcom_debug.py; tools/register_watcom_debug.py	size:162	Original module: D:\DEVEL\PROJECTS\MSS\DOSSRC\aildebug.c. Symbol object 1 offset 00063a40. Direct original-build import; no retail equivalence or prototype inferred.
00073af0	_AIL_service_stream	recovered	DREAMS.EXE embedded Watcom v3 code symbol; byte-identical import SHA256 45d00510f993d321d2288b0791a96297893de9e5e0dc24d36246e41e144008ce; tools/watcom_debug.py; tools/register_watcom_debug.py	size:262	Original module: D:\DEVEL\PROJECTS\MSS\DOSSRC\aildebug.c. Symbol object 1 offset 00063af0. Direct original-build import; no retail equivalence or prototype inferred.
00073c00	_AIL_close_stream	recovered	DREAMS.EXE embedded Watcom v3 code symbol; byte-identical import SHA256 45d00510f993d321d2288b0791a96297893de9e5e0dc24d36246e41e144008ce; tools/watcom_debug.py; tools/register_watcom_debug.py	size:162	Original module: D:\DEVEL\PROJECTS\MSS\DOSSRC\aildebug.c. Symbol object 1 offset 00063c00. Direct original-build import; no retail equivalence or prototype inferred.
00073cb0	_AIL_open_stream	recovered	DREAMS.EXE embedded Watcom v3 code symbol; byte-identical import SHA256 45d00510f993d321d2288b0791a96297893de9e5e0dc24d36246e41e144008ce; tools/watcom_debug.py; tools/register_watcom_debug.py	size:283	Original module: D:\DEVEL\PROJECTS\MSS\DOSSRC\aildebug.c. Symbol object 1 offset 00063cb0. Direct original-build import; no retail equivalence or prototype inferred.
00073dd0	_AIL_quick_copy	recovered	DREAMS.EXE embedded Watcom v3 code symbol; byte-identical import SHA256 45d00510f993d321d2288b0791a96297893de9e5e0dc24d36246e41e144008ce; tools/watcom_debug.py; tools/register_watcom_debug.py	size:241	Original module: D:\DEVEL\PROJECTS\MSS\DOSSRC\aildebug.c. Symbol object 1 offset 00063dd0. Direct original-build import; no retail equivalence or prototype inferred.
00073ed0	_AIL_quick_set_volume	recovered	DREAMS.EXE embedded Watcom v3 code symbol; byte-identical import SHA256 45d00510f993d321d2288b0791a96297893de9e5e0dc24d36246e41e144008ce; tools/watcom_debug.py; tools/register_watcom_debug.py	size:206	Original module: D:\DEVEL\PROJECTS\MSS\DOSSRC\aildebug.c. Symbol object 1 offset 00063ed0. Direct original-build import; no retail equivalence or prototype inferred.
00073fa0	_AIL_quick_set_speed	recovered	DREAMS.EXE embedded Watcom v3 code symbol; byte-identical import SHA256 45d00510f993d321d2288b0791a96297893de9e5e0dc24d36246e41e144008ce; tools/watcom_debug.py; tools/register_watcom_debug.py	size:182	Original module: D:\DEVEL\PROJECTS\MSS\DOSSRC\aildebug.c. Symbol object 1 offset 00063fa0. Direct original-build import; no retail equivalence or prototype inferred.
00074060	_AIL_quick_load_and_play	recovered	DREAMS.EXE embedded Watcom v3 code symbol; byte-identical import SHA256 45d00510f993d321d2288b0791a96297893de9e5e0dc24d36246e41e144008ce; tools/watcom_debug.py; tools/register_watcom_debug.py	size:283	Original module: D:\DEVEL\PROJECTS\MSS\DOSSRC\aildebug.c. Symbol object 1 offset 00064060. Direct original-build import; no retail equivalence or prototype inferred.
00074180	_AIL_quick_status	recovered	DREAMS.EXE embedded Watcom v3 code symbol; byte-identical import SHA256 45d00510f993d321d2288b0791a96297893de9e5e0dc24d36246e41e144008ce; tools/watcom_debug.py; tools/register_watcom_debug.py	size:241	Original module: D:\DEVEL\PROJECTS\MSS\DOSSRC\aildebug.c. Symbol object 1 offset 00064180. Direct original-build import; no retail equivalence or prototype inferred.
00074280	_AIL_quick_halt	recovered	DREAMS.EXE embedded Watcom v3 code symbol; byte-identical import SHA256 45d00510f993d321d2288b0791a96297893de9e5e0dc24d36246e41e144008ce; tools/watcom_debug.py; tools/register_watcom_debug.py	size:162	Original module: D:\DEVEL\PROJECTS\MSS\DOSSRC\aildebug.c. Symbol object 1 offset 00064280. Direct original-build import; no retail equivalence or prototype inferred.
00074330	_AIL_quick_play	recovered	DREAMS.EXE embedded Watcom v3 code symbol; byte-identical import SHA256 45d00510f993d321d2288b0791a96297893de9e5e0dc24d36246e41e144008ce; tools/watcom_debug.py; tools/register_watcom_debug.py	size:262	Original module: D:\DEVEL\PROJECTS\MSS\DOSSRC\aildebug.c. Symbol object 1 offset 00064330. Direct original-build import; no retail equivalence or prototype inferred.
00074440	_AIL_quick_handles	recovered	DREAMS.EXE embedded Watcom v3 code symbol; byte-identical import SHA256 45d00510f993d321d2288b0791a96297893de9e5e0dc24d36246e41e144008ce; tools/watcom_debug.py; tools/register_watcom_debug.py	size:182	Original module: D:\DEVEL\PROJECTS\MSS\DOSSRC\aildebug.c. Symbol object 1 offset 00064440. Direct original-build import; no retail equivalence or prototype inferred.
00074500	_AIL_quick_unload	recovered	DREAMS.EXE embedded Watcom v3 code symbol; byte-identical import SHA256 45d00510f993d321d2288b0791a96297893de9e5e0dc24d36246e41e144008ce; tools/watcom_debug.py; tools/register_watcom_debug.py	size:162	Original module: D:\DEVEL\PROJECTS\MSS\DOSSRC\aildebug.c. Symbol object 1 offset 00064500. Direct original-build import; no retail equivalence or prototype inferred.
000745b0	_AIL_quick_load	recovered	DREAMS.EXE embedded Watcom v3 code symbol; byte-identical import SHA256 45d00510f993d321d2288b0791a96297893de9e5e0dc24d36246e41e144008ce; tools/watcom_debug.py; tools/register_watcom_debug.py	size:241	Original module: D:\DEVEL\PROJECTS\MSS\DOSSRC\aildebug.c. Symbol object 1 offset 000645b0. Direct original-build import; no retail equivalence or prototype inferred.
000746b0	_AIL_quick_shutdown	recovered	DREAMS.EXE embedded Watcom v3 code symbol; byte-identical import SHA256 45d00510f993d321d2288b0791a96297893de9e5e0dc24d36246e41e144008ce; tools/watcom_debug.py; tools/register_watcom_debug.py	size:122	Original module: D:\DEVEL\PROJECTS\MSS\DOSSRC\aildebug.c. Symbol object 1 offset 000646b0. Direct original-build import; no retail equivalence or prototype inferred.
00074730	_AIL_redbook_set_volume	recovered	DREAMS.EXE embedded Watcom v3 code symbol; byte-identical import SHA256 45d00510f993d321d2288b0791a96297893de9e5e0dc24d36246e41e144008ce; tools/watcom_debug.py; tools/register_watcom_debug.py	size:262	Original module: D:\DEVEL\PROJECTS\MSS\DOSSRC\aildebug.c. Symbol object 1 offset 00064730. Direct original-build import; no retail equivalence or prototype inferred.
00074840	_AIL_redbook_volume	recovered	DREAMS.EXE embedded Watcom v3 code symbol; byte-identical import SHA256 45d00510f993d321d2288b0791a96297893de9e5e0dc24d36246e41e144008ce; tools/watcom_debug.py; tools/register_watcom_debug.py	size:241	Original module: D:\DEVEL\PROJECTS\MSS\DOSSRC\aildebug.c. Symbol object 1 offset 00064840. Direct original-build import; no retail equivalence or prototype inferred.
00074940	_AIL_redbook_resume	recovered	DREAMS.EXE embedded Watcom v3 code symbol; byte-identical import SHA256 45d00510f993d321d2288b0791a96297893de9e5e0dc24d36246e41e144008ce; tools/watcom_debug.py; tools/register_watcom_debug.py	size:241	Original module: D:\DEVEL\PROJECTS\MSS\DOSSRC\aildebug.c. Symbol object 1 offset 00064940. Direct original-build import; no retail equivalence or prototype inferred.
00074a40	_AIL_redbook_pause	recovered	DREAMS.EXE embedded Watcom v3 code symbol; byte-identical import SHA256 45d00510f993d321d2288b0791a96297893de9e5e0dc24d36246e41e144008ce; tools/watcom_debug.py; tools/register_watcom_debug.py	size:241	Original module: D:\DEVEL\PROJECTS\MSS\DOSSRC\aildebug.c. Symbol object 1 offset 00064a40. Direct original-build import; no retail equivalence or prototype inferred.
00074b40	_AIL_redbook_stop	recovered	DREAMS.EXE embedded Watcom v3 code symbol; byte-identical import SHA256 45d00510f993d321d2288b0791a96297893de9e5e0dc24d36246e41e144008ce; tools/watcom_debug.py; tools/register_watcom_debug.py	size:241	Original module: D:\DEVEL\PROJECTS\MSS\DOSSRC\aildebug.c. Symbol object 1 offset 00064b40. Direct original-build import; no retail equivalence or prototype inferred.
00074c40	_AIL_redbook_play	recovered	DREAMS.EXE embedded Watcom v3 code symbol; byte-identical import SHA256 45d00510f993d321d2288b0791a96297893de9e5e0dc24d36246e41e144008ce; tools/watcom_debug.py; tools/register_watcom_debug.py	size:283	Original module: D:\DEVEL\PROJECTS\MSS\DOSSRC\aildebug.c. Symbol object 1 offset 00064c40. Direct original-build import; no retail equivalence or prototype inferred.
00074d60	_AIL_redbook_track	recovered	DREAMS.EXE embedded Watcom v3 code symbol; byte-identical import SHA256 45d00510f993d321d2288b0791a96297893de9e5e0dc24d36246e41e144008ce; tools/watcom_debug.py; tools/register_watcom_debug.py	size:241	Original module: D:\DEVEL\PROJECTS\MSS\DOSSRC\aildebug.c. Symbol object 1 offset 00064d60. Direct original-build import; no retail equivalence or prototype inferred.
00074e60	_AIL_redbook_position	recovered	DREAMS.EXE embedded Watcom v3 code symbol; byte-identical import SHA256 45d00510f993d321d2288b0791a96297893de9e5e0dc24d36246e41e144008ce; tools/watcom_debug.py; tools/register_watcom_debug.py	size:241	Original module: D:\DEVEL\PROJECTS\MSS\DOSSRC\aildebug.c. Symbol object 1 offset 00064e60. Direct original-build import; no retail equivalence or prototype inferred.
00074f60	_AIL_redbook_id	recovered	DREAMS.EXE embedded Watcom v3 code symbol; byte-identical import SHA256 45d00510f993d321d2288b0791a96297893de9e5e0dc24d36246e41e144008ce; tools/watcom_debug.py; tools/register_watcom_debug.py	size:241	Original module: D:\DEVEL\PROJECTS\MSS\DOSSRC\aildebug.c. Symbol object 1 offset 00064f60. Direct original-build import; no retail equivalence or prototype inferred.
00075060	_AIL_redbook_track_info	recovered	DREAMS.EXE embedded Watcom v3 code symbol; byte-identical import SHA256 45d00510f993d321d2288b0791a96297893de9e5e0dc24d36246e41e144008ce; tools/watcom_debug.py; tools/register_watcom_debug.py	size:228	Original module: D:\DEVEL\PROJECTS\MSS\DOSSRC\aildebug.c. Symbol object 1 offset 00065060. Direct original-build import; no retail equivalence or prototype inferred.
00075150	_AIL_redbook_tracks	recovered	DREAMS.EXE embedded Watcom v3 code symbol; byte-identical import SHA256 45d00510f993d321d2288b0791a96297893de9e5e0dc24d36246e41e144008ce; tools/watcom_debug.py; tools/register_watcom_debug.py	size:241	Original module: D:\DEVEL\PROJECTS\MSS\DOSSRC\aildebug.c. Symbol object 1 offset 00065150. Direct original-build import; no retail equivalence or prototype inferred.
00075250	_AIL_redbook_status	recovered	DREAMS.EXE embedded Watcom v3 code symbol; byte-identical import SHA256 45d00510f993d321d2288b0791a96297893de9e5e0dc24d36246e41e144008ce; tools/watcom_debug.py; tools/register_watcom_debug.py	size:241	Original module: D:\DEVEL\PROJECTS\MSS\DOSSRC\aildebug.c. Symbol object 1 offset 00065250. Direct original-build import; no retail equivalence or prototype inferred.
00075350	_AIL_redbook_retract	recovered	DREAMS.EXE embedded Watcom v3 code symbol; byte-identical import SHA256 45d00510f993d321d2288b0791a96297893de9e5e0dc24d36246e41e144008ce; tools/watcom_debug.py; tools/register_watcom_debug.py	size:162	Original module: D:\DEVEL\PROJECTS\MSS\DOSSRC\aildebug.c. Symbol object 1 offset 00065350. Direct original-build import; no retail equivalence or prototype inferred.
00075400	_AIL_redbook_eject	recovered	DREAMS.EXE embedded Watcom v3 code symbol; byte-identical import SHA256 45d00510f993d321d2288b0791a96297893de9e5e0dc24d36246e41e144008ce; tools/watcom_debug.py; tools/register_watcom_debug.py	size:162	Original module: D:\DEVEL\PROJECTS\MSS\DOSSRC\aildebug.c. Symbol object 1 offset 00065400. Direct original-build import; no retail equivalence or prototype inferred.
000754b0	_AIL_redbook_close	recovered	DREAMS.EXE embedded Watcom v3 code symbol; byte-identical import SHA256 45d00510f993d321d2288b0791a96297893de9e5e0dc24d36246e41e144008ce; tools/watcom_debug.py; tools/register_watcom_debug.py	size:162	Original module: D:\DEVEL\PROJECTS\MSS\DOSSRC\aildebug.c. Symbol object 1 offset 000654b0. Direct original-build import; no retail equivalence or prototype inferred.
00075560	_AIL_redbook_open	recovered	DREAMS.EXE embedded Watcom v3 code symbol; byte-identical import SHA256 45d00510f993d321d2288b0791a96297893de9e5e0dc24d36246e41e144008ce; tools/watcom_debug.py; tools/register_watcom_debug.py	size:241	Original module: D:\DEVEL\PROJECTS\MSS\DOSSRC\aildebug.c. Symbol object 1 offset 00065560. Direct original-build import; no retail equivalence or prototype inferred.
00075660	_AIL_destroy_wave_synthesizer	recovered	DREAMS.EXE embedded Watcom v3 code symbol; byte-identical import SHA256 45d00510f993d321d2288b0791a96297893de9e5e0dc24d36246e41e144008ce; tools/watcom_debug.py; tools/register_watcom_debug.py	size:162	Original module: D:\DEVEL\PROJECTS\MSS\DOSSRC\aildebug.c. Symbol object 1 offset 00065660. Direct original-build import; no retail equivalence or prototype inferred.
00075710	_AIL_create_wave_synthesizer	recovered	DREAMS.EXE embedded Watcom v3 code symbol; byte-identical import SHA256 45d00510f993d321d2288b0791a96297893de9e5e0dc24d36246e41e144008ce; tools/watcom_debug.py; tools/register_watcom_debug.py	size:298	Original module: D:\DEVEL\PROJECTS\MSS\DOSSRC\aildebug.c. Symbol object 1 offset 00065710. Direct original-build import; no retail equivalence or prototype inferred.
00075840	_AIL_send_sysex_message	recovered	DREAMS.EXE embedded Watcom v3 code symbol; byte-identical import SHA256 45d00510f993d321d2288b0791a96297893de9e5e0dc24d36246e41e144008ce; tools/watcom_debug.py; tools/register_watcom_debug.py	size:182	Original module: D:\DEVEL\PROJECTS\MSS\DOSSRC\aildebug.c. Symbol object 1 offset 00065840. Direct original-build import; no retail equivalence or prototype inferred.
00075900	_AIL_send_channel_voice_message	recovered	DREAMS.EXE embedded Watcom v3 code symbol; byte-identical import SHA256 45d00510f993d321d2288b0791a96297893de9e5e0dc24d36246e41e144008ce; tools/watcom_debug.py; tools/register_watcom_debug.py	size:250	Original module: D:\DEVEL\PROJECTS\MSS\DOSSRC\aildebug.c. Symbol object 1 offset 00065900. Direct original-build import; no retail equivalence or prototype inferred.
00075a00	_AIL_true_sequence_channel	recovered	DREAMS.EXE embedded Watcom v3 code symbol; byte-identical import SHA256 45d00510f993d321d2288b0791a96297893de9e5e0dc24d36246e41e144008ce; tools/watcom_debug.py; tools/register_watcom_debug.py	size:262	Original module: D:\DEVEL\PROJECTS\MSS\DOSSRC\aildebug.c. Symbol object 1 offset 00065a00. Direct original-build import; no retail equivalence or prototype inferred.
00075b10	_AIL_map_sequence_channel	recovered	DREAMS.EXE embedded Watcom v3 code symbol; byte-identical import SHA256 45d00510f993d321d2288b0791a96297893de9e5e0dc24d36246e41e144008ce; tools/watcom_debug.py; tools/register_watcom_debug.py	size:206	Original module: D:\DEVEL\PROJECTS\MSS\DOSSRC\aildebug.c. Symbol object 1 offset 00065b10. Direct original-build import; no retail equivalence or prototype inferred.
00075be0	_AIL_release_channel	recovered	DREAMS.EXE embedded Watcom v3 code symbol; byte-identical import SHA256 45d00510f993d321d2288b0791a96297893de9e5e0dc24d36246e41e144008ce; tools/watcom_debug.py; tools/register_watcom_debug.py	size:182	Original module: D:\DEVEL\PROJECTS\MSS\DOSSRC\aildebug.c. Symbol object 1 offset 00065be0. Direct original-build import; no retail equivalence or prototype inferred.
00075ca0	_AIL_lock_channel	recovered	DREAMS.EXE embedded Watcom v3 code symbol; byte-identical import SHA256 45d00510f993d321d2288b0791a96297893de9e5e0dc24d36246e41e144008ce; tools/watcom_debug.py; tools/register_watcom_debug.py	size:241	Original module: D:\DEVEL\PROJECTS\MSS\DOSSRC\aildebug.c. Symbol object 1 offset 00065ca0. Direct original-build import; no retail equivalence or prototype inferred.
00075da0	_AIL_register_ICA_array	recovered	DREAMS.EXE embedded Watcom v3 code symbol; byte-identical import SHA256 45d00510f993d321d2288b0791a96297893de9e5e0dc24d36246e41e144008ce; tools/watcom_debug.py; tools/register_watcom_debug.py	size:182	Original module: D:\DEVEL\PROJECTS\MSS\DOSSRC\aildebug.c. Symbol object 1 offset 00065da0. Direct original-build import; no retail equivalence or prototype inferred.
00075e60	_AIL_sequence_user_data	recovered	DREAMS.EXE embedded Watcom v3 code symbol; byte-identical import SHA256 45d00510f993d321d2288b0791a96297893de9e5e0dc24d36246e41e144008ce; tools/watcom_debug.py; tools/register_watcom_debug.py	size:262	Original module: D:\DEVEL\PROJECTS\MSS\DOSSRC\aildebug.c. Symbol object 1 offset 00065e60. Direct original-build import; no retail equivalence or prototype inferred.
00075f70	_AIL_set_sequence_user_data	recovered	DREAMS.EXE embedded Watcom v3 code symbol; byte-identical import SHA256 45d00510f993d321d2288b0791a96297893de9e5e0dc24d36246e41e144008ce; tools/watcom_debug.py; tools/register_watcom_debug.py	size:206	Original module: D:\DEVEL\PROJECTS\MSS\DOSSRC\aildebug.c. Symbol object 1 offset 00065f70. Direct original-build import; no retail equivalence or prototype inferred.
00076040	_AIL_register_timbre_callback	recovered	DREAMS.EXE embedded Watcom v3 code symbol; byte-identical import SHA256 45d00510f993d321d2288b0791a96297893de9e5e0dc24d36246e41e144008ce; tools/watcom_debug.py; tools/register_watcom_debug.py	size:262	Original module: D:\DEVEL\PROJECTS\MSS\DOSSRC\aildebug.c. Symbol object 1 offset 00066040. Direct original-build import; no retail equivalence or prototype inferred.
00076150	_AIL_register_event_callback	recovered	DREAMS.EXE embedded Watcom v3 code symbol; byte-identical import SHA256 45d00510f993d321d2288b0791a96297893de9e5e0dc24d36246e41e144008ce; tools/watcom_debug.py; tools/register_watcom_debug.py	size:262	Original module: D:\DEVEL\PROJECTS\MSS\DOSSRC\aildebug.c. Symbol object 1 offset 00066150. Direct original-build import; no retail equivalence or prototype inferred.
00076260	_AIL_register_beat_callback	recovered	DREAMS.EXE embedded Watcom v3 code symbol; byte-identical import SHA256 45d00510f993d321d2288b0791a96297893de9e5e0dc24d36246e41e144008ce; tools/watcom_debug.py; tools/register_watcom_debug.py	size:262	Original module: D:\DEVEL\PROJECTS\MSS\DOSSRC\aildebug.c. Symbol object 1 offset 00066260. Direct original-build import; no retail equivalence or prototype inferred.
00076370	_AIL_register_sequence_callback	recovered	DREAMS.EXE embedded Watcom v3 code symbol; byte-identical import SHA256 45d00510f993d321d2288b0791a96297893de9e5e0dc24d36246e41e144008ce; tools/watcom_debug.py; tools/register_watcom_debug.py	size:262	Original module: D:\DEVEL\PROJECTS\MSS\DOSSRC\aildebug.c. Symbol object 1 offset 00066370. Direct original-build import; no retail equivalence or prototype inferred.
00076480	_AIL_register_trigger_callback	recovered	DREAMS.EXE embedded Watcom v3 code symbol; byte-identical import SHA256 45d00510f993d321d2288b0791a96297893de9e5e0dc24d36246e41e144008ce; tools/watcom_debug.py; tools/register_watcom_debug.py	size:262	Original module: D:\DEVEL\PROJECTS\MSS\DOSSRC\aildebug.c. Symbol object 1 offset 00066480. Direct original-build import; no retail equivalence or prototype inferred.
00076590	_AIL_register_prefix_callback	recovered	DREAMS.EXE embedded Watcom v3 code symbol; byte-identical import SHA256 45d00510f993d321d2288b0791a96297893de9e5e0dc24d36246e41e144008ce; tools/watcom_debug.py; tools/register_watcom_debug.py	size:262	Original module: D:\DEVEL\PROJECTS\MSS\DOSSRC\aildebug.c. Symbol object 1 offset 00066590. Direct original-build import; no retail equivalence or prototype inferred.
000766a0	_AIL_branch_index	recovered	DREAMS.EXE embedded Watcom v3 code symbol; byte-identical import SHA256 45d00510f993d321d2288b0791a96297893de9e5e0dc24d36246e41e144008ce; tools/watcom_debug.py; tools/register_watcom_debug.py	size:182	Original module: D:\DEVEL\PROJECTS\MSS\DOSSRC\aildebug.c. Symbol object 1 offset 000666a0. Direct original-build import; no retail equivalence or prototype inferred.
00076760	_AIL_sequence_position	recovered	DREAMS.EXE embedded Watcom v3 code symbol; byte-identical import SHA256 45d00510f993d321d2288b0791a96297893de9e5e0dc24d36246e41e144008ce; tools/watcom_debug.py; tools/register_watcom_debug.py	size:319	Original module: D:\DEVEL\PROJECTS\MSS\DOSSRC\aildebug.c. Symbol object 1 offset 00066760. Direct original-build import; no retail equivalence or prototype inferred.
000768a0	_AIL_channel_notes	recovered	DREAMS.EXE embedded Watcom v3 code symbol; byte-identical import SHA256 45d00510f993d321d2288b0791a96297893de9e5e0dc24d36246e41e144008ce; tools/watcom_debug.py; tools/register_watcom_debug.py	size:262	Original module: D:\DEVEL\PROJECTS\MSS\DOSSRC\aildebug.c. Symbol object 1 offset 000668a0. Direct original-build import; no retail equivalence or prototype inferred.
000769b0	_AIL_controller_value	recovered	DREAMS.EXE embedded Watcom v3 code symbol; byte-identical import SHA256 45d00510f993d321d2288b0791a96297893de9e5e0dc24d36246e41e144008ce; tools/watcom_debug.py; tools/register_watcom_debug.py	size:283	Original module: D:\DEVEL\PROJECTS\MSS\DOSSRC\aildebug.c. Symbol object 1 offset 000669b0. Direct original-build import; no retail equivalence or prototype inferred.
00076ad0	_AIL_active_sequence_count	recovered	DREAMS.EXE embedded Watcom v3 code symbol; byte-identical import SHA256 45d00510f993d321d2288b0791a96297893de9e5e0dc24d36246e41e144008ce; tools/watcom_debug.py; tools/register_watcom_debug.py	size:241	Original module: D:\DEVEL\PROJECTS\MSS\DOSSRC\aildebug.c. Symbol object 1 offset 00066ad0. Direct original-build import; no retail equivalence or prototype inferred.
00076bd0	_AIL_unprotect_timbre	recovered	DREAMS.EXE embedded Watcom v3 code symbol; byte-identical import SHA256 45d00510f993d321d2288b0791a96297893de9e5e0dc24d36246e41e144008ce; tools/watcom_debug.py; tools/register_watcom_debug.py	size:206	Original module: D:\DEVEL\PROJECTS\MSS\DOSSRC\aildebug.c. Symbol object 1 offset 00066bd0. Direct original-build import; no retail equivalence or prototype inferred.
00076ca0	_AIL_protect_timbre	recovered	DREAMS.EXE embedded Watcom v3 code symbol; byte-identical import SHA256 45d00510f993d321d2288b0791a96297893de9e5e0dc24d36246e41e144008ce; tools/watcom_debug.py; tools/register_watcom_debug.py	size:206	Original module: D:\DEVEL\PROJECTS\MSS\DOSSRC\aildebug.c. Symbol object 1 offset 00066ca0. Direct original-build import; no retail equivalence or prototype inferred.
00076d70	_AIL_install_timbre	recovered	DREAMS.EXE embedded Watcom v3 code symbol; byte-identical import SHA256 45d00510f993d321d2288b0791a96297893de9e5e0dc24d36246e41e144008ce; tools/watcom_debug.py; tools/register_watcom_debug.py	size:283	Original module: D:\DEVEL\PROJECTS\MSS\DOSSRC\aildebug.c. Symbol object 1 offset 00066d70. Direct original-build import; no retail equivalence or prototype inferred.
00076e90	_AIL_timbre_status	recovered	DREAMS.EXE embedded Watcom v3 code symbol; byte-identical import SHA256 45d00510f993d321d2288b0791a96297893de9e5e0dc24d36246e41e144008ce; tools/watcom_debug.py; tools/register_watcom_debug.py	size:283	Original module: D:\DEVEL\PROJECTS\MSS\DOSSRC\aildebug.c. Symbol object 1 offset 00066e90. Direct original-build import; no retail equivalence or prototype inferred.
00076fb0	_AIL_set_GTL_filename_prefix	recovered	DREAMS.EXE embedded Watcom v3 code symbol; byte-identical import SHA256 45d00510f993d321d2288b0791a96297893de9e5e0dc24d36246e41e144008ce; tools/watcom_debug.py; tools/register_watcom_debug.py	size:162	Original module: D:\DEVEL\PROJECTS\MSS\DOSSRC\aildebug.c. Symbol object 1 offset 00066fb0. Direct original-build import; no retail equivalence or prototype inferred.
00077060	_AIL_MDI_driver_type	recovered	DREAMS.EXE embedded Watcom v3 code symbol; byte-identical import SHA256 45d00510f993d321d2288b0791a96297893de9e5e0dc24d36246e41e144008ce; tools/watcom_debug.py; tools/register_watcom_debug.py	size:241	Original module: D:\DEVEL\PROJECTS\MSS\DOSSRC\aildebug.c. Symbol object 1 offset 00067060. Direct original-build import; no retail equivalence or prototype inferred.
00077160	_AIL_install_MDI_driver_image	recovered	DREAMS.EXE embedded Watcom v3 code symbol; byte-identical import SHA256 45d00510f993d321d2288b0791a96297893de9e5e0dc24d36246e41e144008ce; tools/watcom_debug.py; tools/register_watcom_debug.py	size:283	Original module: D:\DEVEL\PROJECTS\MSS\DOSSRC\aildebug.c. Symbol object 1 offset 00067160. Direct original-build import; no retail equivalence or prototype inferred.
00077280	_AIL_XMIDI_master_volume	recovered	DREAMS.EXE embedded Watcom v3 code symbol; byte-identical import SHA256 45d00510f993d321d2288b0791a96297893de9e5e0dc24d36246e41e144008ce; tools/watcom_debug.py; tools/register_watcom_debug.py	size:241	Original module: D:\DEVEL\PROJECTS\MSS\DOSSRC\aildebug.c. Symbol object 1 offset 00067280. Direct original-build import; no retail equivalence or prototype inferred.
00077380	_AIL_set_XMIDI_master_volume	recovered	DREAMS.EXE embedded Watcom v3 code symbol; byte-identical import SHA256 45d00510f993d321d2288b0791a96297893de9e5e0dc24d36246e41e144008ce; tools/watcom_debug.py; tools/register_watcom_debug.py	size:182	Original module: D:\DEVEL\PROJECTS\MSS\DOSSRC\aildebug.c. Symbol object 1 offset 00067380. Direct original-build import; no retail equivalence or prototype inferred.
00077440	_AIL_sequence_loop_count	recovered	DREAMS.EXE embedded Watcom v3 code symbol; byte-identical import SHA256 45d00510f993d321d2288b0791a96297893de9e5e0dc24d36246e41e144008ce; tools/watcom_debug.py; tools/register_watcom_debug.py	size:241	Original module: D:\DEVEL\PROJECTS\MSS\DOSSRC\aildebug.c. Symbol object 1 offset 00067440. Direct original-build import; no retail equivalence or prototype inferred.
00077540	_AIL_sequence_volume	recovered	DREAMS.EXE embedded Watcom v3 code symbol; byte-identical import SHA256 45d00510f993d321d2288b0791a96297893de9e5e0dc24d36246e41e144008ce; tools/watcom_debug.py; tools/register_watcom_debug.py	size:241	Original module: D:\DEVEL\PROJECTS\MSS\DOSSRC\aildebug.c. Symbol object 1 offset 00067540. Direct original-build import; no retail equivalence or prototype inferred.
00077640	_AIL_sequence_tempo	recovered	DREAMS.EXE embedded Watcom v3 code symbol; byte-identical import SHA256 45d00510f993d321d2288b0791a96297893de9e5e0dc24d36246e41e144008ce; tools/watcom_debug.py; tools/register_watcom_debug.py	size:241	Original module: D:\DEVEL\PROJECTS\MSS\DOSSRC\aildebug.c. Symbol object 1 offset 00067640. Direct original-build import; no retail equivalence or prototype inferred.
00077740	_AIL_sequence_status	recovered	DREAMS.EXE embedded Watcom v3 code symbol; byte-identical import SHA256 45d00510f993d321d2288b0791a96297893de9e5e0dc24d36246e41e144008ce; tools/watcom_debug.py; tools/register_watcom_debug.py	size:241	Original module: D:\DEVEL\PROJECTS\MSS\DOSSRC\aildebug.c. Symbol object 1 offset 00067740. Direct original-build import; no retail equivalence or prototype inferred.
00077840	_AIL_set_sequence_loop_count	recovered	DREAMS.EXE embedded Watcom v3 code symbol; byte-identical import SHA256 45d00510f993d321d2288b0791a96297893de9e5e0dc24d36246e41e144008ce; tools/watcom_debug.py; tools/register_watcom_debug.py	size:182	Original module: D:\DEVEL\PROJECTS\MSS\DOSSRC\aildebug.c. Symbol object 1 offset 00067840. Direct original-build import; no retail equivalence or prototype inferred.
00077900	_AIL_set_sequence_volume	recovered	DREAMS.EXE embedded Watcom v3 code symbol; byte-identical import SHA256 45d00510f993d321d2288b0791a96297893de9e5e0dc24d36246e41e144008ce; tools/watcom_debug.py; tools/register_watcom_debug.py	size:206	Original module: D:\DEVEL\PROJECTS\MSS\DOSSRC\aildebug.c. Symbol object 1 offset 00067900. Direct original-build import; no retail equivalence or prototype inferred.
000779d0	_AIL_set_sequence_tempo	recovered	DREAMS.EXE embedded Watcom v3 code symbol; byte-identical import SHA256 45d00510f993d321d2288b0791a96297893de9e5e0dc24d36246e41e144008ce; tools/watcom_debug.py; tools/register_watcom_debug.py	size:206	Original module: D:\DEVEL\PROJECTS\MSS\DOSSRC\aildebug.c. Symbol object 1 offset 000679d0. Direct original-build import; no retail equivalence or prototype inferred.
00077aa0	_AIL_end_sequence	recovered	DREAMS.EXE embedded Watcom v3 code symbol; byte-identical import SHA256 45d00510f993d321d2288b0791a96297893de9e5e0dc24d36246e41e144008ce; tools/watcom_debug.py; tools/register_watcom_debug.py	size:162	Original module: D:\DEVEL\PROJECTS\MSS\DOSSRC\aildebug.c. Symbol object 1 offset 00067aa0. Direct original-build import; no retail equivalence or prototype inferred.
00077b50	_AIL_resume_sequence	recovered	DREAMS.EXE embedded Watcom v3 code symbol; byte-identical import SHA256 45d00510f993d321d2288b0791a96297893de9e5e0dc24d36246e41e144008ce; tools/watcom_debug.py; tools/register_watcom_debug.py	size:162	Original module: D:\DEVEL\PROJECTS\MSS\DOSSRC\aildebug.c. Symbol object 1 offset 00067b50. Direct original-build import; no retail equivalence or prototype inferred.
00077c00	_AIL_stop_sequence	recovered	DREAMS.EXE embedded Watcom v3 code symbol; byte-identical import SHA256 45d00510f993d321d2288b0791a96297893de9e5e0dc24d36246e41e144008ce; tools/watcom_debug.py; tools/register_watcom_debug.py	size:162	Original module: D:\DEVEL\PROJECTS\MSS\DOSSRC\aildebug.c. Symbol object 1 offset 00067c00. Direct original-build import; no retail equivalence or prototype inferred.
00077cb0	_AIL_start_sequence	recovered	DREAMS.EXE embedded Watcom v3 code symbol; byte-identical import SHA256 45d00510f993d321d2288b0791a96297893de9e5e0dc24d36246e41e144008ce; tools/watcom_debug.py; tools/register_watcom_debug.py	size:162	Original module: D:\DEVEL\PROJECTS\MSS\DOSSRC\aildebug.c. Symbol object 1 offset 00067cb0. Direct original-build import; no retail equivalence or prototype inferred.
00077d60	_AIL_init_sequence	recovered	DREAMS.EXE embedded Watcom v3 code symbol; byte-identical import SHA256 45d00510f993d321d2288b0791a96297893de9e5e0dc24d36246e41e144008ce; tools/watcom_debug.py; tools/register_watcom_debug.py	size:283	Original module: D:\DEVEL\PROJECTS\MSS\DOSSRC\aildebug.c. Symbol object 1 offset 00067d60. Direct original-build import; no retail equivalence or prototype inferred.
00077e80	_AIL_release_sequence_handle	recovered	DREAMS.EXE embedded Watcom v3 code symbol; byte-identical import SHA256 45d00510f993d321d2288b0791a96297893de9e5e0dc24d36246e41e144008ce; tools/watcom_debug.py; tools/register_watcom_debug.py	size:162	Original module: D:\DEVEL\PROJECTS\MSS\DOSSRC\aildebug.c. Symbol object 1 offset 00067e80. Direct original-build import; no retail equivalence or prototype inferred.
00077f30	_AIL_allocate_sequence_handle	recovered	DREAMS.EXE embedded Watcom v3 code symbol; byte-identical import SHA256 45d00510f993d321d2288b0791a96297893de9e5e0dc24d36246e41e144008ce; tools/watcom_debug.py; tools/register_watcom_debug.py	size:241	Original module: D:\DEVEL\PROJECTS\MSS\DOSSRC\aildebug.c. Symbol object 1 offset 00067f30. Direct original-build import; no retail equivalence or prototype inferred.
00078030	_AIL_uninstall_MDI_driver	recovered	DREAMS.EXE embedded Watcom v3 code symbol; byte-identical import SHA256 45d00510f993d321d2288b0791a96297893de9e5e0dc24d36246e41e144008ce; tools/watcom_debug.py; tools/register_watcom_debug.py	size:162	Original module: D:\DEVEL\PROJECTS\MSS\DOSSRC\aildebug.c. Symbol object 1 offset 00068030. Direct original-build import; no retail equivalence or prototype inferred.
000780e0	_AIL_install_MDI_driver_file	recovered	DREAMS.EXE embedded Watcom v3 code symbol; byte-identical import SHA256 45d00510f993d321d2288b0791a96297893de9e5e0dc24d36246e41e144008ce; tools/watcom_debug.py; tools/register_watcom_debug.py	size:262	Original module: D:\DEVEL\PROJECTS\MSS\DOSSRC\aildebug.c. Symbol object 1 offset 000680e0. Direct original-build import; no retail equivalence or prototype inferred.
000781f0	_AIL_install_MDI_INI	recovered	DREAMS.EXE embedded Watcom v3 code symbol; byte-identical import SHA256 45d00510f993d321d2288b0791a96297893de9e5e0dc24d36246e41e144008ce; tools/watcom_debug.py; tools/register_watcom_debug.py	size:241	Original module: D:\DEVEL\PROJECTS\MSS\DOSSRC\aildebug.c. Symbol object 1 offset 000681f0. Direct original-build import; no retail equivalence or prototype inferred.
000782f0	_AIL_active_sample_count	recovered	DREAMS.EXE embedded Watcom v3 code symbol; byte-identical import SHA256 45d00510f993d321d2288b0791a96297893de9e5e0dc24d36246e41e144008ce; tools/watcom_debug.py; tools/register_watcom_debug.py	size:241	Original module: D:\DEVEL\PROJECTS\MSS\DOSSRC\aildebug.c. Symbol object 1 offset 000682f0. Direct original-build import; no retail equivalence or prototype inferred.
000783f0	_AIL_sample_user_data	recovered	DREAMS.EXE embedded Watcom v3 code symbol; byte-identical import SHA256 45d00510f993d321d2288b0791a96297893de9e5e0dc24d36246e41e144008ce; tools/watcom_debug.py; tools/register_watcom_debug.py	size:262	Original module: D:\DEVEL\PROJECTS\MSS\DOSSRC\aildebug.c. Symbol object 1 offset 000683f0. Direct original-build import; no retail equivalence or prototype inferred.
00078500	_AIL_set_sample_user_data	recovered	DREAMS.EXE embedded Watcom v3 code symbol; byte-identical import SHA256 45d00510f993d321d2288b0791a96297893de9e5e0dc24d36246e41e144008ce; tools/watcom_debug.py; tools/register_watcom_debug.py	size:206	Original module: D:\DEVEL\PROJECTS\MSS\DOSSRC\aildebug.c. Symbol object 1 offset 00068500. Direct original-build import; no retail equivalence or prototype inferred.
000785d0	_AIL_register_EOF_callback	recovered	DREAMS.EXE embedded Watcom v3 code symbol; byte-identical import SHA256 45d00510f993d321d2288b0791a96297893de9e5e0dc24d36246e41e144008ce; tools/watcom_debug.py; tools/register_watcom_debug.py	size:262	Original module: D:\DEVEL\PROJECTS\MSS\DOSSRC\aildebug.c. Symbol object 1 offset 000685d0. Direct original-build import; no retail equivalence or prototype inferred.
000786e0	_AIL_register_EOS_callback	recovered	DREAMS.EXE embedded Watcom v3 code symbol; byte-identical import SHA256 45d00510f993d321d2288b0791a96297893de9e5e0dc24d36246e41e144008ce; tools/watcom_debug.py; tools/register_watcom_debug.py	size:262	Original module: D:\DEVEL\PROJECTS\MSS\DOSSRC\aildebug.c. Symbol object 1 offset 000686e0. Direct original-build import; no retail equivalence or prototype inferred.
000787f0	_AIL_register_EOB_callback	recovered	DREAMS.EXE embedded Watcom v3 code symbol; byte-identical import SHA256 45d00510f993d321d2288b0791a96297893de9e5e0dc24d36246e41e144008ce; tools/watcom_debug.py; tools/register_watcom_debug.py	size:262	Original module: D:\DEVEL\PROJECTS\MSS\DOSSRC\aildebug.c. Symbol object 1 offset 000687f0. Direct original-build import; no retail equivalence or prototype inferred.
00078900	_AIL_register_SOB_callback	recovered	DREAMS.EXE embedded Watcom v3 code symbol; byte-identical import SHA256 45d00510f993d321d2288b0791a96297893de9e5e0dc24d36246e41e144008ce; tools/watcom_debug.py; tools/register_watcom_debug.py	size:262	Original module: D:\DEVEL\PROJECTS\MSS\DOSSRC\aildebug.c. Symbol object 1 offset 00068900. Direct original-build import; no retail equivalence or prototype inferred.
00078a10	_AIL_sample_position	recovered	DREAMS.EXE embedded Watcom v3 code symbol; byte-identical import SHA256 45d00510f993d321d2288b0791a96297893de9e5e0dc24d36246e41e144008ce; tools/watcom_debug.py; tools/register_watcom_debug.py	size:241	Original module: D:\DEVEL\PROJECTS\MSS\DOSSRC\aildebug.c. Symbol object 1 offset 00068a10. Direct original-build import; no retail equivalence or prototype inferred.
00078b10	_AIL_set_sample_position	recovered	DREAMS.EXE embedded Watcom v3 code symbol; byte-identical import SHA256 45d00510f993d321d2288b0791a96297893de9e5e0dc24d36246e41e144008ce; tools/watcom_debug.py; tools/register_watcom_debug.py	size:182	Original module: D:\DEVEL\PROJECTS\MSS\DOSSRC\aildebug.c. Symbol object 1 offset 00068b10. Direct original-build import; no retail equivalence or prototype inferred.
00078bd0	_AIL_sample_buffer_info	recovered	DREAMS.EXE embedded Watcom v3 code symbol; byte-identical import SHA256 45d00510f993d321d2288b0791a96297893de9e5e0dc24d36246e41e144008ce; tools/watcom_debug.py; tools/register_watcom_debug.py	size:320	Original module: D:\DEVEL\PROJECTS\MSS\DOSSRC\aildebug.c. Symbol object 1 offset 00068bd0. Direct original-build import; no retail equivalence or prototype inferred.
00078d10	_AIL_load_sample_buffer	recovered	DREAMS.EXE embedded Watcom v3 code symbol; byte-identical import SHA256 45d00510f993d321d2288b0791a96297893de9e5e0dc24d36246e41e144008ce; tools/watcom_debug.py; tools/register_watcom_debug.py	size:228	Original module: D:\DEVEL\PROJECTS\MSS\DOSSRC\aildebug.c. Symbol object 1 offset 00068d10. Direct original-build import; no retail equivalence or prototype inferred.
00078e00	_AIL_sample_buffer_ready	recovered	DREAMS.EXE embedded Watcom v3 code symbol; byte-identical import SHA256 45d00510f993d321d2288b0791a96297893de9e5e0dc24d36246e41e144008ce; tools/watcom_debug.py; tools/register_watcom_debug.py	size:241	Original module: D:\DEVEL\PROJECTS\MSS\DOSSRC\aildebug.c. Symbol object 1 offset 00068e00. Direct original-build import; no retail equivalence or prototype inferred.
00078f00	_AIL_minimum_sample_buffer_size	recovered	DREAMS.EXE embedded Watcom v3 code symbol; byte-identical import SHA256 45d00510f993d321d2288b0791a96297893de9e5e0dc24d36246e41e144008ce; tools/watcom_debug.py; tools/register_watcom_debug.py	size:283	Original module: D:\DEVEL\PROJECTS\MSS\DOSSRC\aildebug.c. Symbol object 1 offset 00068f00. Direct original-build import; no retail equivalence or prototype inferred.
00079020	_AIL_install_DIG_driver_image	recovered	DREAMS.EXE embedded Watcom v3 code symbol; byte-identical import SHA256 45d00510f993d321d2288b0791a96297893de9e5e0dc24d36246e41e144008ce; tools/watcom_debug.py; tools/register_watcom_debug.py	size:283	Original module: D:\DEVEL\PROJECTS\MSS\DOSSRC\aildebug.c. Symbol object 1 offset 00069020. Direct original-build import; no retail equivalence or prototype inferred.
00079140	_AIL_digital_configuration	recovered	DREAMS.EXE embedded Watcom v3 code symbol; byte-identical import SHA256 45d00510f993d321d2288b0791a96297893de9e5e0dc24d36246e41e144008ce; tools/watcom_debug.py; tools/register_watcom_debug.py	size:344	Original module: D:\DEVEL\PROJECTS\MSS\DOSSRC\aildebug.c. Symbol object 1 offset 00069140. Direct original-build import; no retail equivalence or prototype inferred.
000792a0	_AIL_digital_master_volume	recovered	DREAMS.EXE embedded Watcom v3 code symbol; byte-identical import SHA256 45d00510f993d321d2288b0791a96297893de9e5e0dc24d36246e41e144008ce; tools/watcom_debug.py; tools/register_watcom_debug.py	size:241	Original module: D:\DEVEL\PROJECTS\MSS\DOSSRC\aildebug.c. Symbol object 1 offset 000692a0. Direct original-build import; no retail equivalence or prototype inferred.
000793a0	_AIL_set_digital_master_volume	recovered	DREAMS.EXE embedded Watcom v3 code symbol; byte-identical import SHA256 45d00510f993d321d2288b0791a96297893de9e5e0dc24d36246e41e144008ce; tools/watcom_debug.py; tools/register_watcom_debug.py	size:182	Original module: D:\DEVEL\PROJECTS\MSS\DOSSRC\aildebug.c. Symbol object 1 offset 000693a0. Direct original-build import; no retail equivalence or prototype inferred.
00079460	_AIL_sample_loop_count	recovered	DREAMS.EXE embedded Watcom v3 code symbol; byte-identical import SHA256 45d00510f993d321d2288b0791a96297893de9e5e0dc24d36246e41e144008ce; tools/watcom_debug.py; tools/register_watcom_debug.py	size:241	Original module: D:\DEVEL\PROJECTS\MSS\DOSSRC\aildebug.c. Symbol object 1 offset 00069460. Direct original-build import; no retail equivalence or prototype inferred.
00079560	_AIL_sample_pan	recovered	DREAMS.EXE embedded Watcom v3 code symbol; byte-identical import SHA256 45d00510f993d321d2288b0791a96297893de9e5e0dc24d36246e41e144008ce; tools/watcom_debug.py; tools/register_watcom_debug.py	size:241	Original module: D:\DEVEL\PROJECTS\MSS\DOSSRC\aildebug.c. Symbol object 1 offset 00069560. Direct original-build import; no retail equivalence or prototype inferred.
00079660	_AIL_sample_volume	recovered	DREAMS.EXE embedded Watcom v3 code symbol; byte-identical import SHA256 45d00510f993d321d2288b0791a96297893de9e5e0dc24d36246e41e144008ce; tools/watcom_debug.py; tools/register_watcom_debug.py	size:241	Original module: D:\DEVEL\PROJECTS\MSS\DOSSRC\aildebug.c. Symbol object 1 offset 00069660. Direct original-build import; no retail equivalence or prototype inferred.
00079760	_AIL_sample_playback_rate	recovered	DREAMS.EXE embedded Watcom v3 code symbol; byte-identical import SHA256 45d00510f993d321d2288b0791a96297893de9e5e0dc24d36246e41e144008ce; tools/watcom_debug.py; tools/register_watcom_debug.py	size:241	Original module: D:\DEVEL\PROJECTS\MSS\DOSSRC\aildebug.c. Symbol object 1 offset 00069760. Direct original-build import; no retail equivalence or prototype inferred.
00079860	_AIL_sample_status	recovered	DREAMS.EXE embedded Watcom v3 code symbol; byte-identical import SHA256 45d00510f993d321d2288b0791a96297893de9e5e0dc24d36246e41e144008ce; tools/watcom_debug.py; tools/register_watcom_debug.py	size:241	Original module: D:\DEVEL\PROJECTS\MSS\DOSSRC\aildebug.c. Symbol object 1 offset 00069860. Direct original-build import; no retail equivalence or prototype inferred.
00079960	_AIL_set_sample_loop_block	recovered	DREAMS.EXE embedded Watcom v3 code symbol; byte-identical import SHA256 45d00510f993d321d2288b0791a96297893de9e5e0dc24d36246e41e144008ce; tools/watcom_debug.py; tools/register_watcom_debug.py	size:206	Original module: D:\DEVEL\PROJECTS\MSS\DOSSRC\aildebug.c. Symbol object 1 offset 00069960. Direct original-build import; no retail equivalence or prototype inferred.
00079a30	_AIL_set_sample_loop_count	recovered	DREAMS.EXE embedded Watcom v3 code symbol; byte-identical import SHA256 45d00510f993d321d2288b0791a96297893de9e5e0dc24d36246e41e144008ce; tools/watcom_debug.py; tools/register_watcom_debug.py	size:182	Original module: D:\DEVEL\PROJECTS\MSS\DOSSRC\aildebug.c. Symbol object 1 offset 00069a30. Direct original-build import; no retail equivalence or prototype inferred.
00079af0	_AIL_set_sample_pan	recovered	DREAMS.EXE embedded Watcom v3 code symbol; byte-identical import SHA256 45d00510f993d321d2288b0791a96297893de9e5e0dc24d36246e41e144008ce; tools/watcom_debug.py; tools/register_watcom_debug.py	size:182	Original module: D:\DEVEL\PROJECTS\MSS\DOSSRC\aildebug.c. Symbol object 1 offset 00069af0. Direct original-build import; no retail equivalence or prototype inferred.
00079bb0	_AIL_set_sample_volume	recovered	DREAMS.EXE embedded Watcom v3 code symbol; byte-identical import SHA256 45d00510f993d321d2288b0791a96297893de9e5e0dc24d36246e41e144008ce; tools/watcom_debug.py; tools/register_watcom_debug.py	size:182	Original module: D:\DEVEL\PROJECTS\MSS\DOSSRC\aildebug.c. Symbol object 1 offset 00069bb0. Direct original-build import; no retail equivalence or prototype inferred.
00079c70	_AIL_set_sample_playback_rate	recovered	DREAMS.EXE embedded Watcom v3 code symbol; byte-identical import SHA256 45d00510f993d321d2288b0791a96297893de9e5e0dc24d36246e41e144008ce; tools/watcom_debug.py; tools/register_watcom_debug.py	size:182	Original module: D:\DEVEL\PROJECTS\MSS\DOSSRC\aildebug.c. Symbol object 1 offset 00069c70. Direct original-build import; no retail equivalence or prototype inferred.
00079d30	_AIL_end_sample	recovered	DREAMS.EXE embedded Watcom v3 code symbol; byte-identical import SHA256 45d00510f993d321d2288b0791a96297893de9e5e0dc24d36246e41e144008ce; tools/watcom_debug.py; tools/register_watcom_debug.py	size:162	Original module: D:\DEVEL\PROJECTS\MSS\DOSSRC\aildebug.c. Symbol object 1 offset 00069d30. Direct original-build import; no retail equivalence or prototype inferred.
00079de0	_AIL_resume_sample	recovered	DREAMS.EXE embedded Watcom v3 code symbol; byte-identical import SHA256 45d00510f993d321d2288b0791a96297893de9e5e0dc24d36246e41e144008ce; tools/watcom_debug.py; tools/register_watcom_debug.py	size:162	Original module: D:\DEVEL\PROJECTS\MSS\DOSSRC\aildebug.c. Symbol object 1 offset 00069de0. Direct original-build import; no retail equivalence or prototype inferred.
00079e90	_AIL_stop_sample	recovered	DREAMS.EXE embedded Watcom v3 code symbol; byte-identical import SHA256 45d00510f993d321d2288b0791a96297893de9e5e0dc24d36246e41e144008ce; tools/watcom_debug.py; tools/register_watcom_debug.py	size:162	Original module: D:\DEVEL\PROJECTS\MSS\DOSSRC\aildebug.c. Symbol object 1 offset 00069e90. Direct original-build import; no retail equivalence or prototype inferred.
00079f40	_AIL_start_sample	recovered	DREAMS.EXE embedded Watcom v3 code symbol; byte-identical import SHA256 45d00510f993d321d2288b0791a96297893de9e5e0dc24d36246e41e144008ce; tools/watcom_debug.py; tools/register_watcom_debug.py	size:162	Original module: D:\DEVEL\PROJECTS\MSS\DOSSRC\aildebug.c. Symbol object 1 offset 00069f40. Direct original-build import; no retail equivalence or prototype inferred.
00079ff0	_AIL_set_sample_type	recovered	DREAMS.EXE embedded Watcom v3 code symbol; byte-identical import SHA256 45d00510f993d321d2288b0791a96297893de9e5e0dc24d36246e41e144008ce; tools/watcom_debug.py; tools/register_watcom_debug.py	size:206	Original module: D:\DEVEL\PROJECTS\MSS\DOSSRC\aildebug.c. Symbol object 1 offset 00069ff0. Direct original-build import; no retail equivalence or prototype inferred.
0007a0c0	_AIL_set_sample_address	recovered	DREAMS.EXE embedded Watcom v3 code symbol; byte-identical import SHA256 45d00510f993d321d2288b0791a96297893de9e5e0dc24d36246e41e144008ce; tools/watcom_debug.py; tools/register_watcom_debug.py	size:206	Original module: D:\DEVEL\PROJECTS\MSS\DOSSRC\aildebug.c. Symbol object 1 offset 0006a0c0. Direct original-build import; no retail equivalence or prototype inferred.
0007a190	_AIL_set_sample_file	recovered	DREAMS.EXE embedded Watcom v3 code symbol; byte-identical import SHA256 45d00510f993d321d2288b0791a96297893de9e5e0dc24d36246e41e144008ce; tools/watcom_debug.py; tools/register_watcom_debug.py	size:283	Original module: D:\DEVEL\PROJECTS\MSS\DOSSRC\aildebug.c. Symbol object 1 offset 0006a190. Direct original-build import; no retail equivalence or prototype inferred.
0007a2b0	_AIL_init_sample	recovered	DREAMS.EXE embedded Watcom v3 code symbol; byte-identical import SHA256 45d00510f993d321d2288b0791a96297893de9e5e0dc24d36246e41e144008ce; tools/watcom_debug.py; tools/register_watcom_debug.py	size:162	Original module: D:\DEVEL\PROJECTS\MSS\DOSSRC\aildebug.c. Symbol object 1 offset 0006a2b0. Direct original-build import; no retail equivalence or prototype inferred.
0007a360	_AIL_release_sample_handle	recovered	DREAMS.EXE embedded Watcom v3 code symbol; byte-identical import SHA256 45d00510f993d321d2288b0791a96297893de9e5e0dc24d36246e41e144008ce; tools/watcom_debug.py; tools/register_watcom_debug.py	size:162	Original module: D:\DEVEL\PROJECTS\MSS\DOSSRC\aildebug.c. Symbol object 1 offset 0006a360. Direct original-build import; no retail equivalence or prototype inferred.
0007a410	_AIL_allocate_file_sample	recovered	DREAMS.EXE embedded Watcom v3 code symbol; byte-identical import SHA256 45d00510f993d321d2288b0791a96297893de9e5e0dc24d36246e41e144008ce; tools/watcom_debug.py; tools/register_watcom_debug.py	size:283	Original module: D:\DEVEL\PROJECTS\MSS\DOSSRC\aildebug.c. Symbol object 1 offset 0006a410. Direct original-build import; no retail equivalence or prototype inferred.
0007a530	_AIL_allocate_sample_handle	recovered	DREAMS.EXE embedded Watcom v3 code symbol; byte-identical import SHA256 45d00510f993d321d2288b0791a96297893de9e5e0dc24d36246e41e144008ce; tools/watcom_debug.py; tools/register_watcom_debug.py	size:241	Original module: D:\DEVEL\PROJECTS\MSS\DOSSRC\aildebug.c. Symbol object 1 offset 0006a530. Direct original-build import; no retail equivalence or prototype inferred.
0007a630	_AIL_uninstall_DIG_driver	recovered	DREAMS.EXE embedded Watcom v3 code symbol; byte-identical import SHA256 45d00510f993d321d2288b0791a96297893de9e5e0dc24d36246e41e144008ce; tools/watcom_debug.py; tools/register_watcom_debug.py	size:162	Original module: D:\DEVEL\PROJECTS\MSS\DOSSRC\aildebug.c. Symbol object 1 offset 0006a630. Direct original-build import; no retail equivalence or prototype inferred.
0007a6e0	_AIL_install_DIG_driver_file	recovered	DREAMS.EXE embedded Watcom v3 code symbol; byte-identical import SHA256 45d00510f993d321d2288b0791a96297893de9e5e0dc24d36246e41e144008ce; tools/watcom_debug.py; tools/register_watcom_debug.py	size:262	Original module: D:\DEVEL\PROJECTS\MSS\DOSSRC\aildebug.c. Symbol object 1 offset 0006a6e0. Direct original-build import; no retail equivalence or prototype inferred.
0007a7f0	_AIL_install_DIG_INI	recovered	DREAMS.EXE embedded Watcom v3 code symbol; byte-identical import SHA256 45d00510f993d321d2288b0791a96297893de9e5e0dc24d36246e41e144008ce; tools/watcom_debug.py; tools/register_watcom_debug.py	size:241	Original module: D:\DEVEL\PROJECTS\MSS\DOSSRC\aildebug.c. Symbol object 1 offset 0006a7f0. Direct original-build import; no retail equivalence or prototype inferred.
0007a8f0	_AIL_uninstall_driver	recovered	DREAMS.EXE embedded Watcom v3 code symbol; byte-identical import SHA256 45d00510f993d321d2288b0791a96297893de9e5e0dc24d36246e41e144008ce; tools/watcom_debug.py; tools/register_watcom_debug.py	size:162	Original module: D:\DEVEL\PROJECTS\MSS\DOSSRC\aildebug.c. Symbol object 1 offset 0006a8f0. Direct original-build import; no retail equivalence or prototype inferred.
0007a9a0	_AIL_install_driver	recovered	DREAMS.EXE embedded Watcom v3 code symbol; byte-identical import SHA256 45d00510f993d321d2288b0791a96297893de9e5e0dc24d36246e41e144008ce; tools/watcom_debug.py; tools/register_watcom_debug.py	size:262	Original module: D:\DEVEL\PROJECTS\MSS\DOSSRC\aildebug.c. Symbol object 1 offset 0006a9a0. Direct original-build import; no retail equivalence or prototype inferred.
0007aab0	_AIL_get_IO_environment	recovered	DREAMS.EXE embedded Watcom v3 code symbol; byte-identical import SHA256 45d00510f993d321d2288b0791a96297893de9e5e0dc24d36246e41e144008ce; tools/watcom_debug.py; tools/register_watcom_debug.py	size:241	Original module: D:\DEVEL\PROJECTS\MSS\DOSSRC\aildebug.c. Symbol object 1 offset 0006aab0. Direct original-build import; no retail equivalence or prototype inferred.
0007abb0	_AIL_release_all_timers	recovered	DREAMS.EXE embedded Watcom v3 code symbol; byte-identical import SHA256 45d00510f993d321d2288b0791a96297893de9e5e0dc24d36246e41e144008ce; tools/watcom_debug.py; tools/register_watcom_debug.py	size:122	Original module: D:\DEVEL\PROJECTS\MSS\DOSSRC\aildebug.c. Symbol object 1 offset 0006abb0. Direct original-build import; no retail equivalence or prototype inferred.
0007ac30	_AIL_release_timer_handle	recovered	DREAMS.EXE embedded Watcom v3 code symbol; byte-identical import SHA256 45d00510f993d321d2288b0791a96297893de9e5e0dc24d36246e41e144008ce; tools/watcom_debug.py; tools/register_watcom_debug.py	size:162	Original module: D:\DEVEL\PROJECTS\MSS\DOSSRC\aildebug.c. Symbol object 1 offset 0006ac30. Direct original-build import; no retail equivalence or prototype inferred.
0007ace0	_AIL_stop_all_timers	recovered	DREAMS.EXE embedded Watcom v3 code symbol; byte-identical import SHA256 45d00510f993d321d2288b0791a96297893de9e5e0dc24d36246e41e144008ce; tools/watcom_debug.py; tools/register_watcom_debug.py	size:122	Original module: D:\DEVEL\PROJECTS\MSS\DOSSRC\aildebug.c. Symbol object 1 offset 0006ace0. Direct original-build import; no retail equivalence or prototype inferred.
0007ad60	_AIL_stop_timer	recovered	DREAMS.EXE embedded Watcom v3 code symbol; byte-identical import SHA256 45d00510f993d321d2288b0791a96297893de9e5e0dc24d36246e41e144008ce; tools/watcom_debug.py; tools/register_watcom_debug.py	size:162	Original module: D:\DEVEL\PROJECTS\MSS\DOSSRC\aildebug.c. Symbol object 1 offset 0006ad60. Direct original-build import; no retail equivalence or prototype inferred.
0007ae10	_AIL_start_all_timers	recovered	DREAMS.EXE embedded Watcom v3 code symbol; byte-identical import SHA256 45d00510f993d321d2288b0791a96297893de9e5e0dc24d36246e41e144008ce; tools/watcom_debug.py; tools/register_watcom_debug.py	size:122	Original module: D:\DEVEL\PROJECTS\MSS\DOSSRC\aildebug.c. Symbol object 1 offset 0006ae10. Direct original-build import; no retail equivalence or prototype inferred.
0007ae90	_AIL_start_timer	recovered	DREAMS.EXE embedded Watcom v3 code symbol; byte-identical import SHA256 45d00510f993d321d2288b0791a96297893de9e5e0dc24d36246e41e144008ce; tools/watcom_debug.py; tools/register_watcom_debug.py	size:162	Original module: D:\DEVEL\PROJECTS\MSS\DOSSRC\aildebug.c. Symbol object 1 offset 0006ae90. Direct original-build import; no retail equivalence or prototype inferred.
0007af40	_AIL_interrupt_divisor	recovered	DREAMS.EXE embedded Watcom v3 code symbol; byte-identical import SHA256 45d00510f993d321d2288b0791a96297893de9e5e0dc24d36246e41e144008ce; tools/watcom_debug.py; tools/register_watcom_debug.py	size:210	Original module: D:\DEVEL\PROJECTS\MSS\DOSSRC\aildebug.c. Symbol object 1 offset 0006af40. Direct original-build import; no retail equivalence or prototype inferred.
0007b020	_AIL_set_timer_divisor	recovered	DREAMS.EXE embedded Watcom v3 code symbol; byte-identical import SHA256 45d00510f993d321d2288b0791a96297893de9e5e0dc24d36246e41e144008ce; tools/watcom_debug.py; tools/register_watcom_debug.py	size:182	Original module: D:\DEVEL\PROJECTS\MSS\DOSSRC\aildebug.c. Symbol object 1 offset 0006b020. Direct original-build import; no retail equivalence or prototype inferred.
0007b0e0	_AIL_set_timer_frequency	recovered	DREAMS.EXE embedded Watcom v3 code symbol; byte-identical import SHA256 45d00510f993d321d2288b0791a96297893de9e5e0dc24d36246e41e144008ce; tools/watcom_debug.py; tools/register_watcom_debug.py	size:182	Original module: D:\DEVEL\PROJECTS\MSS\DOSSRC\aildebug.c. Symbol object 1 offset 0006b0e0. Direct original-build import; no retail equivalence or prototype inferred.
0007b1a0	_AIL_set_timer_period	recovered	DREAMS.EXE embedded Watcom v3 code symbol; byte-identical import SHA256 45d00510f993d321d2288b0791a96297893de9e5e0dc24d36246e41e144008ce; tools/watcom_debug.py; tools/register_watcom_debug.py	size:182	Original module: D:\DEVEL\PROJECTS\MSS\DOSSRC\aildebug.c. Symbol object 1 offset 0006b1a0. Direct original-build import; no retail equivalence or prototype inferred.
0007b260	_AIL_set_timer_user	recovered	DREAMS.EXE embedded Watcom v3 code symbol; byte-identical import SHA256 45d00510f993d321d2288b0791a96297893de9e5e0dc24d36246e41e144008ce; tools/watcom_debug.py; tools/register_watcom_debug.py	size:262	Original module: D:\DEVEL\PROJECTS\MSS\DOSSRC\aildebug.c. Symbol object 1 offset 0006b260. Direct original-build import; no retail equivalence or prototype inferred.
0007b370	_AIL_register_timer	recovered	DREAMS.EXE embedded Watcom v3 code symbol; byte-identical import SHA256 45d00510f993d321d2288b0791a96297893de9e5e0dc24d36246e41e144008ce; tools/watcom_debug.py; tools/register_watcom_debug.py	size:241	Original module: D:\DEVEL\PROJECTS\MSS\DOSSRC\aildebug.c. Symbol object 1 offset 0006b370. Direct original-build import; no retail equivalence or prototype inferred.
0007b470	_AIL_read_INI	recovered	DREAMS.EXE embedded Watcom v3 code symbol; byte-identical import SHA256 45d00510f993d321d2288b0791a96297893de9e5e0dc24d36246e41e144008ce; tools/watcom_debug.py; tools/register_watcom_debug.py	size:815	Original module: D:\DEVEL\PROJECTS\MSS\DOSSRC\aildebug.c. Symbol object 1 offset 0006b470. Direct original-build import; no retail equivalence or prototype inferred.
0007b7b0	_AIL_delay	recovered	DREAMS.EXE embedded Watcom v3 code symbol; byte-identical import SHA256 45d00510f993d321d2288b0791a96297893de9e5e0dc24d36246e41e144008ce; tools/watcom_debug.py; tools/register_watcom_debug.py	size:162	Original module: D:\DEVEL\PROJECTS\MSS\DOSSRC\aildebug.c. Symbol object 1 offset 0006b7b0. Direct original-build import; no retail equivalence or prototype inferred.
0007b860	_AIL_call_driver	recovered	DREAMS.EXE embedded Watcom v3 code symbol; byte-identical import SHA256 45d00510f993d321d2288b0791a96297893de9e5e0dc24d36246e41e144008ce; tools/watcom_debug.py; tools/register_watcom_debug.py	size:298	Original module: D:\DEVEL\PROJECTS\MSS\DOSSRC\aildebug.c. Symbol object 1 offset 0006b860. Direct original-build import; no retail equivalence or prototype inferred.
0007b990	_AIL_restore_interrupts	recovered	DREAMS.EXE embedded Watcom v3 code symbol; byte-identical import SHA256 45d00510f993d321d2288b0791a96297893de9e5e0dc24d36246e41e144008ce; tools/watcom_debug.py; tools/register_watcom_debug.py	size:14	Original module: D:\DEVEL\PROJECTS\MSS\DOSSRC\aildebug.c. Symbol object 1 offset 0006b990. Direct original-build import; no retail equivalence or prototype inferred.
0007b9b0	_AIL_restore_USE16_ISR	recovered	DREAMS.EXE embedded Watcom v3 code symbol; byte-identical import SHA256 45d00510f993d321d2288b0791a96297893de9e5e0dc24d36246e41e144008ce; tools/watcom_debug.py; tools/register_watcom_debug.py	size:162	Original module: D:\DEVEL\PROJECTS\MSS\DOSSRC\aildebug.c. Symbol object 1 offset 0006b9b0. Direct original-build import; no retail equivalence or prototype inferred.
0007ba60	_AIL_set_USE16_ISR	recovered	DREAMS.EXE embedded Watcom v3 code symbol; byte-identical import SHA256 45d00510f993d321d2288b0791a96297893de9e5e0dc24d36246e41e144008ce; tools/watcom_debug.py; tools/register_watcom_debug.py	size:206	Original module: D:\DEVEL\PROJECTS\MSS\DOSSRC\aildebug.c. Symbol object 1 offset 0006ba60. Direct original-build import; no retail equivalence or prototype inferred.
0007bb30	_AIL_set_real_vect	recovered	DREAMS.EXE embedded Watcom v3 code symbol; byte-identical import SHA256 45d00510f993d321d2288b0791a96297893de9e5e0dc24d36246e41e144008ce; tools/watcom_debug.py; tools/register_watcom_debug.py	size:182	Original module: D:\DEVEL\PROJECTS\MSS\DOSSRC\aildebug.c. Symbol object 1 offset 0006bb30. Direct original-build import; no retail equivalence or prototype inferred.
0007bbf0	_AIL_get_real_vect	recovered	DREAMS.EXE embedded Watcom v3 code symbol; byte-identical import SHA256 45d00510f993d321d2288b0791a96297893de9e5e0dc24d36246e41e144008ce; tools/watcom_debug.py; tools/register_watcom_debug.py	size:241	Original module: D:\DEVEL\PROJECTS\MSS\DOSSRC\aildebug.c. Symbol object 1 offset 0006bbf0. Direct original-build import; no retail equivalence or prototype inferred.
0007bd10	_AIL_set_preference	recovered	DREAMS.EXE embedded Watcom v3 code symbol; byte-identical import SHA256 45d00510f993d321d2288b0791a96297893de9e5e0dc24d36246e41e144008ce; tools/watcom_debug.py; tools/register_watcom_debug.py	size:262	Original module: D:\DEVEL\PROJECTS\MSS\DOSSRC\aildebug.c. Symbol object 1 offset 0006bd10. Direct original-build import; no retail equivalence or prototype inferred.
0007be20	_AIL_set_driver_directory	recovered	DREAMS.EXE embedded Watcom v3 code symbol; byte-identical import SHA256 45d00510f993d321d2288b0791a96297893de9e5e0dc24d36246e41e144008ce; tools/watcom_debug.py; tools/register_watcom_debug.py	size:241	Original module: D:\DEVEL\PROJECTS\MSS\DOSSRC\aildebug.c. Symbol object 1 offset 0006be20. Direct original-build import; no retail equivalence or prototype inferred.
0007bf20	_AIL_shutdown	recovered	DREAMS.EXE embedded Watcom v3 code symbol; byte-identical import SHA256 45d00510f993d321d2288b0791a96297893de9e5e0dc24d36246e41e144008ce; tools/watcom_debug.py; tools/register_watcom_debug.py	size:205	Original module: D:\DEVEL\PROJECTS\MSS\DOSSRC\aildebug.c. Symbol object 1 offset 0006bf20. Direct original-build import; no retail equivalence or prototype inferred.
0007bff0	TIME_WRITE	recovered	DREAMS.EXE embedded Watcom v3 code symbol; byte-identical import SHA256 45d00510f993d321d2288b0791a96297893de9e5e0dc24d36246e41e144008ce; tools/watcom_debug.py; tools/register_watcom_debug.py	size:286	Original module: D:\DEVEL\PROJECTS\MSS\DOSSRC\aildebug.c. Symbol object 1 offset 0006bff0. Direct original-build import; no retail equivalence or prototype inferred.
0007c110	oprintf5_	recovered	DREAMS.EXE embedded Watcom v3 code symbol; byte-identical import SHA256 45d00510f993d321d2288b0791a96297893de9e5e0dc24d36246e41e144008ce; tools/watcom_debug.py; tools/register_watcom_debug.py	size:123	Original module: D:\DEVEL\PROJECTS\MSS\DOSSRC\aildebug.c. Symbol object 1 offset 0006c110. Direct original-build import; no retail equivalence or prototype inferred.
0007c190	oprintf4_	recovered	DREAMS.EXE embedded Watcom v3 code symbol; byte-identical import SHA256 45d00510f993d321d2288b0791a96297893de9e5e0dc24d36246e41e144008ce; tools/watcom_debug.py; tools/register_watcom_debug.py	size:109	Original module: D:\DEVEL\PROJECTS\MSS\DOSSRC\aildebug.c. Symbol object 1 offset 0006c190. Direct original-build import; no retail equivalence or prototype inferred.
0007c200	oprintf3_	recovered	DREAMS.EXE embedded Watcom v3 code symbol; byte-identical import SHA256 45d00510f993d321d2288b0791a96297893de9e5e0dc24d36246e41e144008ce; tools/watcom_debug.py; tools/register_watcom_debug.py	size:93	Original module: D:\DEVEL\PROJECTS\MSS\DOSSRC\aildebug.c. Symbol object 1 offset 0006c200. Direct original-build import; no retail equivalence or prototype inferred.
0007c260	oprintf2_	recovered	DREAMS.EXE embedded Watcom v3 code symbol; byte-identical import SHA256 45d00510f993d321d2288b0791a96297893de9e5e0dc24d36246e41e144008ce; tools/watcom_debug.py; tools/register_watcom_debug.py	size:88	Original module: D:\DEVEL\PROJECTS\MSS\DOSSRC\aildebug.c. Symbol object 1 offset 0006c260. Direct original-build import; no retail equivalence or prototype inferred.
0007c2c0	oprintf1_	recovered	DREAMS.EXE embedded Watcom v3 code symbol; byte-identical import SHA256 45d00510f993d321d2288b0791a96297893de9e5e0dc24d36246e41e144008ce; tools/watcom_debug.py; tools/register_watcom_debug.py	size:83	Original module: D:\DEVEL\PROJECTS\MSS\DOSSRC\aildebug.c. Symbol object 1 offset 0006c2c0. Direct original-build import; no retail equivalence or prototype inferred.
0007c320	outreshex_	recovered	DREAMS.EXE embedded Watcom v3 code symbol; byte-identical import SHA256 45d00510f993d321d2288b0791a96297893de9e5e0dc24d36246e41e144008ce; tools/watcom_debug.py; tools/register_watcom_debug.py	size:77	Original module: D:\DEVEL\PROJECTS\MSS\DOSSRC\aildebug.c. Symbol object 1 offset 0006c320. Direct original-build import; no retail equivalence or prototype inferred.
0007c370	outresint_	recovered	DREAMS.EXE embedded Watcom v3 code symbol; byte-identical import SHA256 45d00510f993d321d2288b0791a96297893de9e5e0dc24d36246e41e144008ce; tools/watcom_debug.py; tools/register_watcom_debug.py	size:77	Original module: D:\DEVEL\PROJECTS\MSS\DOSSRC\aildebug.c. Symbol object 1 offset 0006c370. Direct original-build import; no retail equivalence or prototype inferred.
0007c3c0	AIL_DEBUGOUTSTR	recovered	DREAMS.EXE embedded Watcom v3 code symbol; byte-identical import SHA256 45d00510f993d321d2288b0791a96297893de9e5e0dc24d36246e41e144008ce; tools/watcom_debug.py; tools/register_watcom_debug.py	size:40	Original module: D:\DEVEL\PROJECTS\MSS\DOSSRC\aildebug.c. Symbol object 1 offset 0006c3c0. Direct original-build import; no retail equivalence or prototype inferred.
0007c3f0	AILDEBUG_START	recovered	DREAMS.EXE embedded Watcom v3 code symbol; byte-identical import SHA256 45d00510f993d321d2288b0791a96297893de9e5e0dc24d36246e41e144008ce; tools/watcom_debug.py; tools/register_watcom_debug.py	size:129	Original module: D:\DEVEL\PROJECTS\MSS\DOSSRC\aildebug.c. Symbol object 1 offset 0006c3f0. Direct original-build import; no retail equivalence or prototype inferred.
0007c47a	__CHK	recovered	DREAMS.EXE embedded Watcom v3 code symbol; byte-identical import SHA256 45d00510f993d321d2288b0791a96297893de9e5e0dc24d36246e41e144008ce; tools/watcom_debug.py; tools/register_watcom_debug.py	size:16	Original module: stk386. Symbol object 1 offset 0006c47a. Direct original-build import; no retail equivalence or prototype inferred.
0007c48a	__GRO	recovered	DREAMS.EXE embedded Watcom v3 code symbol; byte-identical import SHA256 45d00510f993d321d2288b0791a96297893de9e5e0dc24d36246e41e144008ce; tools/watcom_debug.py; tools/register_watcom_debug.py	size:3	Original module: stk386. Symbol object 1 offset 0006c48a. Direct original-build import; no retail equivalence or prototype inferred.
0007c48d	__STK	recovered	DREAMS.EXE embedded Watcom v3 code symbol; byte-identical import SHA256 45d00510f993d321d2288b0791a96297893de9e5e0dc24d36246e41e144008ce; tools/watcom_debug.py; tools/register_watcom_debug.py	size:30	Original module: stk386. Symbol object 1 offset 0006c48d. Direct original-build import; no retail equivalence or prototype inferred.
0007c4ab	__STKOVERFLOW_	recovered	DREAMS.EXE embedded Watcom v3 code symbol; byte-identical import SHA256 45d00510f993d321d2288b0791a96297893de9e5e0dc24d36246e41e144008ce; tools/watcom_debug.py; tools/register_watcom_debug.py	size:21	Original module: stk386. Symbol object 1 offset 0006c4ab. Direct original-build import; no retail equivalence or prototype inferred.
0007c4c0	_HNM6_Init_All_16	recovered	DREAMS.EXE embedded Watcom v3 code symbol; byte-identical import SHA256 45d00510f993d321d2288b0791a96297893de9e5e0dc24d36246e41e144008ce; tools/watcom_debug.py; tools/register_watcom_debug.py	size:16	Original module: m_6_0000.asm. Symbol object 1 offset 0006c4c0. Direct original-build import; no retail equivalence or prototype inferred.
0007c4d0	_HNM6_INIT_ALL_15	recovered	DREAMS.EXE embedded Watcom v3 code symbol; byte-identical import SHA256 45d00510f993d321d2288b0791a96297893de9e5e0dc24d36246e41e144008ce; tools/watcom_debug.py; tools/register_watcom_debug.py	size:16	Original module: m_6_0000.asm. Symbol object 1 offset 0006c4d0. Direct original-build import; no retail equivalence or prototype inferred.
0007c4e0	_HNM6_Decompression	recovered	DREAMS.EXE embedded Watcom v3 code symbol; byte-identical import SHA256 45d00510f993d321d2288b0791a96297893de9e5e0dc24d36246e41e144008ce; tools/watcom_debug.py; tools/register_watcom_debug.py	size:352	Original module: m_6_0000.asm. Symbol object 1 offset 0006c4e0. Direct original-build import; no retail equivalence or prototype inferred.
0007c640	gput_pal_1col_	recovered	DREAMS.EXE embedded Watcom v3 code symbol; byte-identical import SHA256 45d00510f993d321d2288b0791a96297893de9e5e0dc24d36246e41e144008ce; tools/watcom_debug.py; tools/register_watcom_debug.py	size:18	Original module: gpal.asm. Symbol object 1 offset 0006c640. Direct original-build import; no retail equivalence or prototype inferred.
0007c652	gget_pal_1col_	recovered	DREAMS.EXE embedded Watcom v3 code symbol; byte-identical import SHA256 45d00510f993d321d2288b0791a96297893de9e5e0dc24d36246e41e144008ce; tools/watcom_debug.py; tools/register_watcom_debug.py	size:18	Original module: gpal.asm. Symbol object 1 offset 0006c652. Direct original-build import; no retail equivalence or prototype inferred.
0007c664	gput_pal_ncol_	recovered	DREAMS.EXE embedded Watcom v3 code symbol; byte-identical import SHA256 45d00510f993d321d2288b0791a96297893de9e5e0dc24d36246e41e144008ce; tools/watcom_debug.py; tools/register_watcom_debug.py	size:27	Original module: gpal.asm. Symbol object 1 offset 0006c664. Direct original-build import; no retail equivalence or prototype inferred.
0007c67f	gget_pal_ncol_	recovered	DREAMS.EXE embedded Watcom v3 code symbol; byte-identical import SHA256 45d00510f993d321d2288b0791a96297893de9e5e0dc24d36246e41e144008ce; tools/watcom_debug.py; tools/register_watcom_debug.py	size:31	Original module: gpal.asm. Symbol object 1 offset 0006c67f. Direct original-build import; no retail equivalence or prototype inferred.
0007c6a0	sauve_palette_	recovered	DREAMS.EXE embedded Watcom v3 code symbol; byte-identical import SHA256 45d00510f993d321d2288b0791a96297893de9e5e0dc24d36246e41e144008ce; tools/watcom_debug.py; tools/register_watcom_debug.py	size:43	Original module: gpal.asm. Symbol object 1 offset 0006c6a0. Direct original-build import; no retail equivalence or prototype inferred.
0007c6cc	restaure_palette_	recovered	DREAMS.EXE embedded Watcom v3 code symbol; byte-identical import SHA256 45d00510f993d321d2288b0791a96297893de9e5e0dc24d36246e41e144008ce; tools/watcom_debug.py; tools/register_watcom_debug.py	size:24	Original module: gpal.asm. Symbol object 1 offset 0006c6cc. Direct original-build import; no retail equivalence or prototype inferred.
0007c6e4	change_intensite_palette_	recovered	DREAMS.EXE embedded Watcom v3 code symbol; byte-identical import SHA256 45d00510f993d321d2288b0791a96297893de9e5e0dc24d36246e41e144008ce; tools/watcom_debug.py; tools/register_watcom_debug.py	size:109	Original module: gpal.asm. Symbol object 1 offset 0006c6e4. Direct original-build import; no retail equivalence or prototype inferred.
0007c755	gfondu_au_noir_	recovered	DREAMS.EXE embedded Watcom v3 code symbol; byte-identical import SHA256 45d00510f993d321d2288b0791a96297893de9e5e0dc24d36246e41e144008ce; tools/watcom_debug.py; tools/register_watcom_debug.py	size:86	Original module: gpal.asm. Symbol object 1 offset 0006c755. Direct original-build import; no retail equivalence or prototype inferred.
0007c7b0	decompresser_adpcm_mono_	recovered	DREAMS.EXE embedded Watcom v3 code symbol; byte-identical import SHA256 45d00510f993d321d2288b0791a96297893de9e5e0dc24d36246e41e144008ce; tools/watcom_debug.py; tools/register_watcom_debug.py	size:42	Original module: e:\winprog\dreams5\src\adpcm\dcadpcm.asm. Symbol object 1 offset 0006c7b0. Direct original-build import; no retail equivalence or prototype inferred.
0007c7da	decompresser_adpcm_stereo_	recovered	DREAMS.EXE embedded Watcom v3 code symbol; byte-identical import SHA256 45d00510f993d321d2288b0791a96297893de9e5e0dc24d36246e41e144008ce; tools/watcom_debug.py; tools/register_watcom_debug.py	size:67	Original module: e:\winprog\dreams5\src\adpcm\dcadpcm.asm. Symbol object 1 offset 0006c7da. Direct original-build import; no retail equivalence or prototype inferred.
0007c983	__NHeapWalk_	recovered	DREAMS.EXE embedded Watcom v3 code symbol; byte-identical import SHA256 45d00510f993d321d2288b0791a96297893de9e5e0dc24d36246e41e144008ce; tools/watcom_debug.py; tools/register_watcom_debug.py	size:157	Original module: nheapwal. Symbol object 1 offset 0006c983. Direct original-build import; no retail equivalence or prototype inferred.
0007ca33	vsprintf_	recovered	DREAMS.EXE embedded Watcom v3 code symbol; byte-identical import SHA256 45d00510f993d321d2288b0791a96297893de9e5e0dc24d36246e41e144008ce; tools/watcom_debug.py; tools/register_watcom_debug.py	size:21	Original module: vsprintf. Symbol object 1 offset 0006ca33. Direct original-build import; no retail equivalence or prototype inferred.
0007ca8b	strstr_	recovered	DREAMS.EXE embedded Watcom v3 code symbol; byte-identical import SHA256 45d00510f993d321d2288b0791a96297893de9e5e0dc24d36246e41e144008ce; tools/watcom_debug.py; tools/register_watcom_debug.py	size:190	Original module: strstr. Symbol object 1 offset 0006ca8b. Direct original-build import; no retail equivalence or prototype inferred.
0007cb90	memmove_	recovered	DREAMS.EXE embedded Watcom v3 code symbol; byte-identical import SHA256 45d00510f993d321d2288b0791a96297893de9e5e0dc24d36246e41e144008ce; tools/watcom_debug.py; tools/register_watcom_debug.py	size:77	Original module: memmove. Symbol object 1 offset 0006cb90. Direct original-build import; no retail equivalence or prototype inferred.
0007cbdd	__update_buffer_	recovered	DREAMS.EXE embedded Watcom v3 code symbol; byte-identical import SHA256 45d00510f993d321d2288b0791a96297893de9e5e0dc24d36246e41e144008ce; tools/watcom_debug.py; tools/register_watcom_debug.py	size:66	Original module: fseek. Symbol object 1 offset 0006cbdd. Direct original-build import; no retail equivalence or prototype inferred.
0007cc1f	fseek_	recovered	DREAMS.EXE embedded Watcom v3 code symbol; byte-identical import SHA256 45d00510f993d321d2288b0791a96297893de9e5e0dc24d36246e41e144008ce; tools/watcom_debug.py; tools/register_watcom_debug.py	size:252	Original module: fseek. Symbol object 1 offset 0006cc1f. Direct original-build import; no retail equivalence or prototype inferred.
0007cd1b	fread_	recovered	DREAMS.EXE embedded Watcom v3 code symbol; byte-identical import SHA256 45d00510f993d321d2288b0791a96297893de9e5e0dc24d36246e41e144008ce; tools/watcom_debug.py; tools/register_watcom_debug.py	size:475	Original module: fread. Symbol object 1 offset 0006cd1b. Direct original-build import; no retail equivalence or prototype inferred.
0007cf00	Create_Light_	recovered	DREAMS.EXE embedded Watcom v3 code symbol; byte-identical import SHA256 45d00510f993d321d2288b0791a96297893de9e5e0dc24d36246e41e144008ce; tools/watcom_debug.py; tools/register_watcom_debug.py	size:200	Original module: C:\SOURCES\BEN11\3DC_LIGH.C. Symbol object 1 offset 0006cf00. Direct original-build import; no retail equivalence or prototype inferred.
0007cfc8	Kill_Light_	recovered	DREAMS.EXE embedded Watcom v3 code symbol; byte-identical import SHA256 45d00510f993d321d2288b0791a96297893de9e5e0dc24d36246e41e144008ce; tools/watcom_debug.py; tools/register_watcom_debug.py	size:39	Original module: C:\SOURCES\BEN11\3DC_LIGH.C. Symbol object 1 offset 0006cfc8. Direct original-build import; no retail equivalence or prototype inferred.
0007cff0	Set_Light_Pos_	recovered	DREAMS.EXE embedded Watcom v3 code symbol; byte-identical import SHA256 45d00510f993d321d2288b0791a96297893de9e5e0dc24d36246e41e144008ce; tools/watcom_debug.py; tools/register_watcom_debug.py	size:35	Original module: C:\SOURCES\BEN11\3DC_LIGH.C. Symbol object 1 offset 0006cff0. Direct original-build import; no retail equivalence or prototype inferred.
0007d014	Set_Light_Orient_	recovered	DREAMS.EXE embedded Watcom v3 code symbol; byte-identical import SHA256 45d00510f993d321d2288b0791a96297893de9e5e0dc24d36246e41e144008ce; tools/watcom_debug.py; tools/register_watcom_debug.py	size:35	Original module: C:\SOURCES\BEN11\3DC_LIGH.C. Symbol object 1 offset 0006d014. Direct original-build import; no retail equivalence or prototype inferred.
0007d038	Set_Light_Intensity_	recovered	DREAMS.EXE embedded Watcom v3 code symbol; byte-identical import SHA256 45d00510f993d321d2288b0791a96297893de9e5e0dc24d36246e41e144008ce; tools/watcom_debug.py; tools/register_watcom_debug.py	size:44	Original module: C:\SOURCES\BEN11\3DC_LIGH.C. Symbol object 1 offset 0006d038. Direct original-build import; no retail equivalence or prototype inferred.
0007d064	Link_Light_To_Obj_	recovered	DREAMS.EXE embedded Watcom v3 code symbol; byte-identical import SHA256 45d00510f993d321d2288b0791a96297893de9e5e0dc24d36246e41e144008ce; tools/watcom_debug.py; tools/register_watcom_debug.py	size:38	Original module: C:\SOURCES\BEN11\3DC_LIGH.C. Symbol object 1 offset 0006d064. Direct original-build import; no retail equivalence or prototype inferred.
0007d08c	Remove_Light_From_Obj_	recovered	DREAMS.EXE embedded Watcom v3 code symbol; byte-identical import SHA256 45d00510f993d321d2288b0791a96297893de9e5e0dc24d36246e41e144008ce; tools/watcom_debug.py; tools/register_watcom_debug.py	size:91	Original module: C:\SOURCES\BEN11\3DC_LIGH.C. Symbol object 1 offset 0006d08c. Direct original-build import; no retail equivalence or prototype inferred.
0007d0e8	Get_Light_Pos_	recovered	DREAMS.EXE embedded Watcom v3 code symbol; byte-identical import SHA256 45d00510f993d321d2288b0791a96297893de9e5e0dc24d36246e41e144008ce; tools/watcom_debug.py; tools/register_watcom_debug.py	size:35	Original module: C:\SOURCES\BEN11\3DC_LIGH.C. Symbol object 1 offset 0006d0e8. Direct original-build import; no retail equivalence or prototype inferred.
0007d10c	Get_Light_Orient_	recovered	DREAMS.EXE embedded Watcom v3 code symbol; byte-identical import SHA256 45d00510f993d321d2288b0791a96297893de9e5e0dc24d36246e41e144008ce; tools/watcom_debug.py; tools/register_watcom_debug.py	size:35	Original module: C:\SOURCES\BEN11\3DC_LIGH.C. Symbol object 1 offset 0006d10c. Direct original-build import; no retail equivalence or prototype inferred.
0007d130	XForm_Lights_	recovered	DREAMS.EXE embedded Watcom v3 code symbol; byte-identical import SHA256 45d00510f993d321d2288b0791a96297893de9e5e0dc24d36246e41e144008ce; tools/watcom_debug.py; tools/register_watcom_debug.py	size:184	Original module: C:\SOURCES\BEN11\3DC_LIGH.C. Symbol object 1 offset 0006d130. Direct original-build import; no retail equivalence or prototype inferred.
0007d1e8	tell_	recovered	DREAMS.EXE embedded Watcom v3 code symbol; byte-identical import SHA256 45d00510f993d321d2288b0791a96297893de9e5e0dc24d36246e41e144008ce; tools/watcom_debug.py; tools/register_watcom_debug.py	size:17	Original module: tell. Symbol object 1 offset 0006d1e8. Direct original-build import; no retail equivalence or prototype inferred.
0007d297	floor_	recovered	DREAMS.EXE embedded Watcom v3 code symbol; byte-identical import SHA256 45d00510f993d321d2288b0791a96297893de9e5e0dc24d36246e41e144008ce; tools/watcom_debug.py; tools/register_watcom_debug.py	size:60	Original module: floor. Symbol object 1 offset 0006d297. Direct original-build import; no retail equivalence or prototype inferred.
0007d2d3	ceil_	recovered	DREAMS.EXE embedded Watcom v3 code symbol; byte-identical import SHA256 45d00510f993d321d2288b0791a96297893de9e5e0dc24d36246e41e144008ce; tools/watcom_debug.py; tools/register_watcom_debug.py	size:27	Original module: ceil. Symbol object 1 offset 0006d2d3. Direct original-build import; no retail equivalence or prototype inferred.
0007d2ee	file_putc_	recovered	DREAMS.EXE embedded Watcom v3 code symbol; byte-identical import SHA256 45d00510f993d321d2288b0791a96297893de9e5e0dc24d36246e41e144008ce; tools/watcom_debug.py; tools/register_watcom_debug.py	size:17	Original module: fprtf. Symbol object 1 offset 0006d2ee. Direct original-build import; no retail equivalence or prototype inferred.
0007d2ff	__fprtf_	recovered	DREAMS.EXE embedded Watcom v3 code symbol; byte-identical import SHA256 45d00510f993d321d2288b0791a96297893de9e5e0dc24d36246e41e144008ce; tools/watcom_debug.py; tools/register_watcom_debug.py	size:127	Original module: fprtf. Symbol object 1 offset 0006d2ff. Direct original-build import; no retail equivalence or prototype inferred.
0007d380	FATAL_noVBE_	recovered	DREAMS.EXE embedded Watcom v3 code symbol; byte-identical import SHA256 45d00510f993d321d2288b0791a96297893de9e5e0dc24d36246e41e144008ce; tools/watcom_debug.py; tools/register_watcom_debug.py	size:127	Original module: C:\SCITECH\SRC\UNIVBE\UVBELIB.C. Symbol object 1 offset 0006d380. Direct original-build import; no retail equivalence or prototype inferred.
0007d400	fileSize_	recovered	DREAMS.EXE embedded Watcom v3 code symbol; byte-identical import SHA256 45d00510f993d321d2288b0791a96297893de9e5e0dc24d36246e41e144008ce; tools/watcom_debug.py; tools/register_watcom_debug.py	size:56	Original module: C:\SCITECH\SRC\UNIVBE\UVBELIB.C. Symbol object 1 offset 0006d400. Direct original-build import; no retail equivalence or prototype inferred.
0007d438	CallVBE_	recovered	DREAMS.EXE embedded Watcom v3 code symbol; byte-identical import SHA256 45d00510f993d321d2288b0791a96297893de9e5e0dc24d36246e41e144008ce; tools/watcom_debug.py; tools/register_watcom_debug.py	size:103	Original module: C:\SCITECH\SRC\UNIVBE\UVBELIB.C. Symbol object 1 offset 0006d438. Direct original-build import; no retail equivalence or prototype inferred.
0007d4a0	UVisInstalled_	recovered	DREAMS.EXE embedded Watcom v3 code symbol; byte-identical import SHA256 45d00510f993d321d2288b0791a96297893de9e5e0dc24d36246e41e144008ce; tools/watcom_debug.py; tools/register_watcom_debug.py	size:391	Original module: C:\SCITECH\SRC\UNIVBE\UVBELIB.C. Symbol object 1 offset 0006d4a0. Direct original-build import; no retail equivalence or prototype inferred.
0007d628	VBEdetect_	recovered	DREAMS.EXE embedded Watcom v3 code symbol; byte-identical import SHA256 45d00510f993d321d2288b0791a96297893de9e5e0dc24d36246e41e144008ce; tools/watcom_debug.py; tools/register_watcom_debug.py	size:215	Original module: C:\SCITECH\SRC\UNIVBE\UVBELIB.C. Symbol object 1 offset 0006d628. Direct original-build import; no retail equivalence or prototype inferred.
0007d700	displayBanner_	recovered	DREAMS.EXE embedded Watcom v3 code symbol; byte-identical import SHA256 45d00510f993d321d2288b0791a96297893de9e5e0dc24d36246e41e144008ce; tools/watcom_debug.py; tools/register_watcom_debug.py	size:190	Original module: C:\SCITECH\SRC\UNIVBE\UVBELIB.C. Symbol object 1 offset 0006d700. Direct original-build import; no retail equivalence or prototype inferred.
0007d7c0	generateDRVFile_	recovered	DREAMS.EXE embedded Watcom v3 code symbol; byte-identical import SHA256 45d00510f993d321d2288b0791a96297893de9e5e0dc24d36246e41e144008ce; tools/watcom_debug.py; tools/register_watcom_debug.py	size:254	Original module: C:\SCITECH\SRC\UNIVBE\UVBELIB.C. Symbol object 1 offset 0006d7c0. Direct original-build import; no retail equivalence or prototype inferred.
0007d8c0	_UV_install	recovered	DREAMS.EXE embedded Watcom v3 code symbol; byte-identical import SHA256 45d00510f993d321d2288b0791a96297893de9e5e0dc24d36246e41e144008ce; tools/watcom_debug.py; tools/register_watcom_debug.py	size:1477	Original module: C:\SCITECH\SRC\UNIVBE\UVBELIB.C. Symbol object 1 offset 0006d8c0. Direct original-build import; no retail equivalence or prototype inferred.
0007de88	_UV_exit	recovered	DREAMS.EXE embedded Watcom v3 code symbol; byte-identical import SHA256 45d00510f993d321d2288b0791a96297893de9e5e0dc24d36246e41e144008ce; tools/watcom_debug.py; tools/register_watcom_debug.py	size:82	Original module: C:\SCITECH\SRC\UNIVBE\UVBELIB.C. Symbol object 1 offset 0006de88. Direct original-build import; no retail equivalence or prototype inferred.
0007dedc	_UV_getDriverPath	recovered	DREAMS.EXE embedded Watcom v3 code symbol; byte-identical import SHA256 45d00510f993d321d2288b0791a96297893de9e5e0dc24d36246e41e144008ce; tools/watcom_debug.py; tools/register_watcom_debug.py	size:58	Original module: C:\SCITECH\SRC\UNIVBE\UVBELIB.C. Symbol object 1 offset 0006dedc. Direct original-build import; no retail equivalence or prototype inferred.
0007df18	_UV_getCopyrightStr	recovered	DREAMS.EXE embedded Watcom v3 code symbol; byte-identical import SHA256 45d00510f993d321d2288b0791a96297893de9e5e0dc24d36246e41e144008ce; tools/watcom_debug.py; tools/register_watcom_debug.py	size:6	Original module: C:\SCITECH\SRC\UNIVBE\UVBELIB.C. Symbol object 1 offset 0006df18. Direct original-build import; no retail equivalence or prototype inferred.
0007df20	_UV_getMajorVersion	recovered	DREAMS.EXE embedded Watcom v3 code symbol; byte-identical import SHA256 45d00510f993d321d2288b0791a96297893de9e5e0dc24d36246e41e144008ce; tools/watcom_debug.py; tools/register_watcom_debug.py	size:6	Original module: C:\SCITECH\SRC\UNIVBE\UVBELIB.C. Symbol object 1 offset 0006df20. Direct original-build import; no retail equivalence or prototype inferred.
0007df28	_UV_getMinorVersion	recovered	DREAMS.EXE embedded Watcom v3 code symbol; byte-identical import SHA256 45d00510f993d321d2288b0791a96297893de9e5e0dc24d36246e41e144008ce; tools/watcom_debug.py; tools/register_watcom_debug.py	size:6	Original module: C:\SCITECH\SRC\UNIVBE\UVBELIB.C. Symbol object 1 offset 0006df28. Direct original-build import; no retail equivalence or prototype inferred.
0007df30	_UV_getReleaseDate	recovered	DREAMS.EXE embedded Watcom v3 code symbol; byte-identical import SHA256 45d00510f993d321d2288b0791a96297893de9e5e0dc24d36246e41e144008ce; tools/watcom_debug.py; tools/register_watcom_debug.py	size:6	Original module: C:\SCITECH\SRC\UNIVBE\UVBELIB.C. Symbol object 1 offset 0006df30. Direct original-build import; no retail equivalence or prototype inferred.
0007df68	_UV_getErrorStr	recovered	DREAMS.EXE embedded Watcom v3 code symbol; byte-identical import SHA256 45d00510f993d321d2288b0791a96297893de9e5e0dc24d36246e41e144008ce; tools/watcom_debug.py; tools/register_watcom_debug.py	size:23	Original module: C:\SCITECH\SRC\UNIVBE\UVBELIB.C. Symbol object 1 offset 0006df68. Direct original-build import; no retail equivalence or prototype inferred.
0007dfc4	_UV_getSuperVGAStr	recovered	DREAMS.EXE embedded Watcom v3 code symbol; byte-identical import SHA256 45d00510f993d321d2288b0791a96297893de9e5e0dc24d36246e41e144008ce; tools/watcom_debug.py; tools/register_watcom_debug.py	size:6	Original module: C:\SCITECH\SRC\UNIVBE\UVBELIB.C. Symbol object 1 offset 0006dfc4. Direct original-build import; no retail equivalence or prototype inferred.
0007dfcc	_UV_getDACStr	recovered	DREAMS.EXE embedded Watcom v3 code symbol; byte-identical import SHA256 45d00510f993d321d2288b0791a96297893de9e5e0dc24d36246e41e144008ce; tools/watcom_debug.py; tools/register_watcom_debug.py	size:6	Original module: C:\SCITECH\SRC\UNIVBE\UVBELIB.C. Symbol object 1 offset 0006dfcc. Direct original-build import; no retail equivalence or prototype inferred.
0007dfd4	_UV_getClockStr	recovered	DREAMS.EXE embedded Watcom v3 code symbol; byte-identical import SHA256 45d00510f993d321d2288b0791a96297893de9e5e0dc24d36246e41e144008ce; tools/watcom_debug.py; tools/register_watcom_debug.py	size:6	Original module: C:\SCITECH\SRC\UNIVBE\UVBELIB.C. Symbol object 1 offset 0006dfd4. Direct original-build import; no retail equivalence or prototype inferred.
0007dfda	segread_	recovered	DREAMS.EXE embedded Watcom v3 code symbol; byte-identical import SHA256 45d00510f993d321d2288b0791a96297893de9e5e0dc24d36246e41e144008ce; tools/watcom_debug.py; tools/register_watcom_debug.py	size:40	Original module: segread. Symbol object 1 offset 0006dfda. Direct original-build import; no retail equivalence or prototype inferred.
0007e010	Cull_Obj_	recovered	DREAMS.EXE embedded Watcom v3 code symbol; byte-identical import SHA256 45d00510f993d321d2288b0791a96297893de9e5e0dc24d36246e41e144008ce; tools/watcom_debug.py; tools/register_watcom_debug.py	size:683	Original module: C:\SOURCES\BEN11\3DC_HIER.C. Symbol object 1 offset 0006e010. Direct original-build import; no retail equivalence or prototype inferred.
0007e2bc	XForm_Verts_	recovered	DREAMS.EXE embedded Watcom v3 code symbol; byte-identical import SHA256 45d00510f993d321d2288b0791a96297893de9e5e0dc24d36246e41e144008ce; tools/watcom_debug.py; tools/register_watcom_debug.py	size:394	Original module: C:\SOURCES\BEN11\3DC_HIER.C. Symbol object 1 offset 0006e2bc. Direct original-build import; no retail equivalence or prototype inferred.
0007e448	XForm_Free_Verts_	recovered	DREAMS.EXE embedded Watcom v3 code symbol; byte-identical import SHA256 45d00510f993d321d2288b0791a96297893de9e5e0dc24d36246e41e144008ce; tools/watcom_debug.py; tools/register_watcom_debug.py	size:476	Original module: C:\SOURCES\BEN11\3DC_HIER.C. Symbol object 1 offset 0006e448. Direct original-build import; no retail equivalence or prototype inferred.
0007e624	XForm_Norms_	recovered	DREAMS.EXE embedded Watcom v3 code symbol; byte-identical import SHA256 45d00510f993d321d2288b0791a96297893de9e5e0dc24d36246e41e144008ce; tools/watcom_debug.py; tools/register_watcom_debug.py	size:262	Original module: C:\SOURCES\BEN11\3DC_HIER.C. Symbol object 1 offset 0006e624. Direct original-build import; no retail equivalence or prototype inferred.
0007e72c	Intersect_	recovered	DREAMS.EXE embedded Watcom v3 code symbol; byte-identical import SHA256 45d00510f993d321d2288b0791a96297893de9e5e0dc24d36246e41e144008ce; tools/watcom_debug.py; tools/register_watcom_debug.py	size:305	Original module: C:\SOURCES\BEN11\3DC_HIER.C. Symbol object 1 offset 0006e72c. Direct original-build import; no retail equivalence or prototype inferred.
0007e9c8	ZClip_	recovered	DREAMS.EXE embedded Watcom v3 code symbol; byte-identical import SHA256 45d00510f993d321d2288b0791a96297893de9e5e0dc24d36246e41e144008ce; tools/watcom_debug.py; tools/register_watcom_debug.py	size:7329	Original module: C:\SOURCES\BEN11\3DC_HIER.C. Symbol object 1 offset 0006e9c8. Direct original-build import; no retail equivalence or prototype inferred.
0008066c	Cull_Faces_	recovered	DREAMS.EXE embedded Watcom v3 code symbol; byte-identical import SHA256 45d00510f993d321d2288b0791a96297893de9e5e0dc24d36246e41e144008ce; tools/watcom_debug.py; tools/register_watcom_debug.py	size:405	Original module: C:\SOURCES\BEN11\3DC_HIER.C. Symbol object 1 offset 0007066c. Direct original-build import; no retail equivalence or prototype inferred.
00080804	Project_Verts_	recovered	DREAMS.EXE embedded Watcom v3 code symbol; byte-identical import SHA256 45d00510f993d321d2288b0791a96297893de9e5e0dc24d36246e41e144008ce; tools/watcom_debug.py; tools/register_watcom_debug.py	size:221	Original module: C:\SOURCES\BEN11\3DC_HIER.C. Symbol object 1 offset 00070804. Direct original-build import; no retail equivalence or prototype inferred.
000808e4	Check_Project_Verts_	recovered	DREAMS.EXE embedded Watcom v3 code symbol; byte-identical import SHA256 45d00510f993d321d2288b0791a96297893de9e5e0dc24d36246e41e144008ce; tools/watcom_debug.py; tools/register_watcom_debug.py	size:165	Original module: C:\SOURCES\BEN11\3DC_HIER.C. Symbol object 1 offset 000708e4. Direct original-build import; no retail equivalence or prototype inferred.
0008098c	Compute_Face_Illum_	recovered	DREAMS.EXE embedded Watcom v3 code symbol; byte-identical import SHA256 45d00510f993d321d2288b0791a96297893de9e5e0dc24d36246e41e144008ce; tools/watcom_debug.py; tools/register_watcom_debug.py	size:851	Original module: C:\SOURCES\BEN11\3DC_HIER.C. Symbol object 1 offset 0007098c. Direct original-build import; no retail equivalence or prototype inferred.
00080d98	Build_Obj_Lights_	recovered	DREAMS.EXE embedded Watcom v3 code symbol; byte-identical import SHA256 45d00510f993d321d2288b0791a96297893de9e5e0dc24d36246e41e144008ce; tools/watcom_debug.py; tools/register_watcom_debug.py	size:10437	Original module: C:\SOURCES\BEN11\3DC_HIER.C. Symbol object 1 offset 00070d98. Direct original-build import; no retail equivalence or prototype inferred.
00083714	Build_Obj_Env_Mapping_	recovered	DREAMS.EXE embedded Watcom v3 code symbol; byte-identical import SHA256 45d00510f993d321d2288b0791a96297893de9e5e0dc24d36246e41e144008ce; tools/watcom_debug.py; tools/register_watcom_debug.py	size:567	Original module: C:\SOURCES\BEN11\3DC_HIER.C. Symbol object 1 offset 00073714. Direct original-build import; no retail equivalence or prototype inferred.
00083a00	Build_Obj_Miror_	recovered	DREAMS.EXE embedded Watcom v3 code symbol; byte-identical import SHA256 45d00510f993d321d2288b0791a96297893de9e5e0dc24d36246e41e144008ce; tools/watcom_debug.py; tools/register_watcom_debug.py	size:276	Original module: C:\SOURCES\BEN11\3DC_HIER.C. Symbol object 1 offset 00073a00. Direct original-build import; no retail equivalence or prototype inferred.
00083b14	Process_Obj_	recovered	DREAMS.EXE embedded Watcom v3 code symbol; byte-identical import SHA256 45d00510f993d321d2288b0791a96297893de9e5e0dc24d36246e41e144008ce; tools/watcom_debug.py; tools/register_watcom_debug.py	size:457	Original module: C:\SOURCES\BEN11\3DC_HIER.C. Symbol object 1 offset 00073b14. Direct original-build import; no retail equivalence or prototype inferred.
00083ce0	Update_Obj_	recovered	DREAMS.EXE embedded Watcom v3 code symbol; byte-identical import SHA256 45d00510f993d321d2288b0791a96297893de9e5e0dc24d36246e41e144008ce; tools/watcom_debug.py; tools/register_watcom_debug.py	size:201	Original module: C:\SOURCES\BEN11\3DC_HIER.C. Symbol object 1 offset 00073ce0. Direct original-build import; no retail equivalence or prototype inferred.
00083dac	Process_Hierarchie_	recovered	DREAMS.EXE embedded Watcom v3 code symbol; byte-identical import SHA256 45d00510f993d321d2288b0791a96297893de9e5e0dc24d36246e41e144008ce; tools/watcom_debug.py; tools/register_watcom_debug.py	size:244	Original module: C:\SOURCES\BEN11\3DC_HIER.C. Symbol object 1 offset 00073dac. Direct original-build import; no retail equivalence or prototype inferred.
00083ea0	Update_Hierarchie_	recovered	DREAMS.EXE embedded Watcom v3 code symbol; byte-identical import SHA256 45d00510f993d321d2288b0791a96297893de9e5e0dc24d36246e41e144008ce; tools/watcom_debug.py; tools/register_watcom_debug.py	size:136	Original module: C:\SOURCES\BEN11\3DC_HIER.C. Symbol object 1 offset 00073ea0. Direct original-build import; no retail equivalence or prototype inferred.
00083f28	Update_Miror_	recovered	DREAMS.EXE embedded Watcom v3 code symbol; byte-identical import SHA256 45d00510f993d321d2288b0791a96297893de9e5e0dc24d36246e41e144008ce; tools/watcom_debug.py; tools/register_watcom_debug.py	size:301	Original module: C:\SOURCES\BEN11\3DC_HIER.C. Symbol object 1 offset 00073f28. Direct original-build import; no retail equivalence or prototype inferred.
00084064	cpu_get_reftime_	recovered	DREAMS.EXE embedded Watcom v3 code symbol; byte-identical import SHA256 45d00510f993d321d2288b0791a96297893de9e5e0dc24d36246e41e144008ce; tools/watcom_debug.py; tools/register_watcom_debug.py	size:38	Original module: C:\SOURCES\BEN11\3DC_PROF.C. Symbol object 1 offset 00074064. Direct original-build import; no retail equivalence or prototype inferred.
0008408c	cpu_bank_color_	recovered	DREAMS.EXE embedded Watcom v3 code symbol; byte-identical import SHA256 45d00510f993d321d2288b0791a96297893de9e5e0dc24d36246e41e144008ce; tools/watcom_debug.py; tools/register_watcom_debug.py	size:11	Original module: C:\SOURCES\BEN11\3DC_PROF.C. Symbol object 1 offset 0007408c. Direct original-build import; no retail equivalence or prototype inferred.
00084098	cpu_current_bank_	recovered	DREAMS.EXE embedded Watcom v3 code symbol; byte-identical import SHA256 45d00510f993d321d2288b0791a96297893de9e5e0dc24d36246e41e144008ce; tools/watcom_debug.py; tools/register_watcom_debug.py	size:6	Original module: C:\SOURCES\BEN11\3DC_PROF.C. Symbol object 1 offset 00074098. Direct original-build import; no retail equivalence or prototype inferred.
000840a0	cpu_init_lib_	recovered	DREAMS.EXE embedded Watcom v3 code symbol; byte-identical import SHA256 45d00510f993d321d2288b0791a96297893de9e5e0dc24d36246e41e144008ce; tools/watcom_debug.py; tools/register_watcom_debug.py	size:18	Original module: C:\SOURCES\BEN11\3DC_PROF.C. Symbol object 1 offset 000740a0. Direct original-build import; no retail equivalence or prototype inferred.
000840b4	cpu_reset_all_	recovered	DREAMS.EXE embedded Watcom v3 code symbol; byte-identical import SHA256 45d00510f993d321d2288b0791a96297893de9e5e0dc24d36246e41e144008ce; tools/watcom_debug.py; tools/register_watcom_debug.py	size:54	Original module: C:\SOURCES\BEN11\3DC_PROF.C. Symbol object 1 offset 000740b4. Direct original-build import; no retail equivalence or prototype inferred.
000840ec	cpu_init_timer_	recovered	DREAMS.EXE embedded Watcom v3 code symbol; byte-identical import SHA256 45d00510f993d321d2288b0791a96297893de9e5e0dc24d36246e41e144008ce; tools/watcom_debug.py; tools/register_watcom_debug.py	size:69	Original module: C:\SOURCES\BEN11\3DC_PROF.C. Symbol object 1 offset 000740ec. Direct original-build import; no retail equivalence or prototype inferred.
00084134	cpu_end_timer_	recovered	DREAMS.EXE embedded Watcom v3 code symbol; byte-identical import SHA256 45d00510f993d321d2288b0791a96297893de9e5e0dc24d36246e41e144008ce; tools/watcom_debug.py; tools/register_watcom_debug.py	size:48	Original module: C:\SOURCES\BEN11\3DC_PROF.C. Symbol object 1 offset 00074134. Direct original-build import; no retail equivalence or prototype inferred.
00084164	cpu_next_timer_	recovered	DREAMS.EXE embedded Watcom v3 code symbol; byte-identical import SHA256 45d00510f993d321d2288b0791a96297893de9e5e0dc24d36246e41e144008ce; tools/watcom_debug.py; tools/register_watcom_debug.py	size:33	Original module: C:\SOURCES\BEN11\3DC_PROF.C. Symbol object 1 offset 00074164. Direct original-build import; no retail equivalence or prototype inferred.
00084188	info_timer_color_	recovered	DREAMS.EXE embedded Watcom v3 code symbol; byte-identical import SHA256 45d00510f993d321d2288b0791a96297893de9e5e0dc24d36246e41e144008ce; tools/watcom_debug.py; tools/register_watcom_debug.py	size:238	Original module: C:\SOURCES\BEN11\3DC_PROF.C. Symbol object 1 offset 00074188. Direct original-build import; no retail equivalence or prototype inferred.
00084278	Display_Info_Timer_	recovered	DREAMS.EXE embedded Watcom v3 code symbol; byte-identical import SHA256 45d00510f993d321d2288b0791a96297893de9e5e0dc24d36246e41e144008ce; tools/watcom_debug.py; tools/register_watcom_debug.py	size:121	Original module: C:\SOURCES\BEN11\3DC_PROF.C. Symbol object 1 offset 00074278. Direct original-build import; no retail equivalence or prototype inferred.
000842f4	info_timer_text_	recovered	DREAMS.EXE embedded Watcom v3 code symbol; byte-identical import SHA256 45d00510f993d321d2288b0791a96297893de9e5e0dc24d36246e41e144008ce; tools/watcom_debug.py; tools/register_watcom_debug.py	size:96	Original module: C:\SOURCES\BEN11\3DC_PROF.C. Symbol object 1 offset 000742f4. Direct original-build import; no retail equivalence or prototype inferred.
00084360	Build_Generic_	recovered	DREAMS.EXE embedded Watcom v3 code symbol; byte-identical import SHA256 45d00510f993d321d2288b0791a96297893de9e5e0dc24d36246e41e144008ce; tools/watcom_debug.py; tools/register_watcom_debug.py	size:375	Original module: C:\SOURCES\BEN11\3DC_LIST.C. Symbol object 1 offset 00074360. Direct original-build import; no retail equivalence or prototype inferred.
000844d8	_PM_segread	recovered	DREAMS.EXE embedded Watcom v3 code symbol; byte-identical import SHA256 45d00510f993d321d2288b0791a96297893de9e5e0dc24d36246e41e144008ce; tools/watcom_debug.py; tools/register_watcom_debug.py	size:36	Original module: _pmlite.asm. Symbol object 1 offset 000744d8. Direct original-build import; no retail equivalence or prototype inferred.
00084912	_PM_int386x	recovered	DREAMS.EXE embedded Watcom v3 code symbol; byte-identical import SHA256 45d00510f993d321d2288b0791a96297893de9e5e0dc24d36246e41e144008ce; tools/watcom_debug.py; tools/register_watcom_debug.py	size:146	Original module: _pmlite.asm. Symbol object 1 offset 00074912. Direct original-build import; no retail equivalence or prototype inferred.
000849a4	_PM_getByte	recovered	DREAMS.EXE embedded Watcom v3 code symbol; byte-identical import SHA256 45d00510f993d321d2288b0791a96297893de9e5e0dc24d36246e41e144008ce; tools/watcom_debug.py; tools/register_watcom_debug.py	size:17	Original module: _pmlite.asm. Symbol object 1 offset 000749a4. Direct original-build import; no retail equivalence or prototype inferred.
000849b5	_PM_getWord	recovered	DREAMS.EXE embedded Watcom v3 code symbol; byte-identical import SHA256 45d00510f993d321d2288b0791a96297893de9e5e0dc24d36246e41e144008ce; tools/watcom_debug.py; tools/register_watcom_debug.py	size:18	Original module: _pmlite.asm. Symbol object 1 offset 000749b5. Direct original-build import; no retail equivalence or prototype inferred.
000849c7	_PM_getLong	recovered	DREAMS.EXE embedded Watcom v3 code symbol; byte-identical import SHA256 45d00510f993d321d2288b0791a96297893de9e5e0dc24d36246e41e144008ce; tools/watcom_debug.py; tools/register_watcom_debug.py	size:17	Original module: _pmlite.asm. Symbol object 1 offset 000749c7. Direct original-build import; no retail equivalence or prototype inferred.
000849d8	_PM_setByte	recovered	DREAMS.EXE embedded Watcom v3 code symbol; byte-identical import SHA256 45d00510f993d321d2288b0791a96297893de9e5e0dc24d36246e41e144008ce; tools/watcom_debug.py; tools/register_watcom_debug.py	size:20	Original module: _pmlite.asm. Symbol object 1 offset 000749d8. Direct original-build import; no retail equivalence or prototype inferred.
000849ec	_PM_setWord	recovered	DREAMS.EXE embedded Watcom v3 code symbol; byte-identical import SHA256 45d00510f993d321d2288b0791a96297893de9e5e0dc24d36246e41e144008ce; tools/watcom_debug.py; tools/register_watcom_debug.py	size:22	Original module: _pmlite.asm. Symbol object 1 offset 000749ec. Direct original-build import; no retail equivalence or prototype inferred.
00084a02	_PM_setLong	recovered	DREAMS.EXE embedded Watcom v3 code symbol; byte-identical import SHA256 45d00510f993d321d2288b0791a96297893de9e5e0dc24d36246e41e144008ce; tools/watcom_debug.py; tools/register_watcom_debug.py	size:20	Original module: _pmlite.asm. Symbol object 1 offset 00074a02. Direct original-build import; no retail equivalence or prototype inferred.
00084a16	_PM_memcpynf	recovered	DREAMS.EXE embedded Watcom v3 code symbol; byte-identical import SHA256 45d00510f993d321d2288b0791a96297893de9e5e0dc24d36246e41e144008ce; tools/watcom_debug.py; tools/register_watcom_debug.py	size:43	Original module: _pmlite.asm. Symbol object 1 offset 00074a16. Direct original-build import; no retail equivalence or prototype inferred.
00084a41	_PM_memcpyfn	recovered	DREAMS.EXE embedded Watcom v3 code symbol; byte-identical import SHA256 45d00510f993d321d2288b0791a96297893de9e5e0dc24d36246e41e144008ce; tools/watcom_debug.py; tools/register_watcom_debug.py	size:43	Original module: _pmlite.asm. Symbol object 1 offset 00074a41. Direct original-build import; no retail equivalence or prototype inferred.
00084a6c	_PM_saveDS	recovered	DREAMS.EXE embedded Watcom v3 code symbol; byte-identical import SHA256 45d00510f993d321d2288b0791a96297893de9e5e0dc24d36246e41e144008ce; tools/watcom_debug.py; tools/register_watcom_debug.py	size:7	Original module: _pmlite.asm. Symbol object 1 offset 00074a6c. Direct original-build import; no retail equivalence or prototype inferred.
00084a73	_PM_loadDS	recovered	DREAMS.EXE embedded Watcom v3 code symbol; byte-identical import SHA256 45d00510f993d321d2288b0791a96297893de9e5e0dc24d36246e41e144008ce; tools/watcom_debug.py; tools/register_watcom_debug.py	size:8	Original module: _pmlite.asm. Symbol object 1 offset 00074a73. Direct original-build import; no retail equivalence or prototype inferred.
00084a80	_PM_getModeType	recovered	DREAMS.EXE embedded Watcom v3 code symbol; byte-identical import SHA256 45d00510f993d321d2288b0791a96297893de9e5e0dc24d36246e41e144008ce; tools/watcom_debug.py; tools/register_watcom_debug.py	size:6	Original module: C:\SCITECH\SRC\PMODE\PMLITE.C. Symbol object 1 offset 00074a80. Direct original-build import; no retail equivalence or prototype inferred.
00084a88	_PM_getBIOSSelector	recovered	DREAMS.EXE embedded Watcom v3 code symbol; byte-identical import SHA256 45d00510f993d321d2288b0791a96297893de9e5e0dc24d36246e41e144008ce; tools/watcom_debug.py; tools/register_watcom_debug.py	size:38	Original module: C:\SCITECH\SRC\PMODE\PMLITE.C. Symbol object 1 offset 00074a88. Direct original-build import; no retail equivalence or prototype inferred.
00084ab0	_PM_getVGASelector	recovered	DREAMS.EXE embedded Watcom v3 code symbol; byte-identical import SHA256 45d00510f993d321d2288b0791a96297893de9e5e0dc24d36246e41e144008ce; tools/watcom_debug.py; tools/register_watcom_debug.py	size:142	Original module: C:\SCITECH\SRC\PMODE\PMLITE.C. Symbol object 1 offset 00074ab0. Direct original-build import; no retail equivalence or prototype inferred.
00084b44	_PM_int386	recovered	DREAMS.EXE embedded Watcom v3 code symbol; byte-identical import SHA256 45d00510f993d321d2288b0791a96297893de9e5e0dc24d36246e41e144008ce; tools/watcom_debug.py; tools/register_watcom_debug.py	size:46	Original module: C:\SCITECH\SRC\PMODE\PMLITE.C. Symbol object 1 offset 00074b44. Direct original-build import; no retail equivalence or prototype inferred.
00084b74	__PM_getRMvect	recovered	DREAMS.EXE embedded Watcom v3 code symbol; byte-identical import SHA256 45d00510f993d321d2288b0791a96297893de9e5e0dc24d36246e41e144008ce; tools/watcom_debug.py; tools/register_watcom_debug.py	size:72	Original module: C:\SCITECH\SRC\PMODE\PMLITE.C. Symbol object 1 offset 00074b74. Direct original-build import; no retail equivalence or prototype inferred.
00084bbc	__PM_setRMvect	recovered	DREAMS.EXE embedded Watcom v3 code symbol; byte-identical import SHA256 45d00510f993d321d2288b0791a96297893de9e5e0dc24d36246e41e144008ce; tools/watcom_debug.py; tools/register_watcom_debug.py	size:66	Original module: C:\SCITECH\SRC\PMODE\PMLITE.C. Symbol object 1 offset 00074bbc. Direct original-build import; no retail equivalence or prototype inferred.
00084c00	DPMI_mapPhysicalToLinear_	recovered	DREAMS.EXE embedded Watcom v3 code symbol; byte-identical import SHA256 45d00510f993d321d2288b0791a96297893de9e5e0dc24d36246e41e144008ce; tools/watcom_debug.py; tools/register_watcom_debug.py	size:124	Original module: C:\SCITECH\SRC\PMODE\PMLITE.C. Symbol object 1 offset 00074c00. Direct original-build import; no retail equivalence or prototype inferred.
00084c7c	DPMI_setSelectorBase_	recovered	DREAMS.EXE embedded Watcom v3 code symbol; byte-identical import SHA256 45d00510f993d321d2288b0791a96297893de9e5e0dc24d36246e41e144008ce; tools/watcom_debug.py; tools/register_watcom_debug.py	size:69	Original module: C:\SCITECH\SRC\PMODE\PMLITE.C. Symbol object 1 offset 00074c7c. Direct original-build import; no retail equivalence or prototype inferred.
00084cc4	DPMI_getSelectorBase_	recovered	DREAMS.EXE embedded Watcom v3 code symbol; byte-identical import SHA256 45d00510f993d321d2288b0791a96297893de9e5e0dc24d36246e41e144008ce; tools/watcom_debug.py; tools/register_watcom_debug.py	size:59	Original module: C:\SCITECH\SRC\PMODE\PMLITE.C. Symbol object 1 offset 00074cc4. Direct original-build import; no retail equivalence or prototype inferred.
00084d00	DPMI_setSelectorLimit_	recovered	DREAMS.EXE embedded Watcom v3 code symbol; byte-identical import SHA256 45d00510f993d321d2288b0791a96297893de9e5e0dc24d36246e41e144008ce; tools/watcom_debug.py; tools/register_watcom_debug.py	size:69	Original module: C:\SCITECH\SRC\PMODE\PMLITE.C. Symbol object 1 offset 00074d00. Direct original-build import; no retail equivalence or prototype inferred.
00084db0	DPMI_lockLinearPages_	recovered	DREAMS.EXE embedded Watcom v3 code symbol; byte-identical import SHA256 45d00510f993d321d2288b0791a96297893de9e5e0dc24d36246e41e144008ce; tools/watcom_debug.py; tools/register_watcom_debug.py	size:78	Original module: C:\SCITECH\SRC\PMODE\PMLITE.C. Symbol object 1 offset 00074db0. Direct original-build import; no retail equivalence or prototype inferred.
00084e00	DPMI_unlockLinearPages_	recovered	DREAMS.EXE embedded Watcom v3 code symbol; byte-identical import SHA256 45d00510f993d321d2288b0791a96297893de9e5e0dc24d36246e41e144008ce; tools/watcom_debug.py; tools/register_watcom_debug.py	size:78	Original module: C:\SCITECH\SRC\PMODE\PMLITE.C. Symbol object 1 offset 00074e00. Direct original-build import; no retail equivalence or prototype inferred.
00084e50	_PM_callRealMode	recovered	DREAMS.EXE embedded Watcom v3 code symbol; byte-identical import SHA256 45d00510f993d321d2288b0791a96297893de9e5e0dc24d36246e41e144008ce; tools/watcom_debug.py; tools/register_watcom_debug.py	size:348	Original module: C:\SCITECH\SRC\PMODE\PMLITE.C. Symbol object 1 offset 00074e50. Direct original-build import; no retail equivalence or prototype inferred.
00084fac	_PM_mapPhysicalAddr	recovered	DREAMS.EXE embedded Watcom v3 code symbol; byte-identical import SHA256 45d00510f993d321d2288b0791a96297893de9e5e0dc24d36246e41e144008ce; tools/watcom_debug.py; tools/register_watcom_debug.py	size:108	Original module: C:\SCITECH\SRC\PMODE\PMLITE.C. Symbol object 1 offset 00074fac. Direct original-build import; no retail equivalence or prototype inferred.
00085018	_PM_mapRealPointer	recovered	DREAMS.EXE embedded Watcom v3 code symbol; byte-identical import SHA256 45d00510f993d321d2288b0791a96297893de9e5e0dc24d36246e41e144008ce; tools/watcom_debug.py; tools/register_watcom_debug.py	size:60	Original module: C:\SCITECH\SRC\PMODE\PMLITE.C. Symbol object 1 offset 00075018. Direct original-build import; no retail equivalence or prototype inferred.
00085054	_PM_allocRealSeg	recovered	DREAMS.EXE embedded Watcom v3 code symbol; byte-identical import SHA256 45d00510f993d321d2288b0791a96297893de9e5e0dc24d36246e41e144008ce; tools/watcom_debug.py; tools/register_watcom_debug.py	size:110	Original module: C:\SCITECH\SRC\PMODE\PMLITE.C. Symbol object 1 offset 00075054. Direct original-build import; no retail equivalence or prototype inferred.
000850c4	_PM_freeRealSeg	recovered	DREAMS.EXE embedded Watcom v3 code symbol; byte-identical import SHA256 45d00510f993d321d2288b0791a96297893de9e5e0dc24d36246e41e144008ce; tools/watcom_debug.py; tools/register_watcom_debug.py	size:40	Original module: C:\SCITECH\SRC\PMODE\PMLITE.C. Symbol object 1 offset 000750c4. Direct original-build import; no retail equivalence or prototype inferred.
000850ec	_PM_int86	recovered	DREAMS.EXE embedded Watcom v3 code symbol; byte-identical import SHA256 45d00510f993d321d2288b0791a96297893de9e5e0dc24d36246e41e144008ce; tools/watcom_debug.py; tools/register_watcom_debug.py	size:234	Original module: C:\SCITECH\SRC\PMODE\PMLITE.C. Symbol object 1 offset 000750ec. Direct original-build import; no retail equivalence or prototype inferred.
000851d8	_PM_int86x	recovered	DREAMS.EXE embedded Watcom v3 code symbol; byte-identical import SHA256 45d00510f993d321d2288b0791a96297893de9e5e0dc24d36246e41e144008ce; tools/watcom_debug.py; tools/register_watcom_debug.py	size:288	Original module: C:\SCITECH\SRC\PMODE\PMLITE.C. Symbol object 1 offset 000751d8. Direct original-build import; no retail equivalence or prototype inferred.
000852f8	_PM_createSelector	recovered	DREAMS.EXE embedded Watcom v3 code symbol; byte-identical import SHA256 45d00510f993d321d2288b0791a96297893de9e5e0dc24d36246e41e144008ce; tools/watcom_debug.py; tools/register_watcom_debug.py	size:177	Original module: C:\SCITECH\SRC\PMODE\PMLITE.C. Symbol object 1 offset 000752f8. Direct original-build import; no retail equivalence or prototype inferred.
00085340	_PM_freeSelector	recovered	DREAMS.EXE embedded Watcom v3 code symbol; byte-identical import SHA256 45d00510f993d321d2288b0791a96297893de9e5e0dc24d36246e41e144008ce; tools/watcom_debug.py; tools/register_watcom_debug.py	size:44	Original module: C:\SCITECH\SRC\PMODE\PMLITE.C. Symbol object 1 offset 00075340. Direct original-build import; no retail equivalence or prototype inferred.
0008536c	_PM_availableMemory	recovered	DREAMS.EXE embedded Watcom v3 code symbol; byte-identical import SHA256 45d00510f993d321d2288b0791a96297893de9e5e0dc24d36246e41e144008ce; tools/watcom_debug.py; tools/register_watcom_debug.py	size:98	Original module: C:\SCITECH\SRC\PMODE\PMLITE.C. Symbol object 1 offset 0007536c. Direct original-build import; no retail equivalence or prototype inferred.
00085421	_Full_at_exit_rtn_	recovered	DREAMS.EXE embedded Watcom v3 code symbol; byte-identical import SHA256 45d00510f993d321d2288b0791a96297893de9e5e0dc24d36246e41e144008ce; tools/watcom_debug.py; tools/register_watcom_debug.py	size:59	Original module: atexit. Symbol object 1 offset 00075421. Direct original-build import; no retail equivalence or prototype inferred.
0008545c	atexit_	recovered	DREAMS.EXE embedded Watcom v3 code symbol; byte-identical import SHA256 45d00510f993d321d2288b0791a96297893de9e5e0dc24d36246e41e144008ce; tools/watcom_debug.py; tools/register_watcom_debug.py	size:60	Original module: atexit. Symbol object 1 offset 0007545c. Direct original-build import; no retail equivalence or prototype inferred.
000854a0	_VF_malloc	recovered	DREAMS.EXE embedded Watcom v3 code symbol; byte-identical import SHA256 45d00510f993d321d2288b0791a96297893de9e5e0dc24d36246e41e144008ce; tools/watcom_debug.py; tools/register_watcom_debug.py	size:9	Original module: C:\SCITECH\SRC\PMODE\VFLAT.C. Symbol object 1 offset 000754a0. Direct original-build import; no retail equivalence or prototype inferred.
000854ac	_VF_free	recovered	DREAMS.EXE embedded Watcom v3 code symbol; byte-identical import SHA256 45d00510f993d321d2288b0791a96297893de9e5e0dc24d36246e41e144008ce; tools/watcom_debug.py; tools/register_watcom_debug.py	size:9	Original module: C:\SCITECH\SRC\PMODE\VFLAT.C. Symbol object 1 offset 000754ac. Direct original-build import; no retail equivalence or prototype inferred.
000854b8	CheckDPMI_	recovered	DREAMS.EXE embedded Watcom v3 code symbol; byte-identical import SHA256 45d00510f993d321d2288b0791a96297893de9e5e0dc24d36246e41e144008ce; tools/watcom_debug.py; tools/register_watcom_debug.py	size:90	Original module: C:\SCITECH\SRC\PMODE\VFLAT.C. Symbol object 1 offset 000754b8. Direct original-build import; no retail equivalence or prototype inferred.
00085514	_VF_available	recovered	DREAMS.EXE embedded Watcom v3 code symbol; byte-identical import SHA256 45d00510f993d321d2288b0791a96297893de9e5e0dc24d36246e41e144008ce; tools/watcom_debug.py; tools/register_watcom_debug.py	size:64	Original module: C:\SCITECH\SRC\PMODE\VFLAT.C. Symbol object 1 offset 00075514. Direct original-build import; no retail equivalence or prototype inferred.
0008553c	_InitDPMI	recovered	DREAMS.EXE embedded Watcom v3 code symbol; byte-identical import SHA256 45d00510f993d321d2288b0791a96297893de9e5e0dc24d36246e41e144008ce; tools/watcom_debug.py; tools/register_watcom_debug.py	size:3	Original module: C:\SCITECH\SRC\PMODE\VFLAT.C. Symbol object 1 offset 0007553c. Direct original-build import; no retail equivalence or prototype inferred.
00085558	_InitDOS4GW	recovered	DREAMS.EXE embedded Watcom v3 code symbol; byte-identical import SHA256 45d00510f993d321d2288b0791a96297893de9e5e0dc24d36246e41e144008ce; tools/watcom_debug.py; tools/register_watcom_debug.py	size:150	Original module: C:\SCITECH\SRC\PMODE\VFLAT.C. Symbol object 1 offset 00075558. Direct original-build import; no retail equivalence or prototype inferred.
000855f0	_VF_init	recovered	DREAMS.EXE embedded Watcom v3 code symbol; byte-identical import SHA256 45d00510f993d321d2288b0791a96297893de9e5e0dc24d36246e41e144008ce; tools/watcom_debug.py; tools/register_watcom_debug.py	size:128	Original module: C:\SCITECH\SRC\PMODE\VFLAT.C. Symbol object 1 offset 000755f0. Direct original-build import; no retail equivalence or prototype inferred.
00085670	_VF_exit	recovered	DREAMS.EXE embedded Watcom v3 code symbol; byte-identical import SHA256 45d00510f993d321d2288b0791a96297893de9e5e0dc24d36246e41e144008ce; tools/watcom_debug.py; tools/register_watcom_debug.py	size:37	Original module: C:\SCITECH\SRC\PMODE\VFLAT.C. Symbol object 1 offset 00075670. Direct original-build import; no retail equivalence or prototype inferred.
000857d6	__clear16	recovered	DREAMS.EXE embedded Watcom v3 code symbol; byte-identical import SHA256 45d00510f993d321d2288b0791a96297893de9e5e0dc24d36246e41e144008ce; tools/watcom_debug.py; tools/register_watcom_debug.py	size:47	Original module: _svgasdk.asm. Symbol object 1 offset 000757d6. Direct original-build import; no retail equivalence or prototype inferred.
00085805	__clear256	recovered	DREAMS.EXE embedded Watcom v3 code symbol; byte-identical import SHA256 45d00510f993d321d2288b0791a96297893de9e5e0dc24d36246e41e144008ce; tools/watcom_debug.py; tools/register_watcom_debug.py	size:36	Original module: _svgasdk.asm. Symbol object 1 offset 00075805. Direct original-build import; no retail equivalence or prototype inferred.
00085829	__clear32k	recovered	DREAMS.EXE embedded Watcom v3 code symbol; byte-identical import SHA256 45d00510f993d321d2288b0791a96297893de9e5e0dc24d36246e41e144008ce; tools/watcom_debug.py; tools/register_watcom_debug.py	size:30	Original module: _svgasdk.asm. Symbol object 1 offset 00075829. Direct original-build import; no retail equivalence or prototype inferred.
00085847	__clear16m	recovered	DREAMS.EXE embedded Watcom v3 code symbol; byte-identical import SHA256 45d00510f993d321d2288b0791a96297893de9e5e0dc24d36246e41e144008ce; tools/watcom_debug.py; tools/register_watcom_debug.py	size:147	Original module: _svgasdk.asm. Symbol object 1 offset 00075847. Direct original-build import; no retail equivalence or prototype inferred.
000858da	__clear4G	recovered	DREAMS.EXE embedded Watcom v3 code symbol; byte-identical import SHA256 45d00510f993d321d2288b0791a96297893de9e5e0dc24d36246e41e144008ce; tools/watcom_debug.py; tools/register_watcom_debug.py	size:20	Original module: _svgasdk.asm. Symbol object 1 offset 000758da. Direct original-build import; no retail equivalence or prototype inferred.
000858ee	__putPixel16	recovered	DREAMS.EXE embedded Watcom v3 code symbol; byte-identical import SHA256 45d00510f993d321d2288b0791a96297893de9e5e0dc24d36246e41e144008ce; tools/watcom_debug.py; tools/register_watcom_debug.py	size:130	Original module: _svgasdk.asm. Symbol object 1 offset 000758ee. Direct original-build import; no retail equivalence or prototype inferred.
00085970	__putPixel256	recovered	DREAMS.EXE embedded Watcom v3 code symbol; byte-identical import SHA256 45d00510f993d321d2288b0791a96297893de9e5e0dc24d36246e41e144008ce; tools/watcom_debug.py; tools/register_watcom_debug.py	size:70	Original module: _svgasdk.asm. Symbol object 1 offset 00075970. Direct original-build import; no retail equivalence or prototype inferred.
000859b6	__putPixel32k	recovered	DREAMS.EXE embedded Watcom v3 code symbol; byte-identical import SHA256 45d00510f993d321d2288b0791a96297893de9e5e0dc24d36246e41e144008ce; tools/watcom_debug.py; tools/register_watcom_debug.py	size:74	Original module: _svgasdk.asm. Symbol object 1 offset 000759b6. Direct original-build import; no retail equivalence or prototype inferred.
00085a00	__putPixel16m	recovered	DREAMS.EXE embedded Watcom v3 code symbol; byte-identical import SHA256 45d00510f993d321d2288b0791a96297893de9e5e0dc24d36246e41e144008ce; tools/watcom_debug.py; tools/register_watcom_debug.py	size:101	Original module: _svgasdk.asm. Symbol object 1 offset 00075a00. Direct original-build import; no retail equivalence or prototype inferred.
00085a94	__putPixel4G	recovered	DREAMS.EXE embedded Watcom v3 code symbol; byte-identical import SHA256 45d00510f993d321d2288b0791a96297893de9e5e0dc24d36246e41e144008ce; tools/watcom_debug.py; tools/register_watcom_debug.py	size:73	Original module: _svgasdk.asm. Symbol object 1 offset 00075a94. Direct original-build import; no retail equivalence or prototype inferred.
00085add	__line16	recovered	DREAMS.EXE embedded Watcom v3 code symbol; byte-identical import SHA256 45d00510f993d321d2288b0791a96297893de9e5e0dc24d36246e41e144008ce; tools/watcom_debug.py; tools/register_watcom_debug.py	size:173	Original module: _svgasdk.asm. Symbol object 1 offset 00075add. Direct original-build import; no retail equivalence or prototype inferred.
00085c45	__line256	recovered	DREAMS.EXE embedded Watcom v3 code symbol; byte-identical import SHA256 45d00510f993d321d2288b0791a96297893de9e5e0dc24d36246e41e144008ce; tools/watcom_debug.py; tools/register_watcom_debug.py	size:189	Original module: _svgasdk.asm. Symbol object 1 offset 00075c45. Direct original-build import; no retail equivalence or prototype inferred.
00085d3e	__line32k	recovered	DREAMS.EXE embedded Watcom v3 code symbol; byte-identical import SHA256 45d00510f993d321d2288b0791a96297893de9e5e0dc24d36246e41e144008ce; tools/watcom_debug.py; tools/register_watcom_debug.py	size:190	Original module: _svgasdk.asm. Symbol object 1 offset 00075d3e. Direct original-build import; no retail equivalence or prototype inferred.
00085e38	__line16m	recovered	DREAMS.EXE embedded Watcom v3 code symbol; byte-identical import SHA256 45d00510f993d321d2288b0791a96297893de9e5e0dc24d36246e41e144008ce; tools/watcom_debug.py; tools/register_watcom_debug.py	size:211	Original module: _svgasdk.asm. Symbol object 1 offset 00075e38. Direct original-build import; no retail equivalence or prototype inferred.
00085f58	__line4G	recovered	DREAMS.EXE embedded Watcom v3 code symbol; byte-identical import SHA256 45d00510f993d321d2288b0791a96297893de9e5e0dc24d36246e41e144008ce; tools/watcom_debug.py; tools/register_watcom_debug.py	size:190	Original module: _svgasdk.asm. Symbol object 1 offset 00075f58. Direct original-build import; no retail equivalence or prototype inferred.
00086050	__setActivePage	recovered	DREAMS.EXE embedded Watcom v3 code symbol; byte-identical import SHA256 45d00510f993d321d2288b0791a96297893de9e5e0dc24d36246e41e144008ce; tools/watcom_debug.py; tools/register_watcom_debug.py	size:43	Original module: _svgasdk.asm. Symbol object 1 offset 00076050. Direct original-build import; no retail equivalence or prototype inferred.
0008607b	_SV_setVisualPage	recovered	DREAMS.EXE embedded Watcom v3 code symbol; byte-identical import SHA256 45d00510f993d321d2288b0791a96297893de9e5e0dc24d36246e41e144008ce; tools/watcom_debug.py; tools/register_watcom_debug.py	size:259	Original module: _svgasdk.asm. Symbol object 1 offset 0007607b. Direct original-build import; no retail equivalence or prototype inferred.
0008617e	_VGA_setPalette	recovered	DREAMS.EXE embedded Watcom v3 code symbol; byte-identical import SHA256 45d00510f993d321d2288b0791a96297893de9e5e0dc24d36246e41e144008ce; tools/watcom_debug.py; tools/register_watcom_debug.py	size:66	Original module: _svgasdk.asm. Symbol object 1 offset 0007617e. Direct original-build import; no retail equivalence or prototype inferred.
000861c0	_VBE_setBankA	recovered	DREAMS.EXE embedded Watcom v3 code symbol; byte-identical import SHA256 45d00510f993d321d2288b0791a96297893de9e5e0dc24d36246e41e144008ce; tools/watcom_debug.py; tools/register_watcom_debug.py	size:41	Original module: _svgasdk.asm. Symbol object 1 offset 000761c0. Direct original-build import; no retail equivalence or prototype inferred.
000861e9	_VBE_setBankAB	recovered	DREAMS.EXE embedded Watcom v3 code symbol; byte-identical import SHA256 45d00510f993d321d2288b0791a96297893de9e5e0dc24d36246e41e144008ce; tools/watcom_debug.py; tools/register_watcom_debug.py	size:72	Original module: _svgasdk.asm. Symbol object 1 offset 000761e9. Direct original-build import; no retail equivalence or prototype inferred.
00086231	_VBE20_setBankA	recovered	DREAMS.EXE embedded Watcom v3 code symbol; byte-identical import SHA256 45d00510f993d321d2288b0791a96297893de9e5e0dc24d36246e41e144008ce; tools/watcom_debug.py; tools/register_watcom_debug.py	size:21	Original module: _svgasdk.asm. Symbol object 1 offset 00076231. Direct original-build import; no retail equivalence or prototype inferred.
00086246	_VBE20_setBankAB	recovered	DREAMS.EXE embedded Watcom v3 code symbol; byte-identical import SHA256 45d00510f993d321d2288b0791a96297893de9e5e0dc24d36246e41e144008ce; tools/watcom_debug.py; tools/register_watcom_debug.py	size:34	Original module: _svgasdk.asm. Symbol object 1 offset 00076246. Direct original-build import; no retail equivalence or prototype inferred.
00086268	_VBE20_setBankA_ES	recovered	DREAMS.EXE embedded Watcom v3 code symbol; byte-identical import SHA256 45d00510f993d321d2288b0791a96297893de9e5e0dc24d36246e41e144008ce; tools/watcom_debug.py; tools/register_watcom_debug.py	size:32	Original module: _svgasdk.asm. Symbol object 1 offset 00076268. Direct original-build import; no retail equivalence or prototype inferred.
00086288	_VBE20_setBankAB_ES	recovered	DREAMS.EXE embedded Watcom v3 code symbol; byte-identical import SHA256 45d00510f993d321d2288b0791a96297893de9e5e0dc24d36246e41e144008ce; tools/watcom_debug.py; tools/register_watcom_debug.py	size:45	Original module: _svgasdk.asm. Symbol object 1 offset 00076288. Direct original-build import; no retail equivalence or prototype inferred.
000862b5	_VBE20_setPalette	recovered	DREAMS.EXE embedded Watcom v3 code symbol; byte-identical import SHA256 45d00510f993d321d2288b0791a96297893de9e5e0dc24d36246e41e144008ce; tools/watcom_debug.py; tools/register_watcom_debug.py	size:31	Original module: _svgasdk.asm. Symbol object 1 offset 000762b5. Direct original-build import; no retail equivalence or prototype inferred.
000862d4	setBank	recovered	DREAMS.EXE embedded Watcom v3 code symbol; byte-identical import SHA256 45d00510f993d321d2288b0791a96297893de9e5e0dc24d36246e41e144008ce; tools/watcom_debug.py; tools/register_watcom_debug.py	size:20	Original module: _svgasdk.asm. Symbol object 1 offset 000762d4. Direct original-build import; no retail equivalence or prototype inferred.
000862e8	_SV_setBank	recovered	DREAMS.EXE embedded Watcom v3 code symbol; byte-identical import SHA256 45d00510f993d321d2288b0791a96297893de9e5e0dc24d36246e41e144008ce; tools/watcom_debug.py; tools/register_watcom_debug.py	size:13	Original module: _svgasdk.asm. Symbol object 1 offset 000762e8. Direct original-build import; no retail equivalence or prototype inferred.
0008635a	__clear256Lin	recovered	DREAMS.EXE embedded Watcom v3 code symbol; byte-identical import SHA256 45d00510f993d321d2288b0791a96297893de9e5e0dc24d36246e41e144008ce; tools/watcom_debug.py; tools/register_watcom_debug.py	size:36	Original module: _linsdk.asm. Symbol object 1 offset 0007635a. Direct original-build import; no retail equivalence or prototype inferred.
0008637e	__clear32kLin	recovered	DREAMS.EXE embedded Watcom v3 code symbol; byte-identical import SHA256 45d00510f993d321d2288b0791a96297893de9e5e0dc24d36246e41e144008ce; tools/watcom_debug.py; tools/register_watcom_debug.py	size:30	Original module: _linsdk.asm. Symbol object 1 offset 0007637e. Direct original-build import; no retail equivalence or prototype inferred.
0008639c	__clear16mLin	recovered	DREAMS.EXE embedded Watcom v3 code symbol; byte-identical import SHA256 45d00510f993d321d2288b0791a96297893de9e5e0dc24d36246e41e144008ce; tools/watcom_debug.py; tools/register_watcom_debug.py	size:87	Original module: _linsdk.asm. Symbol object 1 offset 0007639c. Direct original-build import; no retail equivalence or prototype inferred.
000863f3	__clear4GLin	recovered	DREAMS.EXE embedded Watcom v3 code symbol; byte-identical import SHA256 45d00510f993d321d2288b0791a96297893de9e5e0dc24d36246e41e144008ce; tools/watcom_debug.py; tools/register_watcom_debug.py	size:20	Original module: _linsdk.asm. Symbol object 1 offset 000763f3. Direct original-build import; no retail equivalence or prototype inferred.
00086407	__putPixel256Lin	recovered	DREAMS.EXE embedded Watcom v3 code symbol; byte-identical import SHA256 45d00510f993d321d2288b0791a96297893de9e5e0dc24d36246e41e144008ce; tools/watcom_debug.py; tools/register_watcom_debug.py	size:37	Original module: _linsdk.asm. Symbol object 1 offset 00076407. Direct original-build import; no retail equivalence or prototype inferred.
0008642c	__putPixel32kLin	recovered	DREAMS.EXE embedded Watcom v3 code symbol; byte-identical import SHA256 45d00510f993d321d2288b0791a96297893de9e5e0dc24d36246e41e144008ce; tools/watcom_debug.py; tools/register_watcom_debug.py	size:41	Original module: _linsdk.asm. Symbol object 1 offset 0007642c. Direct original-build import; no retail equivalence or prototype inferred.
00086455	__putPixel16mLin	recovered	DREAMS.EXE embedded Watcom v3 code symbol; byte-identical import SHA256 45d00510f993d321d2288b0791a96297893de9e5e0dc24d36246e41e144008ce; tools/watcom_debug.py; tools/register_watcom_debug.py	size:52	Original module: _linsdk.asm. Symbol object 1 offset 00076455. Direct original-build import; no retail equivalence or prototype inferred.
00086489	__putPixel4GLin	recovered	DREAMS.EXE embedded Watcom v3 code symbol; byte-identical import SHA256 45d00510f993d321d2288b0791a96297893de9e5e0dc24d36246e41e144008ce; tools/watcom_debug.py; tools/register_watcom_debug.py	size:40	Original module: _linsdk.asm. Symbol object 1 offset 00076489. Direct original-build import; no retail equivalence or prototype inferred.
000864b1	__line256Lin	recovered	DREAMS.EXE embedded Watcom v3 code symbol; byte-identical import SHA256 45d00510f993d321d2288b0791a96297893de9e5e0dc24d36246e41e144008ce; tools/watcom_debug.py; tools/register_watcom_debug.py	size:171	Original module: _linsdk.asm. Symbol object 1 offset 000764b1. Direct original-build import; no retail equivalence or prototype inferred.
0008655c	__line32kLin	recovered	DREAMS.EXE embedded Watcom v3 code symbol; byte-identical import SHA256 45d00510f993d321d2288b0791a96297893de9e5e0dc24d36246e41e144008ce; tools/watcom_debug.py; tools/register_watcom_debug.py	size:181	Original module: _linsdk.asm. Symbol object 1 offset 0007655c. Direct original-build import; no retail equivalence or prototype inferred.
00086611	__line16mLin	recovered	DREAMS.EXE embedded Watcom v3 code symbol; byte-identical import SHA256 45d00510f993d321d2288b0791a96297893de9e5e0dc24d36246e41e144008ce; tools/watcom_debug.py; tools/register_watcom_debug.py	size:199	Original module: _linsdk.asm. Symbol object 1 offset 00076611. Direct original-build import; no retail equivalence or prototype inferred.
000866d8	__line4GLin	recovered	DREAMS.EXE embedded Watcom v3 code symbol; byte-identical import SHA256 45d00510f993d321d2288b0791a96297893de9e5e0dc24d36246e41e144008ce; tools/watcom_debug.py; tools/register_watcom_debug.py	size:183	Original module: _linsdk.asm. Symbol object 1 offset 000766d8. Direct original-build import; no retail equivalence or prototype inferred.
0008678f	__setActivePageLin	recovered	DREAMS.EXE embedded Watcom v3 code symbol; byte-identical import SHA256 45d00510f993d321d2288b0791a96297893de9e5e0dc24d36246e41e144008ce; tools/watcom_debug.py; tools/register_watcom_debug.py	size:1	Original module: _linsdk.asm. Symbol object 1 offset 0007678f. Direct original-build import; no retail equivalence or prototype inferred.
000867b0	__prtf_	recovered	DREAMS.EXE embedded Watcom v3 code symbol; byte-identical import SHA256 45d00510f993d321d2288b0791a96297893de9e5e0dc24d36246e41e144008ce; tools/watcom_debug.py; tools/register_watcom_debug.py	size:927	Original module: prtf. Symbol object 1 offset 000767b0. Direct original-build import; no retail equivalence or prototype inferred.
00086b4f	getprintspecs_	recovered	DREAMS.EXE embedded Watcom v3 code symbol; byte-identical import SHA256 45d00510f993d321d2288b0791a96297893de9e5e0dc24d36246e41e144008ce; tools/watcom_debug.py; tools/register_watcom_debug.py	size:318	Original module: prtf. Symbol object 1 offset 00076b4f. Direct original-build import; no retail equivalence or prototype inferred.
00086c8d	evalflags_	recovered	DREAMS.EXE embedded Watcom v3 code symbol; byte-identical import SHA256 45d00510f993d321d2288b0791a96297893de9e5e0dc24d36246e41e144008ce; tools/watcom_debug.py; tools/register_watcom_debug.py	size:95	Original module: prtf. Symbol object 1 offset 00076c8d. Direct original-build import; no retail equivalence or prototype inferred.
00086cec	far_strlen_	recovered	DREAMS.EXE embedded Watcom v3 code symbol; byte-identical import SHA256 45d00510f993d321d2288b0791a96297893de9e5e0dc24d36246e41e144008ce; tools/watcom_debug.py; tools/register_watcom_debug.py	size:36	Original module: prtf. Symbol object 1 offset 00076cec. Direct original-build import; no retail equivalence or prototype inferred.
00086d10	far_other_strlen_	recovered	DREAMS.EXE embedded Watcom v3 code symbol; byte-identical import SHA256 45d00510f993d321d2288b0791a96297893de9e5e0dc24d36246e41e144008ce; tools/watcom_debug.py; tools/register_watcom_debug.py	size:35	Original module: prtf. Symbol object 1 offset 00076d10. Direct original-build import; no retail equivalence or prototype inferred.
00086d33	fmt4hex_	recovered	DREAMS.EXE embedded Watcom v3 code symbol; byte-identical import SHA256 45d00510f993d321d2288b0791a96297893de9e5e0dc24d36246e41e144008ce; tools/watcom_debug.py; tools/register_watcom_debug.py	size:94	Original module: prtf. Symbol object 1 offset 00076d33. Direct original-build import; no retail equivalence or prototype inferred.
00086d91	FixedPoint_Format_	recovered	DREAMS.EXE embedded Watcom v3 code symbol; byte-identical import SHA256 45d00510f993d321d2288b0791a96297893de9e5e0dc24d36246e41e144008ce; tools/watcom_debug.py; tools/register_watcom_debug.py	size:245	Original module: prtf. Symbol object 1 offset 00076d91. Direct original-build import; no retail equivalence or prototype inferred.
00086e86	float_format_	recovered	DREAMS.EXE embedded Watcom v3 code symbol; byte-identical import SHA256 45d00510f993d321d2288b0791a96297893de9e5e0dc24d36246e41e144008ce; tools/watcom_debug.py; tools/register_watcom_debug.py	size:7	Original module: prtf. Symbol object 1 offset 00076e86. Direct original-build import; no retail equivalence or prototype inferred.
00086e8d	formstring_	recovered	DREAMS.EXE embedded Watcom v3 code symbol; byte-identical import SHA256 45d00510f993d321d2288b0791a96297893de9e5e0dc24d36246e41e144008ce; tools/watcom_debug.py; tools/register_watcom_debug.py	size:1257	Original module: prtf. Symbol object 1 offset 00076e8d. Direct original-build import; no retail equivalence or prototype inferred.
00087376	zupstr_	recovered	DREAMS.EXE embedded Watcom v3 code symbol; byte-identical import SHA256 45d00510f993d321d2288b0791a96297893de9e5e0dc24d36246e41e144008ce; tools/watcom_debug.py; tools/register_watcom_debug.py	size:24	Original module: prtf. Symbol object 1 offset 00077376. Direct original-build import; no retail equivalence or prototype inferred.
0008738e	__CMain	recovered	DREAMS.EXE embedded Watcom v3 code symbol; byte-identical import SHA256 45d00510f993d321d2288b0791a96297893de9e5e0dc24d36246e41e144008ce; tools/watcom_debug.py; tools/register_watcom_debug.py	size:79	Original module: cmain386. Symbol object 1 offset 0007738e. Direct original-build import; no retail equivalence or prototype inferred.
000873de	__InitRtns	recovered	DREAMS.EXE embedded Watcom v3 code symbol; byte-identical import SHA256 45d00510f993d321d2288b0791a96297893de9e5e0dc24d36246e41e144008ce; tools/watcom_debug.py; tools/register_watcom_debug.py	size:75	Original module: inirt386. Symbol object 1 offset 000773de. Direct original-build import; no retail equivalence or prototype inferred.
00087429	__FiniRtns	recovered	DREAMS.EXE embedded Watcom v3 code symbol; byte-identical import SHA256 45d00510f993d321d2288b0791a96297893de9e5e0dc24d36246e41e144008ce; tools/watcom_debug.py; tools/register_watcom_debug.py	size:79	Original module: inirt386. Symbol object 1 offset 00077429. Direct original-build import; no retail equivalence or prototype inferred.
00087478	__null_FPE_rtn	recovered	DREAMS.EXE embedded Watcom v3 code symbol; byte-identical import SHA256 45d00510f993d321d2288b0791a96297893de9e5e0dc24d36246e41e144008ce; tools/watcom_debug.py; tools/register_watcom_debug.py	size:1	Original module: crwd386. Symbol object 1 offset 00077478. Direct original-build import; no retail equivalence or prototype inferred.
00087479	__setEFGfmt_	recovered	DREAMS.EXE embedded Watcom v3 code symbol; byte-identical import SHA256 45d00510f993d321d2288b0791a96297893de9e5e0dc24d36246e41e144008ce; tools/watcom_debug.py; tools/register_watcom_debug.py	size:1	Original module: setefg. Symbol object 1 offset 00077479. Direct original-build import; no retail equivalence or prototype inferred.
00087494	__sys_init_387_emulator	recovered	DREAMS.EXE embedded Watcom v3 code symbol; byte-identical import SHA256 45d00510f993d321d2288b0791a96297893de9e5e0dc24d36246e41e144008ce; tools/watcom_debug.py; tools/register_watcom_debug.py	size:48	Original module: dosinite. Symbol object 1 offset 00077494. Direct original-build import; no retail equivalence or prototype inferred.
00087619	__sys_fini_387_emulator	recovered	DREAMS.EXE embedded Watcom v3 code symbol; byte-identical import SHA256 45d00510f993d321d2288b0791a96297893de9e5e0dc24d36246e41e144008ce; tools/watcom_debug.py; tools/register_watcom_debug.py	size:122	Original module: dosinite. Symbol object 1 offset 00077619. Direct original-build import; no retail equivalence or prototype inferred.
000876ef	__save_8087_	recovered	DREAMS.EXE embedded Watcom v3 code symbol; byte-identical import SHA256 45d00510f993d321d2288b0791a96297893de9e5e0dc24d36246e41e144008ce; tools/watcom_debug.py; tools/register_watcom_debug.py	size:5	Original module: chk8087. Symbol object 1 offset 000776ef. Direct original-build import; no retail equivalence or prototype inferred.
000876f4	__rest_8087_	recovered	DREAMS.EXE embedded Watcom v3 code symbol; byte-identical import SHA256 45d00510f993d321d2288b0791a96297893de9e5e0dc24d36246e41e144008ce; tools/watcom_debug.py; tools/register_watcom_debug.py	size:4	Original module: chk8087. Symbol object 1 offset 000776f4. Direct original-build import; no retail equivalence or prototype inferred.
000876f8	__init_8087_	recovered	DREAMS.EXE embedded Watcom v3 code symbol; byte-identical import SHA256 45d00510f993d321d2288b0791a96297893de9e5e0dc24d36246e41e144008ce; tools/watcom_debug.py; tools/register_watcom_debug.py	size:49	Original module: chk8087. Symbol object 1 offset 000776f8. Direct original-build import; no retail equivalence or prototype inferred.
00087729	_fpreset_	recovered	DREAMS.EXE embedded Watcom v3 code symbol; byte-identical import SHA256 45d00510f993d321d2288b0791a96297893de9e5e0dc24d36246e41e144008ce; tools/watcom_debug.py; tools/register_watcom_debug.py	size:10	Original module: chk8087. Symbol object 1 offset 00077729. Direct original-build import; no retail equivalence or prototype inferred.
00087733	__chk8087_	recovered	DREAMS.EXE embedded Watcom v3 code symbol; byte-identical import SHA256 45d00510f993d321d2288b0791a96297893de9e5e0dc24d36246e41e144008ce; tools/watcom_debug.py; tools/register_watcom_debug.py	size:74	Original module: chk8087. Symbol object 1 offset 00077733. Direct original-build import; no retail equivalence or prototype inferred.
0008777e	__doserror_	recovered	DREAMS.EXE embedded Watcom v3 code symbol; byte-identical import SHA256 45d00510f993d321d2288b0791a96297893de9e5e0dc24d36246e41e144008ce; tools/watcom_debug.py; tools/register_watcom_debug.py	size:19	Original module: error386. Symbol object 1 offset 0007777e. Direct original-build import; no retail equivalence or prototype inferred.
000877b5	acos_	recovered	DREAMS.EXE embedded Watcom v3 code symbol; byte-identical import SHA256 45d00510f993d321d2288b0791a96297893de9e5e0dc24d36246e41e144008ce; tools/watcom_debug.py; tools/register_watcom_debug.py	size:12	Original module: acos387. Symbol object 1 offset 000777b5. Direct original-build import; no retail equivalence or prototype inferred.
00087918	pow_	recovered	DREAMS.EXE embedded Watcom v3 code symbol; byte-identical import SHA256 45d00510f993d321d2288b0791a96297893de9e5e0dc24d36246e41e144008ce; tools/watcom_debug.py; tools/register_watcom_debug.py	size:16	Original module: pow387. Symbol object 1 offset 00077918. Direct original-build import; no retail equivalence or prototype inferred.
00087928	_mbsnccnt_	recovered	DREAMS.EXE embedded Watcom v3 code symbol; byte-identical import SHA256 45d00510f993d321d2288b0791a96297893de9e5e0dc24d36246e41e144008ce; tools/watcom_debug.py; tools/register_watcom_debug.py	size:62	Original module: mbncnt. Symbol object 1 offset 00077928. Direct original-build import; no retail equivalence or prototype inferred.
00087966	_mbsnbcnt_	recovered	DREAMS.EXE embedded Watcom v3 code symbol; byte-identical import SHA256 45d00510f993d321d2288b0791a96297893de9e5e0dc24d36246e41e144008ce; tools/watcom_debug.py; tools/register_watcom_debug.py	size:49	Original module: mbncnt. Symbol object 1 offset 00077966. Direct original-build import; no retail equivalence or prototype inferred.
00087997	_mbsninc_	recovered	DREAMS.EXE embedded Watcom v3 code symbol; byte-identical import SHA256 45d00510f993d321d2288b0791a96297893de9e5e0dc24d36246e41e144008ce; tools/watcom_debug.py; tools/register_watcom_debug.py	size:25	Original module: mbncnt. Symbol object 1 offset 00077997. Direct original-build import; no retail equivalence or prototype inferred.
000879b0	__mbsninc_	recovered	DREAMS.EXE embedded Watcom v3 code symbol; byte-identical import SHA256 45d00510f993d321d2288b0791a96297893de9e5e0dc24d36246e41e144008ce; tools/watcom_debug.py; tools/register_watcom_debug.py	size:69	Original module: mbncnt. Symbol object 1 offset 000779b0. Direct original-build import; no retail equivalence or prototype inferred.
000879f5	_mbscat_	recovered	DREAMS.EXE embedded Watcom v3 code symbol; byte-identical import SHA256 45d00510f993d321d2288b0791a96297893de9e5e0dc24d36246e41e144008ce; tools/watcom_debug.py; tools/register_watcom_debug.py	size:81	Original module: mbscat. Symbol object 1 offset 000779f5. Direct original-build import; no retail equivalence or prototype inferred.
00087a46	_mbscpy_	recovered	DREAMS.EXE embedded Watcom v3 code symbol; byte-identical import SHA256 45d00510f993d321d2288b0791a96297893de9e5e0dc24d36246e41e144008ce; tools/watcom_debug.py; tools/register_watcom_debug.py	size:31	Original module: mbscat. Symbol object 1 offset 00077a46. Direct original-build import; no retail equivalence or prototype inferred.
00087a65	_mbsdup_	recovered	DREAMS.EXE embedded Watcom v3 code symbol; byte-identical import SHA256 45d00510f993d321d2288b0791a96297893de9e5e0dc24d36246e41e144008ce; tools/watcom_debug.py; tools/register_watcom_debug.py	size:65	Original module: mbscat. Symbol object 1 offset 00077a65. Direct original-build import; no retail equivalence or prototype inferred.
00087aa6	_mbsncat_	recovered	DREAMS.EXE embedded Watcom v3 code symbol; byte-identical import SHA256 45d00510f993d321d2288b0791a96297893de9e5e0dc24d36246e41e144008ce; tools/watcom_debug.py; tools/register_watcom_debug.py	size:86	Original module: mbscat. Symbol object 1 offset 00077aa6. Direct original-build import; no retail equivalence or prototype inferred.
00087b03	_mbsnbcat_	recovered	DREAMS.EXE embedded Watcom v3 code symbol; byte-identical import SHA256 45d00510f993d321d2288b0791a96297893de9e5e0dc24d36246e41e144008ce; tools/watcom_debug.py; tools/register_watcom_debug.py	size:242	Original module: mbscat. Symbol object 1 offset 00077b03. Direct original-build import; no retail equivalence or prototype inferred.
00087bf5	_mbsncpy_	recovered	DREAMS.EXE embedded Watcom v3 code symbol; byte-identical import SHA256 45d00510f993d321d2288b0791a96297893de9e5e0dc24d36246e41e144008ce; tools/watcom_debug.py; tools/register_watcom_debug.py	size:31	Original module: mbscat. Symbol object 1 offset 00077bf5. Direct original-build import; no retail equivalence or prototype inferred.
00087c14	_mbsnbcpy_	recovered	DREAMS.EXE embedded Watcom v3 code symbol; byte-identical import SHA256 45d00510f993d321d2288b0791a96297893de9e5e0dc24d36246e41e144008ce; tools/watcom_debug.py; tools/register_watcom_debug.py	size:180	Original module: mbscat. Symbol object 1 offset 00077c14. Direct original-build import; no retail equivalence or prototype inferred.
00087cc8	_mbptov_	recovered	DREAMS.EXE embedded Watcom v3 code symbol; byte-identical import SHA256 45d00510f993d321d2288b0791a96297893de9e5e0dc24d36246e41e144008ce; tools/watcom_debug.py; tools/register_watcom_debug.py	size:62	Original module: mbconv. Symbol object 1 offset 00077cc8. Direct original-build import; no retail equivalence or prototype inferred.
00087d06	_mbvtop_	recovered	DREAMS.EXE embedded Watcom v3 code symbol; byte-identical import SHA256 45d00510f993d321d2288b0791a96297893de9e5e0dc24d36246e41e144008ce; tools/watcom_debug.py; tools/register_watcom_debug.py	size:26	Original module: mbconv. Symbol object 1 offset 00077d06. Direct original-build import; no retail equivalence or prototype inferred.
00087d20	__mbvtop_	recovered	DREAMS.EXE embedded Watcom v3 code symbol; byte-identical import SHA256 45d00510f993d321d2288b0791a96297893de9e5e0dc24d36246e41e144008ce; tools/watcom_debug.py; tools/register_watcom_debug.py	size:52	Original module: mbconv. Symbol object 1 offset 00077d20. Direct original-build import; no retail equivalence or prototype inferred.
00087d54	__checkIsDBCS_	recovered	DREAMS.EXE embedded Watcom v3 code symbol; byte-identical import SHA256 45d00510f993d321d2288b0791a96297893de9e5e0dc24d36246e41e144008ce; tools/watcom_debug.py; tools/register_watcom_debug.py	size:46	Original module: isdbcs. Symbol object 1 offset 00077d54. Direct original-build import; no retail equivalence or prototype inferred.
00087d82	dos_get_dbcs_lead_table_	recovered	DREAMS.EXE embedded Watcom v3 code symbol; byte-identical import SHA256 45d00510f993d321d2288b0791a96297893de9e5e0dc24d36246e41e144008ce; tools/watcom_debug.py; tools/register_watcom_debug.py	size:269	Original module: isdbcs. Symbol object 1 offset 00077d82. Direct original-build import; no retail equivalence or prototype inferred.
00087e8f	isatty_	recovered	DREAMS.EXE embedded Watcom v3 code symbol; byte-identical import SHA256 45d00510f993d321d2288b0791a96297893de9e5e0dc24d36246e41e144008ce; tools/watcom_debug.py; tools/register_watcom_debug.py	size:39	Original module: isatt. Symbol object 1 offset 00077e8f. Direct original-build import; no retail equivalence or prototype inferred.
00087eb6	__set_EDOM_	recovered	DREAMS.EXE embedded Watcom v3 code symbol; byte-identical import SHA256 45d00510f993d321d2288b0791a96297893de9e5e0dc24d36246e41e144008ce; tools/watcom_debug.py; tools/register_watcom_debug.py	size:5	Original module: seterrno. Symbol object 1 offset 00077eb6. Direct original-build import; no retail equivalence or prototype inferred.
00087ebb	__set_errno_	recovered	DREAMS.EXE embedded Watcom v3 code symbol; byte-identical import SHA256 45d00510f993d321d2288b0791a96297893de9e5e0dc24d36246e41e144008ce; tools/watcom_debug.py; tools/register_watcom_debug.py	size:12	Original module: seterrno. Symbol object 1 offset 00077ebb. Direct original-build import; no retail equivalence or prototype inferred.
00087ec7	__set_ERANGE_	recovered	DREAMS.EXE embedded Watcom v3 code symbol; byte-identical import SHA256 45d00510f993d321d2288b0791a96297893de9e5e0dc24d36246e41e144008ce; tools/watcom_debug.py; tools/register_watcom_debug.py	size:7	Original module: seterrno. Symbol object 1 offset 00077ec7. Direct original-build import; no retail equivalence or prototype inferred.
00087ece	__set_EINVAL_	recovered	DREAMS.EXE embedded Watcom v3 code symbol; byte-identical import SHA256 45d00510f993d321d2288b0791a96297893de9e5e0dc24d36246e41e144008ce; tools/watcom_debug.py; tools/register_watcom_debug.py	size:16	Original module: seterrno. Symbol object 1 offset 00077ece. Direct original-build import; no retail equivalence or prototype inferred.
00087ede	__set_doserrno_	recovered	DREAMS.EXE embedded Watcom v3 code symbol; byte-identical import SHA256 45d00510f993d321d2288b0791a96297893de9e5e0dc24d36246e41e144008ce; tools/watcom_debug.py; tools/register_watcom_debug.py	size:12	Original module: seterrno. Symbol object 1 offset 00077ede. Direct original-build import; no retail equivalence or prototype inferred.
00087eea	_dosret0_	recovered	DREAMS.EXE embedded Watcom v3 code symbol; byte-identical import SHA256 45d00510f993d321d2288b0791a96297893de9e5e0dc24d36246e41e144008ce; tools/watcom_debug.py; tools/register_watcom_debug.py	size:7	Original module: dosret. Symbol object 1 offset 00077eea. Direct original-build import; no retail equivalence or prototype inferred.
00087ef1	_dosretax_	recovered	DREAMS.EXE embedded Watcom v3 code symbol; byte-identical import SHA256 45d00510f993d321d2288b0791a96297893de9e5e0dc24d36246e41e144008ce; tools/watcom_debug.py; tools/register_watcom_debug.py	size:4	Original module: dosret. Symbol object 1 offset 00077ef1. Direct original-build import; no retail equivalence or prototype inferred.
00087ef5	__set_errno_dos_	recovered	DREAMS.EXE embedded Watcom v3 code symbol; byte-identical import SHA256 45d00510f993d321d2288b0791a96297893de9e5e0dc24d36246e41e144008ce; tools/watcom_debug.py; tools/register_watcom_debug.py	size:113	Original module: dosret. Symbol object 1 offset 00077ef5. Direct original-build import; no retail equivalence or prototype inferred.
00087f66	__IOMode_	recovered	DREAMS.EXE embedded Watcom v3 code symbol; byte-identical import SHA256 45d00510f993d321d2288b0791a96297893de9e5e0dc24d36246e41e144008ce; tools/watcom_debug.py; tools/register_watcom_debug.py	size:85	Original module: iomode. Symbol object 1 offset 00077f66. Direct original-build import; no retail equivalence or prototype inferred.
00087fbb	__SetIOMode_	recovered	DREAMS.EXE embedded Watcom v3 code symbol; byte-identical import SHA256 45d00510f993d321d2288b0791a96297893de9e5e0dc24d36246e41e144008ce; tools/watcom_debug.py; tools/register_watcom_debug.py	size:21	Original module: iomode. Symbol object 1 offset 00077fbb. Direct original-build import; no retail equivalence or prototype inferred.
00087fd0	__flush_	recovered	DREAMS.EXE embedded Watcom v3 code symbol; byte-identical import SHA256 45d00510f993d321d2288b0791a96297893de9e5e0dc24d36246e41e144008ce; tools/watcom_debug.py; tools/register_watcom_debug.py	size:217	Original module: flush. Symbol object 1 offset 00077fd0. Direct original-build import; no retail equivalence or prototype inferred.
000880a9	flushall_	recovered	DREAMS.EXE embedded Watcom v3 code symbol; byte-identical import SHA256 45d00510f993d321d2288b0791a96297893de9e5e0dc24d36246e41e144008ce; tools/watcom_debug.py; tools/register_watcom_debug.py	size:5	Original module: flushall. Symbol object 1 offset 000780a9. Direct original-build import; no retail equivalence or prototype inferred.
000880ae	__flushall_	recovered	DREAMS.EXE embedded Watcom v3 code symbol; byte-identical import SHA256 45d00510f993d321d2288b0791a96297893de9e5e0dc24d36246e41e144008ce; tools/watcom_debug.py; tools/register_watcom_debug.py	size:47	Original module: flushall. Symbol object 1 offset 000780ae. Direct original-build import; no retail equivalence or prototype inferred.
000880dd	__close_	recovered	DREAMS.EXE embedded Watcom v3 code symbol; byte-identical import SHA256 45d00510f993d321d2288b0791a96297893de9e5e0dc24d36246e41e144008ce; tools/watcom_debug.py; tools/register_watcom_debug.py	size:53	Original module: _clse. Symbol object 1 offset 000780dd. Direct original-build import; no retail equivalence or prototype inferred.
00088120	set_nbbit_of_mask_	recovered	DREAMS.EXE embedded Watcom v3 code symbol; byte-identical import SHA256 45d00510f993d321d2288b0791a96297893de9e5e0dc24d36246e41e144008ce; tools/watcom_debug.py; tools/register_watcom_debug.py	size:25	Original module: C:\SOURCES\BEN11\3DC_Z.C. Symbol object 1 offset 00078120. Direct original-build import; no retail equivalence or prototype inferred.
0008813c	set_ZB_ptr_	recovered	DREAMS.EXE embedded Watcom v3 code symbol; byte-identical import SHA256 45d00510f993d321d2288b0791a96297893de9e5e0dc24d36246e41e144008ce; tools/watcom_debug.py; tools/register_watcom_debug.py	size:6	Original module: C:\SOURCES\BEN11\3DC_Z.C. Symbol object 1 offset 0007813c. Direct original-build import; no retail equivalence or prototype inferred.
00088144	set_active_Zbuffer_	recovered	DREAMS.EXE embedded Watcom v3 code symbol; byte-identical import SHA256 45d00510f993d321d2288b0791a96297893de9e5e0dc24d36246e41e144008ce; tools/watcom_debug.py; tools/register_watcom_debug.py	size:234	Original module: C:\SOURCES\BEN11\3DC_Z.C. Symbol object 1 offset 00078144. Direct original-build import; no retail equivalence or prototype inferred.
00088230	Load_Zbuffer_	recovered	DREAMS.EXE embedded Watcom v3 code symbol; byte-identical import SHA256 45d00510f993d321d2288b0791a96297893de9e5e0dc24d36246e41e144008ce; tools/watcom_debug.py; tools/register_watcom_debug.py	size:94	Original module: C:\SOURCES\BEN11\3DC_Z.C. Symbol object 1 offset 00078230. Direct original-build import; no retail equivalence or prototype inferred.
00088290	projected_to_3D_	recovered	DREAMS.EXE embedded Watcom v3 code symbol; byte-identical import SHA256 45d00510f993d321d2288b0791a96297893de9e5e0dc24d36246e41e144008ce; tools/watcom_debug.py; tools/register_watcom_debug.py	size:212	Original module: C:\SOURCES\BEN11\3DC_Z.C. Symbol object 1 offset 00078290. Direct original-build import; no retail equivalence or prototype inferred.
00088364	get_camera_	recovered	DREAMS.EXE embedded Watcom v3 code symbol; byte-identical import SHA256 45d00510f993d321d2288b0791a96297893de9e5e0dc24d36246e41e144008ce; tools/watcom_debug.py; tools/register_watcom_debug.py	size:41	Original module: C:\SOURCES\BEN11\3DC_Z.C. Symbol object 1 offset 00078364. Direct original-build import; no retail equivalence or prototype inferred.
00088390	get_target_	recovered	DREAMS.EXE embedded Watcom v3 code symbol; byte-identical import SHA256 45d00510f993d321d2288b0791a96297893de9e5e0dc24d36246e41e144008ce; tools/watcom_debug.py; tools/register_watcom_debug.py	size:41	Original module: C:\SOURCES\BEN11\3DC_Z.C. Symbol object 1 offset 00078390. Direct original-build import; no retail equivalence or prototype inferred.
000883bc	unpack_Z_	recovered	DREAMS.EXE embedded Watcom v3 code symbol; byte-identical import SHA256 45d00510f993d321d2288b0791a96297893de9e5e0dc24d36246e41e144008ce; tools/watcom_debug.py; tools/register_watcom_debug.py	size:241	Original module: C:\SOURCES\BEN11\3DC_Z.C. Symbol object 1 offset 000783bc. Direct original-build import; no retail equivalence or prototype inferred.
000884b0	_Display_Edge_TAB_asm	recovered	DREAMS.EXE embedded Watcom v3 code symbol; byte-identical import SHA256 45d00510f993d321d2288b0791a96297893de9e5e0dc24d36246e41e144008ce; tools/watcom_debug.py; tools/register_watcom_debug.py	size:68	Original module: 3D_affop.asm. Symbol object 1 offset 000784b0. Direct original-build import; no retail equivalence or prototype inferred.
00088506	__MemAllocator	recovered	DREAMS.EXE embedded Watcom v3 code symbol; byte-identical import SHA256 45d00510f993d321d2288b0791a96297893de9e5e0dc24d36246e41e144008ce; tools/watcom_debug.py; tools/register_watcom_debug.py	size:163	Original module: memalloc. Symbol object 1 offset 00078506. Direct original-build import; no retail equivalence or prototype inferred.
000885ae	__MemFree	recovered	DREAMS.EXE embedded Watcom v3 code symbol; byte-identical import SHA256 45d00510f993d321d2288b0791a96297893de9e5e0dc24d36246e41e144008ce; tools/watcom_debug.py; tools/register_watcom_debug.py	size:272	Original module: memalloc. Symbol object 1 offset 000785ae. Direct original-build import; no retail equivalence or prototype inferred.
000886b9	__unlink_	recovered	DREAMS.EXE embedded Watcom v3 code symbol; byte-identical import SHA256 45d00510f993d321d2288b0791a96297893de9e5e0dc24d36246e41e144008ce; tools/watcom_debug.py; tools/register_watcom_debug.py	size:81	Original module: grownear. Symbol object 1 offset 000786b9. Direct original-build import; no retail equivalence or prototype inferred.
0008870a	__FreeDPMIBlocks_	recovered	DREAMS.EXE embedded Watcom v3 code symbol; byte-identical import SHA256 45d00510f993d321d2288b0791a96297893de9e5e0dc24d36246e41e144008ce; tools/watcom_debug.py; tools/register_watcom_debug.py	size:92	Original module: grownear. Symbol object 1 offset 0007870a. Direct original-build import; no retail equivalence or prototype inferred.
00088766	__ReAllocDPMIBlock_	recovered	DREAMS.EXE embedded Watcom v3 code symbol; byte-identical import SHA256 45d00510f993d321d2288b0791a96297893de9e5e0dc24d36246e41e144008ce; tools/watcom_debug.py; tools/register_watcom_debug.py	size:255	Original module: grownear. Symbol object 1 offset 00078766. Direct original-build import; no retail equivalence or prototype inferred.
00088865	__LinkUpNewMHeap_	recovered	DREAMS.EXE embedded Watcom v3 code symbol; byte-identical import SHA256 45d00510f993d321d2288b0791a96297893de9e5e0dc24d36246e41e144008ce; tools/watcom_debug.py; tools/register_watcom_debug.py	size:116	Original module: grownear. Symbol object 1 offset 00078865. Direct original-build import; no retail equivalence or prototype inferred.
000888d9	__LastFree_	recovered	DREAMS.EXE embedded Watcom v3 code symbol; byte-identical import SHA256 45d00510f993d321d2288b0791a96297893de9e5e0dc24d36246e41e144008ce; tools/watcom_debug.py; tools/register_watcom_debug.py	size:80	Original module: grownear. Symbol object 1 offset 000788d9. Direct original-build import; no retail equivalence or prototype inferred.
00088929	RationalAlloc_	recovered	DREAMS.EXE embedded Watcom v3 code symbol; byte-identical import SHA256 45d00510f993d321d2288b0791a96297893de9e5e0dc24d36246e41e144008ce; tools/watcom_debug.py; tools/register_watcom_debug.py	size:209	Original module: grownear. Symbol object 1 offset 00078929. Direct original-build import; no retail equivalence or prototype inferred.
000889fa	__CreateNewNHeap_	recovered	DREAMS.EXE embedded Watcom v3 code symbol; byte-identical import SHA256 45d00510f993d321d2288b0791a96297893de9e5e0dc24d36246e41e144008ce; tools/watcom_debug.py; tools/register_watcom_debug.py	size:176	Original module: grownear. Symbol object 1 offset 000789fa. Direct original-build import; no retail equivalence or prototype inferred.
00088aaa	__ExpandDGROUP_	recovered	DREAMS.EXE embedded Watcom v3 code symbol; byte-identical import SHA256 45d00510f993d321d2288b0791a96297893de9e5e0dc24d36246e41e144008ce; tools/watcom_debug.py; tools/register_watcom_debug.py	size:332	Original module: grownear. Symbol object 1 offset 00078aaa. Direct original-build import; no retail equivalence or prototype inferred.
00088bf6	__AdjustAmount_	recovered	DREAMS.EXE embedded Watcom v3 code symbol; byte-identical import SHA256 45d00510f993d321d2288b0791a96297893de9e5e0dc24d36246e41e144008ce; tools/watcom_debug.py; tools/register_watcom_debug.py	size:125	Original module: grownear. Symbol object 1 offset 00078bf6. Direct original-build import; no retail equivalence or prototype inferred.
00088c73	__nmemneed_	recovered	DREAMS.EXE embedded Watcom v3 code symbol; byte-identical import SHA256 45d00510f993d321d2288b0791a96297893de9e5e0dc24d36246e41e144008ce; tools/watcom_debug.py; tools/register_watcom_debug.py	size:3	Original module: nmemneed. Symbol object 1 offset 00078c73. Direct original-build import; no retail equivalence or prototype inferred.
00088c84	__allocfp_	recovered	DREAMS.EXE embedded Watcom v3 code symbol; byte-identical import SHA256 45d00510f993d321d2288b0791a96297893de9e5e0dc24d36246e41e144008ce; tools/watcom_debug.py; tools/register_watcom_debug.py	size:166	Original module: allocfp. Symbol object 1 offset 00078c84. Direct original-build import; no retail equivalence or prototype inferred.
00088d2a	__freefp_	recovered	DREAMS.EXE embedded Watcom v3 code symbol; byte-identical import SHA256 45d00510f993d321d2288b0791a96297893de9e5e0dc24d36246e41e144008ce; tools/watcom_debug.py; tools/register_watcom_debug.py	size:57	Original module: allocfp. Symbol object 1 offset 00078d2a. Direct original-build import; no retail equivalence or prototype inferred.
00088d63	__purgefp_	recovered	DREAMS.EXE embedded Watcom v3 code symbol; byte-identical import SHA256 45d00510f993d321d2288b0791a96297893de9e5e0dc24d36246e41e144008ce; tools/watcom_debug.py; tools/register_watcom_debug.py	size:30	Original module: allocfp. Symbol object 1 offset 00078d63. Direct original-build import; no retail equivalence or prototype inferred.
00088d81	__chktty_	recovered	DREAMS.EXE embedded Watcom v3 code symbol; byte-identical import SHA256 45d00510f993d321d2288b0791a96297893de9e5e0dc24d36246e41e144008ce; tools/watcom_debug.py; tools/register_watcom_debug.py	size:49	Original module: chktty. Symbol object 1 offset 00078d81. Direct original-build import; no retail equivalence or prototype inferred.
00088db2	__ioalloc_	recovered	DREAMS.EXE embedded Watcom v3 code symbol; byte-identical import SHA256 45d00510f993d321d2288b0791a96297893de9e5e0dc24d36246e41e144008ce; tools/watcom_debug.py; tools/register_watcom_debug.py	size:119	Original module: ioalloc. Symbol object 1 offset 00078db2. Direct original-build import; no retail equivalence or prototype inferred.
00088e29	__qwrite_	recovered	DREAMS.EXE embedded Watcom v3 code symbol; byte-identical import SHA256 45d00510f993d321d2288b0791a96297893de9e5e0dc24d36246e41e144008ce; tools/watcom_debug.py; tools/register_watcom_debug.py	size:116	Original module: qwrit. Symbol object 1 offset 00078e29. Direct original-build import; no retail equivalence or prototype inferred.
00088e9d	__get_errno_ptr_	recovered	DREAMS.EXE embedded Watcom v3 code symbol; byte-identical import SHA256 45d00510f993d321d2288b0791a96297893de9e5e0dc24d36246e41e144008ce; tools/watcom_debug.py; tools/register_watcom_debug.py	size:6	Original module: errno. Symbol object 1 offset 00078e9d. Direct original-build import; no retail equivalence or prototype inferred.
00088ea3	__get_doserrno_ptr_	recovered	DREAMS.EXE embedded Watcom v3 code symbol; byte-identical import SHA256 45d00510f993d321d2288b0791a96297893de9e5e0dc24d36246e41e144008ce; tools/watcom_debug.py; tools/register_watcom_debug.py	size:6	Original module: errno. Symbol object 1 offset 00078ea3. Direct original-build import; no retail equivalence or prototype inferred.
00088ea9	fputc_	recovered	DREAMS.EXE embedded Watcom v3 code symbol; byte-identical import SHA256 45d00510f993d321d2288b0791a96297893de9e5e0dc24d36246e41e144008ce; tools/watcom_debug.py; tools/register_watcom_debug.py	size:164	Original module: fputc. Symbol object 1 offset 00078ea9. Direct original-build import; no retail equivalence or prototype inferred.
00088f4d	getpid_	recovered	DREAMS.EXE embedded Watcom v3 code symbol; byte-identical import SHA256 45d00510f993d321d2288b0791a96297893de9e5e0dc24d36246e41e144008ce; tools/watcom_debug.py; tools/register_watcom_debug.py	size:6	Original module: gtpid. Symbol object 1 offset 00078f4d. Direct original-build import; no retail equivalence or prototype inferred.
00088f53	ftell_	recovered	DREAMS.EXE embedded Watcom v3 code symbol; byte-identical import SHA256 45d00510f993d321d2288b0791a96297893de9e5e0dc24d36246e41e144008ce; tools/watcom_debug.py; tools/register_watcom_debug.py	size:66	Original module: ftell. Symbol object 1 offset 00078f53. Direct original-build import; no retail equivalence or prototype inferred.
00088f9a	__int386x_	recovered	DREAMS.EXE embedded Watcom v3 code symbol; byte-identical import SHA256 45d00510f993d321d2288b0791a96297893de9e5e0dc24d36246e41e144008ce; tools/watcom_debug.py; tools/register_watcom_debug.py	size:56	Original module: intxa386. Symbol object 1 offset 00078f9a. Direct original-build import; no retail equivalence or prototype inferred.
00088ff7	_DoINTR_	recovered	DREAMS.EXE embedded Watcom v3 code symbol; byte-identical import SHA256 45d00510f993d321d2288b0791a96297893de9e5e0dc24d36246e41e144008ce; tools/watcom_debug.py; tools/register_watcom_debug.py	size:77	Original module: intxa386. Symbol object 1 offset 00078ff7. Direct original-build import; no retail equivalence or prototype inferred.
00089378	stackavail_	recovered	DREAMS.EXE embedded Watcom v3 code symbol; byte-identical import SHA256 45d00510f993d321d2288b0791a96297893de9e5e0dc24d36246e41e144008ce; tools/watcom_debug.py; tools/register_watcom_debug.py	size:9	Original module: stack386. Symbol object 1 offset 00079378. Direct original-build import; no retail equivalence or prototype inferred.
00089381	__delay_init_	recovered	DREAMS.EXE embedded Watcom v3 code symbol; byte-identical import SHA256 45d00510f993d321d2288b0791a96297893de9e5e0dc24d36246e41e144008ce; tools/watcom_debug.py; tools/register_watcom_debug.py	size:50	Original module: delay. Symbol object 1 offset 00079381. Direct original-build import; no retail equivalence or prototype inferred.
000893b3	__delay_	recovered	DREAMS.EXE embedded Watcom v3 code symbol; byte-identical import SHA256 45d00510f993d321d2288b0791a96297893de9e5e0dc24d36246e41e144008ce; tools/watcom_debug.py; tools/register_watcom_debug.py	size:54	Original module: delay. Symbol object 1 offset 000793b3. Direct original-build import; no retail equivalence or prototype inferred.
000893e9	_getvideoconfig_	recovered	DREAMS.EXE embedded Watcom v3 code symbol; byte-identical import SHA256 45d00510f993d321d2288b0791a96297893de9e5e0dc24d36246e41e144008ce; tools/watcom_debug.py; tools/register_watcom_debug.py	size:34	Original module: getconfr. Symbol object 1 offset 000793e9. Direct original-build import; no retail equivalence or prototype inferred.
0008940b	_CalcNumPages_	recovered	DREAMS.EXE embedded Watcom v3 code symbol; byte-identical import SHA256 45d00510f993d321d2288b0791a96297893de9e5e0dc24d36246e41e144008ce; tools/watcom_debug.py; tools/register_watcom_debug.py	size:117	Original module: getconfr. Symbol object 1 offset 0007940b. Direct original-build import; no retail equivalence or prototype inferred.
00089480	_GetState_	recovered	DREAMS.EXE embedded Watcom v3 code symbol; byte-identical import SHA256 45d00510f993d321d2288b0791a96297893de9e5e0dc24d36246e41e144008ce; tools/watcom_debug.py; tools/register_watcom_debug.py	size:300	Original module: getconfr. Symbol object 1 offset 00079480. Direct original-build import; no retail equivalence or prototype inferred.
000895ac	_InitState_	recovered	DREAMS.EXE embedded Watcom v3 code symbol; byte-identical import SHA256 45d00510f993d321d2288b0791a96297893de9e5e0dc24d36246e41e144008ce; tools/watcom_debug.py; tools/register_watcom_debug.py	size:137	Original module: getconfr. Symbol object 1 offset 000795ac. Direct original-build import; no retail equivalence or prototype inferred.
00089635	_GrInit_	recovered	DREAMS.EXE embedded Watcom v3 code symbol; byte-identical import SHA256 45d00510f993d321d2288b0791a96297893de9e5e0dc24d36246e41e144008ce; tools/watcom_debug.py; tools/register_watcom_debug.py	size:113	Original module: getconfr. Symbol object 1 offset 00079635. Direct original-build import; no retail equivalence or prototype inferred.
000896a6	_CursorOn_	recovered	DREAMS.EXE embedded Watcom v3 code symbol; byte-identical import SHA256 45d00510f993d321d2288b0791a96297893de9e5e0dc24d36246e41e144008ce; tools/watcom_debug.py; tools/register_watcom_debug.py	size:46	Original module: cursorr. Symbol object 1 offset 000796a6. Direct original-build import; no retail equivalence or prototype inferred.
000896d4	_CursorOff_	recovered	DREAMS.EXE embedded Watcom v3 code symbol; byte-identical import SHA256 45d00510f993d321d2288b0791a96297893de9e5e0dc24d36246e41e144008ce; tools/watcom_debug.py; tools/register_watcom_debug.py	size:105	Original module: cursorr. Symbol object 1 offset 000796d4. Direct original-build import; no retail equivalence or prototype inferred.
0008973d	TextCursor_	recovered	DREAMS.EXE embedded Watcom v3 code symbol; byte-identical import SHA256 45d00510f993d321d2288b0791a96297893de9e5e0dc24d36246e41e144008ce; tools/watcom_debug.py; tools/register_watcom_debug.py	size:37	Original module: cursorr. Symbol object 1 offset 0007973d. Direct original-build import; no retail equivalence or prototype inferred.
00089762	GraphCursor_	recovered	DREAMS.EXE embedded Watcom v3 code symbol; byte-identical import SHA256 45d00510f993d321d2288b0791a96297893de9e5e0dc24d36246e41e144008ce; tools/watcom_debug.py; tools/register_watcom_debug.py	size:159	Original module: cursorr. Symbol object 1 offset 00079762. Direct original-build import; no retail equivalence or prototype inferred.
00089801	_GraphMode_	recovered	DREAMS.EXE embedded Watcom v3 code symbol; byte-identical import SHA256 45d00510f993d321d2288b0791a96297893de9e5e0dc24d36246e41e144008ce; tools/watcom_debug.py; tools/register_watcom_debug.py	size:36	Original module: devutilsr. Symbol object 1 offset 00079801. Direct original-build import; no retail equivalence or prototype inferred.
00089825	_GrProlog_	recovered	DREAMS.EXE embedded Watcom v3 code symbol; byte-identical import SHA256 45d00510f993d321d2288b0791a96297893de9e5e0dc24d36246e41e144008ce; tools/watcom_debug.py; tools/register_watcom_debug.py	size:36	Original module: devutilsr. Symbol object 1 offset 00079825. Direct original-build import; no retail equivalence or prototype inferred.
00089849	_GrEpilog_	recovered	DREAMS.EXE embedded Watcom v3 code symbol; byte-identical import SHA256 45d00510f993d321d2288b0791a96297893de9e5e0dc24d36246e41e144008ce; tools/watcom_debug.py; tools/register_watcom_debug.py	size:17	Original module: devutilsr. Symbol object 1 offset 00079849. Direct original-build import; no retail equivalence or prototype inferred.
0008985a	_InitDevice_	recovered	DREAMS.EXE embedded Watcom v3 code symbol; byte-identical import SHA256 45d00510f993d321d2288b0791a96297893de9e5e0dc24d36246e41e144008ce; tools/watcom_debug.py; tools/register_watcom_debug.py	size:12	Original module: devutilsr. Symbol object 1 offset 0007985a. Direct original-build import; no retail equivalence or prototype inferred.
00089866	_FiniDevice_	recovered	DREAMS.EXE embedded Watcom v3 code symbol; byte-identical import SHA256 45d00510f993d321d2288b0791a96297893de9e5e0dc24d36246e41e144008ce; tools/watcom_debug.py; tools/register_watcom_debug.py	size:9	Original module: devutilsr. Symbol object 1 offset 00079866. Direct original-build import; no retail equivalence or prototype inferred.
0008986f	_StartDevice_	recovered	DREAMS.EXE embedded Watcom v3 code symbol; byte-identical import SHA256 45d00510f993d321d2288b0791a96297893de9e5e0dc24d36246e41e144008ce; tools/watcom_debug.py; tools/register_watcom_debug.py	size:9	Original module: devutilsr. Symbol object 1 offset 0007986f. Direct original-build import; no retail equivalence or prototype inferred.
00089878	_ResetDevice_	recovered	DREAMS.EXE embedded Watcom v3 code symbol; byte-identical import SHA256 45d00510f993d321d2288b0791a96297893de9e5e0dc24d36246e41e144008ce; tools/watcom_debug.py; tools/register_watcom_debug.py	size:9	Original module: devutilsr. Symbol object 1 offset 00079878. Direct original-build import; no retail equivalence or prototype inferred.
00089891	_getplotaction_	recovered	DREAMS.EXE embedded Watcom v3 code symbol; byte-identical import SHA256 45d00510f993d321d2288b0791a96297893de9e5e0dc24d36246e41e144008ce; tools/watcom_debug.py; tools/register_watcom_debug.py	size:29	Original module: plotactnr. Symbol object 1 offset 00079891. Direct original-build import; no retail equivalence or prototype inferred.
000898bd	_setplotaction_	recovered	DREAMS.EXE embedded Watcom v3 code symbol; byte-identical import SHA256 45d00510f993d321d2288b0791a96297893de9e5e0dc24d36246e41e144008ce; tools/watcom_debug.py; tools/register_watcom_debug.py	size:81	Original module: plotactnr. Symbol object 1 offset 000798bd. Direct original-build import; no retail equivalence or prototype inferred.
0008990e	_getfillmask_	recovered	DREAMS.EXE embedded Watcom v3 code symbol; byte-identical import SHA256 45d00510f993d321d2288b0791a96297893de9e5e0dc24d36246e41e144008ce; tools/watcom_debug.py; tools/register_watcom_debug.py	size:42	Original module: fillmaskr. Symbol object 1 offset 0007990e. Direct original-build import; no retail equivalence or prototype inferred.
00089938	_setfillmask_	recovered	DREAMS.EXE embedded Watcom v3 code symbol; byte-identical import SHA256 45d00510f993d321d2288b0791a96297893de9e5e0dc24d36246e41e144008ce; tools/watcom_debug.py; tools/register_watcom_debug.py	size:119	Original module: fillmaskr. Symbol object 1 offset 00079938. Direct original-build import; no retail equivalence or prototype inferred.
000899af	_getcolor_	recovered	DREAMS.EXE embedded Watcom v3 code symbol; byte-identical import SHA256 45d00510f993d321d2288b0791a96297893de9e5e0dc24d36246e41e144008ce; tools/watcom_debug.py; tools/register_watcom_debug.py	size:7	Original module: colorr. Symbol object 1 offset 000799af. Direct original-build import; no retail equivalence or prototype inferred.
000899b6	_setcolor_	recovered	DREAMS.EXE embedded Watcom v3 code symbol; byte-identical import SHA256 45d00510f993d321d2288b0791a96297893de9e5e0dc24d36246e41e144008ce; tools/watcom_debug.py; tools/register_watcom_debug.py	size:30	Original module: colorr. Symbol object 1 offset 000799b6. Direct original-build import; no retail equivalence or prototype inferred.
000899d4	_L2setcolor_	recovered	DREAMS.EXE embedded Watcom v3 code symbol; byte-identical import SHA256 45d00510f993d321d2288b0791a96297893de9e5e0dc24d36246e41e144008ce; tools/watcom_debug.py; tools/register_watcom_debug.py	size:30	Original module: colorr. Symbol object 1 offset 000799d4. Direct original-build import; no retail equivalence or prototype inferred.
000899f2	_L1Block_	recovered	DREAMS.EXE embedded Watcom v3 code symbol; byte-identical import SHA256 45d00510f993d321d2288b0791a96297893de9e5e0dc24d36246e41e144008ce; tools/watcom_debug.py; tools/register_watcom_debug.py	size:73	Original module: l1blockr. Symbol object 1 offset 000799f2. Direct original-build import; no retail equivalence or prototype inferred.
00089a40	_AIL_file_append	recovered	DREAMS.EXE embedded Watcom v3 code symbol; byte-identical import SHA256 45d00510f993d321d2288b0791a96297893de9e5e0dc24d36246e41e144008ce; tools/watcom_debug.py; tools/register_watcom_debug.py	size:136	Original module: D:\DEVEL\PROJECTS\MSS\DOSSRC\memfile.c. Symbol object 1 offset 00079a40. Direct original-build import; no retail equivalence or prototype inferred.
00089ad0	_AIL_file_write	recovered	DREAMS.EXE embedded Watcom v3 code symbol; byte-identical import SHA256 45d00510f993d321d2288b0791a96297893de9e5e0dc24d36246e41e144008ce; tools/watcom_debug.py; tools/register_watcom_debug.py	size:136	Original module: D:\DEVEL\PROJECTS\MSS\DOSSRC\memfile.c. Symbol object 1 offset 00079ad0. Direct original-build import; no retail equivalence or prototype inferred.
00089b60	_AIL_file_read	recovered	DREAMS.EXE embedded Watcom v3 code symbol; byte-identical import SHA256 45d00510f993d321d2288b0791a96297893de9e5e0dc24d36246e41e144008ce; tools/watcom_debug.py; tools/register_watcom_debug.py	size:243	Original module: D:\DEVEL\PROJECTS\MSS\DOSSRC\memfile.c. Symbol object 1 offset 00079b60. Direct original-build import; no retail equivalence or prototype inferred.
00089c60	_AIL_file_size	recovered	DREAMS.EXE embedded Watcom v3 code symbol; byte-identical import SHA256 45d00510f993d321d2288b0791a96297893de9e5e0dc24d36246e41e144008ce; tools/watcom_debug.py; tools/register_watcom_debug.py	size:96	Original module: D:\DEVEL\PROJECTS\MSS\DOSSRC\memfile.c. Symbol object 1 offset 00079c60. Direct original-build import; no retail equivalence or prototype inferred.
00089cc0	_AIL_file_error	recovered	DREAMS.EXE embedded Watcom v3 code symbol; byte-identical import SHA256 45d00510f993d321d2288b0791a96297893de9e5e0dc24d36246e41e144008ce; tools/watcom_debug.py; tools/register_watcom_debug.py	size:6	Original module: D:\DEVEL\PROJECTS\MSS\DOSSRC\memfile.c. Symbol object 1 offset 00079cc0. Direct original-build import; no retail equivalence or prototype inferred.
00089cd0	_AIL_vmm_unlock	recovered	DREAMS.EXE embedded Watcom v3 code symbol; byte-identical import SHA256 45d00510f993d321d2288b0791a96297893de9e5e0dc24d36246e41e144008ce; tools/watcom_debug.py; tools/register_watcom_debug.py	size:22	Original module: D:\DEVEL\PROJECTS\MSS\DOSSRC\memfile.c. Symbol object 1 offset 00079cd0. Direct original-build import; no retail equivalence or prototype inferred.
00089cf0	_AIL_vmm_lock	recovered	DREAMS.EXE embedded Watcom v3 code symbol; byte-identical import SHA256 45d00510f993d321d2288b0791a96297893de9e5e0dc24d36246e41e144008ce; tools/watcom_debug.py; tools/register_watcom_debug.py	size:22	Original module: D:\DEVEL\PROJECTS\MSS\DOSSRC\memfile.c. Symbol object 1 offset 00079cf0. Direct original-build import; no retail equivalence or prototype inferred.
00089d10	_AIL_vmm_unlock_range	recovered	DREAMS.EXE embedded Watcom v3 code symbol; byte-identical import SHA256 45d00510f993d321d2288b0791a96297893de9e5e0dc24d36246e41e144008ce; tools/watcom_debug.py; tools/register_watcom_debug.py	size:154	Original module: D:\DEVEL\PROJECTS\MSS\DOSSRC\memfile.c. Symbol object 1 offset 00079d10. Direct original-build import; no retail equivalence or prototype inferred.
00089db0	_AIL_vmm_lock_range	recovered	DREAMS.EXE embedded Watcom v3 code symbol; byte-identical import SHA256 45d00510f993d321d2288b0791a96297893de9e5e0dc24d36246e41e144008ce; tools/watcom_debug.py; tools/register_watcom_debug.py	size:155	Original module: D:\DEVEL\PROJECTS\MSS\DOSSRC\memfile.c. Symbol object 1 offset 00079db0. Direct original-build import; no retail equivalence or prototype inferred.
00089e50	_AIL_mem_free_DOS	recovered	DREAMS.EXE embedded Watcom v3 code symbol; byte-identical import SHA256 45d00510f993d321d2288b0791a96297893de9e5e0dc24d36246e41e144008ce; tools/watcom_debug.py; tools/register_watcom_debug.py	size:59	Original module: D:\DEVEL\PROJECTS\MSS\DOSSRC\memfile.c. Symbol object 1 offset 00079e50. Direct original-build import; no retail equivalence or prototype inferred.
00089e90	_AIL_mem_alloc_DOS	recovered	DREAMS.EXE embedded Watcom v3 code symbol; byte-identical import SHA256 45d00510f993d321d2288b0791a96297893de9e5e0dc24d36246e41e144008ce; tools/watcom_debug.py; tools/register_watcom_debug.py	size:141	Original module: D:\DEVEL\PROJECTS\MSS\DOSSRC\memfile.c. Symbol object 1 offset 00079e90. Direct original-build import; no retail equivalence or prototype inferred.
00089f20	_AIL_mem_free_lock	recovered	DREAMS.EXE embedded Watcom v3 code symbol; byte-identical import SHA256 45d00510f993d321d2288b0791a96297893de9e5e0dc24d36246e41e144008ce; tools/watcom_debug.py; tools/register_watcom_debug.py	size:37	Original module: D:\DEVEL\PROJECTS\MSS\DOSSRC\memfile.c. Symbol object 1 offset 00079f20. Direct original-build import; no retail equivalence or prototype inferred.
00089f50	_AIL_mem_alloc_lock	recovered	DREAMS.EXE embedded Watcom v3 code symbol; byte-identical import SHA256 45d00510f993d321d2288b0791a96297893de9e5e0dc24d36246e41e144008ce; tools/watcom_debug.py; tools/register_watcom_debug.py	size:43	Original module: D:\DEVEL\PROJECTS\MSS\DOSSRC\memfile.c. Symbol object 1 offset 00079f50. Direct original-build import; no retail equivalence or prototype inferred.
00089f80	_AIL_mem_use_free	recovered	DREAMS.EXE embedded Watcom v3 code symbol; byte-identical import SHA256 45d00510f993d321d2288b0791a96297893de9e5e0dc24d36246e41e144008ce; tools/watcom_debug.py; tools/register_watcom_debug.py	size:16	Original module: D:\DEVEL\PROJECTS\MSS\DOSSRC\memfile.c. Symbol object 1 offset 00079f80. Direct original-build import; no retail equivalence or prototype inferred.
00089f90	_AIL_mem_use_malloc	recovered	DREAMS.EXE embedded Watcom v3 code symbol; byte-identical import SHA256 45d00510f993d321d2288b0791a96297893de9e5e0dc24d36246e41e144008ce; tools/watcom_debug.py; tools/register_watcom_debug.py	size:16	Original module: D:\DEVEL\PROJECTS\MSS\DOSSRC\memfile.c. Symbol object 1 offset 00079f90. Direct original-build import; no retail equivalence or prototype inferred.
00089fa0	getenv_	recovered	DREAMS.EXE embedded Watcom v3 code symbol; byte-identical import SHA256 45d00510f993d321d2288b0791a96297893de9e5e0dc24d36246e41e144008ce; tools/watcom_debug.py; tools/register_watcom_debug.py	size:97	Original module: getenv. Symbol object 1 offset 00079fa0. Direct original-build import; no retail equivalence or prototype inferred.
0008a010	AIL_end_	recovered	DREAMS.EXE embedded Watcom v3 code symbol; byte-identical import SHA256 45d00510f993d321d2288b0791a96297893de9e5e0dc24d36246e41e144008ce; tools/watcom_debug.py; tools/register_watcom_debug.py	size:135	Original module: D:\DEVEL\PROJECTS\MSS\DOSSRC\ail.c. Symbol object 1 offset 0007a010. Direct original-build import; no retail equivalence or prototype inferred.
0008a0a0	_AIL_API_delay	recovered	DREAMS.EXE embedded Watcom v3 code symbol; byte-identical import SHA256 45d00510f993d321d2288b0791a96297893de9e5e0dc24d36246e41e144008ce; tools/watcom_debug.py; tools/register_watcom_debug.py	size:26	Original module: D:\DEVEL\PROJECTS\MSS\DOSSRC\ail.c. Symbol object 1 offset 0007a0a0. Direct original-build import; no retail equivalence or prototype inferred.
0008a0c0	_AIL_API_set_driver_directory	recovered	DREAMS.EXE embedded Watcom v3 code symbol; byte-identical import SHA256 45d00510f993d321d2288b0791a96297893de9e5e0dc24d36246e41e144008ce; tools/watcom_debug.py; tools/register_watcom_debug.py	size:100	Original module: D:\DEVEL\PROJECTS\MSS\DOSSRC\ail.c. Symbol object 1 offset 0007a0c0. Direct original-build import; no retail equivalence or prototype inferred.
0008a130	_AIL_API_shutdown	recovered	DREAMS.EXE embedded Watcom v3 code symbol; byte-identical import SHA256 45d00510f993d321d2288b0791a96297893de9e5e0dc24d36246e41e144008ce; tools/watcom_debug.py; tools/register_watcom_debug.py	size:45	Original module: D:\DEVEL\PROJECTS\MSS\DOSSRC\ail.c. Symbol object 1 offset 0007a130. Direct original-build import; no retail equivalence or prototype inferred.
0008a160	_AIL_API_startup	recovered	DREAMS.EXE embedded Watcom v3 code symbol; byte-identical import SHA256 45d00510f993d321d2288b0791a96297893de9e5e0dc24d36246e41e144008ce; tools/watcom_debug.py; tools/register_watcom_debug.py	size:285	Original module: D:\DEVEL\PROJECTS\MSS\DOSSRC\ail.c. Symbol object 1 offset 0007a160. Direct original-build import; no retail equivalence or prototype inferred.
0008a280	_AIL_API_get_IO_environment	recovered	DREAMS.EXE embedded Watcom v3 code symbol; byte-identical import SHA256 45d00510f993d321d2288b0791a96297893de9e5e0dc24d36246e41e144008ce; tools/watcom_debug.py; tools/register_watcom_debug.py	size:163	Original module: D:\DEVEL\PROJECTS\MSS\DOSSRC\ail.c. Symbol object 1 offset 0007a280. Direct original-build import; no retail equivalence or prototype inferred.
0008a330	_AIL_API_uninstall_driver	recovered	DREAMS.EXE embedded Watcom v3 code symbol; byte-identical import SHA256 45d00510f993d321d2288b0791a96297893de9e5e0dc24d36246e41e144008ce; tools/watcom_debug.py; tools/register_watcom_debug.py	size:158	Original module: D:\DEVEL\PROJECTS\MSS\DOSSRC\ail.c. Symbol object 1 offset 0007a330. Direct original-build import; no retail equivalence or prototype inferred.
0008a3d0	_AIL_API_install_driver	recovered	DREAMS.EXE embedded Watcom v3 code symbol; byte-identical import SHA256 45d00510f993d321d2288b0791a96297893de9e5e0dc24d36246e41e144008ce; tools/watcom_debug.py; tools/register_watcom_debug.py	size:734	Original module: D:\DEVEL\PROJECTS\MSS\DOSSRC\ail.c. Symbol object 1 offset 0007a3d0. Direct original-build import; no retail equivalence or prototype inferred.
0008a6b0	_AIL_last_error	recovered	DREAMS.EXE embedded Watcom v3 code symbol; byte-identical import SHA256 45d00510f993d321d2288b0791a96297893de9e5e0dc24d36246e41e144008ce; tools/watcom_debug.py; tools/register_watcom_debug.py	size:6	Original module: D:\DEVEL\PROJECTS\MSS\DOSSRC\ail.c. Symbol object 1 offset 0007a6b0. Direct original-build import; no retail equivalence or prototype inferred.
0008a6c0	_AIL_API_set_preference	recovered	DREAMS.EXE embedded Watcom v3 code symbol; byte-identical import SHA256 45d00510f993d321d2288b0791a96297893de9e5e0dc24d36246e41e144008ce; tools/watcom_debug.py; tools/register_watcom_debug.py	size:27	Original module: D:\DEVEL\PROJECTS\MSS\DOSSRC\ail.c. Symbol object 1 offset 0007a6c0. Direct original-build import; no retail equivalence or prototype inferred.
0008a6e0	_AIL_API_read_INI	recovered	DREAMS.EXE embedded Watcom v3 code symbol; byte-identical import SHA256 45d00510f993d321d2288b0791a96297893de9e5e0dc24d36246e41e144008ce; tools/watcom_debug.py; tools/register_watcom_debug.py	size:1178	Original module: D:\DEVEL\PROJECTS\MSS\DOSSRC\ail.c. Symbol object 1 offset 0007a6e0. Direct original-build import; no retail equivalence or prototype inferred.
0008ab80	AIL_fgets_	recovered	DREAMS.EXE embedded Watcom v3 code symbol; byte-identical import SHA256 45d00510f993d321d2288b0791a96297893de9e5e0dc24d36246e41e144008ce; tools/watcom_debug.py; tools/register_watcom_debug.py	size:115	Original module: D:\DEVEL\PROJECTS\MSS\DOSSRC\ail.c. Symbol object 1 offset 0007ab80. Direct original-build import; no retail equivalence or prototype inferred.
0008ac00	_ASC_val	recovered	DREAMS.EXE embedded Watcom v3 code symbol; byte-identical import SHA256 45d00510f993d321d2288b0791a96297893de9e5e0dc24d36246e41e144008ce; tools/watcom_debug.py; tools/register_watcom_debug.py	size:157	Original module: D:\DEVEL\PROJECTS\MSS\DOSSRC\ail.c. Symbol object 1 offset 0007ac00. Direct original-build import; no retail equivalence or prototype inferred.
0008aca0	AIL_DRIVER_SERVER	recovered	DREAMS.EXE embedded Watcom v3 code symbol; byte-identical import SHA256 45d00510f993d321d2288b0791a96297893de9e5e0dc24d36246e41e144008ce; tools/watcom_debug.py; tools/register_watcom_debug.py	size:81	Original module: D:\DEVEL\PROJECTS\MSS\DOSSRC\ail.c. Symbol object 1 offset 0007aca0. Direct original-build import; no retail equivalence or prototype inferred.
0008ad00	AIL_start_	recovered	DREAMS.EXE embedded Watcom v3 code symbol; byte-identical import SHA256 45d00510f993d321d2288b0791a96297893de9e5e0dc24d36246e41e144008ce; tools/watcom_debug.py; tools/register_watcom_debug.py	size:138	Original module: D:\DEVEL\PROJECTS\MSS\DOSSRC\ail.c. Symbol object 1 offset 0007ad00. Direct original-build import; no retail equivalence or prototype inferred.
0008ad8c	_AIL_API_lock	recovered	DREAMS.EXE embedded Watcom v3 code symbol; byte-identical import SHA256 45d00510f993d321d2288b0791a96297893de9e5e0dc24d36246e41e144008ce; tools/watcom_debug.py; tools/register_watcom_debug.py	size:7	Original module: aila.asm. Symbol object 1 offset 0007ad8c. Direct original-build import; no retail equivalence or prototype inferred.
0008ad93	_AIL_API_unlock	recovered	DREAMS.EXE embedded Watcom v3 code symbol; byte-identical import SHA256 45d00510f993d321d2288b0791a96297893de9e5e0dc24d36246e41e144008ce; tools/watcom_debug.py; tools/register_watcom_debug.py	size:7	Original module: aila.asm. Symbol object 1 offset 0007ad93. Direct original-build import; no retail equivalence or prototype inferred.
0008ad9a	_AIL_ms_count	recovered	DREAMS.EXE embedded Watcom v3 code symbol; byte-identical import SHA256 45d00510f993d321d2288b0791a96297893de9e5e0dc24d36246e41e144008ce; tools/watcom_debug.py; tools/register_watcom_debug.py	size:150	Original module: aila.asm. Symbol object 1 offset 0007ad9a. Direct original-build import; no retail equivalence or prototype inferred.
0008ae30	_setup_ms_count	recovered	DREAMS.EXE embedded Watcom v3 code symbol; byte-identical import SHA256 45d00510f993d321d2288b0791a96297893de9e5e0dc24d36246e41e144008ce; tools/watcom_debug.py; tools/register_watcom_debug.py	size:30	Original module: aila.asm. Symbol object 1 offset 0007ae30. Direct original-build import; no retail equivalence or prototype inferred.
0008ae4e	_API_timer	recovered	DREAMS.EXE embedded Watcom v3 code symbol; byte-identical import SHA256 45d00510f993d321d2288b0791a96297893de9e5e0dc24d36246e41e144008ce; tools/watcom_debug.py; tools/register_watcom_debug.py	size:419	Original module: aila.asm. Symbol object 1 offset 0007ae4e. Direct original-build import; no retail equivalence or prototype inferred.
0008aff1	_set_PIT_divisor	recovered	DREAMS.EXE embedded Watcom v3 code symbol; byte-identical import SHA256 45d00510f993d321d2288b0791a96297893de9e5e0dc24d36246e41e144008ce; tools/watcom_debug.py; tools/register_watcom_debug.py	size:42	Original module: aila.asm. Symbol object 1 offset 0007aff1. Direct original-build import; no retail equivalence or prototype inferred.
0008b01b	_set_PIT_period	recovered	DREAMS.EXE embedded Watcom v3 code symbol; byte-identical import SHA256 45d00510f993d321d2288b0791a96297893de9e5e0dc24d36246e41e144008ce; tools/watcom_debug.py; tools/register_watcom_debug.py	size:47	Original module: aila.asm. Symbol object 1 offset 0007b01b. Direct original-build import; no retail equivalence or prototype inferred.
0008b04a	_program_timers	recovered	DREAMS.EXE embedded Watcom v3 code symbol; byte-identical import SHA256 45d00510f993d321d2288b0791a96297893de9e5e0dc24d36246e41e144008ce; tools/watcom_debug.py; tools/register_watcom_debug.py	size:102	Original module: aila.asm. Symbol object 1 offset 0007b04a. Direct original-build import; no retail equivalence or prototype inferred.
0008b0b0	_AILA_startup	recovered	DREAMS.EXE embedded Watcom v3 code symbol; byte-identical import SHA256 45d00510f993d321d2288b0791a96297893de9e5e0dc24d36246e41e144008ce; tools/watcom_debug.py; tools/register_watcom_debug.py	size:278	Original module: aila.asm. Symbol object 1 offset 0007b0b0. Direct original-build import; no retail equivalence or prototype inferred.
0008b1c6	_AILA_shutdown	recovered	DREAMS.EXE embedded Watcom v3 code symbol; byte-identical import SHA256 45d00510f993d321d2288b0791a96297893de9e5e0dc24d36246e41e144008ce; tools/watcom_debug.py; tools/register_watcom_debug.py	size:55	Original module: aila.asm. Symbol object 1 offset 0007b1c6. Direct original-build import; no retail equivalence or prototype inferred.
0008b1fd	_AIL_API_get_real_vect	recovered	DREAMS.EXE embedded Watcom v3 code symbol; byte-identical import SHA256 45d00510f993d321d2288b0791a96297893de9e5e0dc24d36246e41e144008ce; tools/watcom_debug.py; tools/register_watcom_debug.py	size:40	Original module: aila.asm. Symbol object 1 offset 0007b1fd. Direct original-build import; no retail equivalence or prototype inferred.
0008b225	_AIL_API_set_real_vect	recovered	DREAMS.EXE embedded Watcom v3 code symbol; byte-identical import SHA256 45d00510f993d321d2288b0791a96297893de9e5e0dc24d36246e41e144008ce; tools/watcom_debug.py; tools/register_watcom_debug.py	size:35	Original module: aila.asm. Symbol object 1 offset 0007b225. Direct original-build import; no retail equivalence or prototype inferred.
0008b248	_thunk_proc	recovered	DREAMS.EXE embedded Watcom v3 code symbol; byte-identical import SHA256 45d00510f993d321d2288b0791a96297893de9e5e0dc24d36246e41e144008ce; tools/watcom_debug.py; tools/register_watcom_debug.py	size:74	Original module: aila.asm. Symbol object 1 offset 0007b248. Direct original-build import; no retail equivalence or prototype inferred.
0008b29d	_AIL_API_set_USE16_ISR	recovered	DREAMS.EXE embedded Watcom v3 code symbol; byte-identical import SHA256 45d00510f993d321d2288b0791a96297893de9e5e0dc24d36246e41e144008ce; tools/watcom_debug.py; tools/register_watcom_debug.py	size:534	Original module: aila.asm. Symbol object 1 offset 0007b29d. Direct original-build import; no retail equivalence or prototype inferred.
0008b4b3	_AIL_API_restore_USE16_ISR	recovered	DREAMS.EXE embedded Watcom v3 code symbol; byte-identical import SHA256 45d00510f993d321d2288b0791a96297893de9e5e0dc24d36246e41e144008ce; tools/watcom_debug.py; tools/register_watcom_debug.py	size:69	Original module: aila.asm. Symbol object 1 offset 0007b4b3. Direct original-build import; no retail equivalence or prototype inferred.
0008b4f8	_AIL_API_disable_interrupts	recovered	DREAMS.EXE embedded Watcom v3 code symbol; byte-identical import SHA256 45d00510f993d321d2288b0791a96297893de9e5e0dc24d36246e41e144008ce; tools/watcom_debug.py; tools/register_watcom_debug.py	size:4	Original module: aila.asm. Symbol object 1 offset 0007b4f8. Direct original-build import; no retail equivalence or prototype inferred.
0008b4fc	_AIL_API_restore_interrupts	recovered	DREAMS.EXE embedded Watcom v3 code symbol; byte-identical import SHA256 45d00510f993d321d2288b0791a96297893de9e5e0dc24d36246e41e144008ce; tools/watcom_debug.py; tools/register_watcom_debug.py	size:21	Original module: aila.asm. Symbol object 1 offset 0007b4fc. Direct original-build import; no retail equivalence or prototype inferred.
0008b511	_AIL_switch_stack	recovered	DREAMS.EXE embedded Watcom v3 code symbol; byte-identical import SHA256 45d00510f993d321d2288b0791a96297893de9e5e0dc24d36246e41e144008ce; tools/watcom_debug.py; tools/register_watcom_debug.py	size:54	Original module: aila.asm. Symbol object 1 offset 0007b511. Direct original-build import; no retail equivalence or prototype inferred.
0008b547	_AIL_restore_stack	recovered	DREAMS.EXE embedded Watcom v3 code symbol; byte-identical import SHA256 45d00510f993d321d2288b0791a96297893de9e5e0dc24d36246e41e144008ce; tools/watcom_debug.py; tools/register_watcom_debug.py	size:28	Original module: aila.asm. Symbol object 1 offset 0007b547. Direct original-build import; no retail equivalence or prototype inferred.
0008b563	_AIL_API_call_driver	recovered	DREAMS.EXE embedded Watcom v3 code symbol; byte-identical import SHA256 45d00510f993d321d2288b0791a96297893de9e5e0dc24d36246e41e144008ce; tools/watcom_debug.py; tools/register_watcom_debug.py	size:218	Original module: aila.asm. Symbol object 1 offset 0007b563. Direct original-build import; no retail equivalence or prototype inferred.
0008b63d	_AIL_API_background	recovered	DREAMS.EXE embedded Watcom v3 code symbol; byte-identical import SHA256 45d00510f993d321d2288b0791a96297893de9e5e0dc24d36246e41e144008ce; tools/watcom_debug.py; tools/register_watcom_debug.py	size:6	Original module: aila.asm. Symbol object 1 offset 0007b63d. Direct original-build import; no retail equivalence or prototype inferred.
0008b643	_AIL_API_register_timer	recovered	DREAMS.EXE embedded Watcom v3 code symbol; byte-identical import SHA256 45d00510f993d321d2288b0791a96297893de9e5e0dc24d36246e41e144008ce; tools/watcom_debug.py; tools/register_watcom_debug.py	size:65	Original module: aila.asm. Symbol object 1 offset 0007b643. Direct original-build import; no retail equivalence or prototype inferred.
0008b684	_AIL_API_set_timer_user	recovered	DREAMS.EXE embedded Watcom v3 code symbol; byte-identical import SHA256 45d00510f993d321d2288b0791a96297893de9e5e0dc24d36246e41e144008ce; tools/watcom_debug.py; tools/register_watcom_debug.py	size:34	Original module: aila.asm. Symbol object 1 offset 0007b684. Direct original-build import; no retail equivalence or prototype inferred.
0008b6a6	_AIL_API_release_timer_handle	recovered	DREAMS.EXE embedded Watcom v3 code symbol; byte-identical import SHA256 45d00510f993d321d2288b0791a96297893de9e5e0dc24d36246e41e144008ce; tools/watcom_debug.py; tools/register_watcom_debug.py	size:33	Original module: aila.asm. Symbol object 1 offset 0007b6a6. Direct original-build import; no retail equivalence or prototype inferred.
0008b6c7	_AIL_API_release_all_timers	recovered	DREAMS.EXE embedded Watcom v3 code symbol; byte-identical import SHA256 45d00510f993d321d2288b0791a96297893de9e5e0dc24d36246e41e144008ce; tools/watcom_debug.py; tools/register_watcom_debug.py	size:32	Original module: aila.asm. Symbol object 1 offset 0007b6c7. Direct original-build import; no retail equivalence or prototype inferred.
0008b6e7	_AIL_API_start_timer	recovered	DREAMS.EXE embedded Watcom v3 code symbol; byte-identical import SHA256 45d00510f993d321d2288b0791a96297893de9e5e0dc24d36246e41e144008ce; tools/watcom_debug.py; tools/register_watcom_debug.py	size:42	Original module: aila.asm. Symbol object 1 offset 0007b6e7. Direct original-build import; no retail equivalence or prototype inferred.
0008b711	_AIL_API_start_all_timers	recovered	DREAMS.EXE embedded Watcom v3 code symbol; byte-identical import SHA256 45d00510f993d321d2288b0791a96297893de9e5e0dc24d36246e41e144008ce; tools/watcom_debug.py; tools/register_watcom_debug.py	size:32	Original module: aila.asm. Symbol object 1 offset 0007b711. Direct original-build import; no retail equivalence or prototype inferred.
0008b731	_AIL_API_stop_timer	recovered	DREAMS.EXE embedded Watcom v3 code symbol; byte-identical import SHA256 45d00510f993d321d2288b0791a96297893de9e5e0dc24d36246e41e144008ce; tools/watcom_debug.py; tools/register_watcom_debug.py	size:42	Original module: aila.asm. Symbol object 1 offset 0007b731. Direct original-build import; no retail equivalence or prototype inferred.
0008b75b	_AIL_API_stop_all_timers	recovered	DREAMS.EXE embedded Watcom v3 code symbol; byte-identical import SHA256 45d00510f993d321d2288b0791a96297893de9e5e0dc24d36246e41e144008ce; tools/watcom_debug.py; tools/register_watcom_debug.py	size:32	Original module: aila.asm. Symbol object 1 offset 0007b75b. Direct original-build import; no retail equivalence or prototype inferred.
0008b77b	_AIL_API_set_timer_period	recovered	DREAMS.EXE embedded Watcom v3 code symbol; byte-identical import SHA256 45d00510f993d321d2288b0791a96297893de9e5e0dc24d36246e41e144008ce; tools/watcom_debug.py; tools/register_watcom_debug.py	size:48	Original module: aila.asm. Symbol object 1 offset 0007b77b. Direct original-build import; no retail equivalence or prototype inferred.
0008b7ab	_AIL_API_set_timer_frequency	recovered	DREAMS.EXE embedded Watcom v3 code symbol; byte-identical import SHA256 45d00510f993d321d2288b0791a96297893de9e5e0dc24d36246e41e144008ce; tools/watcom_debug.py; tools/register_watcom_debug.py	size:42	Original module: aila.asm. Symbol object 1 offset 0007b7ab. Direct original-build import; no retail equivalence or prototype inferred.
0008b7d5	_AIL_API_set_timer_divisor	recovered	DREAMS.EXE embedded Watcom v3 code symbol; byte-identical import SHA256 45d00510f993d321d2288b0791a96297893de9e5e0dc24d36246e41e144008ce; tools/watcom_debug.py; tools/register_watcom_debug.py	size:60	Original module: aila.asm. Symbol object 1 offset 0007b7d5. Direct original-build import; no retail equivalence or prototype inferred.
0008b811	_AIL_API_interrupt_divisor	recovered	DREAMS.EXE embedded Watcom v3 code symbol; byte-identical import SHA256 45d00510f993d321d2288b0791a96297893de9e5e0dc24d36246e41e144008ce; tools/watcom_debug.py; tools/register_watcom_debug.py	size:6	Original module: aila.asm. Symbol object 1 offset 0007b811. Direct original-build import; no retail equivalence or prototype inferred.
0008b817	_AIL_fopen	recovered	DREAMS.EXE embedded Watcom v3 code symbol; byte-identical import SHA256 45d00510f993d321d2288b0791a96297893de9e5e0dc24d36246e41e144008ce; tools/watcom_debug.py; tools/register_watcom_debug.py	size:28	Original module: aila.asm. Symbol object 1 offset 0007b817. Direct original-build import; no retail equivalence or prototype inferred.
0008b833	_AIL_fcreate	recovered	DREAMS.EXE embedded Watcom v3 code symbol; byte-identical import SHA256 45d00510f993d321d2288b0791a96297893de9e5e0dc24d36246e41e144008ce; tools/watcom_debug.py; tools/register_watcom_debug.py	size:27	Original module: aila.asm. Symbol object 1 offset 0007b833. Direct original-build import; no retail equivalence or prototype inferred.
0008b84e	_AIL_fappend	recovered	DREAMS.EXE embedded Watcom v3 code symbol; byte-identical import SHA256 45d00510f993d321d2288b0791a96297893de9e5e0dc24d36246e41e144008ce; tools/watcom_debug.py; tools/register_watcom_debug.py	size:63	Original module: aila.asm. Symbol object 1 offset 0007b84e. Direct original-build import; no retail equivalence or prototype inferred.
0008b88d	_AIL_fread	recovered	DREAMS.EXE embedded Watcom v3 code symbol; byte-identical import SHA256 45d00510f993d321d2288b0791a96297893de9e5e0dc24d36246e41e144008ce; tools/watcom_debug.py; tools/register_watcom_debug.py	size:66	Original module: aila.asm. Symbol object 1 offset 0007b88d. Direct original-build import; no retail equivalence or prototype inferred.
0008b8cf	_AIL_fwrite	recovered	DREAMS.EXE embedded Watcom v3 code symbol; byte-identical import SHA256 45d00510f993d321d2288b0791a96297893de9e5e0dc24d36246e41e144008ce; tools/watcom_debug.py; tools/register_watcom_debug.py	size:66	Original module: aila.asm. Symbol object 1 offset 0007b8cf. Direct original-build import; no retail equivalence or prototype inferred.
0008b911	_AIL_fseekbegin	recovered	DREAMS.EXE embedded Watcom v3 code symbol; byte-identical import SHA256 45d00510f993d321d2288b0791a96297893de9e5e0dc24d36246e41e144008ce; tools/watcom_debug.py; tools/register_watcom_debug.py	size:36	Original module: aila.asm. Symbol object 1 offset 0007b911. Direct original-build import; no retail equivalence or prototype inferred.
0008b935	_AIL_fseekcur	recovered	DREAMS.EXE embedded Watcom v3 code symbol; byte-identical import SHA256 45d00510f993d321d2288b0791a96297893de9e5e0dc24d36246e41e144008ce; tools/watcom_debug.py; tools/register_watcom_debug.py	size:6	Original module: aila.asm. Symbol object 1 offset 0007b935. Direct original-build import; no retail equivalence or prototype inferred.
0008b93b	_AIL_fseekend	recovered	DREAMS.EXE embedded Watcom v3 code symbol; byte-identical import SHA256 45d00510f993d321d2288b0791a96297893de9e5e0dc24d36246e41e144008ce; tools/watcom_debug.py; tools/register_watcom_debug.py	size:6	Original module: aila.asm. Symbol object 1 offset 0007b93b. Direct original-build import; no retail equivalence or prototype inferred.
0008b941	_AIL_fclose	recovered	DREAMS.EXE embedded Watcom v3 code symbol; byte-identical import SHA256 45d00510f993d321d2288b0791a96297893de9e5e0dc24d36246e41e144008ce; tools/watcom_debug.py; tools/register_watcom_debug.py	size:14	Original module: aila.asm. Symbol object 1 offset 0007b941. Direct original-build import; no retail equivalence or prototype inferred.
0008b995	_AILA_VMM_lock	recovered	DREAMS.EXE embedded Watcom v3 code symbol; byte-identical import SHA256 45d00510f993d321d2288b0791a96297893de9e5e0dc24d36246e41e144008ce; tools/watcom_debug.py; tools/register_watcom_debug.py	size:37	Original module: aila.asm. Symbol object 1 offset 0007b995. Direct original-build import; no retail equivalence or prototype inferred.
0008b9ba	time_	recovered	DREAMS.EXE embedded Watcom v3 code symbol; byte-identical import SHA256 45d00510f993d321d2288b0791a96297893de9e5e0dc24d36246e41e144008ce; tools/watcom_debug.py; tools/register_watcom_debug.py	size:47	Original module: time. Symbol object 1 offset 0007b9ba. Direct original-build import; no retail equivalence or prototype inferred.
0008b9e9	_localtime_	recovered	DREAMS.EXE embedded Watcom v3 code symbol; byte-identical import SHA256 45d00510f993d321d2288b0791a96297893de9e5e0dc24d36246e41e144008ce; tools/watcom_debug.py; tools/register_watcom_debug.py	size:81	Original module: localtim. Symbol object 1 offset 0007b9e9. Direct original-build import; no retail equivalence or prototype inferred.
0008ba3a	localtime_	recovered	DREAMS.EXE embedded Watcom v3 code symbol; byte-identical import SHA256 45d00510f993d321d2288b0791a96297893de9e5e0dc24d36246e41e144008ce; tools/watcom_debug.py; tools/register_watcom_debug.py	size:13	Original module: localtim. Symbol object 1 offset 0007ba3a. Direct original-build import; no retail equivalence or prototype inferred.
0008ba47	convDec_	recovered	DREAMS.EXE embedded Watcom v3 code symbol; byte-identical import SHA256 45d00510f993d321d2288b0791a96297893de9e5e0dc24d36246e41e144008ce; tools/watcom_debug.py; tools/register_watcom_debug.py	size:51	Original module: asctime. Symbol object 1 offset 0007ba47. Direct original-build import; no retail equivalence or prototype inferred.
0008ba7a	_asctime_	recovered	DREAMS.EXE embedded Watcom v3 code symbol; byte-identical import SHA256 45d00510f993d321d2288b0791a96297893de9e5e0dc24d36246e41e144008ce; tools/watcom_debug.py; tools/register_watcom_debug.py	size:237	Original module: asctime. Symbol object 1 offset 0007ba7a. Direct original-build import; no retail equivalence or prototype inferred.
0008bb67	_ctime_	recovered	DREAMS.EXE embedded Watcom v3 code symbol; byte-identical import SHA256 45d00510f993d321d2288b0791a96297893de9e5e0dc24d36246e41e144008ce; tools/watcom_debug.py; tools/register_watcom_debug.py	size:25	Original module: asctime. Symbol object 1 offset 0007bb67. Direct original-build import; no retail equivalence or prototype inferred.
0008bb80	ctime_	recovered	DREAMS.EXE embedded Watcom v3 code symbol; byte-identical import SHA256 45d00510f993d321d2288b0791a96297893de9e5e0dc24d36246e41e144008ce; tools/watcom_debug.py; tools/register_watcom_debug.py	size:5	Original module: asctime. Symbol object 1 offset 0007bb80. Direct original-build import; no retail equivalence or prototype inferred.
0008bb85	asctime_	recovered	DREAMS.EXE embedded Watcom v3 code symbol; byte-identical import SHA256 45d00510f993d321d2288b0791a96297893de9e5e0dc24d36246e41e144008ce; tools/watcom_debug.py; tools/register_watcom_debug.py	size:13	Original module: asctime. Symbol object 1 offset 0007bb85. Direct original-build import; no retail equivalence or prototype inferred.
0008bba0	AILSS_end_	recovered	DREAMS.EXE embedded Watcom v3 code symbol; byte-identical import SHA256 45d00510f993d321d2288b0791a96297893de9e5e0dc24d36246e41e144008ce; tools/watcom_debug.py; tools/register_watcom_debug.py	size:184	Original module: D:\DEVEL\PROJECTS\MSS\DOSSRC\ailss.c. Symbol object 1 offset 0007bba0. Direct original-build import; no retail equivalence or prototype inferred.
0008bc60	_AIL_API_sample_buffer_info	recovered	DREAMS.EXE embedded Watcom v3 code symbol; byte-identical import SHA256 45d00510f993d321d2288b0791a96297893de9e5e0dc24d36246e41e144008ce; tools/watcom_debug.py; tools/register_watcom_debug.py	size:65	Original module: D:\DEVEL\PROJECTS\MSS\DOSSRC\ailss.c. Symbol object 1 offset 0007bc60. Direct original-build import; no retail equivalence or prototype inferred.
0008bcb0	_AIL_API_digital_configuration	recovered	DREAMS.EXE embedded Watcom v3 code symbol; byte-identical import SHA256 45d00510f993d321d2288b0791a96297893de9e5e0dc24d36246e41e144008ce; tools/watcom_debug.py; tools/register_watcom_debug.py	size:67	Original module: D:\DEVEL\PROJECTS\MSS\DOSSRC\ailss.c. Symbol object 1 offset 0007bcb0. Direct original-build import; no retail equivalence or prototype inferred.
0008bd00	_AIL_API_sample_buffer_ready	recovered	DREAMS.EXE embedded Watcom v3 code symbol; byte-identical import SHA256 45d00510f993d321d2288b0791a96297893de9e5e0dc24d36246e41e144008ce; tools/watcom_debug.py; tools/register_watcom_debug.py	size:90	Original module: D:\DEVEL\PROJECTS\MSS\DOSSRC\ailss.c. Symbol object 1 offset 0007bd00. Direct original-build import; no retail equivalence or prototype inferred.
0008bd60	_AIL_API_load_sample_buffer	recovered	DREAMS.EXE embedded Watcom v3 code symbol; byte-identical import SHA256 45d00510f993d321d2288b0791a96297893de9e5e0dc24d36246e41e144008ce; tools/watcom_debug.py; tools/register_watcom_debug.py	size:160	Original module: D:\DEVEL\PROJECTS\MSS\DOSSRC\ailss.c. Symbol object 1 offset 0007bd60. Direct original-build import; no retail equivalence or prototype inferred.
0008be10	_AIL_API_minimum_sample_buffer_size	recovered	DREAMS.EXE embedded Watcom v3 code symbol; byte-identical import SHA256 45d00510f993d321d2288b0791a96297893de9e5e0dc24d36246e41e144008ce; tools/watcom_debug.py; tools/register_watcom_debug.py	size:131	Original module: D:\DEVEL\PROJECTS\MSS\DOSSRC\ailss.c. Symbol object 1 offset 0007be10. Direct original-build import; no retail equivalence or prototype inferred.
0008beb0	_AIL_API_digital_master_volume	recovered	DREAMS.EXE embedded Watcom v3 code symbol; byte-identical import SHA256 45d00510f993d321d2288b0791a96297893de9e5e0dc24d36246e41e144008ce; tools/watcom_debug.py; tools/register_watcom_debug.py	size:8	Original module: D:\DEVEL\PROJECTS\MSS\DOSSRC\ailss.c. Symbol object 1 offset 0007beb0. Direct original-build import; no retail equivalence or prototype inferred.
0008bec0	_AIL_API_set_digital_master_volume	recovered	DREAMS.EXE embedded Watcom v3 code symbol; byte-identical import SHA256 45d00510f993d321d2288b0791a96297893de9e5e0dc24d36246e41e144008ce; tools/watcom_debug.py; tools/register_watcom_debug.py	size:63	Original module: D:\DEVEL\PROJECTS\MSS\DOSSRC\ailss.c. Symbol object 1 offset 0007bec0. Direct original-build import; no retail equivalence or prototype inferred.
0008bf00	_AIL_API_sample_user_data	recovered	DREAMS.EXE embedded Watcom v3 code symbol; byte-identical import SHA256 45d00510f993d321d2288b0791a96297893de9e5e0dc24d36246e41e144008ce; tools/watcom_debug.py; tools/register_watcom_debug.py	size:23	Original module: D:\DEVEL\PROJECTS\MSS\DOSSRC\ailss.c. Symbol object 1 offset 0007bf00. Direct original-build import; no retail equivalence or prototype inferred.
0008bf20	_AIL_API_set_sample_user_data	recovered	DREAMS.EXE embedded Watcom v3 code symbol; byte-identical import SHA256 45d00510f993d321d2288b0791a96297893de9e5e0dc24d36246e41e144008ce; tools/watcom_debug.py; tools/register_watcom_debug.py	size:28	Original module: D:\DEVEL\PROJECTS\MSS\DOSSRC\ailss.c. Symbol object 1 offset 0007bf20. Direct original-build import; no retail equivalence or prototype inferred.
0008bf40	_AIL_API_register_EOS_callback	recovered	DREAMS.EXE embedded Watcom v3 code symbol; byte-identical import SHA256 45d00510f993d321d2288b0791a96297893de9e5e0dc24d36246e41e144008ce; tools/watcom_debug.py; tools/register_watcom_debug.py	size:29	Original module: D:\DEVEL\PROJECTS\MSS\DOSSRC\ailss.c. Symbol object 1 offset 0007bf40. Direct original-build import; no retail equivalence or prototype inferred.
0008bf60	_AIL_API_register_EOB_callback	recovered	DREAMS.EXE embedded Watcom v3 code symbol; byte-identical import SHA256 45d00510f993d321d2288b0791a96297893de9e5e0dc24d36246e41e144008ce; tools/watcom_debug.py; tools/register_watcom_debug.py	size:29	Original module: D:\DEVEL\PROJECTS\MSS\DOSSRC\ailss.c. Symbol object 1 offset 0007bf60. Direct original-build import; no retail equivalence or prototype inferred.
0008bf80	_AIL_API_register_SOB_callback	recovered	DREAMS.EXE embedded Watcom v3 code symbol; byte-identical import SHA256 45d00510f993d321d2288b0791a96297893de9e5e0dc24d36246e41e144008ce; tools/watcom_debug.py; tools/register_watcom_debug.py	size:29	Original module: D:\DEVEL\PROJECTS\MSS\DOSSRC\ailss.c. Symbol object 1 offset 0007bf80. Direct original-build import; no retail equivalence or prototype inferred.
0008bfa0	_AIL_API_end_sample	recovered	DREAMS.EXE embedded Watcom v3 code symbol; byte-identical import SHA256 45d00510f993d321d2288b0791a96297893de9e5e0dc24d36246e41e144008ce; tools/watcom_debug.py; tools/register_watcom_debug.py	size:73	Original module: D:\DEVEL\PROJECTS\MSS\DOSSRC\ailss.c. Symbol object 1 offset 0007bfa0. Direct original-build import; no retail equivalence or prototype inferred.
0008bff0	_AIL_API_resume_sample	recovered	DREAMS.EXE embedded Watcom v3 code symbol; byte-identical import SHA256 45d00510f993d321d2288b0791a96297893de9e5e0dc24d36246e41e144008ce; tools/watcom_debug.py; tools/register_watcom_debug.py	size:90	Original module: D:\DEVEL\PROJECTS\MSS\DOSSRC\ailss.c. Symbol object 1 offset 0007bff0. Direct original-build import; no retail equivalence or prototype inferred.
0008c050	_AIL_API_stop_sample	recovered	DREAMS.EXE embedded Watcom v3 code symbol; byte-identical import SHA256 45d00510f993d321d2288b0791a96297893de9e5e0dc24d36246e41e144008ce; tools/watcom_debug.py; tools/register_watcom_debug.py	size:22	Original module: D:\DEVEL\PROJECTS\MSS\DOSSRC\ailss.c. Symbol object 1 offset 0007c050. Direct original-build import; no retail equivalence or prototype inferred.
0008c070	_AIL_API_start_sample	recovered	DREAMS.EXE embedded Watcom v3 code symbol; byte-identical import SHA256 45d00510f993d321d2288b0791a96297893de9e5e0dc24d36246e41e144008ce; tools/watcom_debug.py; tools/register_watcom_debug.py	size:129	Original module: D:\DEVEL\PROJECTS\MSS\DOSSRC\ailss.c. Symbol object 1 offset 0007c070. Direct original-build import; no retail equivalence or prototype inferred.
0008c100	_AIL_API_set_sample_loop_block	recovered	DREAMS.EXE embedded Watcom v3 code symbol; byte-identical import SHA256 45d00510f993d321d2288b0791a96297893de9e5e0dc24d36246e41e144008ce; tools/watcom_debug.py; tools/register_watcom_debug.py	size:23	Original module: D:\DEVEL\PROJECTS\MSS\DOSSRC\ailss.c. Symbol object 1 offset 0007c100. Direct original-build import; no retail equivalence or prototype inferred.
0008c120	_AIL_API_set_sample_loop_count	recovered	DREAMS.EXE embedded Watcom v3 code symbol; byte-identical import SHA256 45d00510f993d321d2288b0791a96297893de9e5e0dc24d36246e41e144008ce; tools/watcom_debug.py; tools/register_watcom_debug.py	size:16	Original module: D:\DEVEL\PROJECTS\MSS\DOSSRC\ailss.c. Symbol object 1 offset 0007c120. Direct original-build import; no retail equivalence or prototype inferred.
0008c130	_AIL_API_sample_loop_count	recovered	DREAMS.EXE embedded Watcom v3 code symbol; byte-identical import SHA256 45d00510f993d321d2288b0791a96297893de9e5e0dc24d36246e41e144008ce; tools/watcom_debug.py; tools/register_watcom_debug.py	size:18	Original module: D:\DEVEL\PROJECTS\MSS\DOSSRC\ailss.c. Symbol object 1 offset 0007c130. Direct original-build import; no retail equivalence or prototype inferred.
0008c150	_AIL_API_set_sample_position	recovered	DREAMS.EXE embedded Watcom v3 code symbol; byte-identical import SHA256 45d00510f993d321d2288b0791a96297893de9e5e0dc24d36246e41e144008ce; tools/watcom_debug.py; tools/register_watcom_debug.py	size:24	Original module: D:\DEVEL\PROJECTS\MSS\DOSSRC\ailss.c. Symbol object 1 offset 0007c150. Direct original-build import; no retail equivalence or prototype inferred.
0008c170	_AIL_API_sample_position	recovered	DREAMS.EXE embedded Watcom v3 code symbol; byte-identical import SHA256 45d00510f993d321d2288b0791a96297893de9e5e0dc24d36246e41e144008ce; tools/watcom_debug.py; tools/register_watcom_debug.py	size:19	Original module: D:\DEVEL\PROJECTS\MSS\DOSSRC\ailss.c. Symbol object 1 offset 0007c170. Direct original-build import; no retail equivalence or prototype inferred.
0008c190	_AIL_API_set_sample_pan	recovered	DREAMS.EXE embedded Watcom v3 code symbol; byte-identical import SHA256 45d00510f993d321d2288b0791a96297893de9e5e0dc24d36246e41e144008ce; tools/watcom_debug.py; tools/register_watcom_debug.py	size:30	Original module: D:\DEVEL\PROJECTS\MSS\DOSSRC\ailss.c. Symbol object 1 offset 0007c190. Direct original-build import; no retail equivalence or prototype inferred.
0008c1b0	_AIL_API_sample_pan	recovered	DREAMS.EXE embedded Watcom v3 code symbol; byte-identical import SHA256 45d00510f993d321d2288b0791a96297893de9e5e0dc24d36246e41e144008ce; tools/watcom_debug.py; tools/register_watcom_debug.py	size:13	Original module: D:\DEVEL\PROJECTS\MSS\DOSSRC\ailss.c. Symbol object 1 offset 0007c1b0. Direct original-build import; no retail equivalence or prototype inferred.
0008c1c0	_AIL_API_set_sample_volume	recovered	DREAMS.EXE embedded Watcom v3 code symbol; byte-identical import SHA256 45d00510f993d321d2288b0791a96297893de9e5e0dc24d36246e41e144008ce; tools/watcom_debug.py; tools/register_watcom_debug.py	size:30	Original module: D:\DEVEL\PROJECTS\MSS\DOSSRC\ailss.c. Symbol object 1 offset 0007c1c0. Direct original-build import; no retail equivalence or prototype inferred.
0008c1e0	_AIL_API_sample_volume	recovered	DREAMS.EXE embedded Watcom v3 code symbol; byte-identical import SHA256 45d00510f993d321d2288b0791a96297893de9e5e0dc24d36246e41e144008ce; tools/watcom_debug.py; tools/register_watcom_debug.py	size:13	Original module: D:\DEVEL\PROJECTS\MSS\DOSSRC\ailss.c. Symbol object 1 offset 0007c1e0. Direct original-build import; no retail equivalence or prototype inferred.
0008c1f0	_AIL_API_set_sample_playback_rate	recovered	DREAMS.EXE embedded Watcom v3 code symbol; byte-identical import SHA256 45d00510f993d321d2288b0791a96297893de9e5e0dc24d36246e41e144008ce; tools/watcom_debug.py; tools/register_watcom_debug.py	size:16	Original module: D:\DEVEL\PROJECTS\MSS\DOSSRC\ailss.c. Symbol object 1 offset 0007c1f0. Direct original-build import; no retail equivalence or prototype inferred.
0008c200	_AIL_API_sample_playback_rate	recovered	DREAMS.EXE embedded Watcom v3 code symbol; byte-identical import SHA256 45d00510f993d321d2288b0791a96297893de9e5e0dc24d36246e41e144008ce; tools/watcom_debug.py; tools/register_watcom_debug.py	size:13	Original module: D:\DEVEL\PROJECTS\MSS\DOSSRC\ailss.c. Symbol object 1 offset 0007c200. Direct original-build import; no retail equivalence or prototype inferred.
0008c210	_AIL_API_set_sample_type	recovered	DREAMS.EXE embedded Watcom v3 code symbol; byte-identical import SHA256 45d00510f993d321d2288b0791a96297893de9e5e0dc24d36246e41e144008ce; tools/watcom_debug.py; tools/register_watcom_debug.py	size:48	Original module: D:\DEVEL\PROJECTS\MSS\DOSSRC\ailss.c. Symbol object 1 offset 0007c210. Direct original-build import; no retail equivalence or prototype inferred.
0008c240	_AIL_API_set_sample_address	recovered	DREAMS.EXE embedded Watcom v3 code symbol; byte-identical import SHA256 45d00510f993d321d2288b0791a96297893de9e5e0dc24d36246e41e144008ce; tools/watcom_debug.py; tools/register_watcom_debug.py	size:37	Original module: D:\DEVEL\PROJECTS\MSS\DOSSRC\ailss.c. Symbol object 1 offset 0007c240. Direct original-build import; no retail equivalence or prototype inferred.
0008c270	_AIL_API_sample_status	recovered	DREAMS.EXE embedded Watcom v3 code symbol; byte-identical import SHA256 45d00510f993d321d2288b0791a96297893de9e5e0dc24d36246e41e144008ce; tools/watcom_debug.py; tools/register_watcom_debug.py	size:13	Original module: D:\DEVEL\PROJECTS\MSS\DOSSRC\ailss.c. Symbol object 1 offset 0007c270. Direct original-build import; no retail equivalence or prototype inferred.
0008c280	_AIL_API_init_sample	recovered	DREAMS.EXE embedded Watcom v3 code symbol; byte-identical import SHA256 45d00510f993d321d2288b0791a96297893de9e5e0dc24d36246e41e144008ce; tools/watcom_debug.py; tools/register_watcom_debug.py	size:230	Original module: D:\DEVEL\PROJECTS\MSS\DOSSRC\ailss.c. Symbol object 1 offset 0007c280. Direct original-build import; no retail equivalence or prototype inferred.
0008c370	_AIL_API_release_sample_handle	recovered	DREAMS.EXE embedded Watcom v3 code symbol; byte-identical import SHA256 45d00510f993d321d2288b0791a96297893de9e5e0dc24d36246e41e144008ce; tools/watcom_debug.py; tools/register_watcom_debug.py	size:16	Original module: D:\DEVEL\PROJECTS\MSS\DOSSRC\ailss.c. Symbol object 1 offset 0007c370. Direct original-build import; no retail equivalence or prototype inferred.
0008c380	_AIL_API_allocate_sample_handle	recovered	DREAMS.EXE embedded Watcom v3 code symbol; byte-identical import SHA256 45d00510f993d321d2288b0791a96297893de9e5e0dc24d36246e41e144008ce; tools/watcom_debug.py; tools/register_watcom_debug.py	size:113	Original module: D:\DEVEL\PROJECTS\MSS\DOSSRC\ailss.c. Symbol object 1 offset 0007c380. Direct original-build import; no retail equivalence or prototype inferred.
0008c400	_AIL_API_active_sample_count	recovered	DREAMS.EXE embedded Watcom v3 code symbol; byte-identical import SHA256 45d00510f993d321d2288b0791a96297893de9e5e0dc24d36246e41e144008ce; tools/watcom_debug.py; tools/register_watcom_debug.py	size:46	Original module: D:\DEVEL\PROJECTS\MSS\DOSSRC\ailss.c. Symbol object 1 offset 0007c400. Direct original-build import; no retail equivalence or prototype inferred.
0008c430	_AIL_API_uninstall_DIG_driver	recovered	DREAMS.EXE embedded Watcom v3 code symbol; byte-identical import SHA256 45d00510f993d321d2288b0791a96297893de9e5e0dc24d36246e41e144008ce; tools/watcom_debug.py; tools/register_watcom_debug.py	size:17	Original module: D:\DEVEL\PROJECTS\MSS\DOSSRC\ailss.c. Symbol object 1 offset 0007c430. Direct original-build import; no retail equivalence or prototype inferred.
0008c450	_AIL_API_install_DIG_INI	recovered	DREAMS.EXE embedded Watcom v3 code symbol; byte-identical import SHA256 45d00510f993d321d2288b0791a96297893de9e5e0dc24d36246e41e144008ce; tools/watcom_debug.py; tools/register_watcom_debug.py	size:121	Original module: D:\DEVEL\PROJECTS\MSS\DOSSRC\ailss.c. Symbol object 1 offset 0007c450. Direct original-build import; no retail equivalence or prototype inferred.
0008c4d0	_AIL_API_install_DIG_driver_image	recovered	DREAMS.EXE embedded Watcom v3 code symbol; byte-identical import SHA256 45d00510f993d321d2288b0791a96297893de9e5e0dc24d36246e41e144008ce; tools/watcom_debug.py; tools/register_watcom_debug.py	size:60	Original module: D:\DEVEL\PROJECTS\MSS\DOSSRC\ailss.c. Symbol object 1 offset 0007c4d0. Direct original-build import; no retail equivalence or prototype inferred.
0008c510	_AIL_API_install_DIG_driver_file	recovered	DREAMS.EXE embedded Watcom v3 code symbol; byte-identical import SHA256 45d00510f993d321d2288b0791a96297893de9e5e0dc24d36246e41e144008ce; tools/watcom_debug.py; tools/register_watcom_debug.py	size:220	Original module: D:\DEVEL\PROJECTS\MSS\DOSSRC\ailss.c. Symbol object 1 offset 0007c510. Direct original-build import; no retail equivalence or prototype inferred.
0008c5f0	_SS_construct_DIG_driver	recovered	DREAMS.EXE embedded Watcom v3 code symbol; byte-identical import SHA256 45d00510f993d321d2288b0791a96297893de9e5e0dc24d36246e41e144008ce; tools/watcom_debug.py; tools/register_watcom_debug.py	size:1594	Original module: D:\DEVEL\PROJECTS\MSS\DOSSRC\ailss.c. Symbol object 1 offset 0007c5f0. Direct original-build import; no retail equivalence or prototype inferred.
0008cc30	_SS_destroy_DIG_driver	recovered	DREAMS.EXE embedded Watcom v3 code symbol; byte-identical import SHA256 45d00510f993d321d2288b0791a96297893de9e5e0dc24d36246e41e144008ce; tools/watcom_debug.py; tools/register_watcom_debug.py	size:156	Original module: D:\DEVEL\PROJECTS\MSS\DOSSRC\ailss.c. Symbol object 1 offset 0007cc30. Direct original-build import; no retail equivalence or prototype inferred.
0008ccd0	_SS_attempt_DIG_detection	recovered	DREAMS.EXE embedded Watcom v3 code symbol; byte-identical import SHA256 45d00510f993d321d2288b0791a96297893de9e5e0dc24d36246e41e144008ce; tools/watcom_debug.py; tools/register_watcom_debug.py	size:259	Original module: D:\DEVEL\PROJECTS\MSS\DOSSRC\ailss.c. Symbol object 1 offset 0007ccd0. Direct original-build import; no retail equivalence or prototype inferred.
0008ce00	_SS_configure_buffers	recovered	DREAMS.EXE embedded Watcom v3 code symbol; byte-identical import SHA256 45d00510f993d321d2288b0791a96297893de9e5e0dc24d36246e41e144008ce; tools/watcom_debug.py; tools/register_watcom_debug.py	size:1017	Original module: D:\DEVEL\PROJECTS\MSS\DOSSRC\ailss.c. Symbol object 1 offset 0007ce00. Direct original-build import; no retail equivalence or prototype inferred.
0008d280	SS_SERVE	recovered	DREAMS.EXE embedded Watcom v3 code symbol; byte-identical import SHA256 45d00510f993d321d2288b0791a96297893de9e5e0dc24d36246e41e144008ce; tools/watcom_debug.py; tools/register_watcom_debug.py	size:521	Original module: D:\DEVEL\PROJECTS\MSS\DOSSRC\ailss.c. Symbol object 1 offset 0007d280. Direct original-build import; no retail equivalence or prototype inferred.
0008d490	_SS_build_amplitude_tables	recovered	DREAMS.EXE embedded Watcom v3 code symbol; byte-identical import SHA256 45d00510f993d321d2288b0791a96297893de9e5e0dc24d36246e41e144008ce; tools/watcom_debug.py; tools/register_watcom_debug.py	size:751	Original module: D:\DEVEL\PROJECTS\MSS\DOSSRC\ailss.c. Symbol object 1 offset 0007d490. Direct original-build import; no retail equivalence or prototype inferred.
0008d780	SS_stream_to_buffer_	recovered	DREAMS.EXE embedded Watcom v3 code symbol; byte-identical import SHA256 45d00510f993d321d2288b0791a96297893de9e5e0dc24d36246e41e144008ce; tools/watcom_debug.py; tools/register_watcom_debug.py	size:285	Original module: D:\DEVEL\PROJECTS\MSS\DOSSRC\ailss.c. Symbol object 1 offset 0007d780. Direct original-build import; no retail equivalence or prototype inferred.
0008d8a0	_SS_stop_DIG_driver_playback	recovered	DREAMS.EXE embedded Watcom v3 code symbol; byte-identical import SHA256 45d00510f993d321d2288b0791a96297893de9e5e0dc24d36246e41e144008ce; tools/watcom_debug.py; tools/register_watcom_debug.py	size:41	Original module: D:\DEVEL\PROJECTS\MSS\DOSSRC\ailss.c. Symbol object 1 offset 0007d8a0. Direct original-build import; no retail equivalence or prototype inferred.
0008d8d0	_SS_start_DIG_driver_playback	recovered	DREAMS.EXE embedded Watcom v3 code symbol; byte-identical import SHA256 45d00510f993d321d2288b0791a96297893de9e5e0dc24d36246e41e144008ce; tools/watcom_debug.py; tools/register_watcom_debug.py	size:68	Original module: D:\DEVEL\PROJECTS\MSS\DOSSRC\ailss.c. Symbol object 1 offset 0007d8d0. Direct original-build import; no retail equivalence or prototype inferred.
0008d920	AILSS_start_	recovered	DREAMS.EXE embedded Watcom v3 code symbol; byte-identical import SHA256 45d00510f993d321d2288b0791a96297893de9e5e0dc24d36246e41e144008ce; tools/watcom_debug.py; tools/register_watcom_debug.py	size:192	Original module: D:\DEVEL\PROJECTS\MSS\DOSSRC\ailss.c. Symbol object 1 offset 0007d920. Direct original-build import; no retail equivalence or prototype inferred.
0008d9e0	AILSFILE_end_	recovered	DREAMS.EXE embedded Watcom v3 code symbol; byte-identical import SHA256 45d00510f993d321d2288b0791a96297893de9e5e0dc24d36246e41e144008ce; tools/watcom_debug.py; tools/register_watcom_debug.py	size:42	Original module: D:\DEVEL\PROJECTS\MSS\DOSSRC\ailsfile.c. Symbol object 1 offset 0007d9e0. Direct original-build import; no retail equivalence or prototype inferred.
0008da10	_AIL_API_register_EOF_callback	recovered	DREAMS.EXE embedded Watcom v3 code symbol; byte-identical import SHA256 45d00510f993d321d2288b0791a96297893de9e5e0dc24d36246e41e144008ce; tools/watcom_debug.py; tools/register_watcom_debug.py	size:29	Original module: D:\DEVEL\PROJECTS\MSS\DOSSRC\ailsfile.c. Symbol object 1 offset 0007da10. Direct original-build import; no retail equivalence or prototype inferred.
0008da30	_AIL_API_set_sample_file	recovered	DREAMS.EXE embedded Watcom v3 code symbol; byte-identical import SHA256 45d00510f993d321d2288b0791a96297893de9e5e0dc24d36246e41e144008ce; tools/watcom_debug.py; tools/register_watcom_debug.py	size:327	Original module: D:\DEVEL\PROJECTS\MSS\DOSSRC\ailsfile.c. Symbol object 1 offset 0007da30. Direct original-build import; no retail equivalence or prototype inferred.
0008db80	_AIL_API_allocate_file_sample	recovered	DREAMS.EXE embedded Watcom v3 code symbol; byte-identical import SHA256 45d00510f993d321d2288b0791a96297893de9e5e0dc24d36246e41e144008ce; tools/watcom_debug.py; tools/register_watcom_debug.py	size:431	Original module: D:\DEVEL\PROJECTS\MSS\DOSSRC\ailsfile.c. Symbol object 1 offset 0007db80. Direct original-build import; no retail equivalence or prototype inferred.
0008dd30	AIL_WAV_EOS	recovered	DREAMS.EXE embedded Watcom v3 code symbol; byte-identical import SHA256 45d00510f993d321d2288b0791a96297893de9e5e0dc24d36246e41e144008ce; tools/watcom_debug.py; tools/register_watcom_debug.py	size:53	Original module: D:\DEVEL\PROJECTS\MSS\DOSSRC\ailsfile.c. Symbol object 1 offset 0007dd30. Direct original-build import; no retail equivalence or prototype inferred.
0008dd70	_AIL_process_WAV_image	recovered	DREAMS.EXE embedded Watcom v3 code symbol; byte-identical import SHA256 45d00510f993d321d2288b0791a96297893de9e5e0dc24d36246e41e144008ce; tools/watcom_debug.py; tools/register_watcom_debug.py	size:312	Original module: D:\DEVEL\PROJECTS\MSS\DOSSRC\ailsfile.c. Symbol object 1 offset 0007dd70. Direct original-build import; no retail equivalence or prototype inferred.
0008deb0	AIL_VOC_EOS	recovered	DREAMS.EXE embedded Watcom v3 code symbol; byte-identical import SHA256 45d00510f993d321d2288b0791a96297893de9e5e0dc24d36246e41e144008ce; tools/watcom_debug.py; tools/register_watcom_debug.py	size:18	Original module: D:\DEVEL\PROJECTS\MSS\DOSSRC\ailsfile.c. Symbol object 1 offset 0007deb0. Direct original-build import; no retail equivalence or prototype inferred.
0008def8	_AIL_process_VOC_block	recovered	DREAMS.EXE embedded Watcom v3 code symbol; byte-identical import SHA256 45d00510f993d321d2288b0791a96297893de9e5e0dc24d36246e41e144008ce; tools/watcom_debug.py; tools/register_watcom_debug.py	size:624	Original module: D:\DEVEL\PROJECTS\MSS\DOSSRC\ailsfile.c. Symbol object 1 offset 0007def8. Direct original-build import; no retail equivalence or prototype inferred.
0008e170	_AIL_VOC_terminate	recovered	DREAMS.EXE embedded Watcom v3 code symbol; byte-identical import SHA256 45d00510f993d321d2288b0791a96297893de9e5e0dc24d36246e41e144008ce; tools/watcom_debug.py; tools/register_watcom_debug.py	size:53	Original module: D:\DEVEL\PROJECTS\MSS\DOSSRC\ailsfile.c. Symbol object 1 offset 0007e170. Direct original-build import; no retail equivalence or prototype inferred.
0008e1b0	_AIL_VOC_block_len	recovered	DREAMS.EXE embedded Watcom v3 code symbol; byte-identical import SHA256 45d00510f993d321d2288b0791a96297893de9e5e0dc24d36246e41e144008ce; tools/watcom_debug.py; tools/register_watcom_debug.py	size:10	Original module: D:\DEVEL\PROJECTS\MSS\DOSSRC\ailsfile.c. Symbol object 1 offset 0007e1b0. Direct original-build import; no retail equivalence or prototype inferred.
0008e1c0	AILSFILE_start_	recovered	DREAMS.EXE embedded Watcom v3 code symbol; byte-identical import SHA256 45d00510f993d321d2288b0791a96297893de9e5e0dc24d36246e41e144008ce; tools/watcom_debug.py; tools/register_watcom_debug.py	size:45	Original module: D:\DEVEL\PROJECTS\MSS\DOSSRC\ailsfile.c. Symbol object 1 offset 0007e1c0. Direct original-build import; no retail equivalence or prototype inferred.
0008e1f0	AILXMIDI_end_	recovered	DREAMS.EXE embedded Watcom v3 code symbol; byte-identical import SHA256 45d00510f993d321d2288b0791a96297893de9e5e0dc24d36246e41e144008ce; tools/watcom_debug.py; tools/register_watcom_debug.py	size:259	Original module: D:\DEVEL\PROJECTS\MSS\DOSSRC\ailxmidi.c. Symbol object 1 offset 0007e1f0. Direct original-build import; no retail equivalence or prototype inferred.
0008e300	_AIL_API_send_sysex_message	recovered	DREAMS.EXE embedded Watcom v3 code symbol; byte-identical import SHA256 45d00510f993d321d2288b0791a96297893de9e5e0dc24d36246e41e144008ce; tools/watcom_debug.py; tools/register_watcom_debug.py	size:144	Original module: D:\DEVEL\PROJECTS\MSS\DOSSRC\ailxmidi.c. Symbol object 1 offset 0007e300. Direct original-build import; no retail equivalence or prototype inferred.
0008e390	_AIL_API_send_channel_voice_message	recovered	DREAMS.EXE embedded Watcom v3 code symbol; byte-identical import SHA256 45d00510f993d321d2288b0791a96297893de9e5e0dc24d36246e41e144008ce; tools/watcom_debug.py; tools/register_watcom_debug.py	size:252	Original module: D:\DEVEL\PROJECTS\MSS\DOSSRC\ailxmidi.c. Symbol object 1 offset 0007e390. Direct original-build import; no retail equivalence or prototype inferred.
0008e490	_AIL_API_true_sequence_channel	recovered	DREAMS.EXE embedded Watcom v3 code symbol; byte-identical import SHA256 45d00510f993d321d2288b0791a96297893de9e5e0dc24d36246e41e144008ce; tools/watcom_debug.py; tools/register_watcom_debug.py	size:24	Original module: D:\DEVEL\PROJECTS\MSS\DOSSRC\ailxmidi.c. Symbol object 1 offset 0007e490. Direct original-build import; no retail equivalence or prototype inferred.
0008e4b0	_AIL_API_map_sequence_channel	recovered	DREAMS.EXE embedded Watcom v3 code symbol; byte-identical import SHA256 45d00510f993d321d2288b0791a96297893de9e5e0dc24d36246e41e144008ce; tools/watcom_debug.py; tools/register_watcom_debug.py	size:51	Original module: D:\DEVEL\PROJECTS\MSS\DOSSRC\ailxmidi.c. Symbol object 1 offset 0007e4b0. Direct original-build import; no retail equivalence or prototype inferred.
0008e4f0	_AIL_API_release_channel	recovered	DREAMS.EXE embedded Watcom v3 code symbol; byte-identical import SHA256 45d00510f993d321d2288b0791a96297893de9e5e0dc24d36246e41e144008ce; tools/watcom_debug.py; tools/register_watcom_debug.py	size:274	Original module: D:\DEVEL\PROJECTS\MSS\DOSSRC\ailxmidi.c. Symbol object 1 offset 0007e4f0. Direct original-build import; no retail equivalence or prototype inferred.
0008e610	_AIL_API_lock_channel	recovered	DREAMS.EXE embedded Watcom v3 code symbol; byte-identical import SHA256 45d00510f993d321d2288b0791a96297893de9e5e0dc24d36246e41e144008ce; tools/watcom_debug.py; tools/register_watcom_debug.py	size:376	Original module: D:\DEVEL\PROJECTS\MSS\DOSSRC\ailxmidi.c. Symbol object 1 offset 0007e610. Direct original-build import; no retail equivalence or prototype inferred.
0008e790	_AIL_API_register_ICA_array	recovered	DREAMS.EXE embedded Watcom v3 code symbol; byte-identical import SHA256 45d00510f993d321d2288b0791a96297893de9e5e0dc24d36246e41e144008ce; tools/watcom_debug.py; tools/register_watcom_debug.py	size:16	Original module: D:\DEVEL\PROJECTS\MSS\DOSSRC\ailxmidi.c. Symbol object 1 offset 0007e790. Direct original-build import; no retail equivalence or prototype inferred.
0008e7a0	_AIL_API_sequence_user_data	recovered	DREAMS.EXE embedded Watcom v3 code symbol; byte-identical import SHA256 45d00510f993d321d2288b0791a96297893de9e5e0dc24d36246e41e144008ce; tools/watcom_debug.py; tools/register_watcom_debug.py	size:23	Original module: D:\DEVEL\PROJECTS\MSS\DOSSRC\ailxmidi.c. Symbol object 1 offset 0007e7a0. Direct original-build import; no retail equivalence or prototype inferred.
0008e7c0	_AIL_API_set_sequence_user_data	recovered	DREAMS.EXE embedded Watcom v3 code symbol; byte-identical import SHA256 45d00510f993d321d2288b0791a96297893de9e5e0dc24d36246e41e144008ce; tools/watcom_debug.py; tools/register_watcom_debug.py	size:28	Original module: D:\DEVEL\PROJECTS\MSS\DOSSRC\ailxmidi.c. Symbol object 1 offset 0007e7c0. Direct original-build import; no retail equivalence or prototype inferred.
0008e7e0	_AIL_API_register_timbre_callback	recovered	DREAMS.EXE embedded Watcom v3 code symbol; byte-identical import SHA256 45d00510f993d321d2288b0791a96297893de9e5e0dc24d36246e41e144008ce; tools/watcom_debug.py; tools/register_watcom_debug.py	size:23	Original module: D:\DEVEL\PROJECTS\MSS\DOSSRC\ailxmidi.c. Symbol object 1 offset 0007e7e0. Direct original-build import; no retail equivalence or prototype inferred.
0008e800	_AIL_API_register_event_callback	recovered	DREAMS.EXE embedded Watcom v3 code symbol; byte-identical import SHA256 45d00510f993d321d2288b0791a96297893de9e5e0dc24d36246e41e144008ce; tools/watcom_debug.py; tools/register_watcom_debug.py	size:23	Original module: D:\DEVEL\PROJECTS\MSS\DOSSRC\ailxmidi.c. Symbol object 1 offset 0007e800. Direct original-build import; no retail equivalence or prototype inferred.
0008e820	_AIL_API_register_beat_callback	recovered	DREAMS.EXE embedded Watcom v3 code symbol; byte-identical import SHA256 45d00510f993d321d2288b0791a96297893de9e5e0dc24d36246e41e144008ce; tools/watcom_debug.py; tools/register_watcom_debug.py	size:23	Original module: D:\DEVEL\PROJECTS\MSS\DOSSRC\ailxmidi.c. Symbol object 1 offset 0007e820. Direct original-build import; no retail equivalence or prototype inferred.
0008e840	_AIL_API_register_sequence_callback	recovered	DREAMS.EXE embedded Watcom v3 code symbol; byte-identical import SHA256 45d00510f993d321d2288b0791a96297893de9e5e0dc24d36246e41e144008ce; tools/watcom_debug.py; tools/register_watcom_debug.py	size:23	Original module: D:\DEVEL\PROJECTS\MSS\DOSSRC\ailxmidi.c. Symbol object 1 offset 0007e840. Direct original-build import; no retail equivalence or prototype inferred.
0008e860	_AIL_API_register_trigger_callback	recovered	DREAMS.EXE embedded Watcom v3 code symbol; byte-identical import SHA256 45d00510f993d321d2288b0791a96297893de9e5e0dc24d36246e41e144008ce; tools/watcom_debug.py; tools/register_watcom_debug.py	size:23	Original module: D:\DEVEL\PROJECTS\MSS\DOSSRC\ailxmidi.c. Symbol object 1 offset 0007e860. Direct original-build import; no retail equivalence or prototype inferred.
0008e880	_AIL_API_register_prefix_callback	recovered	DREAMS.EXE embedded Watcom v3 code symbol; byte-identical import SHA256 45d00510f993d321d2288b0791a96297893de9e5e0dc24d36246e41e144008ce; tools/watcom_debug.py; tools/register_watcom_debug.py	size:23	Original module: D:\DEVEL\PROJECTS\MSS\DOSSRC\ailxmidi.c. Symbol object 1 offset 0007e880. Direct original-build import; no retail equivalence or prototype inferred.
0008e8a0	_AIL_API_branch_index	recovered	DREAMS.EXE embedded Watcom v3 code symbol; byte-identical import SHA256 45d00510f993d321d2288b0791a96297893de9e5e0dc24d36246e41e144008ce; tools/watcom_debug.py; tools/register_watcom_debug.py	size:140	Original module: D:\DEVEL\PROJECTS\MSS\DOSSRC\ailxmidi.c. Symbol object 1 offset 0007e8a0. Direct original-build import; no retail equivalence or prototype inferred.
0008e930	_AIL_API_sequence_position	recovered	DREAMS.EXE embedded Watcom v3 code symbol; byte-identical import SHA256 45d00510f993d321d2288b0791a96297893de9e5e0dc24d36246e41e144008ce; tools/watcom_debug.py; tools/register_watcom_debug.py	size:114	Original module: D:\DEVEL\PROJECTS\MSS\DOSSRC\ailxmidi.c. Symbol object 1 offset 0007e930. Direct original-build import; no retail equivalence or prototype inferred.
0008e9b0	_AIL_API_channel_notes	recovered	DREAMS.EXE embedded Watcom v3 code symbol; byte-identical import SHA256 45d00510f993d321d2288b0791a96297893de9e5e0dc24d36246e41e144008ce; tools/watcom_debug.py; tools/register_watcom_debug.py	size:45	Original module: D:\DEVEL\PROJECTS\MSS\DOSSRC\ailxmidi.c. Symbol object 1 offset 0007e9b0. Direct original-build import; no retail equivalence or prototype inferred.
0008e9e0	_AIL_API_controller_value	recovered	DREAMS.EXE embedded Watcom v3 code symbol; byte-identical import SHA256 45d00510f993d321d2288b0791a96297893de9e5e0dc24d36246e41e144008ce; tools/watcom_debug.py; tools/register_watcom_debug.py	size:46	Original module: D:\DEVEL\PROJECTS\MSS\DOSSRC\ailxmidi.c. Symbol object 1 offset 0007e9e0. Direct original-build import; no retail equivalence or prototype inferred.
0008ea10	_AIL_API_active_sequence_count	recovered	DREAMS.EXE embedded Watcom v3 code symbol; byte-identical import SHA256 45d00510f993d321d2288b0791a96297893de9e5e0dc24d36246e41e144008ce; tools/watcom_debug.py; tools/register_watcom_debug.py	size:46	Original module: D:\DEVEL\PROJECTS\MSS\DOSSRC\ailxmidi.c. Symbol object 1 offset 0007ea10. Direct original-build import; no retail equivalence or prototype inferred.
0008ea40	_AIL_API_unprotect_timbre	recovered	DREAMS.EXE embedded Watcom v3 code symbol; byte-identical import SHA256 45d00510f993d321d2288b0791a96297893de9e5e0dc24d36246e41e144008ce; tools/watcom_debug.py; tools/register_watcom_debug.py	size:60	Original module: D:\DEVEL\PROJECTS\MSS\DOSSRC\ailxmidi.c. Symbol object 1 offset 0007ea40. Direct original-build import; no retail equivalence or prototype inferred.
0008ea80	_AIL_API_protect_timbre	recovered	DREAMS.EXE embedded Watcom v3 code symbol; byte-identical import SHA256 45d00510f993d321d2288b0791a96297893de9e5e0dc24d36246e41e144008ce; tools/watcom_debug.py; tools/register_watcom_debug.py	size:63	Original module: D:\DEVEL\PROJECTS\MSS\DOSSRC\ailxmidi.c. Symbol object 1 offset 0007ea80. Direct original-build import; no retail equivalence or prototype inferred.
0008eac0	_AIL_API_install_timbre	recovered	DREAMS.EXE embedded Watcom v3 code symbol; byte-identical import SHA256 45d00510f993d321d2288b0791a96297893de9e5e0dc24d36246e41e144008ce; tools/watcom_debug.py; tools/register_watcom_debug.py	size:249	Original module: D:\DEVEL\PROJECTS\MSS\DOSSRC\ailxmidi.c. Symbol object 1 offset 0007eac0. Direct original-build import; no retail equivalence or prototype inferred.
0008ebc0	_AIL_API_timbre_status	recovered	DREAMS.EXE embedded Watcom v3 code symbol; byte-identical import SHA256 45d00510f993d321d2288b0791a96297893de9e5e0dc24d36246e41e144008ce; tools/watcom_debug.py; tools/register_watcom_debug.py	size:53	Original module: D:\DEVEL\PROJECTS\MSS\DOSSRC\ailxmidi.c. Symbol object 1 offset 0007ebc0. Direct original-build import; no retail equivalence or prototype inferred.
0008ec00	_AIL_API_XMIDI_master_volume	recovered	DREAMS.EXE embedded Watcom v3 code symbol; byte-identical import SHA256 45d00510f993d321d2288b0791a96297893de9e5e0dc24d36246e41e144008ce; tools/watcom_debug.py; tools/register_watcom_debug.py	size:11	Original module: D:\DEVEL\PROJECTS\MSS\DOSSRC\ailxmidi.c. Symbol object 1 offset 0007ec00. Direct original-build import; no retail equivalence or prototype inferred.
0008ec10	_AIL_API_set_XMIDI_master_volume	recovered	DREAMS.EXE embedded Watcom v3 code symbol; byte-identical import SHA256 45d00510f993d321d2288b0791a96297893de9e5e0dc24d36246e41e144008ce; tools/watcom_debug.py; tools/register_watcom_debug.py	size:71	Original module: D:\DEVEL\PROJECTS\MSS\DOSSRC\ailxmidi.c. Symbol object 1 offset 0007ec10. Direct original-build import; no retail equivalence or prototype inferred.
0008ec60	_AIL_API_sequence_volume	recovered	DREAMS.EXE embedded Watcom v3 code symbol; byte-identical import SHA256 45d00510f993d321d2288b0791a96297893de9e5e0dc24d36246e41e144008ce; tools/watcom_debug.py; tools/register_watcom_debug.py	size:13	Original module: D:\DEVEL\PROJECTS\MSS\DOSSRC\ailxmidi.c. Symbol object 1 offset 0007ec60. Direct original-build import; no retail equivalence or prototype inferred.
0008ec70	_AIL_API_sequence_tempo	recovered	DREAMS.EXE embedded Watcom v3 code symbol; byte-identical import SHA256 45d00510f993d321d2288b0791a96297893de9e5e0dc24d36246e41e144008ce; tools/watcom_debug.py; tools/register_watcom_debug.py	size:13	Original module: D:\DEVEL\PROJECTS\MSS\DOSSRC\ailxmidi.c. Symbol object 1 offset 0007ec70. Direct original-build import; no retail equivalence or prototype inferred.
0008ec80	_AIL_API_sequence_loop_count	recovered	DREAMS.EXE embedded Watcom v3 code symbol; byte-identical import SHA256 45d00510f993d321d2288b0791a96297893de9e5e0dc24d36246e41e144008ce; tools/watcom_debug.py; tools/register_watcom_debug.py	size:18	Original module: D:\DEVEL\PROJECTS\MSS\DOSSRC\ailxmidi.c. Symbol object 1 offset 0007ec80. Direct original-build import; no retail equivalence or prototype inferred.
0008eca0	_AIL_API_sequence_status	recovered	DREAMS.EXE embedded Watcom v3 code symbol; byte-identical import SHA256 45d00510f993d321d2288b0791a96297893de9e5e0dc24d36246e41e144008ce; tools/watcom_debug.py; tools/register_watcom_debug.py	size:13	Original module: D:\DEVEL\PROJECTS\MSS\DOSSRC\ailxmidi.c. Symbol object 1 offset 0007eca0. Direct original-build import; no retail equivalence or prototype inferred.
0008ecb0	_AIL_API_set_sequence_volume	recovered	DREAMS.EXE embedded Watcom v3 code symbol; byte-identical import SHA256 45d00510f993d321d2288b0791a96297893de9e5e0dc24d36246e41e144008ce; tools/watcom_debug.py; tools/register_watcom_debug.py	size:125	Original module: D:\DEVEL\PROJECTS\MSS\DOSSRC\ailxmidi.c. Symbol object 1 offset 0007ecb0. Direct original-build import; no retail equivalence or prototype inferred.
0008ed30	_AIL_API_set_sequence_tempo	recovered	DREAMS.EXE embedded Watcom v3 code symbol; byte-identical import SHA256 45d00510f993d321d2288b0791a96297893de9e5e0dc24d36246e41e144008ce; tools/watcom_debug.py; tools/register_watcom_debug.py	size:100	Original module: D:\DEVEL\PROJECTS\MSS\DOSSRC\ailxmidi.c. Symbol object 1 offset 0007ed30. Direct original-build import; no retail equivalence or prototype inferred.
0008eda0	_AIL_API_set_sequence_loop_count	recovered	DREAMS.EXE embedded Watcom v3 code symbol; byte-identical import SHA256 45d00510f993d321d2288b0791a96297893de9e5e0dc24d36246e41e144008ce; tools/watcom_debug.py; tools/register_watcom_debug.py	size:16	Original module: D:\DEVEL\PROJECTS\MSS\DOSSRC\ailxmidi.c. Symbol object 1 offset 0007eda0. Direct original-build import; no retail equivalence or prototype inferred.
0008edb0	_AIL_API_end_sequence	recovered	DREAMS.EXE embedded Watcom v3 code symbol; byte-identical import SHA256 45d00510f993d321d2288b0791a96297893de9e5e0dc24d36246e41e144008ce; tools/watcom_debug.py; tools/register_watcom_debug.py	size:53	Original module: D:\DEVEL\PROJECTS\MSS\DOSSRC\ailxmidi.c. Symbol object 1 offset 0007edb0. Direct original-build import; no retail equivalence or prototype inferred.
0008edf0	_AIL_API_resume_sequence	recovered	DREAMS.EXE embedded Watcom v3 code symbol; byte-identical import SHA256 45d00510f993d321d2288b0791a96297893de9e5e0dc24d36246e41e144008ce; tools/watcom_debug.py; tools/register_watcom_debug.py	size:96	Original module: D:\DEVEL\PROJECTS\MSS\DOSSRC\ailxmidi.c. Symbol object 1 offset 0007edf0. Direct original-build import; no retail equivalence or prototype inferred.
0008ee50	_AIL_API_stop_sequence	recovered	DREAMS.EXE embedded Watcom v3 code symbol; byte-identical import SHA256 45d00510f993d321d2288b0791a96297893de9e5e0dc24d36246e41e144008ce; tools/watcom_debug.py; tools/register_watcom_debug.py	size:161	Original module: D:\DEVEL\PROJECTS\MSS\DOSSRC\ailxmidi.c. Symbol object 1 offset 0007ee50. Direct original-build import; no retail equivalence or prototype inferred.
0008ef00	_AIL_API_start_sequence	recovered	DREAMS.EXE embedded Watcom v3 code symbol; byte-identical import SHA256 45d00510f993d321d2288b0791a96297893de9e5e0dc24d36246e41e144008ce; tools/watcom_debug.py; tools/register_watcom_debug.py	size:51	Original module: D:\DEVEL\PROJECTS\MSS\DOSSRC\ailxmidi.c. Symbol object 1 offset 0007ef00. Direct original-build import; no retail equivalence or prototype inferred.
0008ef40	_AIL_API_init_sequence	recovered	DREAMS.EXE embedded Watcom v3 code symbol; byte-identical import SHA256 45d00510f993d321d2288b0791a96297893de9e5e0dc24d36246e41e144008ce; tools/watcom_debug.py; tools/register_watcom_debug.py	size:1055	Original module: D:\DEVEL\PROJECTS\MSS\DOSSRC\ailxmidi.c. Symbol object 1 offset 0007ef40. Direct original-build import; no retail equivalence or prototype inferred.
0008f360	set_timbre_error_	recovered	DREAMS.EXE embedded Watcom v3 code symbol; byte-identical import SHA256 45d00510f993d321d2288b0791a96297893de9e5e0dc24d36246e41e144008ce; tools/watcom_debug.py; tools/register_watcom_debug.py	size:42	Original module: D:\DEVEL\PROJECTS\MSS\DOSSRC\ailxmidi.c. Symbol object 1 offset 0007f360. Direct original-build import; no retail equivalence or prototype inferred.
0008f390	_AIL_API_release_sequence_handle	recovered	DREAMS.EXE embedded Watcom v3 code symbol; byte-identical import SHA256 45d00510f993d321d2288b0791a96297893de9e5e0dc24d36246e41e144008ce; tools/watcom_debug.py; tools/register_watcom_debug.py	size:27	Original module: D:\DEVEL\PROJECTS\MSS\DOSSRC\ailxmidi.c. Symbol object 1 offset 0007f390. Direct original-build import; no retail equivalence or prototype inferred.
0008f3b0	_AIL_API_allocate_sequence_handle	recovered	DREAMS.EXE embedded Watcom v3 code symbol; byte-identical import SHA256 45d00510f993d321d2288b0791a96297893de9e5e0dc24d36246e41e144008ce; tools/watcom_debug.py; tools/register_watcom_debug.py	size:138	Original module: D:\DEVEL\PROJECTS\MSS\DOSSRC\ailxmidi.c. Symbol object 1 offset 0007f3b0. Direct original-build import; no retail equivalence or prototype inferred.
0008f440	_AIL_API_set_GTL_filename_prefix	recovered	DREAMS.EXE embedded Watcom v3 code symbol; byte-identical import SHA256 45d00510f993d321d2288b0791a96297893de9e5e0dc24d36246e41e144008ce; tools/watcom_debug.py; tools/register_watcom_debug.py	size:117	Original module: D:\DEVEL\PROJECTS\MSS\DOSSRC\ailxmidi.c. Symbol object 1 offset 0007f440. Direct original-build import; no retail equivalence or prototype inferred.
0008f4c0	_AIL_API_MDI_driver_type	recovered	DREAMS.EXE embedded Watcom v3 code symbol; byte-identical import SHA256 45d00510f993d321d2288b0791a96297893de9e5e0dc24d36246e41e144008ce; tools/watcom_debug.py; tools/register_watcom_debug.py	size:352	Original module: D:\DEVEL\PROJECTS\MSS\DOSSRC\ailxmidi.c. Symbol object 1 offset 0007f4c0. Direct original-build import; no retail equivalence or prototype inferred.
0008f620	_AIL_API_uninstall_MDI_driver	recovered	DREAMS.EXE embedded Watcom v3 code symbol; byte-identical import SHA256 45d00510f993d321d2288b0791a96297893de9e5e0dc24d36246e41e144008ce; tools/watcom_debug.py; tools/register_watcom_debug.py	size:17	Original module: D:\DEVEL\PROJECTS\MSS\DOSSRC\ailxmidi.c. Symbol object 1 offset 0007f620. Direct original-build import; no retail equivalence or prototype inferred.
0008f640	_AIL_API_install_MDI_INI	recovered	DREAMS.EXE embedded Watcom v3 code symbol; byte-identical import SHA256 45d00510f993d321d2288b0791a96297893de9e5e0dc24d36246e41e144008ce; tools/watcom_debug.py; tools/register_watcom_debug.py	size:121	Original module: D:\DEVEL\PROJECTS\MSS\DOSSRC\ailxmidi.c. Symbol object 1 offset 0007f640. Direct original-build import; no retail equivalence or prototype inferred.
0008f6c0	_AIL_API_install_MDI_driver_image	recovered	DREAMS.EXE embedded Watcom v3 code symbol; byte-identical import SHA256 45d00510f993d321d2288b0791a96297893de9e5e0dc24d36246e41e144008ce; tools/watcom_debug.py; tools/register_watcom_debug.py	size:60	Original module: D:\DEVEL\PROJECTS\MSS\DOSSRC\ailxmidi.c. Symbol object 1 offset 0007f6c0. Direct original-build import; no retail equivalence or prototype inferred.
0008f700	_AIL_API_install_MDI_driver_file	recovered	DREAMS.EXE embedded Watcom v3 code symbol; byte-identical import SHA256 45d00510f993d321d2288b0791a96297893de9e5e0dc24d36246e41e144008ce; tools/watcom_debug.py; tools/register_watcom_debug.py	size:335	Original module: D:\DEVEL\PROJECTS\MSS\DOSSRC\ailxmidi.c. Symbol object 1 offset 0007f700. Direct original-build import; no retail equivalence or prototype inferred.
0008f850	_XMI_construct_MDI_driver	recovered	DREAMS.EXE embedded Watcom v3 code symbol; byte-identical import SHA256 45d00510f993d321d2288b0791a96297893de9e5e0dc24d36246e41e144008ce; tools/watcom_debug.py; tools/register_watcom_debug.py	size:1744	Original module: D:\DEVEL\PROJECTS\MSS\DOSSRC\ailxmidi.c. Symbol object 1 offset 0007f850. Direct original-build import; no retail equivalence or prototype inferred.
0008ff20	_XMI_destroy_MDI_driver	recovered	DREAMS.EXE embedded Watcom v3 code symbol; byte-identical import SHA256 45d00510f993d321d2288b0791a96297893de9e5e0dc24d36246e41e144008ce; tools/watcom_debug.py; tools/register_watcom_debug.py	size:85	Original module: D:\DEVEL\PROJECTS\MSS\DOSSRC\ailxmidi.c. Symbol object 1 offset 0007ff20. Direct original-build import; no retail equivalence or prototype inferred.
0008ff80	_XMI_attempt_MDI_detection	recovered	DREAMS.EXE embedded Watcom v3 code symbol; byte-identical import SHA256 45d00510f993d321d2288b0791a96297893de9e5e0dc24d36246e41e144008ce; tools/watcom_debug.py; tools/register_watcom_debug.py	size:216	Original module: D:\DEVEL\PROJECTS\MSS\DOSSRC\ailxmidi.c. Symbol object 1 offset 0007ff80. Direct original-build import; no retail equivalence or prototype inferred.
00090060	XMI_SERVE	recovered	DREAMS.EXE embedded Watcom v3 code symbol; byte-identical import SHA256 45d00510f993d321d2288b0791a96297893de9e5e0dc24d36246e41e144008ce; tools/watcom_debug.py; tools/register_watcom_debug.py	size:1971	Original module: D:\DEVEL\PROJECTS\MSS\DOSSRC\ailxmidi.c. Symbol object 1 offset 00080060. Direct original-build import; no retail equivalence or prototype inferred.
00090820	_XMI_update_volume	recovered	DREAMS.EXE embedded Watcom v3 code symbol; byte-identical import SHA256 45d00510f993d321d2288b0791a96297893de9e5e0dc24d36246e41e144008ce; tools/watcom_debug.py; tools/register_watcom_debug.py	size:54	Original module: D:\DEVEL\PROJECTS\MSS\DOSSRC\ailxmidi.c. Symbol object 1 offset 00080820. Direct original-build import; no retail equivalence or prototype inferred.
00090860	_XMI_rewind_sequence	recovered	DREAMS.EXE embedded Watcom v3 code symbol; byte-identical import SHA256 45d00510f993d321d2288b0791a96297893de9e5e0dc24d36246e41e144008ce; tools/watcom_debug.py; tools/register_watcom_debug.py	size:25	Original module: D:\DEVEL\PROJECTS\MSS\DOSSRC\ailxmidi.c. Symbol object 1 offset 00080860. Direct original-build import; no retail equivalence or prototype inferred.
00090880	_XMI_init_sequence_state	recovered	DREAMS.EXE embedded Watcom v3 code symbol; byte-identical import SHA256 45d00510f993d321d2288b0791a96297893de9e5e0dc24d36246e41e144008ce; tools/watcom_debug.py; tools/register_watcom_debug.py	size:181	Original module: D:\DEVEL\PROJECTS\MSS\DOSSRC\ailxmidi.c. Symbol object 1 offset 00080880. Direct original-build import; no retail equivalence or prototype inferred.
00090940	_XMI_refresh_channel	recovered	DREAMS.EXE embedded Watcom v3 code symbol; byte-identical import SHA256 45d00510f993d321d2288b0791a96297893de9e5e0dc24d36246e41e144008ce; tools/watcom_debug.py; tools/register_watcom_debug.py	size:567	Original module: D:\DEVEL\PROJECTS\MSS\DOSSRC\ailxmidi.c. Symbol object 1 offset 00080940. Direct original-build import; no retail equivalence or prototype inferred.
00090b80	_XMI_flush_channel_notes	recovered	DREAMS.EXE embedded Watcom v3 code symbol; byte-identical import SHA256 45d00510f993d321d2288b0791a96297893de9e5e0dc24d36246e41e144008ce; tools/watcom_debug.py; tools/register_watcom_debug.py	size:149	Original module: D:\DEVEL\PROJECTS\MSS\DOSSRC\ailxmidi.c. Symbol object 1 offset 00080b80. Direct original-build import; no retail equivalence or prototype inferred.
00090c20	_XMI_flush_note_queue	recovered	DREAMS.EXE embedded Watcom v3 code symbol; byte-identical import SHA256 45d00510f993d321d2288b0791a96297893de9e5e0dc24d36246e41e144008ce; tools/watcom_debug.py; tools/register_watcom_debug.py	size:182	Original module: D:\DEVEL\PROJECTS\MSS\DOSSRC\ailxmidi.c. Symbol object 1 offset 00080c20. Direct original-build import; no retail equivalence or prototype inferred.
00090ce0	_XMI_send_channel_voice_message	recovered	DREAMS.EXE embedded Watcom v3 code symbol; byte-identical import SHA256 45d00510f993d321d2288b0791a96297893de9e5e0dc24d36246e41e144008ce; tools/watcom_debug.py; tools/register_watcom_debug.py	size:1127	Original module: D:\DEVEL\PROJECTS\MSS\DOSSRC\ailxmidi.c. Symbol object 1 offset 00080ce0. Direct original-build import; no retail equivalence or prototype inferred.
00091320	_XMI_read_log	recovered	DREAMS.EXE embedded Watcom v3 code symbol; byte-identical import SHA256 45d00510f993d321d2288b0791a96297893de9e5e0dc24d36246e41e144008ce; tools/watcom_debug.py; tools/register_watcom_debug.py	size:434	Original module: D:\DEVEL\PROJECTS\MSS\DOSSRC\ailxmidi.c. Symbol object 1 offset 00081320. Direct original-build import; no retail equivalence or prototype inferred.
000914e0	_XMI_find_sequence	recovered	DREAMS.EXE embedded Watcom v3 code symbol; byte-identical import SHA256 45d00510f993d321d2288b0791a96297893de9e5e0dc24d36246e41e144008ce; tools/watcom_debug.py; tools/register_watcom_debug.py	size:328	Original module: D:\DEVEL\PROJECTS\MSS\DOSSRC\ailxmidi.c. Symbol object 1 offset 000814e0. Direct original-build import; no retail equivalence or prototype inferred.
00091630	_XMI_swap	recovered	DREAMS.EXE embedded Watcom v3 code symbol; byte-identical import SHA256 45d00510f993d321d2288b0791a96297893de9e5e0dc24d36246e41e144008ce; tools/watcom_debug.py; tools/register_watcom_debug.py	size:54	Original module: D:\DEVEL\PROJECTS\MSS\DOSSRC\ailxmidi.c. Symbol object 1 offset 00081630. Direct original-build import; no retail equivalence or prototype inferred.
00091670	_XMI_read_VLN	recovered	DREAMS.EXE embedded Watcom v3 code symbol; byte-identical import SHA256 45d00510f993d321d2288b0791a96297893de9e5e0dc24d36246e41e144008ce; tools/watcom_debug.py; tools/register_watcom_debug.py	size:47	Original module: D:\DEVEL\PROJECTS\MSS\DOSSRC\ailxmidi.c. Symbol object 1 offset 00081670. Direct original-build import; no retail equivalence or prototype inferred.
000916a0	_XMI_sysex_message	recovered	DREAMS.EXE embedded Watcom v3 code symbol; byte-identical import SHA256 45d00510f993d321d2288b0791a96297893de9e5e0dc24d36246e41e144008ce; tools/watcom_debug.py; tools/register_watcom_debug.py	size:205	Original module: D:\DEVEL\PROJECTS\MSS\DOSSRC\ailxmidi.c. Symbol object 1 offset 000816a0. Direct original-build import; no retail equivalence or prototype inferred.
00091770	_XMI_MIDI_message	recovered	DREAMS.EXE embedded Watcom v3 code symbol; byte-identical import SHA256 45d00510f993d321d2288b0791a96297893de9e5e0dc24d36246e41e144008ce; tools/watcom_debug.py; tools/register_watcom_debug.py	size:378	Original module: D:\DEVEL\PROJECTS\MSS\DOSSRC\ailxmidi.c. Symbol object 1 offset 00081770. Direct original-build import; no retail equivalence or prototype inferred.
000918f0	_XMI_flush_buffer	recovered	DREAMS.EXE embedded Watcom v3 code symbol; byte-identical import SHA256 45d00510f993d321d2288b0791a96297893de9e5e0dc24d36246e41e144008ce; tools/watcom_debug.py; tools/register_watcom_debug.py	size:78	Original module: D:\DEVEL\PROJECTS\MSS\DOSSRC\ailxmidi.c. Symbol object 1 offset 000818f0. Direct original-build import; no retail equivalence or prototype inferred.
00091940	_XMI_message_size	recovered	DREAMS.EXE embedded Watcom v3 code symbol; byte-identical import SHA256 45d00510f993d321d2288b0791a96297893de9e5e0dc24d36246e41e144008ce; tools/watcom_debug.py; tools/register_watcom_debug.py	size:88	Original module: D:\DEVEL\PROJECTS\MSS\DOSSRC\ailxmidi.c. Symbol object 1 offset 00081940. Direct original-build import; no retail equivalence or prototype inferred.
000919a0	AILXMIDI_start_	recovered	DREAMS.EXE embedded Watcom v3 code symbol; byte-identical import SHA256 45d00510f993d321d2288b0791a96297893de9e5e0dc24d36246e41e144008ce; tools/watcom_debug.py; tools/register_watcom_debug.py	size:277	Original module: D:\DEVEL\PROJECTS\MSS\DOSSRC\ailxmidi.c. Symbol object 1 offset 000819a0. Direct original-build import; no retail equivalence or prototype inferred.
00091cc0	AILXDIG_end_	recovered	DREAMS.EXE embedded Watcom v3 code symbol; byte-identical import SHA256 45d00510f993d321d2288b0791a96297893de9e5e0dc24d36246e41e144008ce; tools/watcom_debug.py; tools/register_watcom_debug.py	size:42	Original module: D:\DEVEL\PROJECTS\MSS\DOSSRC\ailxdig.c. Symbol object 1 offset 00081cc0. Direct original-build import; no retail equivalence or prototype inferred.
00091cf0	_AIL_API_destroy_wave_synthesizer	recovered	DREAMS.EXE embedded Watcom v3 code symbol; byte-identical import SHA256 45d00510f993d321d2288b0791a96297893de9e5e0dc24d36246e41e144008ce; tools/watcom_debug.py; tools/register_watcom_debug.py	size:99	Original module: D:\DEVEL\PROJECTS\MSS\DOSSRC\ailxdig.c. Symbol object 1 offset 00081cf0. Direct original-build import; no retail equivalence or prototype inferred.
00091d60	_AIL_API_create_wave_synthesizer	recovered	DREAMS.EXE embedded Watcom v3 code symbol; byte-identical import SHA256 45d00510f993d321d2288b0791a96297893de9e5e0dc24d36246e41e144008ce; tools/watcom_debug.py; tools/register_watcom_debug.py	size:506	Original module: D:\DEVEL\PROJECTS\MSS\DOSSRC\ailxdig.c. Symbol object 1 offset 00081d60. Direct original-build import; no retail equivalence or prototype inferred.
00091f60	XDIG_MIDI_TRAP	recovered	DREAMS.EXE embedded Watcom v3 code symbol; byte-identical import SHA256 45d00510f993d321d2288b0791a96297893de9e5e0dc24d36246e41e144008ce; tools/watcom_debug.py; tools/register_watcom_debug.py	size:1056	Original module: D:\DEVEL\PROJECTS\MSS\DOSSRC\ailxdig.c. Symbol object 1 offset 00081f60. Direct original-build import; no retail equivalence or prototype inferred.
00092380	XDIG_TIMB_TRAP	recovered	DREAMS.EXE embedded Watcom v3 code symbol; byte-identical import SHA256 45d00510f993d321d2288b0791a96297893de9e5e0dc24d36246e41e144008ce; tools/watcom_debug.py; tools/register_watcom_debug.py	size:39	Original module: D:\DEVEL\PROJECTS\MSS\DOSSRC\ailxdig.c. Symbol object 1 offset 00082380. Direct original-build import; no retail equivalence or prototype inferred.
000923b0	XDIG_set_pitch_	recovered	DREAMS.EXE embedded Watcom v3 code symbol; byte-identical import SHA256 45d00510f993d321d2288b0791a96297893de9e5e0dc24d36246e41e144008ce; tools/watcom_debug.py; tools/register_watcom_debug.py	size:261	Original module: D:\DEVEL\PROJECTS\MSS\DOSSRC\ailxdig.c. Symbol object 1 offset 000823b0. Direct original-build import; no retail equivalence or prototype inferred.
000924c0	XDIG_set_volume_	recovered	DREAMS.EXE embedded Watcom v3 code symbol; byte-identical import SHA256 45d00510f993d321d2288b0791a96297893de9e5e0dc24d36246e41e144008ce; tools/watcom_debug.py; tools/register_watcom_debug.py	size:108	Original module: D:\DEVEL\PROJECTS\MSS\DOSSRC\ailxdig.c. Symbol object 1 offset 000824c0. Direct original-build import; no retail equivalence or prototype inferred.
00092530	WVL_search_	recovered	DREAMS.EXE embedded Watcom v3 code symbol; byte-identical import SHA256 45d00510f993d321d2288b0791a96297893de9e5e0dc24d36246e41e144008ce; tools/watcom_debug.py; tools/register_watcom_debug.py	size:39	Original module: D:\DEVEL\PROJECTS\MSS\DOSSRC\ailxdig.c. Symbol object 1 offset 00082530. Direct original-build import; no retail equivalence or prototype inferred.
00092720	AILXDIG_start_	recovered	DREAMS.EXE embedded Watcom v3 code symbol; byte-identical import SHA256 45d00510f993d321d2288b0791a96297893de9e5e0dc24d36246e41e144008ce; tools/watcom_debug.py; tools/register_watcom_debug.py	size:45	Original module: D:\DEVEL\PROJECTS\MSS\DOSSRC\ailxdig.c. Symbol object 1 offset 00082720. Direct original-build import; no retail equivalence or prototype inferred.
00092750	_AIL_API_redbook_set_volume	recovered	DREAMS.EXE embedded Watcom v3 code symbol; byte-identical import SHA256 45d00510f993d321d2288b0791a96297893de9e5e0dc24d36246e41e144008ce; tools/watcom_debug.py; tools/register_watcom_debug.py	size:51	Original module: D:\DEVEL\PROJECTS\MSS\DOSSRC\ailcd.c. Symbol object 1 offset 00082750. Direct original-build import; no retail equivalence or prototype inferred.
00092790	_AIL_API_redbook_volume	recovered	DREAMS.EXE embedded Watcom v3 code symbol; byte-identical import SHA256 45d00510f993d321d2288b0791a96297893de9e5e0dc24d36246e41e144008ce; tools/watcom_debug.py; tools/register_watcom_debug.py	size:21	Original module: D:\DEVEL\PROJECTS\MSS\DOSSRC\ailcd.c. Symbol object 1 offset 00082790. Direct original-build import; no retail equivalence or prototype inferred.
000927b0	_AIL_API_redbook_resume	recovered	DREAMS.EXE embedded Watcom v3 code symbol; byte-identical import SHA256 45d00510f993d321d2288b0791a96297893de9e5e0dc24d36246e41e144008ce; tools/watcom_debug.py; tools/register_watcom_debug.py	size:54	Original module: D:\DEVEL\PROJECTS\MSS\DOSSRC\ailcd.c. Symbol object 1 offset 000827b0. Direct original-build import; no retail equivalence or prototype inferred.
000927f0	_AIL_API_redbook_pause	recovered	DREAMS.EXE embedded Watcom v3 code symbol; byte-identical import SHA256 45d00510f993d321d2288b0791a96297893de9e5e0dc24d36246e41e144008ce; tools/watcom_debug.py; tools/register_watcom_debug.py	size:76	Original module: D:\DEVEL\PROJECTS\MSS\DOSSRC\ailcd.c. Symbol object 1 offset 000827f0. Direct original-build import; no retail equivalence or prototype inferred.
00092840	_AIL_API_redbook_stop	recovered	DREAMS.EXE embedded Watcom v3 code symbol; byte-identical import SHA256 45d00510f993d321d2288b0791a96297893de9e5e0dc24d36246e41e144008ce; tools/watcom_debug.py; tools/register_watcom_debug.py	size:88	Original module: D:\DEVEL\PROJECTS\MSS\DOSSRC\ailcd.c. Symbol object 1 offset 00082840. Direct original-build import; no retail equivalence or prototype inferred.
000928a0	_AIL_API_redbook_play	recovered	DREAMS.EXE embedded Watcom v3 code symbol; byte-identical import SHA256 45d00510f993d321d2288b0791a96297893de9e5e0dc24d36246e41e144008ce; tools/watcom_debug.py; tools/register_watcom_debug.py	size:141	Original module: D:\DEVEL\PROJECTS\MSS\DOSSRC\ailcd.c. Symbol object 1 offset 000828a0. Direct original-build import; no retail equivalence or prototype inferred.
00092930	_AIL_API_redbook_track	recovered	DREAMS.EXE embedded Watcom v3 code symbol; byte-identical import SHA256 45d00510f993d321d2288b0791a96297893de9e5e0dc24d36246e41e144008ce; tools/watcom_debug.py; tools/register_watcom_debug.py	size:37	Original module: D:\DEVEL\PROJECTS\MSS\DOSSRC\ailcd.c. Symbol object 1 offset 00082930. Direct original-build import; no retail equivalence or prototype inferred.
00092960	_AIL_API_redbook_position	recovered	DREAMS.EXE embedded Watcom v3 code symbol; byte-identical import SHA256 45d00510f993d321d2288b0791a96297893de9e5e0dc24d36246e41e144008ce; tools/watcom_debug.py; tools/register_watcom_debug.py	size:34	Original module: D:\DEVEL\PROJECTS\MSS\DOSSRC\ailcd.c. Symbol object 1 offset 00082960. Direct original-build import; no retail equivalence or prototype inferred.
00092990	_AIL_API_redbook_id	recovered	DREAMS.EXE embedded Watcom v3 code symbol; byte-identical import SHA256 45d00510f993d321d2288b0791a96297893de9e5e0dc24d36246e41e144008ce; tools/watcom_debug.py; tools/register_watcom_debug.py	size:173	Original module: D:\DEVEL\PROJECTS\MSS\DOSSRC\ailcd.c. Symbol object 1 offset 00082990. Direct original-build import; no retail equivalence or prototype inferred.
00092a40	_AIL_API_redbook_track_info	recovered	DREAMS.EXE embedded Watcom v3 code symbol; byte-identical import SHA256 45d00510f993d321d2288b0791a96297893de9e5e0dc24d36246e41e144008ce; tools/watcom_debug.py; tools/register_watcom_debug.py	size:96	Original module: D:\DEVEL\PROJECTS\MSS\DOSSRC\ailcd.c. Symbol object 1 offset 00082a40. Direct original-build import; no retail equivalence or prototype inferred.
00092aa0	_AIL_API_redbook_tracks	recovered	DREAMS.EXE embedded Watcom v3 code symbol; byte-identical import SHA256 45d00510f993d321d2288b0791a96297893de9e5e0dc24d36246e41e144008ce; tools/watcom_debug.py; tools/register_watcom_debug.py	size:26	Original module: D:\DEVEL\PROJECTS\MSS\DOSSRC\ailcd.c. Symbol object 1 offset 00082aa0. Direct original-build import; no retail equivalence or prototype inferred.
00092ac0	_AIL_API_redbook_status	recovered	DREAMS.EXE embedded Watcom v3 code symbol; byte-identical import SHA256 45d00510f993d321d2288b0791a96297893de9e5e0dc24d36246e41e144008ce; tools/watcom_debug.py; tools/register_watcom_debug.py	size:93	Original module: D:\DEVEL\PROJECTS\MSS\DOSSRC\ailcd.c. Symbol object 1 offset 00082ac0. Direct original-build import; no retail equivalence or prototype inferred.
00092b20	_AIL_API_redbook_retract	recovered	DREAMS.EXE embedded Watcom v3 code symbol; byte-identical import SHA256 45d00510f993d321d2288b0791a96297893de9e5e0dc24d36246e41e144008ce; tools/watcom_debug.py; tools/register_watcom_debug.py	size:30	Original module: D:\DEVEL\PROJECTS\MSS\DOSSRC\ailcd.c. Symbol object 1 offset 00082b20. Direct original-build import; no retail equivalence or prototype inferred.
00092b40	_AIL_API_redbook_eject	recovered	DREAMS.EXE embedded Watcom v3 code symbol; byte-identical import SHA256 45d00510f993d321d2288b0791a96297893de9e5e0dc24d36246e41e144008ce; tools/watcom_debug.py; tools/register_watcom_debug.py	size:27	Original module: D:\DEVEL\PROJECTS\MSS\DOSSRC\ailcd.c. Symbol object 1 offset 00082b40. Direct original-build import; no retail equivalence or prototype inferred.
00092b60	_AIL_API_redbook_close	recovered	DREAMS.EXE embedded Watcom v3 code symbol; byte-identical import SHA256 45d00510f993d321d2288b0791a96297893de9e5e0dc24d36246e41e144008ce; tools/watcom_debug.py; tools/register_watcom_debug.py	size:78	Original module: D:\DEVEL\PROJECTS\MSS\DOSSRC\ailcd.c. Symbol object 1 offset 00082b60. Direct original-build import; no retail equivalence or prototype inferred.
00092bb0	_AIL_API_redbook_open	recovered	DREAMS.EXE embedded Watcom v3 code symbol; byte-identical import SHA256 45d00510f993d321d2288b0791a96297893de9e5e0dc24d36246e41e144008ce; tools/watcom_debug.py; tools/register_watcom_debug.py	size:113	Original module: D:\DEVEL\PROJECTS\MSS\DOSSRC\ailcd.c. Symbol object 1 offset 00082bb0. Direct original-build import; no retail equivalence or prototype inferred.
00092c30	rbgetvol_	recovered	DREAMS.EXE embedded Watcom v3 code symbol; byte-identical import SHA256 45d00510f993d321d2288b0791a96297893de9e5e0dc24d36246e41e144008ce; tools/watcom_debug.py; tools/register_watcom_debug.py	size:152	Original module: D:\DEVEL\PROJECTS\MSS\DOSSRC\ailcd.c. Symbol object 1 offset 00082c30. Direct original-build import; no retail equivalence or prototype inferred.
00092cd0	rbsetvol_	recovered	DREAMS.EXE embedded Watcom v3 code symbol; byte-identical import SHA256 45d00510f993d321d2288b0791a96297893de9e5e0dc24d36246e41e144008ce; tools/watcom_debug.py; tools/register_watcom_debug.py	size:126	Original module: D:\DEVEL\PROJECTS\MSS\DOSSRC\ailcd.c. Symbol object 1 offset 00082cd0. Direct original-build import; no retail equivalence or prototype inferred.
00092d50	rbstatus_	recovered	DREAMS.EXE embedded Watcom v3 code symbol; byte-identical import SHA256 45d00510f993d321d2288b0791a96297893de9e5e0dc24d36246e41e144008ce; tools/watcom_debug.py; tools/register_watcom_debug.py	size:118	Original module: D:\DEVEL\PROJECTS\MSS\DOSSRC\ailcd.c. Symbol object 1 offset 00082d50. Direct original-build import; no retail equivalence or prototype inferred.
00092dd0	rbstop_	recovered	DREAMS.EXE embedded Watcom v3 code symbol; byte-identical import SHA256 45d00510f993d321d2288b0791a96297893de9e5e0dc24d36246e41e144008ce; tools/watcom_debug.py; tools/register_watcom_debug.py	size:30	Original module: D:\DEVEL\PROJECTS\MSS\DOSSRC\ailcd.c. Symbol object 1 offset 00082dd0. Direct original-build import; no retail equivalence or prototype inferred.
00092df0	rbplay_	recovered	DREAMS.EXE embedded Watcom v3 code symbol; byte-identical import SHA256 45d00510f993d321d2288b0791a96297893de9e5e0dc24d36246e41e144008ce; tools/watcom_debug.py; tools/register_watcom_debug.py	size:341	Original module: D:\DEVEL\PROJECTS\MSS\DOSSRC\ailcd.c. Symbol object 1 offset 00082df0. Direct original-build import; no retail equivalence or prototype inferred.
00092f50	rbpos_	recovered	DREAMS.EXE embedded Watcom v3 code symbol; byte-identical import SHA256 45d00510f993d321d2288b0791a96297893de9e5e0dc24d36246e41e144008ce; tools/watcom_debug.py; tools/register_watcom_debug.py	size:251	Original module: D:\DEVEL\PROJECTS\MSS\DOSSRC\ailcd.c. Symbol object 1 offset 00082f50. Direct original-build import; no retail equivalence or prototype inferred.
00093050	rbwrite_	recovered	DREAMS.EXE embedded Watcom v3 code symbol; byte-identical import SHA256 45d00510f993d321d2288b0791a96297893de9e5e0dc24d36246e41e144008ce; tools/watcom_debug.py; tools/register_watcom_debug.py	size:93	Original module: D:\DEVEL\PROJECTS\MSS\DOSSRC\ailcd.c. Symbol object 1 offset 00083050. Direct original-build import; no retail equivalence or prototype inferred.
000930b0	rbclose_	recovered	DREAMS.EXE embedded Watcom v3 code symbol; byte-identical import SHA256 45d00510f993d321d2288b0791a96297893de9e5e0dc24d36246e41e144008ce; tools/watcom_debug.py; tools/register_watcom_debug.py	size:65	Original module: D:\DEVEL\PROJECTS\MSS\DOSSRC\ailcd.c. Symbol object 1 offset 000830b0. Direct original-build import; no retail equivalence or prototype inferred.
00093100	rbopen_	recovered	DREAMS.EXE embedded Watcom v3 code symbol; byte-identical import SHA256 45d00510f993d321d2288b0791a96297893de9e5e0dc24d36246e41e144008ce; tools/watcom_debug.py; tools/register_watcom_debug.py	size:329	Original module: D:\DEVEL\PROJECTS\MSS\DOSSRC\ailcd.c. Symbol object 1 offset 00083100. Direct original-build import; no retail equivalence or prototype inferred.
00093250	rbcontents_	recovered	DREAMS.EXE embedded Watcom v3 code symbol; byte-identical import SHA256 45d00510f993d321d2288b0791a96297893de9e5e0dc24d36246e41e144008ce; tools/watcom_debug.py; tools/register_watcom_debug.py	size:302	Original module: D:\DEVEL\PROJECTS\MSS\DOSSRC\ailcd.c. Symbol object 1 offset 00083250. Direct original-build import; no retail equivalence or prototype inferred.
00093380	BCDtoBin_	recovered	DREAMS.EXE embedded Watcom v3 code symbol; byte-identical import SHA256 45d00510f993d321d2288b0791a96297893de9e5e0dc24d36246e41e144008ce; tools/watcom_debug.py; tools/register_watcom_debug.py	size:46	Original module: D:\DEVEL\PROJECTS\MSS\DOSSRC\ailcd.c. Symbol object 1 offset 00083380. Direct original-build import; no retail equivalence or prototype inferred.
000933b0	MStoSector_	recovered	DREAMS.EXE embedded Watcom v3 code symbol; byte-identical import SHA256 45d00510f993d321d2288b0791a96297893de9e5e0dc24d36246e41e144008ce; tools/watcom_debug.py; tools/register_watcom_debug.py	size:120	Original module: D:\DEVEL\PROJECTS\MSS\DOSSRC\ailcd.c. Symbol object 1 offset 000833b0. Direct original-build import; no retail equivalence or prototype inferred.
00093430	RBseptoMS_	recovered	DREAMS.EXE embedded Watcom v3 code symbol; byte-identical import SHA256 45d00510f993d321d2288b0791a96297893de9e5e0dc24d36246e41e144008ce; tools/watcom_debug.py; tools/register_watcom_debug.py	size:84	Original module: D:\DEVEL\PROJECTS\MSS\DOSSRC\ailcd.c. Symbol object 1 offset 00083430. Direct original-build import; no retail equivalence or prototype inferred.
00093490	RBtoMS_	recovered	DREAMS.EXE embedded Watcom v3 code symbol; byte-identical import SHA256 45d00510f993d321d2288b0791a96297893de9e5e0dc24d36246e41e144008ce; tools/watcom_debug.py; tools/register_watcom_debug.py	size:104	Original module: D:\DEVEL\PROJECTS\MSS\DOSSRC\ailcd.c. Symbol object 1 offset 00083490. Direct original-build import; no retail equivalence or prototype inferred.
00093500	mscdexread_	recovered	DREAMS.EXE embedded Watcom v3 code symbol; byte-identical import SHA256 45d00510f993d321d2288b0791a96297893de9e5e0dc24d36246e41e144008ce; tools/watcom_debug.py; tools/register_watcom_debug.py	size:35	Original module: D:\DEVEL\PROJECTS\MSS\DOSSRC\ailcd.c. Symbol object 1 offset 00083500. Direct original-build import; no retail equivalence or prototype inferred.
00093530	calldrv_	recovered	DREAMS.EXE embedded Watcom v3 code symbol; byte-identical import SHA256 45d00510f993d321d2288b0791a96297893de9e5e0dc24d36246e41e144008ce; tools/watcom_debug.py; tools/register_watcom_debug.py	size:181	Original module: D:\DEVEL\PROJECTS\MSS\DOSSRC\ailcd.c. Symbol object 1 offset 00083530. Direct original-build import; no retail equivalence or prototype inferred.
000935f0	simint_	recovered	DREAMS.EXE embedded Watcom v3 code symbol; byte-identical import SHA256 45d00510f993d321d2288b0791a96297893de9e5e0dc24d36246e41e144008ce; tools/watcom_debug.py; tools/register_watcom_debug.py	size:64	Original module: D:\DEVEL\PROJECTS\MSS\DOSSRC\ailcd.c. Symbol object 1 offset 000835f0. Direct original-build import; no retail equivalence or prototype inferred.
00093630	AILQAPI_end_	recovered	DREAMS.EXE embedded Watcom v3 code symbol; byte-identical import SHA256 45d00510f993d321d2288b0791a96297893de9e5e0dc24d36246e41e144008ce; tools/watcom_debug.py; tools/register_watcom_debug.py	size:42	Original module: D:\DEVEL\PROJECTS\MSS\DOSSRC\ailqapi.c. Symbol object 1 offset 00083630. Direct original-build import; no retail equivalence or prototype inferred.
00093660	_AIL_API_quick_set_volume	recovered	DREAMS.EXE embedded Watcom v3 code symbol; byte-identical import SHA256 45d00510f993d321d2288b0791a96297893de9e5e0dc24d36246e41e144008ce; tools/watcom_debug.py; tools/register_watcom_debug.py	size:153	Original module: D:\DEVEL\PROJECTS\MSS\DOSSRC\ailqapi.c. Symbol object 1 offset 00083660. Direct original-build import; no retail equivalence or prototype inferred.
00093700	_AIL_API_quick_set_speed	recovered	DREAMS.EXE embedded Watcom v3 code symbol; byte-identical import SHA256 45d00510f993d321d2288b0791a96297893de9e5e0dc24d36246e41e144008ce; tools/watcom_debug.py; tools/register_watcom_debug.py	size:102	Original module: D:\DEVEL\PROJECTS\MSS\DOSSRC\ailqapi.c. Symbol object 1 offset 00083700. Direct original-build import; no retail equivalence or prototype inferred.
00093770	_AIL_API_quick_status	recovered	DREAMS.EXE embedded Watcom v3 code symbol; byte-identical import SHA256 45d00510f993d321d2288b0791a96297893de9e5e0dc24d36246e41e144008ce; tools/watcom_debug.py; tools/register_watcom_debug.py	size:18	Original module: D:\DEVEL\PROJECTS\MSS\DOSSRC\ailqapi.c. Symbol object 1 offset 00083770. Direct original-build import; no retail equivalence or prototype inferred.
00093790	_AIL_API_quick_load_and_play	recovered	DREAMS.EXE embedded Watcom v3 code symbol; byte-identical import SHA256 45d00510f993d321d2288b0791a96297893de9e5e0dc24d36246e41e144008ce; tools/watcom_debug.py; tools/register_watcom_debug.py	size:132	Original module: D:\DEVEL\PROJECTS\MSS\DOSSRC\ailqapi.c. Symbol object 1 offset 00083790. Direct original-build import; no retail equivalence or prototype inferred.
00093820	_AIL_API_quick_halt	recovered	DREAMS.EXE embedded Watcom v3 code symbol; byte-identical import SHA256 45d00510f993d321d2288b0791a96297893de9e5e0dc24d36246e41e144008ce; tools/watcom_debug.py; tools/register_watcom_debug.py	size:69	Original module: D:\DEVEL\PROJECTS\MSS\DOSSRC\ailqapi.c. Symbol object 1 offset 00083820. Direct original-build import; no retail equivalence or prototype inferred.
00093870	_AIL_API_quick_play	recovered	DREAMS.EXE embedded Watcom v3 code symbol; byte-identical import SHA256 45d00510f993d321d2288b0791a96297893de9e5e0dc24d36246e41e144008ce; tools/watcom_debug.py; tools/register_watcom_debug.py	size:487	Original module: D:\DEVEL\PROJECTS\MSS\DOSSRC\ailqapi.c. Symbol object 1 offset 00083870. Direct original-build import; no retail equivalence or prototype inferred.
00093a60	_AIL_API_quick_unload	recovered	DREAMS.EXE embedded Watcom v3 code symbol; byte-identical import SHA256 45d00510f993d321d2288b0791a96297893de9e5e0dc24d36246e41e144008ce; tools/watcom_debug.py; tools/register_watcom_debug.py	size:196	Original module: D:\DEVEL\PROJECTS\MSS\DOSSRC\ailqapi.c. Symbol object 1 offset 00083a60. Direct original-build import; no retail equivalence or prototype inferred.
00093b30	_AIL_API_quick_copy	recovered	DREAMS.EXE embedded Watcom v3 code symbol; byte-identical import SHA256 45d00510f993d321d2288b0791a96297893de9e5e0dc24d36246e41e144008ce; tools/watcom_debug.py; tools/register_watcom_debug.py	size:100	Original module: D:\DEVEL\PROJECTS\MSS\DOSSRC\ailqapi.c. Symbol object 1 offset 00083b30. Direct original-build import; no retail equivalence or prototype inferred.
00093ba0	_AIL_API_quick_load	recovered	DREAMS.EXE embedded Watcom v3 code symbol; byte-identical import SHA256 45d00510f993d321d2288b0791a96297893de9e5e0dc24d36246e41e144008ce; tools/watcom_debug.py; tools/register_watcom_debug.py	size:109	Original module: D:\DEVEL\PROJECTS\MSS\DOSSRC\ailqapi.c. Symbol object 1 offset 00083ba0. Direct original-build import; no retail equivalence or prototype inferred.
00093c10	setupaudio_	recovered	DREAMS.EXE embedded Watcom v3 code symbol; byte-identical import SHA256 45d00510f993d321d2288b0791a96297893de9e5e0dc24d36246e41e144008ce; tools/watcom_debug.py; tools/register_watcom_debug.py	size:546	Original module: D:\DEVEL\PROJECTS\MSS\DOSSRC\ailqapi.c. Symbol object 1 offset 00083c10. Direct original-build import; no retail equivalence or prototype inferred.
00093e40	_AIL_API_quick_handles	recovered	DREAMS.EXE embedded Watcom v3 code symbol; byte-identical import SHA256 45d00510f993d321d2288b0791a96297893de9e5e0dc24d36246e41e144008ce; tools/watcom_debug.py; tools/register_watcom_debug.py	size:33	Original module: D:\DEVEL\PROJECTS\MSS\DOSSRC\ailqapi.c. Symbol object 1 offset 00083e40. Direct original-build import; no retail equivalence or prototype inferred.
00093e70	_AIL_API_quick_shutdown	recovered	DREAMS.EXE embedded Watcom v3 code symbol; byte-identical import SHA256 45d00510f993d321d2288b0791a96297893de9e5e0dc24d36246e41e144008ce; tools/watcom_debug.py; tools/register_watcom_debug.py	size:87	Original module: D:\DEVEL\PROJECTS\MSS\DOSSRC\ailqapi.c. Symbol object 1 offset 00083e70. Direct original-build import; no retail equivalence or prototype inferred.
00093ed0	_AIL_quick_startup_with_start	recovered	DREAMS.EXE embedded Watcom v3 code symbol; byte-identical import SHA256 45d00510f993d321d2288b0791a96297893de9e5e0dc24d36246e41e144008ce; tools/watcom_debug.py; tools/register_watcom_debug.py	size:271	Original module: D:\DEVEL\PROJECTS\MSS\DOSSRC\ailqapi.c. Symbol object 1 offset 00083ed0. Direct original-build import; no retail equivalence or prototype inferred.
00093fe0	END_OF_SAMPLE	recovered	DREAMS.EXE embedded Watcom v3 code symbol; byte-identical import SHA256 45d00510f993d321d2288b0791a96297893de9e5e0dc24d36246e41e144008ce; tools/watcom_debug.py; tools/register_watcom_debug.py	size:52	Original module: D:\DEVEL\PROJECTS\MSS\DOSSRC\ailqapi.c. Symbol object 1 offset 00083fe0. Direct original-build import; no retail equivalence or prototype inferred.
00094020	END_OF_SEQUENCE	recovered	DREAMS.EXE embedded Watcom v3 code symbol; byte-identical import SHA256 45d00510f993d321d2288b0791a96297893de9e5e0dc24d36246e41e144008ce; tools/watcom_debug.py; tools/register_watcom_debug.py	size:52	Original module: D:\DEVEL\PROJECTS\MSS\DOSSRC\ailqapi.c. Symbol object 1 offset 00084020. Direct original-build import; no retail equivalence or prototype inferred.
00094060	AILQAPI_start_	recovered	DREAMS.EXE embedded Watcom v3 code symbol; byte-identical import SHA256 45d00510f993d321d2288b0791a96297893de9e5e0dc24d36246e41e144008ce; tools/watcom_debug.py; tools/register_watcom_debug.py	size:105	Original module: D:\DEVEL\PROJECTS\MSS\DOSSRC\ailqapi.c. Symbol object 1 offset 00084060. Direct original-build import; no retail equivalence or prototype inferred.
000940d0	AILSTRM_end_	recovered	DREAMS.EXE embedded Watcom v3 code symbol; byte-identical import SHA256 45d00510f993d321d2288b0791a96297893de9e5e0dc24d36246e41e144008ce; tools/watcom_debug.py; tools/register_watcom_debug.py	size:78	Original module: D:\DEVEL\PROJECTS\MSS\DOSSRC\ailstrm.c. Symbol object 1 offset 000840d0. Direct original-build import; no retail equivalence or prototype inferred.
00094120	_AIL_API_stream_user_data	recovered	DREAMS.EXE embedded Watcom v3 code symbol; byte-identical import SHA256 45d00510f993d321d2288b0791a96297893de9e5e0dc24d36246e41e144008ce; tools/watcom_debug.py; tools/register_watcom_debug.py	size:23	Original module: D:\DEVEL\PROJECTS\MSS\DOSSRC\ailstrm.c. Symbol object 1 offset 00084120. Direct original-build import; no retail equivalence or prototype inferred.
00094140	_AIL_API_set_stream_user_data	recovered	DREAMS.EXE embedded Watcom v3 code symbol; byte-identical import SHA256 45d00510f993d321d2288b0791a96297893de9e5e0dc24d36246e41e144008ce; tools/watcom_debug.py; tools/register_watcom_debug.py	size:28	Original module: D:\DEVEL\PROJECTS\MSS\DOSSRC\ailstrm.c. Symbol object 1 offset 00084140. Direct original-build import; no retail equivalence or prototype inferred.
00094160	_AIL_API_register_stream_callback	recovered	DREAMS.EXE embedded Watcom v3 code symbol; byte-identical import SHA256 45d00510f993d321d2288b0791a96297893de9e5e0dc24d36246e41e144008ce; tools/watcom_debug.py; tools/register_watcom_debug.py	size:32	Original module: D:\DEVEL\PROJECTS\MSS\DOSSRC\ailstrm.c. Symbol object 1 offset 00084160. Direct original-build import; no retail equivalence or prototype inferred.
00094180	_AIL_API_stream_info	recovered	DREAMS.EXE embedded Watcom v3 code symbol; byte-identical import SHA256 45d00510f993d321d2288b0791a96297893de9e5e0dc24d36246e41e144008ce; tools/watcom_debug.py; tools/register_watcom_debug.py	size:90	Original module: D:\DEVEL\PROJECTS\MSS\DOSSRC\ailstrm.c. Symbol object 1 offset 00084180. Direct original-build import; no retail equivalence or prototype inferred.
000941e0	_AIL_API_stream_loop_count	recovered	DREAMS.EXE embedded Watcom v3 code symbol; byte-identical import SHA256 45d00510f993d321d2288b0791a96297893de9e5e0dc24d36246e41e144008ce; tools/watcom_debug.py; tools/register_watcom_debug.py	size:40	Original module: D:\DEVEL\PROJECTS\MSS\DOSSRC\ailstrm.c. Symbol object 1 offset 000841e0. Direct original-build import; no retail equivalence or prototype inferred.
00094210	_AIL_API_set_stream_loop_count	recovered	DREAMS.EXE embedded Watcom v3 code symbol; byte-identical import SHA256 45d00510f993d321d2288b0791a96297893de9e5e0dc24d36246e41e144008ce; tools/watcom_debug.py; tools/register_watcom_debug.py	size:35	Original module: D:\DEVEL\PROJECTS\MSS\DOSSRC\ailstrm.c. Symbol object 1 offset 00084210. Direct original-build import; no retail equivalence or prototype inferred.
00094240	_AIL_API_stream_playback_rate	recovered	DREAMS.EXE embedded Watcom v3 code symbol; byte-identical import SHA256 45d00510f993d321d2288b0791a96297893de9e5e0dc24d36246e41e144008ce; tools/watcom_debug.py; tools/register_watcom_debug.py	size:26	Original module: D:\DEVEL\PROJECTS\MSS\DOSSRC\ailstrm.c. Symbol object 1 offset 00084240. Direct original-build import; no retail equivalence or prototype inferred.
00094260	_AIL_API_set_stream_playback_rate	recovered	DREAMS.EXE embedded Watcom v3 code symbol; byte-identical import SHA256 45d00510f993d321d2288b0791a96297893de9e5e0dc24d36246e41e144008ce; tools/watcom_debug.py; tools/register_watcom_debug.py	size:27	Original module: D:\DEVEL\PROJECTS\MSS\DOSSRC\ailstrm.c. Symbol object 1 offset 00084260. Direct original-build import; no retail equivalence or prototype inferred.
00094280	_AIL_API_stream_pan	recovered	DREAMS.EXE embedded Watcom v3 code symbol; byte-identical import SHA256 45d00510f993d321d2288b0791a96297893de9e5e0dc24d36246e41e144008ce; tools/watcom_debug.py; tools/register_watcom_debug.py	size:26	Original module: D:\DEVEL\PROJECTS\MSS\DOSSRC\ailstrm.c. Symbol object 1 offset 00084280. Direct original-build import; no retail equivalence or prototype inferred.
000942a0	_AIL_API_stream_volume	recovered	DREAMS.EXE embedded Watcom v3 code symbol; byte-identical import SHA256 45d00510f993d321d2288b0791a96297893de9e5e0dc24d36246e41e144008ce; tools/watcom_debug.py; tools/register_watcom_debug.py	size:26	Original module: D:\DEVEL\PROJECTS\MSS\DOSSRC\ailstrm.c. Symbol object 1 offset 000842a0. Direct original-build import; no retail equivalence or prototype inferred.
000942c0	_AIL_API_set_stream_pan	recovered	DREAMS.EXE embedded Watcom v3 code symbol; byte-identical import SHA256 45d00510f993d321d2288b0791a96297893de9e5e0dc24d36246e41e144008ce; tools/watcom_debug.py; tools/register_watcom_debug.py	size:27	Original module: D:\DEVEL\PROJECTS\MSS\DOSSRC\ailstrm.c. Symbol object 1 offset 000842c0. Direct original-build import; no retail equivalence or prototype inferred.
000942e0	_AIL_API_set_stream_volume	recovered	DREAMS.EXE embedded Watcom v3 code symbol; byte-identical import SHA256 45d00510f993d321d2288b0791a96297893de9e5e0dc24d36246e41e144008ce; tools/watcom_debug.py; tools/register_watcom_debug.py	size:27	Original module: D:\DEVEL\PROJECTS\MSS\DOSSRC\ailstrm.c. Symbol object 1 offset 000842e0. Direct original-build import; no retail equivalence or prototype inferred.
00094300	_AIL_API_pause_stream	recovered	DREAMS.EXE embedded Watcom v3 code symbol; byte-identical import SHA256 45d00510f993d321d2288b0791a96297893de9e5e0dc24d36246e41e144008ce; tools/watcom_debug.py; tools/register_watcom_debug.py	size:138	Original module: D:\DEVEL\PROJECTS\MSS\DOSSRC\ailstrm.c. Symbol object 1 offset 00084300. Direct original-build import; no retail equivalence or prototype inferred.
00094390	_AIL_API_start_stream	recovered	DREAMS.EXE embedded Watcom v3 code symbol; byte-identical import SHA256 45d00510f993d321d2288b0791a96297893de9e5e0dc24d36246e41e144008ce; tools/watcom_debug.py; tools/register_watcom_debug.py	size:74	Original module: D:\DEVEL\PROJECTS\MSS\DOSSRC\ailstrm.c. Symbol object 1 offset 00084390. Direct original-build import; no retail equivalence or prototype inferred.
000943e0	_AIL_API_stream_position	recovered	DREAMS.EXE embedded Watcom v3 code symbol; byte-identical import SHA256 45d00510f993d321d2288b0791a96297893de9e5e0dc24d36246e41e144008ce; tools/watcom_debug.py; tools/register_watcom_debug.py	size:161	Original module: D:\DEVEL\PROJECTS\MSS\DOSSRC\ailstrm.c. Symbol object 1 offset 000843e0. Direct original-build import; no retail equivalence or prototype inferred.
00094490	_AIL_API_set_stream_position	recovered	DREAMS.EXE embedded Watcom v3 code symbol; byte-identical import SHA256 45d00510f993d321d2288b0791a96297893de9e5e0dc24d36246e41e144008ce; tools/watcom_debug.py; tools/register_watcom_debug.py	size:314	Original module: D:\DEVEL\PROJECTS\MSS\DOSSRC\ailstrm.c. Symbol object 1 offset 00084490. Direct original-build import; no retail equivalence or prototype inferred.
000945d0	_AIL_API_service_stream	recovered	DREAMS.EXE embedded Watcom v3 code symbol; byte-identical import SHA256 45d00510f993d321d2288b0791a96297893de9e5e0dc24d36246e41e144008ce; tools/watcom_debug.py; tools/register_watcom_debug.py	size:467	Original module: D:\DEVEL\PROJECTS\MSS\DOSSRC\ailstrm.c. Symbol object 1 offset 000845d0. Direct original-build import; no retail equivalence or prototype inferred.
000947b0	doread_	recovered	DREAMS.EXE embedded Watcom v3 code symbol; byte-identical import SHA256 45d00510f993d321d2288b0791a96297893de9e5e0dc24d36246e41e144008ce; tools/watcom_debug.py; tools/register_watcom_debug.py	size:144	Original module: D:\DEVEL\PROJECTS\MSS\DOSSRC\ailstrm.c. Symbol object 1 offset 000847b0. Direct original-build import; no retail equivalence or prototype inferred.
00094840	_AIL_API_stream_status	recovered	DREAMS.EXE embedded Watcom v3 code symbol; byte-identical import SHA256 45d00510f993d321d2288b0791a96297893de9e5e0dc24d36246e41e144008ce; tools/watcom_debug.py; tools/register_watcom_debug.py	size:57	Original module: D:\DEVEL\PROJECTS\MSS\DOSSRC\ailstrm.c. Symbol object 1 offset 00084840. Direct original-build import; no retail equivalence or prototype inferred.
00094880	_AIL_API_close_stream	recovered	DREAMS.EXE embedded Watcom v3 code symbol; byte-identical import SHA256 45d00510f993d321d2288b0791a96297893de9e5e0dc24d36246e41e144008ce; tools/watcom_debug.py; tools/register_watcom_debug.py	size:244	Original module: D:\DEVEL\PROJECTS\MSS\DOSSRC\ailstrm.c. Symbol object 1 offset 00084880. Direct original-build import; no retail equivalence or prototype inferred.
00094980	_AIL_API_open_stream	recovered	DREAMS.EXE embedded Watcom v3 code symbol; byte-identical import SHA256 45d00510f993d321d2288b0791a96297893de9e5e0dc24d36246e41e144008ce; tools/watcom_debug.py; tools/register_watcom_debug.py	size:955	Original module: D:\DEVEL\PROJECTS\MSS\DOSSRC\ailstrm.c. Symbol object 1 offset 00084980. Direct original-build import; no retail equivalence or prototype inferred.
00094d40	openwavefile_	recovered	DREAMS.EXE embedded Watcom v3 code symbol; byte-identical import SHA256 45d00510f993d321d2288b0791a96297893de9e5e0dc24d36246e41e144008ce; tools/watcom_debug.py; tools/register_watcom_debug.py	size:664	Original module: D:\DEVEL\PROJECTS\MSS\DOSSRC\ailstrm.c. Symbol object 1 offset 00084d40. Direct original-build import; no retail equivalence or prototype inferred.
00094fe0	STREAMCALLBACK	recovered	DREAMS.EXE embedded Watcom v3 code symbol; byte-identical import SHA256 45d00510f993d321d2288b0791a96297893de9e5e0dc24d36246e41e144008ce; tools/watcom_debug.py; tools/register_watcom_debug.py	size:40	Original module: D:\DEVEL\PROJECTS\MSS\DOSSRC\ailstrm.c. Symbol object 1 offset 00084fe0. Direct original-build import; no retail equivalence or prototype inferred.
00095010	BACKGROUND	recovered	DREAMS.EXE embedded Watcom v3 code symbol; byte-identical import SHA256 45d00510f993d321d2288b0791a96297893de9e5e0dc24d36246e41e144008ce; tools/watcom_debug.py; tools/register_watcom_debug.py	size:86	Original module: D:\DEVEL\PROJECTS\MSS\DOSSRC\ailstrm.c. Symbol object 1 offset 00085010. Direct original-build import; no retail equivalence or prototype inferred.
00095070	checkforaload_	recovered	DREAMS.EXE embedded Watcom v3 code symbol; byte-identical import SHA256 45d00510f993d321d2288b0791a96297893de9e5e0dc24d36246e41e144008ce; tools/watcom_debug.py; tools/register_watcom_debug.py	size:235	Original module: D:\DEVEL\PROJECTS\MSS\DOSSRC\ailstrm.c. Symbol object 1 offset 00085070. Direct original-build import; no retail equivalence or prototype inferred.
00095160	AILSTRM_start_	recovered	DREAMS.EXE embedded Watcom v3 code symbol; byte-identical import SHA256 45d00510f993d321d2288b0791a96297893de9e5e0dc24d36246e41e144008ce; tools/watcom_debug.py; tools/register_watcom_debug.py	size:90	Original module: D:\DEVEL\PROJECTS\MSS\DOSSRC\ailstrm.c. Symbol object 1 offset 00085160. Direct original-build import; no retail equivalence or prototype inferred.
000951bf	__fatal_runtime_error_	recovered	DREAMS.EXE embedded Watcom v3 code symbol; byte-identical import SHA256 45d00510f993d321d2288b0791a96297893de9e5e0dc24d36246e41e144008ce; tools/watcom_debug.py; tools/register_watcom_debug.py	size:29	Original module: xmsg. Symbol object 1 offset 000851bf. Direct original-build import; no retail equivalence or prototype inferred.
000951e0	HNM_INIT_JPEG	recovered	DREAMS.EXE embedded Watcom v3 code symbol; byte-identical import SHA256 45d00510f993d321d2288b0791a96297893de9e5e0dc24d36246e41e144008ce; tools/watcom_debug.py; tools/register_watcom_debug.py	size:216	Original module: d_j_2.asm. Symbol object 1 offset 000851e0. Direct original-build import; no retail equivalence or prototype inferred.
000952b8	HNM_INIT_JPEG_16	recovered	DREAMS.EXE embedded Watcom v3 code symbol; byte-identical import SHA256 45d00510f993d321d2288b0791a96297893de9e5e0dc24d36246e41e144008ce; tools/watcom_debug.py; tools/register_watcom_debug.py	size:164	Original module: d_j_2.asm. Symbol object 1 offset 000852b8. Direct original-build import; no retail equivalence or prototype inferred.
0009535c	HNM_INIT_JPEG_15	recovered	DREAMS.EXE embedded Watcom v3 code symbol; byte-identical import SHA256 45d00510f993d321d2288b0791a96297893de9e5e0dc24d36246e41e144008ce; tools/watcom_debug.py; tools/register_watcom_debug.py	size:166	Original module: d_j_2.asm. Symbol object 1 offset 0008535c. Direct original-build import; no retail equivalence or prototype inferred.
00095404	HNM_INIT_QUALITE_JPEG	recovered	DREAMS.EXE embedded Watcom v3 code symbol; byte-identical import SHA256 45d00510f993d321d2288b0791a96297893de9e5e0dc24d36246e41e144008ce; tools/watcom_debug.py; tools/register_watcom_debug.py	size:309	Original module: d_j_2.asm. Symbol object 1 offset 00085404. Direct original-build import; no retail equivalence or prototype inferred.
0009553c	HNM_PREPARE_COM_JPEG	recovered	DREAMS.EXE embedded Watcom v3 code symbol; byte-identical import SHA256 45d00510f993d321d2288b0791a96297893de9e5e0dc24d36246e41e144008ce; tools/watcom_debug.py; tools/register_watcom_debug.py	size:183	Original module: d_j_2.asm. Symbol object 1 offset 0008553c. Direct original-build import; no retail equivalence or prototype inferred.
00096104	HNM_JPEG_8X8	recovered	DREAMS.EXE embedded Watcom v3 code symbol; byte-identical import SHA256 45d00510f993d321d2288b0791a96297893de9e5e0dc24d36246e41e144008ce; tools/watcom_debug.py; tools/register_watcom_debug.py	size:70	Original module: d_j_2.asm. Symbol object 1 offset 00086104. Direct original-build import; no retail equivalence or prototype inferred.
0009614a	HNM_JPEG_8X8_WARP	recovered	DREAMS.EXE embedded Watcom v3 code symbol; byte-identical import SHA256 45d00510f993d321d2288b0791a96297893de9e5e0dc24d36246e41e144008ce; tools/watcom_debug.py; tools/register_watcom_debug.py	size:70	Original module: d_j_2.asm. Symbol object 1 offset 0008614a. Direct original-build import; no retail equivalence or prototype inferred.
00096830	HNM_INIT_MOVIE	recovered	DREAMS.EXE embedded Watcom v3 code symbol; byte-identical import SHA256 45d00510f993d321d2288b0791a96297893de9e5e0dc24d36246e41e144008ce; tools/watcom_debug.py; tools/register_watcom_debug.py	size:260	Original module: d_6v0000.asm. Symbol object 1 offset 00086830. Direct original-build import; no retail equivalence or prototype inferred.
0009b88b	sbrk_	recovered	DREAMS.EXE embedded Watcom v3 code symbol; byte-identical import SHA256 45d00510f993d321d2288b0791a96297893de9e5e0dc24d36246e41e144008ce; tools/watcom_debug.py; tools/register_watcom_debug.py	size:200	Original module: sbrk386. Symbol object 1 offset 0008b88b. Direct original-build import; no retail equivalence or prototype inferred.
0009b953	__brk_	recovered	DREAMS.EXE embedded Watcom v3 code symbol; byte-identical import SHA256 45d00510f993d321d2288b0791a96297893de9e5e0dc24d36246e41e144008ce; tools/watcom_debug.py; tools/register_watcom_debug.py	size:203	Original module: sbrk386. Symbol object 1 offset 0008b953. Direct original-build import; no retail equivalence or prototype inferred.
0009ba1e	__qread_	recovered	DREAMS.EXE embedded Watcom v3 code symbol; byte-identical import SHA256 45d00510f993d321d2288b0791a96297893de9e5e0dc24d36246e41e144008ce; tools/watcom_debug.py; tools/register_watcom_debug.py	size:31	Original module: qread. Symbol object 1 offset 0008ba1e. Direct original-build import; no retail equivalence or prototype inferred.
0009ba3d	fgetc_	recovered	DREAMS.EXE embedded Watcom v3 code symbol; byte-identical import SHA256 45d00510f993d321d2288b0791a96297893de9e5e0dc24d36246e41e144008ce; tools/watcom_debug.py; tools/register_watcom_debug.py	size:137	Original module: fgetc. Symbol object 1 offset 0008ba3d. Direct original-build import; no retail equivalence or prototype inferred.
0009bac6	__filbuf_	recovered	DREAMS.EXE embedded Watcom v3 code symbol; byte-identical import SHA256 45d00510f993d321d2288b0791a96297893de9e5e0dc24d36246e41e144008ce; tools/watcom_debug.py; tools/register_watcom_debug.py	size:47	Original module: fgetc. Symbol object 1 offset 0008bac6. Direct original-build import; no retail equivalence or prototype inferred.
0009baf5	__fill_buffer_	recovered	DREAMS.EXE embedded Watcom v3 code symbol; byte-identical import SHA256 45d00510f993d321d2288b0791a96297893de9e5e0dc24d36246e41e144008ce; tools/watcom_debug.py; tools/register_watcom_debug.py	size:172	Original module: fgetc. Symbol object 1 offset 0008baf5. Direct original-build import; no retail equivalence or prototype inferred.
0009bbe2	__HeapManager_expand_	recovered	DREAMS.EXE embedded Watcom v3 code symbol; byte-identical import SHA256 45d00510f993d321d2288b0791a96297893de9e5e0dc24d36246e41e144008ce; tools/watcom_debug.py; tools/register_watcom_debug.py	size:399	Original module: nexpand. Symbol object 1 offset 0008bbe2. Direct original-build import; no retail equivalence or prototype inferred.
0009bdda	modf_	recovered	DREAMS.EXE embedded Watcom v3 code symbol; byte-identical import SHA256 45d00510f993d321d2288b0791a96297893de9e5e0dc24d36246e41e144008ce; tools/watcom_debug.py; tools/register_watcom_debug.py	size:25	Original module: modf387. Symbol object 1 offset 0008bdda. Direct original-build import; no retail equivalence or prototype inferred.
0009be00	moveText_	recovered	DREAMS.EXE embedded Watcom v3 code symbol; byte-identical import SHA256 45d00510f993d321d2288b0791a96297893de9e5e0dc24d36246e41e144008ce; tools/watcom_debug.py; tools/register_watcom_debug.py	size:231	Original module: C:\SCITECH\SRC\UNIVBE\CONSOLE.C. Symbol object 1 offset 0008be00. Direct original-build import; no retail equivalence or prototype inferred.
0009bee8	moveToScreen_	recovered	DREAMS.EXE embedded Watcom v3 code symbol; byte-identical import SHA256 45d00510f993d321d2288b0791a96297893de9e5e0dc24d36246e41e144008ce; tools/watcom_debug.py; tools/register_watcom_debug.py	size:126	Original module: C:\SCITECH\SRC\UNIVBE\CONSOLE.C. Symbol object 1 offset 0008bee8. Direct original-build import; no retail equivalence or prototype inferred.
0009bf68	moveFromScreen_	recovered	DREAMS.EXE embedded Watcom v3 code symbol; byte-identical import SHA256 45d00510f993d321d2288b0791a96297893de9e5e0dc24d36246e41e144008ce; tools/watcom_debug.py; tools/register_watcom_debug.py	size:126	Original module: C:\SCITECH\SRC\UNIVBE\CONSOLE.C. Symbol object 1 offset 0008bf68. Direct original-build import; no retail equivalence or prototype inferred.
0009bfe8	fillText_	recovered	DREAMS.EXE embedded Watcom v3 code symbol; byte-identical import SHA256 45d00510f993d321d2288b0791a96297893de9e5e0dc24d36246e41e144008ce; tools/watcom_debug.py; tools/register_watcom_debug.py	size:86	Original module: C:\SCITECH\SRC\UNIVBE\CONSOLE.C. Symbol object 1 offset 0008bfe8. Direct original-build import; no retail equivalence or prototype inferred.
0009c040	fillAttr_	recovered	DREAMS.EXE embedded Watcom v3 code symbol; byte-identical import SHA256 45d00510f993d321d2288b0791a96297893de9e5e0dc24d36246e41e144008ce; tools/watcom_debug.py; tools/register_watcom_debug.py	size:78	Original module: C:\SCITECH\SRC\UNIVBE\CONSOLE.C. Symbol object 1 offset 0008c040. Direct original-build import; no retail equivalence or prototype inferred.
0009c090	CON_init_	recovered	DREAMS.EXE embedded Watcom v3 code symbol; byte-identical import SHA256 45d00510f993d321d2288b0791a96297893de9e5e0dc24d36246e41e144008ce; tools/watcom_debug.py; tools/register_watcom_debug.py	size:259	Original module: C:\SCITECH\SRC\UNIVBE\CONSOLE.C. Symbol object 1 offset 0008c090. Direct original-build import; no retail equivalence or prototype inferred.
0009c194	CON_restoreMode_	recovered	DREAMS.EXE embedded Watcom v3 code symbol; byte-identical import SHA256 45d00510f993d321d2288b0791a96297893de9e5e0dc24d36246e41e144008ce; tools/watcom_debug.py; tools/register_watcom_debug.py	size:117	Original module: C:\SCITECH\SRC\UNIVBE\CONSOLE.C. Symbol object 1 offset 0008c194. Direct original-build import; no retail equivalence or prototype inferred.
0009c20c	CON_set25LineMode_	recovered	DREAMS.EXE embedded Watcom v3 code symbol; byte-identical import SHA256 45d00510f993d321d2288b0791a96297893de9e5e0dc24d36246e41e144008ce; tools/watcom_debug.py; tools/register_watcom_debug.py	size:76	Original module: C:\SCITECH\SRC\UNIVBE\CONSOLE.C. Symbol object 1 offset 0008c20c. Direct original-build import; no retail equivalence or prototype inferred.
0009c258	CON_set43LineMode_	recovered	DREAMS.EXE embedded Watcom v3 code symbol; byte-identical import SHA256 45d00510f993d321d2288b0791a96297893de9e5e0dc24d36246e41e144008ce; tools/watcom_debug.py; tools/register_watcom_debug.py	size:131	Original module: C:\SCITECH\SRC\UNIVBE\CONSOLE.C. Symbol object 1 offset 0008c258. Direct original-build import; no retail equivalence or prototype inferred.
0009c2dc	CON_set50LineMode_	recovered	DREAMS.EXE embedded Watcom v3 code symbol; byte-identical import SHA256 45d00510f993d321d2288b0791a96297893de9e5e0dc24d36246e41e144008ce; tools/watcom_debug.py; tools/register_watcom_debug.py	size:131	Original module: C:\SCITECH\SRC\UNIVBE\CONSOLE.C. Symbol object 1 offset 0008c2dc. Direct original-build import; no retail equivalence or prototype inferred.
0009c360	CON_printf_	recovered	DREAMS.EXE embedded Watcom v3 code symbol; byte-identical import SHA256 45d00510f993d321d2288b0791a96297893de9e5e0dc24d36246e41e144008ce; tools/watcom_debug.py; tools/register_watcom_debug.py	size:49	Original module: C:\SCITECH\SRC\UNIVBE\CONSOLE.C. Symbol object 1 offset 0008c360. Direct original-build import; no retail equivalence or prototype inferred.
0009c394	outputBuf_	recovered	DREAMS.EXE embedded Watcom v3 code symbol; byte-identical import SHA256 45d00510f993d321d2288b0791a96297893de9e5e0dc24d36246e41e144008ce; tools/watcom_debug.py; tools/register_watcom_debug.py	size:83	Original module: C:\SCITECH\SRC\UNIVBE\CONSOLE.C. Symbol object 1 offset 0008c394. Direct original-build import; no retail equivalence or prototype inferred.
0009c3e8	syncCursor_	recovered	DREAMS.EXE embedded Watcom v3 code symbol; byte-identical import SHA256 45d00510f993d321d2288b0791a96297893de9e5e0dc24d36246e41e144008ce; tools/watcom_debug.py; tools/register_watcom_debug.py	size:93	Original module: C:\SCITECH\SRC\UNIVBE\CONSOLE.C. Symbol object 1 offset 0008c3e8. Direct original-build import; no retail equivalence or prototype inferred.
0009c448	CON_puts_	recovered	DREAMS.EXE embedded Watcom v3 code symbol; byte-identical import SHA256 45d00510f993d321d2288b0791a96297893de9e5e0dc24d36246e41e144008ce; tools/watcom_debug.py; tools/register_watcom_debug.py	size:379	Original module: C:\SCITECH\SRC\UNIVBE\CONSOLE.C. Symbol object 1 offset 0008c448. Direct original-build import; no retail equivalence or prototype inferred.
0009c5c4	CON_putc_	recovered	DREAMS.EXE embedded Watcom v3 code symbol; byte-identical import SHA256 45d00510f993d321d2288b0791a96297893de9e5e0dc24d36246e41e144008ce; tools/watcom_debug.py; tools/register_watcom_debug.py	size:307	Original module: C:\SCITECH\SRC\UNIVBE\CONSOLE.C. Symbol object 1 offset 0008c5c4. Direct original-build import; no retail equivalence or prototype inferred.
0009c6f8	CON_clreol_	recovered	DREAMS.EXE embedded Watcom v3 code symbol; byte-identical import SHA256 45d00510f993d321d2288b0791a96297893de9e5e0dc24d36246e41e144008ce; tools/watcom_debug.py; tools/register_watcom_debug.py	size:51	Original module: C:\SCITECH\SRC\UNIVBE\CONSOLE.C. Symbol object 1 offset 0008c6f8. Direct original-build import; no retail equivalence or prototype inferred.
0009c72c	CON_clrscr_	recovered	DREAMS.EXE embedded Watcom v3 code symbol; byte-identical import SHA256 45d00510f993d321d2288b0791a96297893de9e5e0dc24d36246e41e144008ce; tools/watcom_debug.py; tools/register_watcom_debug.py	size:72	Original module: C:\SCITECH\SRC\UNIVBE\CONSOLE.C. Symbol object 1 offset 0008c72c. Direct original-build import; no retail equivalence or prototype inferred.
0009c774	CON_delline_	recovered	DREAMS.EXE embedded Watcom v3 code symbol; byte-identical import SHA256 45d00510f993d321d2288b0791a96297893de9e5e0dc24d36246e41e144008ce; tools/watcom_debug.py; tools/register_watcom_debug.py	size:48	Original module: C:\SCITECH\SRC\UNIVBE\CONSOLE.C. Symbol object 1 offset 0008c774. Direct original-build import; no retail equivalence or prototype inferred.
0009c7a4	CON_insline_	recovered	DREAMS.EXE embedded Watcom v3 code symbol; byte-identical import SHA256 45d00510f993d321d2288b0791a96297893de9e5e0dc24d36246e41e144008ce; tools/watcom_debug.py; tools/register_watcom_debug.py	size:51	Original module: C:\SCITECH\SRC\UNIVBE\CONSOLE.C. Symbol object 1 offset 0008c7a4. Direct original-build import; no retail equivalence or prototype inferred.
0009c7d8	CON_write_	recovered	DREAMS.EXE embedded Watcom v3 code symbol; byte-identical import SHA256 45d00510f993d321d2288b0791a96297893de9e5e0dc24d36246e41e144008ce; tools/watcom_debug.py; tools/register_watcom_debug.py	size:138	Original module: C:\SCITECH\SRC\UNIVBE\CONSOLE.C. Symbol object 1 offset 0008c7d8. Direct original-build import; no retail equivalence or prototype inferred.
0009c864	CON_writec_	recovered	DREAMS.EXE embedded Watcom v3 code symbol; byte-identical import SHA256 45d00510f993d321d2288b0791a96297893de9e5e0dc24d36246e41e144008ce; tools/watcom_debug.py; tools/register_watcom_debug.py	size:70	Original module: C:\SCITECH\SRC\UNIVBE\CONSOLE.C. Symbol object 1 offset 0008c864. Direct original-build import; no retail equivalence or prototype inferred.
0009c8ac	CON_moveText_	recovered	DREAMS.EXE embedded Watcom v3 code symbol; byte-identical import SHA256 45d00510f993d321d2288b0791a96297893de9e5e0dc24d36246e41e144008ce; tools/watcom_debug.py; tools/register_watcom_debug.py	size:60	Original module: C:\SCITECH\SRC\UNIVBE\CONSOLE.C. Symbol object 1 offset 0008c8ac. Direct original-build import; no retail equivalence or prototype inferred.
0009c8e8	CON_saveText_	recovered	DREAMS.EXE embedded Watcom v3 code symbol; byte-identical import SHA256 45d00510f993d321d2288b0791a96297893de9e5e0dc24d36246e41e144008ce; tools/watcom_debug.py; tools/register_watcom_debug.py	size:39	Original module: C:\SCITECH\SRC\UNIVBE\CONSOLE.C. Symbol object 1 offset 0008c8e8. Direct original-build import; no retail equivalence or prototype inferred.
0009c910	CON_restoreText_	recovered	DREAMS.EXE embedded Watcom v3 code symbol; byte-identical import SHA256 45d00510f993d321d2288b0791a96297893de9e5e0dc24d36246e41e144008ce; tools/watcom_debug.py; tools/register_watcom_debug.py	size:39	Original module: C:\SCITECH\SRC\UNIVBE\CONSOLE.C. Symbol object 1 offset 0008c910. Direct original-build import; no retail equivalence or prototype inferred.
0009c938	CON_fillText_	recovered	DREAMS.EXE embedded Watcom v3 code symbol; byte-identical import SHA256 45d00510f993d321d2288b0791a96297893de9e5e0dc24d36246e41e144008ce; tools/watcom_debug.py; tools/register_watcom_debug.py	size:44	Original module: C:\SCITECH\SRC\UNIVBE\CONSOLE.C. Symbol object 1 offset 0008c938. Direct original-build import; no retail equivalence or prototype inferred.
0009c964	CON_fillAttr_	recovered	DREAMS.EXE embedded Watcom v3 code symbol; byte-identical import SHA256 45d00510f993d321d2288b0791a96297893de9e5e0dc24d36246e41e144008ce; tools/watcom_debug.py; tools/register_watcom_debug.py	size:39	Original module: C:\SCITECH\SRC\UNIVBE\CONSOLE.C. Symbol object 1 offset 0008c964. Direct original-build import; no retail equivalence or prototype inferred.
0009c99c	CON_scroll_	recovered	DREAMS.EXE embedded Watcom v3 code symbol; byte-identical import SHA256 45d00510f993d321d2288b0791a96297893de9e5e0dc24d36246e41e144008ce; tools/watcom_debug.py; tools/register_watcom_debug.py	size:472	Original module: C:\SCITECH\SRC\UNIVBE\CONSOLE.C. Symbol object 1 offset 0008c99c. Direct original-build import; no retail equivalence or prototype inferred.
0009cb74	CON_setWindow_	recovered	DREAMS.EXE embedded Watcom v3 code symbol; byte-identical import SHA256 45d00510f993d321d2288b0791a96297893de9e5e0dc24d36246e41e144008ce; tools/watcom_debug.py; tools/register_watcom_debug.py	size:100	Original module: C:\SCITECH\SRC\UNIVBE\CONSOLE.C. Symbol object 1 offset 0008cb74. Direct original-build import; no retail equivalence or prototype inferred.
0009cbd8	CON_gotoxy_	recovered	DREAMS.EXE embedded Watcom v3 code symbol; byte-identical import SHA256 45d00510f993d321d2288b0791a96297893de9e5e0dc24d36246e41e144008ce; tools/watcom_debug.py; tools/register_watcom_debug.py	size:122	Original module: C:\SCITECH\SRC\UNIVBE\CONSOLE.C. Symbol object 1 offset 0008cbd8. Direct original-build import; no retail equivalence or prototype inferred.
0009cc54	CON_getWindow_	recovered	DREAMS.EXE embedded Watcom v3 code symbol; byte-identical import SHA256 45d00510f993d321d2288b0791a96297893de9e5e0dc24d36246e41e144008ce; tools/watcom_debug.py; tools/register_watcom_debug.py	size:32	Original module: C:\SCITECH\SRC\UNIVBE\CONSOLE.C. Symbol object 1 offset 0008cc54. Direct original-build import; no retail equivalence or prototype inferred.
0009cc74	CON_maxx_	recovered	DREAMS.EXE embedded Watcom v3 code symbol; byte-identical import SHA256 45d00510f993d321d2288b0791a96297893de9e5e0dc24d36246e41e144008ce; tools/watcom_debug.py; tools/register_watcom_debug.py	size:7	Original module: C:\SCITECH\SRC\UNIVBE\CONSOLE.C. Symbol object 1 offset 0008cc74. Direct original-build import; no retail equivalence or prototype inferred.
0009cc7c	CON_maxy_	recovered	DREAMS.EXE embedded Watcom v3 code symbol; byte-identical import SHA256 45d00510f993d321d2288b0791a96297893de9e5e0dc24d36246e41e144008ce; tools/watcom_debug.py; tools/register_watcom_debug.py	size:7	Original module: C:\SCITECH\SRC\UNIVBE\CONSOLE.C. Symbol object 1 offset 0008cc7c. Direct original-build import; no retail equivalence or prototype inferred.
0009cc84	CON_setBackground_	recovered	DREAMS.EXE embedded Watcom v3 code symbol; byte-identical import SHA256 45d00510f993d321d2288b0791a96297893de9e5e0dc24d36246e41e144008ce; tools/watcom_debug.py; tools/register_watcom_debug.py	size:12	Original module: C:\SCITECH\SRC\UNIVBE\CONSOLE.C. Symbol object 1 offset 0008cc84. Direct original-build import; no retail equivalence or prototype inferred.
0009cc90	CON_getBackground_	recovered	DREAMS.EXE embedded Watcom v3 code symbol; byte-identical import SHA256 45d00510f993d321d2288b0791a96297893de9e5e0dc24d36246e41e144008ce; tools/watcom_debug.py; tools/register_watcom_debug.py	size:18	Original module: C:\SCITECH\SRC\UNIVBE\CONSOLE.C. Symbol object 1 offset 0008cc90. Direct original-build import; no retail equivalence or prototype inferred.
0009cca4	CON_setAttr_	recovered	DREAMS.EXE embedded Watcom v3 code symbol; byte-identical import SHA256 45d00510f993d321d2288b0791a96297893de9e5e0dc24d36246e41e144008ce; tools/watcom_debug.py; tools/register_watcom_debug.py	size:6	Original module: C:\SCITECH\SRC\UNIVBE\CONSOLE.C. Symbol object 1 offset 0008cca4. Direct original-build import; no retail equivalence or prototype inferred.
0009ccac	CON_getAttr_	recovered	DREAMS.EXE embedded Watcom v3 code symbol; byte-identical import SHA256 45d00510f993d321d2288b0791a96297893de9e5e0dc24d36246e41e144008ce; tools/watcom_debug.py; tools/register_watcom_debug.py	size:6	Original module: C:\SCITECH\SRC\UNIVBE\CONSOLE.C. Symbol object 1 offset 0008ccac. Direct original-build import; no retail equivalence or prototype inferred.
0009ccb4	CON_setBackColor_	recovered	DREAMS.EXE embedded Watcom v3 code symbol; byte-identical import SHA256 45d00510f993d321d2288b0791a96297893de9e5e0dc24d36246e41e144008ce; tools/watcom_debug.py; tools/register_watcom_debug.py	size:26	Original module: C:\SCITECH\SRC\UNIVBE\CONSOLE.C. Symbol object 1 offset 0008ccb4. Direct original-build import; no retail equivalence or prototype inferred.
0009ccd0	CON_setForeColor_	recovered	DREAMS.EXE embedded Watcom v3 code symbol; byte-identical import SHA256 45d00510f993d321d2288b0791a96297893de9e5e0dc24d36246e41e144008ce; tools/watcom_debug.py; tools/register_watcom_debug.py	size:26	Original module: C:\SCITECH\SRC\UNIVBE\CONSOLE.C. Symbol object 1 offset 0008ccd0. Direct original-build import; no retail equivalence or prototype inferred.
0009ccec	CON_wherex_	recovered	DREAMS.EXE embedded Watcom v3 code symbol; byte-identical import SHA256 45d00510f993d321d2288b0791a96297893de9e5e0dc24d36246e41e144008ce; tools/watcom_debug.py; tools/register_watcom_debug.py	size:11	Original module: C:\SCITECH\SRC\UNIVBE\CONSOLE.C. Symbol object 1 offset 0008ccec. Direct original-build import; no retail equivalence or prototype inferred.
0009ccf8	CON_wherey_	recovered	DREAMS.EXE embedded Watcom v3 code symbol; byte-identical import SHA256 45d00510f993d321d2288b0791a96297893de9e5e0dc24d36246e41e144008ce; tools/watcom_debug.py; tools/register_watcom_debug.py	size:11	Original module: C:\SCITECH\SRC\UNIVBE\CONSOLE.C. Symbol object 1 offset 0008ccf8. Direct original-build import; no retail equivalence or prototype inferred.
0009cd04	CON_screenWidth_	recovered	DREAMS.EXE embedded Watcom v3 code symbol; byte-identical import SHA256 45d00510f993d321d2288b0791a96297893de9e5e0dc24d36246e41e144008ce; tools/watcom_debug.py; tools/register_watcom_debug.py	size:6	Original module: C:\SCITECH\SRC\UNIVBE\CONSOLE.C. Symbol object 1 offset 0008cd04. Direct original-build import; no retail equivalence or prototype inferred.
0009cd0c	CON_screenHeight_	recovered	DREAMS.EXE embedded Watcom v3 code symbol; byte-identical import SHA256 45d00510f993d321d2288b0791a96297893de9e5e0dc24d36246e41e144008ce; tools/watcom_debug.py; tools/register_watcom_debug.py	size:6	Original module: C:\SCITECH\SRC\UNIVBE\CONSOLE.C. Symbol object 1 offset 0008cd0c. Direct original-build import; no retail equivalence or prototype inferred.
0009cd14	CON_setCursor_	recovered	DREAMS.EXE embedded Watcom v3 code symbol; byte-identical import SHA256 45d00510f993d321d2288b0791a96297893de9e5e0dc24d36246e41e144008ce; tools/watcom_debug.py; tools/register_watcom_debug.py	size:68	Original module: C:\SCITECH\SRC\UNIVBE\CONSOLE.C. Symbol object 1 offset 0008cd14. Direct original-build import; no retail equivalence or prototype inferred.
0009cd58	CON_cursorOff_	recovered	DREAMS.EXE embedded Watcom v3 code symbol; byte-identical import SHA256 45d00510f993d321d2288b0791a96297893de9e5e0dc24d36246e41e144008ce; tools/watcom_debug.py; tools/register_watcom_debug.py	size:40	Original module: C:\SCITECH\SRC\UNIVBE\CONSOLE.C. Symbol object 1 offset 0008cd58. Direct original-build import; no retail equivalence or prototype inferred.
0009cd80	CON_restoreCursor_	recovered	DREAMS.EXE embedded Watcom v3 code symbol; byte-identical import SHA256 45d00510f993d321d2288b0791a96297893de9e5e0dc24d36246e41e144008ce; tools/watcom_debug.py; tools/register_watcom_debug.py	size:36	Original module: C:\SCITECH\SRC\UNIVBE\CONSOLE.C. Symbol object 1 offset 0008cd80. Direct original-build import; no retail equivalence or prototype inferred.
0009cda4	CON_getCursor_	recovered	DREAMS.EXE embedded Watcom v3 code symbol; byte-identical import SHA256 45d00510f993d321d2288b0791a96297893de9e5e0dc24d36246e41e144008ce; tools/watcom_debug.py; tools/register_watcom_debug.py	size:37	Original module: C:\SCITECH\SRC\UNIVBE\CONSOLE.C. Symbol object 1 offset 0008cda4. Direct original-build import; no retail equivalence or prototype inferred.
0009cdcc	CON_setActivePage_	recovered	DREAMS.EXE embedded Watcom v3 code symbol; byte-identical import SHA256 45d00510f993d321d2288b0791a96297893de9e5e0dc24d36246e41e144008ce; tools/watcom_debug.py; tools/register_watcom_debug.py	size:194	Original module: C:\SCITECH\SRC\UNIVBE\CONSOLE.C. Symbol object 1 offset 0008cdcc. Direct original-build import; no retail equivalence or prototype inferred.
0009ce90	CON_getActivePage_	recovered	DREAMS.EXE embedded Watcom v3 code symbol; byte-identical import SHA256 45d00510f993d321d2288b0791a96297893de9e5e0dc24d36246e41e144008ce; tools/watcom_debug.py; tools/register_watcom_debug.py	size:6	Original module: C:\SCITECH\SRC\UNIVBE\CONSOLE.C. Symbol object 1 offset 0008ce90. Direct original-build import; no retail equivalence or prototype inferred.
0009ce98	CON_setVisualPage_	recovered	DREAMS.EXE embedded Watcom v3 code symbol; byte-identical import SHA256 45d00510f993d321d2288b0791a96297893de9e5e0dc24d36246e41e144008ce; tools/watcom_debug.py; tools/register_watcom_debug.py	size:51	Original module: C:\SCITECH\SRC\UNIVBE\CONSOLE.C. Symbol object 1 offset 0008ce98. Direct original-build import; no retail equivalence or prototype inferred.
0009cecc	CON_getVisualPage_	recovered	DREAMS.EXE embedded Watcom v3 code symbol; byte-identical import SHA256 45d00510f993d321d2288b0791a96297893de9e5e0dc24d36246e41e144008ce; tools/watcom_debug.py; tools/register_watcom_debug.py	size:6	Original module: C:\SCITECH\SRC\UNIVBE\CONSOLE.C. Symbol object 1 offset 0008cecc. Direct original-build import; no retail equivalence or prototype inferred.
0009ced4	CON_isMonoMode_	recovered	DREAMS.EXE embedded Watcom v3 code symbol; byte-identical import SHA256 45d00510f993d321d2288b0791a96297893de9e5e0dc24d36246e41e144008ce; tools/watcom_debug.py; tools/register_watcom_debug.py	size:32	Original module: C:\SCITECH\SRC\UNIVBE\CONSOLE.C. Symbol object 1 offset 0008ced4. Direct original-build import; no retail equivalence or prototype inferred.
0009cef4	spawnl_	recovered	DREAMS.EXE embedded Watcom v3 code symbol; byte-identical import SHA256 45d00510f993d321d2288b0791a96297893de9e5e0dc24d36246e41e144008ce; tools/watcom_debug.py; tools/register_watcom_debug.py	size:30	Original module: spl. Symbol object 1 offset 0008cef4. Direct original-build import; no retail equivalence or prototype inferred.
0009cf12	unlink_	recovered	DREAMS.EXE embedded Watcom v3 code symbol; byte-identical import SHA256 45d00510f993d321d2288b0791a96297893de9e5e0dc24d36246e41e144008ce; tools/watcom_debug.py; tools/register_watcom_debug.py	size:33	Original module: unlnk. Symbol object 1 offset 0008cf12. Direct original-build import; no retail equivalence or prototype inferred.
0009cf33	strrchr_	recovered	DREAMS.EXE embedded Watcom v3 code symbol; byte-identical import SHA256 45d00510f993d321d2288b0791a96297893de9e5e0dc24d36246e41e144008ce; tools/watcom_debug.py; tools/register_watcom_debug.py	size:26	Original module: strrchr. Symbol object 1 offset 0008cf33. Direct original-build import; no retail equivalence or prototype inferred.
0009cf50	_start_time	recovered	DREAMS.EXE embedded Watcom v3 code symbol; byte-identical import SHA256 45d00510f993d321d2288b0791a96297893de9e5e0dc24d36246e41e144008ce; tools/watcom_debug.py; tools/register_watcom_debug.py	size:23	Original module: cpu.asm. Symbol object 1 offset 0008cf50. Direct original-build import; no retail equivalence or prototype inferred.
0009cf67	_end_time	recovered	DREAMS.EXE embedded Watcom v3 code symbol; byte-identical import SHA256 45d00510f993d321d2288b0791a96297893de9e5e0dc24d36246e41e144008ce; tools/watcom_debug.py; tools/register_watcom_debug.py	size:48	Original module: cpu.asm. Symbol object 1 offset 0008cf67. Direct original-build import; no retail equivalence or prototype inferred.
0009cf97	get_time_	recovered	DREAMS.EXE embedded Watcom v3 code symbol; byte-identical import SHA256 45d00510f993d321d2288b0791a96297893de9e5e0dc24d36246e41e144008ce; tools/watcom_debug.py; tools/register_watcom_debug.py	size:24	Original module: cpu.asm. Symbol object 1 offset 0008cf97. Direct original-build import; no retail equivalence or prototype inferred.
0009cfaf	vbl_	recovered	DREAMS.EXE embedded Watcom v3 code symbol; byte-identical import SHA256 45d00510f993d321d2288b0791a96297893de9e5e0dc24d36246e41e144008ce; tools/watcom_debug.py; tools/register_watcom_debug.py	size:17	Original module: cpu.asm. Symbol object 1 offset 0008cfaf. Direct original-build import; no retail equivalence or prototype inferred.
0009d0eb	_InstallFaultHandler	recovered	DREAMS.EXE embedded Watcom v3 code symbol; byte-identical import SHA256 45d00510f993d321d2288b0791a96297893de9e5e0dc24d36246e41e144008ce; tools/watcom_debug.py; tools/register_watcom_debug.py	size:100	Original module: _vflat.asm. Symbol object 1 offset 0008d0eb. Direct original-build import; no retail equivalence or prototype inferred.
0009d14f	_RemoveFaultHandler	recovered	DREAMS.EXE embedded Watcom v3 code symbol; byte-identical import SHA256 45d00510f993d321d2288b0791a96297893de9e5e0dc24d36246e41e144008ce; tools/watcom_debug.py; tools/register_watcom_debug.py	size:52	Original module: _vflat.asm. Symbol object 1 offset 0008d14f. Direct original-build import; no retail equivalence or prototype inferred.
0009d183	_InstallBankFunc	recovered	DREAMS.EXE embedded Watcom v3 code symbol; byte-identical import SHA256 45d00510f993d321d2288b0791a96297893de9e5e0dc24d36246e41e144008ce; tools/watcom_debug.py; tools/register_watcom_debug.py	size:28	Original module: _vflat.asm. Symbol object 1 offset 0008d183. Direct original-build import; no retail equivalence or prototype inferred.
0009d19f	_InitPaging	recovered	DREAMS.EXE embedded Watcom v3 code symbol; byte-identical import SHA256 45d00510f993d321d2288b0791a96297893de9e5e0dc24d36246e41e144008ce; tools/watcom_debug.py; tools/register_watcom_debug.py	size:249	Original module: _vflat.asm. Symbol object 1 offset 0008d19f. Direct original-build import; no retail equivalence or prototype inferred.
0009d298	_ClosePaging	recovered	DREAMS.EXE embedded Watcom v3 code symbol; byte-identical import SHA256 45d00510f993d321d2288b0791a96297893de9e5e0dc24d36246e41e144008ce; tools/watcom_debug.py; tools/register_watcom_debug.py	size:40	Original module: _vflat.asm. Symbol object 1 offset 0008d298. Direct original-build import; no retail equivalence or prototype inferred.
0009d355	_MapPhysical2Linear	recovered	DREAMS.EXE embedded Watcom v3 code symbol; byte-identical import SHA256 45d00510f993d321d2288b0791a96297893de9e5e0dc24d36246e41e144008ce; tools/watcom_debug.py; tools/register_watcom_debug.py	size:163	Original module: _vflat.asm. Symbol object 1 offset 0008d355. Direct original-build import; no retail equivalence or prototype inferred.
0009d3f8	_no_support_loaded_	recovered	DREAMS.EXE embedded Watcom v3 code symbol; byte-identical import SHA256 45d00510f993d321d2288b0791a96297893de9e5e0dc24d36246e41e144008ce; tools/watcom_debug.py; tools/register_watcom_debug.py	size:1	Original module: noefgfmt. Symbol object 1 offset 0008d3f8. Direct original-build import; no retail equivalence or prototype inferred.
0009d42f	ultoa_	recovered	DREAMS.EXE embedded Watcom v3 code symbol; byte-identical import SHA256 45d00510f993d321d2288b0791a96297893de9e5e0dc24d36246e41e144008ce; tools/watcom_debug.py; tools/register_watcom_debug.py	size:74	Original module: ltoa. Symbol object 1 offset 0008d42f. Direct original-build import; no retail equivalence or prototype inferred.
0009d4a2	__InitFiles_	recovered	DREAMS.EXE embedded Watcom v3 code symbol; byte-identical import SHA256 45d00510f993d321d2288b0791a96297893de9e5e0dc24d36246e41e144008ce; tools/watcom_debug.py; tools/register_watcom_debug.py	size:119	Original module: initfile. Symbol object 1 offset 0008d4a2. Direct original-build import; no retail equivalence or prototype inferred.
0009d519	__full_io_exit_	recovered	DREAMS.EXE embedded Watcom v3 code symbol; byte-identical import SHA256 45d00510f993d321d2288b0791a96297893de9e5e0dc24d36246e41e144008ce; tools/watcom_debug.py; tools/register_watcom_debug.py	size:12	Original module: ioexit. Symbol object 1 offset 0008d519. Direct original-build import; no retail equivalence or prototype inferred.
0009d525	fcloseall_	recovered	DREAMS.EXE embedded Watcom v3 code symbol; byte-identical import SHA256 45d00510f993d321d2288b0791a96297893de9e5e0dc24d36246e41e144008ce; tools/watcom_debug.py; tools/register_watcom_debug.py	size:93	Original module: ioexit. Symbol object 1 offset 0008d525. Direct original-build import; no retail equivalence or prototype inferred.
0009d582	__CommonInit_	recovered	DREAMS.EXE embedded Watcom v3 code symbol; byte-identical import SHA256 45d00510f993d321d2288b0791a96297893de9e5e0dc24d36246e41e144008ce; tools/watcom_debug.py; tools/register_watcom_debug.py	size:105	Original module: cinit. Symbol object 1 offset 0008d582. Direct original-build import; no retail equivalence or prototype inferred.
0009d5eb	_EFG_Format_	recovered	DREAMS.EXE embedded Watcom v3 code symbol; byte-identical import SHA256 45d00510f993d321d2288b0791a96297893de9e5e0dc24d36246e41e144008ce; tools/watcom_debug.py; tools/register_watcom_debug.py	size:234	Original module: efgfmt. Symbol object 1 offset 0008d5eb. Direct original-build import; no retail equivalence or prototype inferred.
0009d6d5	forcedecpt_	recovered	DREAMS.EXE embedded Watcom v3 code symbol; byte-identical import SHA256 45d00510f993d321d2288b0791a96297893de9e5e0dc24d36246e41e144008ce; tools/watcom_debug.py; tools/register_watcom_debug.py	size:95	Original module: efgfmt. Symbol object 1 offset 0008d6d5. Direct original-build import; no retail equivalence or prototype inferred.
0009d734	__cnvs2d_	recovered	DREAMS.EXE embedded Watcom v3 code symbol; byte-identical import SHA256 45d00510f993d321d2288b0791a96297893de9e5e0dc24d36246e41e144008ce; tools/watcom_debug.py; tools/register_watcom_debug.py	size:14	Original module: cnvs2d. Symbol object 1 offset 0008d734. Direct original-build import; no retail equivalence or prototype inferred.
0009dabc	__int7_pl3	recovered	DREAMS.EXE embedded Watcom v3 code symbol; byte-identical import SHA256 45d00510f993d321d2288b0791a96297893de9e5e0dc24d36246e41e144008ce; tools/watcom_debug.py; tools/register_watcom_debug.py	size:33	Original module: emu387. Symbol object 1 offset 0008dabc. Direct original-build import; no retail equivalence or prototype inferred.
0009dae0	__int7_X32VM	recovered	DREAMS.EXE embedded Watcom v3 code symbol; byte-identical import SHA256 45d00510f993d321d2288b0791a96297893de9e5e0dc24d36246e41e144008ce; tools/watcom_debug.py; tools/register_watcom_debug.py	size:74	Original module: emu387. Symbol object 1 offset 0008dae0. Direct original-build import; no retail equivalence or prototype inferred.
0009db2c	__int7	recovered	DREAMS.EXE embedded Watcom v3 code symbol; byte-identical import SHA256 45d00510f993d321d2288b0791a96297893de9e5e0dc24d36246e41e144008ce; tools/watcom_debug.py; tools/register_watcom_debug.py	size:35	Original module: emu387. Symbol object 1 offset 0008db2c. Direct original-build import; no retail equivalence or prototype inferred.
000a096a	__hook387	recovered	DREAMS.EXE embedded Watcom v3 code symbol; byte-identical import SHA256 45d00510f993d321d2288b0791a96297893de9e5e0dc24d36246e41e144008ce; tools/watcom_debug.py; tools/register_watcom_debug.py	size:212	Original module: hook387. Symbol object 1 offset 0009096a. Direct original-build import; no retail equivalence or prototype inferred.
000a0a3e	__unhook387	recovered	DREAMS.EXE embedded Watcom v3 code symbol; byte-identical import SHA256 45d00510f993d321d2288b0791a96297893de9e5e0dc24d36246e41e144008ce; tools/watcom_debug.py; tools/register_watcom_debug.py	size:89	Original module: hook387. Symbol object 1 offset 00090a3e. Direct original-build import; no retail equivalence or prototype inferred.
000a0a97	_do_nothing_	recovered	DREAMS.EXE embedded Watcom v3 code symbol; byte-identical import SHA256 45d00510f993d321d2288b0791a96297893de9e5e0dc24d36246e41e144008ce; tools/watcom_debug.py; tools/register_watcom_debug.py	size:1	Original module: save8087. Symbol object 1 offset 00090a97. Direct original-build import; no retail equivalence or prototype inferred.
000a0a98	__init_80x87	recovered	DREAMS.EXE embedded Watcom v3 code symbol; byte-identical import SHA256 45d00510f993d321d2288b0791a96297893de9e5e0dc24d36246e41e144008ce; tools/watcom_debug.py; tools/register_watcom_debug.py	size:39	Original module: ini87386. Symbol object 1 offset 00090a98. Direct original-build import; no retail equivalence or prototype inferred.
000a0aea	atan_	recovered	DREAMS.EXE embedded Watcom v3 code symbol; byte-identical import SHA256 45d00510f993d321d2288b0791a96297893de9e5e0dc24d36246e41e144008ce; tools/watcom_debug.py; tools/register_watcom_debug.py	size:12	Original module: atan387. Symbol object 1 offset 00090aea. Direct original-build import; no retail equivalence or prototype inferred.
000a0af6	atan2_	recovered	DREAMS.EXE embedded Watcom v3 code symbol; byte-identical import SHA256 45d00510f993d321d2288b0791a96297893de9e5e0dc24d36246e41e144008ce; tools/watcom_debug.py; tools/register_watcom_debug.py	size:16	Original module: atan387. Symbol object 1 offset 00090af6. Direct original-build import; no retail equivalence or prototype inferred.
000a0b06	sqrt_	recovered	DREAMS.EXE embedded Watcom v3 code symbol; byte-identical import SHA256 45d00510f993d321d2288b0791a96297893de9e5e0dc24d36246e41e144008ce; tools/watcom_debug.py; tools/register_watcom_debug.py	size:48	Original module: sqrt387. Symbol object 1 offset 00090b06. Direct original-build import; no retail equivalence or prototype inferred.
000a0b38	__@DSQRT	recovered	DREAMS.EXE embedded Watcom v3 code symbol; byte-identical import SHA256 45d00510f993d321d2288b0791a96297893de9e5e0dc24d36246e41e144008ce; tools/watcom_debug.py; tools/register_watcom_debug.py	size:53	Original module: sqrt387. Symbol object 1 offset 00090b38. Direct original-build import; no retail equivalence or prototype inferred.
000a0b6e	__pow87_err_	recovered	DREAMS.EXE embedded Watcom v3 code symbol; byte-identical import SHA256 45d00510f993d321d2288b0791a96297893de9e5e0dc24d36246e41e144008ce; tools/watcom_debug.py; tools/register_watcom_debug.py	size:137	Original module: pow87e. Symbol object 1 offset 00090b6e. Direct original-build import; no retail equivalence or prototype inferred.
000a0bf8	__@DEXP1	recovered	DREAMS.EXE embedded Watcom v3 code symbol; byte-identical import SHA256 45d00510f993d321d2288b0791a96297893de9e5e0dc24d36246e41e144008ce; tools/watcom_debug.py; tools/register_watcom_debug.py	size:8	Original module: exp387. Symbol object 1 offset 00090bf8. Direct original-build import; no retail equivalence or prototype inferred.
000a0c02	__@DEXP	recovered	DREAMS.EXE embedded Watcom v3 code symbol; byte-identical import SHA256 45d00510f993d321d2288b0791a96297893de9e5e0dc24d36246e41e144008ce; tools/watcom_debug.py; tools/register_watcom_debug.py	size:96	Original module: exp387. Symbol object 1 offset 00090c02. Direct original-build import; no retail equivalence or prototype inferred.
000a0c62	exp_	recovered	DREAMS.EXE embedded Watcom v3 code symbol; byte-identical import SHA256 45d00510f993d321d2288b0791a96297893de9e5e0dc24d36246e41e144008ce; tools/watcom_debug.py; tools/register_watcom_debug.py	size:12	Original module: exp387. Symbol object 1 offset 00090c62. Direct original-build import; no retail equivalence or prototype inferred.
000a0c70	fdiv_main_routine	recovered	DREAMS.EXE embedded Watcom v3 code symbol; byte-identical import SHA256 45d00510f993d321d2288b0791a96297893de9e5e0dc24d36246e41e144008ce; tools/watcom_debug.py; tools/register_watcom_debug.py	size:279	Original module: chipd32. Symbol object 1 offset 00090c70. Direct original-build import; no retail equivalence or prototype inferred.
000a0d87	__fdiv_fpr	recovered	DREAMS.EXE embedded Watcom v3 code symbol; byte-identical import SHA256 45d00510f993d321d2288b0791a96297893de9e5e0dc24d36246e41e144008ce; tools/watcom_debug.py; tools/register_watcom_debug.py	size:10	Original module: chipd32. Symbol object 1 offset 00090d87. Direct original-build import; no retail equivalence or prototype inferred.
000a1223	__fdivp_sti_st	recovered	DREAMS.EXE embedded Watcom v3 code symbol; byte-identical import SHA256 45d00510f993d321d2288b0791a96297893de9e5e0dc24d36246e41e144008ce; tools/watcom_debug.py; tools/register_watcom_debug.py	size:19	Original module: chipd32. Symbol object 1 offset 00091223. Direct original-build import; no retail equivalence or prototype inferred.
000a1236	__fdivrp_sti_st	recovered	DREAMS.EXE embedded Watcom v3 code symbol; byte-identical import SHA256 45d00510f993d321d2288b0791a96297893de9e5e0dc24d36246e41e144008ce; tools/watcom_debug.py; tools/register_watcom_debug.py	size:19	Original module: chipd32. Symbol object 1 offset 00091236. Direct original-build import; no retail equivalence or prototype inferred.
000a1249	__fdiv_chk	recovered	DREAMS.EXE embedded Watcom v3 code symbol; byte-identical import SHA256 45d00510f993d321d2288b0791a96297893de9e5e0dc24d36246e41e144008ce; tools/watcom_debug.py; tools/register_watcom_debug.py	size:19	Original module: chipd32. Symbol object 1 offset 00091249. Direct original-build import; no retail equivalence or prototype inferred.
000a125c	__fdiv_m32	recovered	DREAMS.EXE embedded Watcom v3 code symbol; byte-identical import SHA256 45d00510f993d321d2288b0791a96297893de9e5e0dc24d36246e41e144008ce; tools/watcom_debug.py; tools/register_watcom_debug.py	size:76	Original module: chipd32. Symbol object 1 offset 0009125c. Direct original-build import; no retail equivalence or prototype inferred.
000a12a8	__fdiv_m64	recovered	DREAMS.EXE embedded Watcom v3 code symbol; byte-identical import SHA256 45d00510f993d321d2288b0791a96297893de9e5e0dc24d36246e41e144008ce; tools/watcom_debug.py; tools/register_watcom_debug.py	size:76	Original module: chipd32. Symbol object 1 offset 000912a8. Direct original-build import; no retail equivalence or prototype inferred.
000a12f4	__fdiv_m32r	recovered	DREAMS.EXE embedded Watcom v3 code symbol; byte-identical import SHA256 45d00510f993d321d2288b0791a96297893de9e5e0dc24d36246e41e144008ce; tools/watcom_debug.py; tools/register_watcom_debug.py	size:76	Original module: chipd32. Symbol object 1 offset 000912f4. Direct original-build import; no retail equivalence or prototype inferred.
000a1340	__fdiv_m64r	recovered	DREAMS.EXE embedded Watcom v3 code symbol; byte-identical import SHA256 45d00510f993d321d2288b0791a96297893de9e5e0dc24d36246e41e144008ce; tools/watcom_debug.py; tools/register_watcom_debug.py	size:76	Original module: chipd32. Symbol object 1 offset 00091340. Direct original-build import; no retail equivalence or prototype inferred.
000a138c	_mbgetcode_	recovered	DREAMS.EXE embedded Watcom v3 code symbol; byte-identical import SHA256 45d00510f993d321d2288b0791a96297893de9e5e0dc24d36246e41e144008ce; tools/watcom_debug.py; tools/register_watcom_debug.py	size:109	Original module: mbsinc. Symbol object 1 offset 0009138c. Direct original-build import; no retail equivalence or prototype inferred.
000a13f9	_mbsnextc_	recovered	DREAMS.EXE embedded Watcom v3 code symbol; byte-identical import SHA256 45d00510f993d321d2288b0791a96297893de9e5e0dc24d36246e41e144008ce; tools/watcom_debug.py; tools/register_watcom_debug.py	size:82	Original module: mbsinc. Symbol object 1 offset 000913f9. Direct original-build import; no retail equivalence or prototype inferred.
000a144b	_mbsinc_	recovered	DREAMS.EXE embedded Watcom v3 code symbol; byte-identical import SHA256 45d00510f993d321d2288b0791a96297893de9e5e0dc24d36246e41e144008ce; tools/watcom_debug.py; tools/register_watcom_debug.py	size:70	Original module: mbsinc. Symbol object 1 offset 0009144b. Direct original-build import; no retail equivalence or prototype inferred.
000a1491	_mbsdec_	recovered	DREAMS.EXE embedded Watcom v3 code symbol; byte-identical import SHA256 45d00510f993d321d2288b0791a96297893de9e5e0dc24d36246e41e144008ce; tools/watcom_debug.py; tools/register_watcom_debug.py	size:134	Original module: mbsinc. Symbol object 1 offset 00091491. Direct original-build import; no retail equivalence or prototype inferred.
000a1517	strncat_	recovered	DREAMS.EXE embedded Watcom v3 code symbol; byte-identical import SHA256 45d00510f993d321d2288b0791a96297893de9e5e0dc24d36246e41e144008ce; tools/watcom_debug.py; tools/register_watcom_debug.py	size:63	Original module: strncat. Symbol object 1 offset 00091517. Direct original-build import; no retail equivalence or prototype inferred.
000a155b	init_	recovered	DREAMS.EXE embedded Watcom v3 code symbol; byte-identical import SHA256 45d00510f993d321d2288b0791a96297893de9e5e0dc24d36246e41e144008ce; tools/watcom_debug.py; tools/register_watcom_debug.py	size:244	Original module: inirmsel. Symbol object 1 offset 0009155b. Direct original-build import; no retail equivalence or prototype inferred.
000a164f	fini_	recovered	DREAMS.EXE embedded Watcom v3 code symbol; byte-identical import SHA256 45d00510f993d321d2288b0791a96297893de9e5e0dc24d36246e41e144008ce; tools/watcom_debug.py; tools/register_watcom_debug.py	size:40	Original module: inirmsel. Symbol object 1 offset 0009164f. Direct original-build import; no retail equivalence or prototype inferred.
000a168a	_Display_FL	recovered	DREAMS.EXE embedded Watcom v3 code symbol; byte-identical import SHA256 45d00510f993d321d2288b0791a96297893de9e5e0dc24d36246e41e144008ce; tools/watcom_debug.py; tools/register_watcom_debug.py	size:55	Original module: 3D_FL.asm. Symbol object 1 offset 0009168a. Direct original-build import; no retail equivalence or prototype inferred.
000a16c1	_Display_FL_Ombre	recovered	DREAMS.EXE embedded Watcom v3 code symbol; byte-identical import SHA256 45d00510f993d321d2288b0791a96297893de9e5e0dc24d36246e41e144008ce; tools/watcom_debug.py; tools/register_watcom_debug.py	size:14	Original module: 3D_FL.asm. Symbol object 1 offset 000916c1. Direct original-build import; no retail equivalence or prototype inferred.
000a16d0	_Display_LN	recovered	DREAMS.EXE embedded Watcom v3 code symbol; byte-identical import SHA256 45d00510f993d321d2288b0791a96297893de9e5e0dc24d36246e41e144008ce; tools/watcom_debug.py; tools/register_watcom_debug.py	size:687	Original module: 3D_LN.asm. Symbol object 1 offset 000916d0. Direct original-build import; no retail equivalence or prototype inferred.
000a1980	_Display_EX	recovered	DREAMS.EXE embedded Watcom v3 code symbol; byte-identical import SHA256 45d00510f993d321d2288b0791a96297893de9e5e0dc24d36246e41e144008ce; tools/watcom_debug.py; tools/register_watcom_debug.py	size:4105	Original module: 3D_EX.asm. Symbol object 1 offset 00091980. Direct original-build import; no retail equivalence or prototype inferred.
000a2990	_Display_EX_tilling	recovered	DREAMS.EXE embedded Watcom v3 code symbol; byte-identical import SHA256 45d00510f993d321d2288b0791a96297893de9e5e0dc24d36246e41e144008ce; tools/watcom_debug.py; tools/register_watcom_debug.py	size:3762	Original module: 3D_extil.asm. Symbol object 1 offset 00092990. Direct original-build import; no retail equivalence or prototype inferred.
000a3850	_Display_LN_OP	recovered	DREAMS.EXE embedded Watcom v3 code symbol; byte-identical import SHA256 45d00510f993d321d2288b0791a96297893de9e5e0dc24d36246e41e144008ce; tools/watcom_debug.py; tools/register_watcom_debug.py	size:863	Original module: 3D_LNOP.asm. Symbol object 1 offset 00093850. Direct original-build import; no retail equivalence or prototype inferred.
000a3ec0	_Display_EX_op	recovered	DREAMS.EXE embedded Watcom v3 code symbol; byte-identical import SHA256 45d00510f993d321d2288b0791a96297893de9e5e0dc24d36246e41e144008ce; tools/watcom_debug.py; tools/register_watcom_debug.py	size:2066	Original module: 3D_EXOP.asm. Symbol object 1 offset 00093ec0. Direct original-build import; no retail equivalence or prototype inferred.
000a4d60	_Display_FL_T50	recovered	DREAMS.EXE embedded Watcom v3 code symbol; byte-identical import SHA256 45d00510f993d321d2288b0791a96297893de9e5e0dc24d36246e41e144008ce; tools/watcom_debug.py; tools/register_watcom_debug.py	size:122	Original module: 3D_FLT50.asm. Symbol object 1 offset 00094d60. Direct original-build import; no retail equivalence or prototype inferred.
000a4de0	_Display_LN_T50	recovered	DREAMS.EXE embedded Watcom v3 code symbol; byte-identical import SHA256 45d00510f993d321d2288b0791a96297893de9e5e0dc24d36246e41e144008ce; tools/watcom_debug.py; tools/register_watcom_debug.py	size:832	Original module: 3D_lnt50.asm. Symbol object 1 offset 00094de0. Direct original-build import; no retail equivalence or prototype inferred.
000a5120	_Display_EX_T50	recovered	DREAMS.EXE embedded Watcom v3 code symbol; byte-identical import SHA256 45d00510f993d321d2288b0791a96297893de9e5e0dc24d36246e41e144008ce; tools/watcom_debug.py; tools/register_watcom_debug.py	size:5870	Original module: 3D_EXT50.asm. Symbol object 1 offset 00095120. Direct original-build import; no retail equivalence or prototype inferred.
000a6810	_Display_EX_T50_tilling	recovered	DREAMS.EXE embedded Watcom v3 code symbol; byte-identical import SHA256 45d00510f993d321d2288b0791a96297893de9e5e0dc24d36246e41e144008ce; tools/watcom_debug.py; tools/register_watcom_debug.py	size:5095	Original module: 3D_ett50.asm. Symbol object 1 offset 00096810. Direct original-build import; no retail equivalence or prototype inferred.
000a7c00	_Display_FL_Tvar	recovered	DREAMS.EXE embedded Watcom v3 code symbol; byte-identical import SHA256 45d00510f993d321d2288b0791a96297893de9e5e0dc24d36246e41e144008ce; tools/watcom_debug.py; tools/register_watcom_debug.py	size:119	Original module: 3D_fltvr.asm. Symbol object 1 offset 00097c00. Direct original-build import; no retail equivalence or prototype inferred.
000a7c80	_Display_LN_Tvar	recovered	DREAMS.EXE embedded Watcom v3 code symbol; byte-identical import SHA256 45d00510f993d321d2288b0791a96297893de9e5e0dc24d36246e41e144008ce; tools/watcom_debug.py; tools/register_watcom_debug.py	size:315	Original module: 3D_lntvr.asm. Symbol object 1 offset 00097c80. Direct original-build import; no retail equivalence or prototype inferred.
000a7dc0	_Display_EX_Tvar	recovered	DREAMS.EXE embedded Watcom v3 code symbol; byte-identical import SHA256 45d00510f993d321d2288b0791a96297893de9e5e0dc24d36246e41e144008ce; tools/watcom_debug.py; tools/register_watcom_debug.py	size:5411	Original module: 3D_extvr.asm. Symbol object 1 offset 00097dc0. Direct original-build import; no retail equivalence or prototype inferred.
000a92f0	_Display_LN_Alpha	recovered	DREAMS.EXE embedded Watcom v3 code symbol; byte-identical import SHA256 45d00510f993d321d2288b0791a96297893de9e5e0dc24d36246e41e144008ce; tools/watcom_debug.py; tools/register_watcom_debug.py	size:337	Original module: 3D_lnalf.asm. Symbol object 1 offset 000992f0. Direct original-build import; no retail equivalence or prototype inferred.
000a9450	_Display_EX_Alpha	recovered	DREAMS.EXE embedded Watcom v3 code symbol; byte-identical import SHA256 45d00510f993d321d2288b0791a96297893de9e5e0dc24d36246e41e144008ce; tools/watcom_debug.py; tools/register_watcom_debug.py	size:5604	Original module: 3D_exalf.asm. Symbol object 1 offset 00099450. Direct original-build import; no retail equivalence or prototype inferred.
000aaa40	_Display_BK_Clear	recovered	DREAMS.EXE embedded Watcom v3 code symbol; byte-identical import SHA256 45d00510f993d321d2288b0791a96297893de9e5e0dc24d36246e41e144008ce; tools/watcom_debug.py; tools/register_watcom_debug.py	size:49	Original module: 3D_BK.asm. Symbol object 1 offset 0009aa40. Direct original-build import; no retail equivalence or prototype inferred.
000aaa73	_Display_BK_Bitmap	recovered	DREAMS.EXE embedded Watcom v3 code symbol; byte-identical import SHA256 45d00510f993d321d2288b0791a96297893de9e5e0dc24d36246e41e144008ce; tools/watcom_debug.py; tools/register_watcom_debug.py	size:62	Original module: 3D_BK.asm. Symbol object 1 offset 0009aa73. Direct original-build import; no retail equivalence or prototype inferred.
000aaac0	_Display_FL8	recovered	DREAMS.EXE embedded Watcom v3 code symbol; byte-identical import SHA256 45d00510f993d321d2288b0791a96297893de9e5e0dc24d36246e41e144008ce; tools/watcom_debug.py; tools/register_watcom_debug.py	size:21	Original module: 3D_fl8.asm. Symbol object 1 offset 0009aac0. Direct original-build import; no retail equivalence or prototype inferred.
000aaae0	_Display_LN8	recovered	DREAMS.EXE embedded Watcom v3 code symbol; byte-identical import SHA256 45d00510f993d321d2288b0791a96297893de9e5e0dc24d36246e41e144008ce; tools/watcom_debug.py; tools/register_watcom_debug.py	size:181	Original module: 3D_ln8.asm. Symbol object 1 offset 0009aae0. Direct original-build import; no retail equivalence or prototype inferred.
000aaba0	_Display_EX8	recovered	DREAMS.EXE embedded Watcom v3 code symbol; byte-identical import SHA256 45d00510f993d321d2288b0791a96297893de9e5e0dc24d36246e41e144008ce; tools/watcom_debug.py; tools/register_watcom_debug.py	size:1770	Original module: 3D_ex8.asm. Symbol object 1 offset 0009aba0. Direct original-build import; no retail equivalence or prototype inferred.
000ab290	_Display_BK8	recovered	DREAMS.EXE embedded Watcom v3 code symbol; byte-identical import SHA256 45d00510f993d321d2288b0791a96297893de9e5e0dc24d36246e41e144008ce; tools/watcom_debug.py; tools/register_watcom_debug.py	size:8	Original module: 3D_bk8.asm. Symbol object 1 offset 0009b290. Direct original-build import; no retail equivalence or prototype inferred.
000ab2a0	_Display_EX_mip	recovered	DREAMS.EXE embedded Watcom v3 code symbol; byte-identical import SHA256 45d00510f993d321d2288b0791a96297893de9e5e0dc24d36246e41e144008ce; tools/watcom_debug.py; tools/register_watcom_debug.py	size:4550	Original module: 3D_exmip.asm. Symbol object 1 offset 0009b2a0. Direct original-build import; no retail equivalence or prototype inferred.
000ac470	_Display_LN_mip	recovered	DREAMS.EXE embedded Watcom v3 code symbol; byte-identical import SHA256 45d00510f993d321d2288b0791a96297893de9e5e0dc24d36246e41e144008ce; tools/watcom_debug.py; tools/register_watcom_debug.py	size:741	Original module: 3D_lnmip.asm. Symbol object 1 offset 0009c470. Direct original-build import; no retail equivalence or prototype inferred.
000ac760	_Display_FLZ	recovered	DREAMS.EXE embedded Watcom v3 code symbol; byte-identical import SHA256 45d00510f993d321d2288b0791a96297893de9e5e0dc24d36246e41e144008ce; tools/watcom_debug.py; tools/register_watcom_debug.py	size:185	Original module: 3D_flz.asm. Symbol object 1 offset 0009c760. Direct original-build import; no retail equivalence or prototype inferred.
000ac820	_Display_LNZ	recovered	DREAMS.EXE embedded Watcom v3 code symbol; byte-identical import SHA256 45d00510f993d321d2288b0791a96297893de9e5e0dc24d36246e41e144008ce; tools/watcom_debug.py; tools/register_watcom_debug.py	size:342	Original module: 3D_lnz.asm. Symbol object 1 offset 0009c820. Direct original-build import; no retail equivalence or prototype inferred.
000ac980	_Display_LNG	recovered	DREAMS.EXE embedded Watcom v3 code symbol; byte-identical import SHA256 45d00510f993d321d2288b0791a96297893de9e5e0dc24d36246e41e144008ce; tools/watcom_debug.py; tools/register_watcom_debug.py	size:280	Original module: 3D_lng.asm. Symbol object 1 offset 0009c980. Direct original-build import; no retail equivalence or prototype inferred.
000acaa0	_Display_LNZO	recovered	DREAMS.EXE embedded Watcom v3 code symbol; byte-identical import SHA256 45d00510f993d321d2288b0791a96297893de9e5e0dc24d36246e41e144008ce; tools/watcom_debug.py; tools/register_watcom_debug.py	size:346	Original module: 3D_lnzo.asm. Symbol object 1 offset 0009caa0. Direct original-build import; no retail equivalence or prototype inferred.
000acc00	_Display_LNZT	recovered	DREAMS.EXE embedded Watcom v3 code symbol; byte-identical import SHA256 45d00510f993d321d2288b0791a96297893de9e5e0dc24d36246e41e144008ce; tools/watcom_debug.py; tools/register_watcom_debug.py	size:378	Original module: 3D_lnzt.asm. Symbol object 1 offset 0009cc00. Direct original-build import; no retail equivalence or prototype inferred.
000acd80	_Display_LN_g_mip	recovered	DREAMS.EXE embedded Watcom v3 code symbol; byte-identical import SHA256 45d00510f993d321d2288b0791a96297893de9e5e0dc24d36246e41e144008ce; tools/watcom_debug.py; tools/register_watcom_debug.py	size:342	Original module: 3D_lgmip.asm. Symbol object 1 offset 0009cd80. Direct original-build import; no retail equivalence or prototype inferred.
000acee0	_Display_EXG	recovered	DREAMS.EXE embedded Watcom v3 code symbol; byte-identical import SHA256 45d00510f993d321d2288b0791a96297893de9e5e0dc24d36246e41e144008ce; tools/watcom_debug.py; tools/register_watcom_debug.py	size:4105	Original module: 3D_exg.asm. Symbol object 1 offset 0009cee0. Direct original-build import; no retail equivalence or prototype inferred.
000adef0	_Display_LN_T50_OP	recovered	DREAMS.EXE embedded Watcom v3 code symbol; byte-identical import SHA256 45d00510f993d321d2288b0791a96297893de9e5e0dc24d36246e41e144008ce; tools/watcom_debug.py; tools/register_watcom_debug.py	size:226	Original module: 3D_lnot.asm. Symbol object 1 offset 0009def0. Direct original-build import; no retail equivalence or prototype inferred.
000adfe0	_Display_EX_16bit	recovered	DREAMS.EXE embedded Watcom v3 code symbol; byte-identical import SHA256 45d00510f993d321d2288b0791a96297893de9e5e0dc24d36246e41e144008ce; tools/watcom_debug.py; tools/register_watcom_debug.py	size:1657	Original module: 3D_ex16.asm. Symbol object 1 offset 0009dfe0. Direct original-build import; no retail equivalence or prototype inferred.
000ae659	_heapenable_	recovered	DREAMS.EXE embedded Watcom v3 code symbol; byte-identical import SHA256 45d00510f993d321d2288b0791a96297893de9e5e0dc24d36246e41e144008ce; tools/watcom_debug.py; tools/register_watcom_debug.py	size:16	Original module: heapen. Symbol object 1 offset 0009e659. Direct original-build import; no retail equivalence or prototype inferred.
000ae669	_SysMonType_	recovered	DREAMS.EXE embedded Watcom v3 code symbol; byte-identical import SHA256 45d00510f993d321d2288b0791a96297893de9e5e0dc24d36246e41e144008ce; tools/watcom_debug.py; tools/register_watcom_debug.py	size:239	Original module: sysmtyper. Symbol object 1 offset 0009e669. Direct original-build import; no retail equivalence or prototype inferred.
000ae758	DCCEmulate_	recovered	DREAMS.EXE embedded Watcom v3 code symbol; byte-identical import SHA256 45d00510f993d321d2288b0791a96297893de9e5e0dc24d36246e41e144008ce; tools/watcom_debug.py; tools/register_watcom_debug.py	size:247	Original module: sysmtyper. Symbol object 1 offset 0009e758. Direct original-build import; no retail equivalence or prototype inferred.
000ae84f	CheckMONO_	recovered	DREAMS.EXE embedded Watcom v3 code symbol; byte-identical import SHA256 45d00510f993d321d2288b0791a96297893de9e5e0dc24d36246e41e144008ce; tools/watcom_debug.py; tools/register_watcom_debug.py	size:132	Original module: sysmtyper. Symbol object 1 offset 0009e84f. Direct original-build import; no retail equivalence or prototype inferred.
000ae8d3	CheckCGA_	recovered	DREAMS.EXE embedded Watcom v3 code symbol; byte-identical import SHA256 45d00510f993d321d2288b0791a96297893de9e5e0dc24d36246e41e144008ce; tools/watcom_debug.py; tools/register_watcom_debug.py	size:21	Original module: sysmtyper. Symbol object 1 offset 0009e8d3. Direct original-build import; no retail equivalence or prototype inferred.
000ae8e8	ChkCursorReg_	recovered	DREAMS.EXE embedded Watcom v3 code symbol; byte-identical import SHA256 45d00510f993d321d2288b0791a96297893de9e5e0dc24d36246e41e144008ce; tools/watcom_debug.py; tools/register_watcom_debug.py	size:58	Original module: sysmtyper. Symbol object 1 offset 0009e8e8. Direct original-build import; no retail equivalence or prototype inferred.
000ae922	_InitSegments_	recovered	DREAMS.EXE embedded Watcom v3 code symbol; byte-identical import SHA256 45d00510f993d321d2288b0791a96297893de9e5e0dc24d36246e41e144008ce; tools/watcom_debug.py; tools/register_watcom_debug.py	size:244	Original module: seginitr. Symbol object 1 offset 0009e922. Direct original-build import; no retail equivalence or prototype inferred.
000aea16	_L1SLine_	recovered	DREAMS.EXE embedded Watcom v3 code symbol; byte-identical import SHA256 45d00510f993d321d2288b0791a96297893de9e5e0dc24d36246e41e144008ce; tools/watcom_debug.py; tools/register_watcom_debug.py	size:65	Original module: l1liner. Symbol object 1 offset 0009ea16. Direct original-build import; no retail equivalence or prototype inferred.
000aea57	_L1Line_	recovered	DREAMS.EXE embedded Watcom v3 code symbol; byte-identical import SHA256 45d00510f993d321d2288b0791a96297893de9e5e0dc24d36246e41e144008ce; tools/watcom_debug.py; tools/register_watcom_debug.py	size:177	Original module: l1liner. Symbol object 1 offset 0009ea57. Direct original-build import; no retail equivalence or prototype inferred.
000aeb08	_L0Line_	recovered	DREAMS.EXE embedded Watcom v3 code symbol; byte-identical import SHA256 45d00510f993d321d2288b0791a96297893de9e5e0dc24d36246e41e144008ce; tools/watcom_debug.py; tools/register_watcom_debug.py	size:208	Original module: l1liner. Symbol object 1 offset 0009eb08. Direct original-build import; no retail equivalence or prototype inferred.
000aebd8	_L1Fill_	recovered	DREAMS.EXE embedded Watcom v3 code symbol; byte-identical import SHA256 45d00510f993d321d2288b0791a96297893de9e5e0dc24d36246e41e144008ce; tools/watcom_debug.py; tools/register_watcom_debug.py	size:214	Original module: l1fillr. Symbol object 1 offset 0009ebd8. Direct original-build import; no retail equivalence or prototype inferred.
000aecae	_L1ClipFill_	recovered	DREAMS.EXE embedded Watcom v3 code symbol; byte-identical import SHA256 45d00510f993d321d2288b0791a96297893de9e5e0dc24d36246e41e144008ce; tools/watcom_debug.py; tools/register_watcom_debug.py	size:69	Original module: l1fillr. Symbol object 1 offset 0009ecae. Direct original-build import; no retail equivalence or prototype inferred.
000aecf4	__getctime_	recovered	DREAMS.EXE embedded Watcom v3 code symbol; byte-identical import SHA256 45d00510f993d321d2288b0791a96297893de9e5e0dc24d36246e41e144008ce; tools/watcom_debug.py; tools/register_watcom_debug.py	size:195	Original module: gtctm. Symbol object 1 offset 0009ecf4. Direct original-build import; no retail equivalence or prototype inferred.
000aedb7	mktime_	recovered	DREAMS.EXE embedded Watcom v3 code symbol; byte-identical import SHA256 45d00510f993d321d2288b0791a96297893de9e5e0dc24d36246e41e144008ce; tools/watcom_debug.py; tools/register_watcom_debug.py	size:340	Original module: mktime. Symbol object 1 offset 0009edb7. Direct original-build import; no retail equivalence or prototype inferred.
000aef0b	__CacheOSTZ_	recovered	DREAMS.EXE embedded Watcom v3 code symbol; byte-identical import SHA256 45d00510f993d321d2288b0791a96297893de9e5e0dc24d36246e41e144008ce; tools/watcom_debug.py; tools/register_watcom_debug.py	size:84	Original module: tzset. Symbol object 1 offset 0009ef0b. Direct original-build import; no retail equivalence or prototype inferred.
000aef77	tzset_	recovered	DREAMS.EXE embedded Watcom v3 code symbol; byte-identical import SHA256 45d00510f993d321d2288b0791a96297893de9e5e0dc24d36246e41e144008ce; tools/watcom_debug.py; tools/register_watcom_debug.py	size:299	Original module: tzset. Symbol object 1 offset 0009ef77. Direct original-build import; no retail equivalence or prototype inferred.
000aefbc	parse_time_	recovered	DREAMS.EXE embedded Watcom v3 code symbol; byte-identical import SHA256 45d00510f993d321d2288b0791a96297893de9e5e0dc24d36246e41e144008ce; tools/watcom_debug.py; tools/register_watcom_debug.py	size:36	Original module: tzset. Symbol object 1 offset 0009efbc. Direct original-build import; no retail equivalence or prototype inferred.
000aefe0	parse_offset_	recovered	DREAMS.EXE embedded Watcom v3 code symbol; byte-identical import SHA256 45d00510f993d321d2288b0791a96297893de9e5e0dc24d36246e41e144008ce; tools/watcom_debug.py; tools/register_watcom_debug.py	size:297	Original module: tzset. Symbol object 1 offset 0009efe0. Direct original-build import; no retail equivalence or prototype inferred.
000af109	parse_rule_	recovered	DREAMS.EXE embedded Watcom v3 code symbol; byte-identical import SHA256 45d00510f993d321d2288b0791a96297893de9e5e0dc24d36246e41e144008ce; tools/watcom_debug.py; tools/register_watcom_debug.py	size:260	Original module: tzset. Symbol object 1 offset 0009f109. Direct original-build import; no retail equivalence or prototype inferred.
000af2db	__brktime_	recovered	DREAMS.EXE embedded Watcom v3 code symbol; byte-identical import SHA256 45d00510f993d321d2288b0791a96297893de9e5e0dc24d36246e41e144008ce; tools/watcom_debug.py; tools/register_watcom_debug.py	size:277	Original module: gmtime. Symbol object 1 offset 0009f2db. Direct original-build import; no retail equivalence or prototype inferred.
000af3f0	_gmtime_	recovered	DREAMS.EXE embedded Watcom v3 code symbol; byte-identical import SHA256 45d00510f993d321d2288b0791a96297893de9e5e0dc24d36246e41e144008ce; tools/watcom_debug.py; tools/register_watcom_debug.py	size:30	Original module: gmtime. Symbol object 1 offset 0009f3f0. Direct original-build import; no retail equivalence or prototype inferred.
000af40e	gmtime_	recovered	DREAMS.EXE embedded Watcom v3 code symbol; byte-identical import SHA256 45d00510f993d321d2288b0791a96297893de9e5e0dc24d36246e41e144008ce; tools/watcom_debug.py; tools/register_watcom_debug.py	size:13	Original module: gmtime. Symbol object 1 offset 0009f40e. Direct original-build import; no retail equivalence or prototype inferred.
000af41b	__leapyear_	recovered	DREAMS.EXE embedded Watcom v3 code symbol; byte-identical import SHA256 45d00510f993d321d2288b0791a96297893de9e5e0dc24d36246e41e144008ce; tools/watcom_debug.py; tools/register_watcom_debug.py	size:59	Original module: timeutil. Symbol object 1 offset 0009f41b. Direct original-build import; no retail equivalence or prototype inferred.
000af456	calc_yday_	recovered	DREAMS.EXE embedded Watcom v3 code symbol; byte-identical import SHA256 45d00510f993d321d2288b0791a96297893de9e5e0dc24d36246e41e144008ce; tools/watcom_debug.py; tools/register_watcom_debug.py	size:229	Original module: timeutil. Symbol object 1 offset 0009f456. Direct original-build import; no retail equivalence or prototype inferred.
000af53b	check_order_	recovered	DREAMS.EXE embedded Watcom v3 code symbol; byte-identical import SHA256 45d00510f993d321d2288b0791a96297893de9e5e0dc24d36246e41e144008ce; tools/watcom_debug.py; tools/register_watcom_debug.py	size:52	Original module: timeutil. Symbol object 1 offset 0009f53b. Direct original-build import; no retail equivalence or prototype inferred.
000af56f	__isindst_	recovered	DREAMS.EXE embedded Watcom v3 code symbol; byte-identical import SHA256 45d00510f993d321d2288b0791a96297893de9e5e0dc24d36246e41e144008ce; tools/watcom_debug.py; tools/register_watcom_debug.py	size:707	Original module: timeutil. Symbol object 1 offset 0009f56f. Direct original-build import; no retail equivalence or prototype inferred.
000af832	time_less_	recovered	DREAMS.EXE embedded Watcom v3 code symbol; byte-identical import SHA256 45d00510f993d321d2288b0791a96297893de9e5e0dc24d36246e41e144008ce; tools/watcom_debug.py; tools/register_watcom_debug.py	size:48	Original module: timeutil. Symbol object 1 offset 0009f832. Direct original-build import; no retail equivalence or prototype inferred.
000afc64	_DC_0	recovered	DREAMS.EXE embedded Watcom v3 code symbol; byte-identical import SHA256 45d00510f993d321d2288b0791a96297893de9e5e0dc24d36246e41e144008ce; tools/watcom_debug.py; tools/register_watcom_debug.py	size:17	Original module: ailssa.asm. Symbol object 1 offset 0009fc64. Direct original-build import; no retail equivalence or prototype inferred.
000afc75	_DC_1	recovered	DREAMS.EXE embedded Watcom v3 code symbol; byte-identical import SHA256 45d00510f993d321d2288b0791a96297893de9e5e0dc24d36246e41e144008ce; tools/watcom_debug.py; tools/register_watcom_debug.py	size:12	Original module: ailssa.asm. Symbol object 1 offset 0009fc75. Direct original-build import; no retail equivalence or prototype inferred.
000afc81	_DC_16	recovered	DREAMS.EXE embedded Watcom v3 code symbol; byte-identical import SHA256 45d00510f993d321d2288b0791a96297893de9e5e0dc24d36246e41e144008ce; tools/watcom_debug.py; tools/register_watcom_debug.py	size:31	Original module: ailssa.asm. Symbol object 1 offset 0009fc81. Direct original-build import; no retail equivalence or prototype inferred.
000afca0	_DC_17	recovered	DREAMS.EXE embedded Watcom v3 code symbol; byte-identical import SHA256 45d00510f993d321d2288b0791a96297893de9e5e0dc24d36246e41e144008ce; tools/watcom_debug.py; tools/register_watcom_debug.py	size:20	Original module: ailssa.asm. Symbol object 1 offset 0009fca0. Direct original-build import; no retail equivalence or prototype inferred.
000afcb4	_DC_18	recovered	DREAMS.EXE embedded Watcom v3 code symbol; byte-identical import SHA256 45d00510f993d321d2288b0791a96297893de9e5e0dc24d36246e41e144008ce; tools/watcom_debug.py; tools/register_watcom_debug.py	size:31	Original module: ailssa.asm. Symbol object 1 offset 0009fcb4. Direct original-build import; no retail equivalence or prototype inferred.
000afcd3	_DC_19	recovered	DREAMS.EXE embedded Watcom v3 code symbol; byte-identical import SHA256 45d00510f993d321d2288b0791a96297893de9e5e0dc24d36246e41e144008ce; tools/watcom_debug.py; tools/register_watcom_debug.py	size:20	Original module: ailssa.asm. Symbol object 1 offset 0009fcd3. Direct original-build import; no retail equivalence or prototype inferred.
000afce7	_DC_24	recovered	DREAMS.EXE embedded Watcom v3 code symbol; byte-identical import SHA256 45d00510f993d321d2288b0791a96297893de9e5e0dc24d36246e41e144008ce; tools/watcom_debug.py; tools/register_watcom_debug.py	size:29	Original module: ailssa.asm. Symbol object 1 offset 0009fce7. Direct original-build import; no retail equivalence or prototype inferred.
000afd04	_DC_25	recovered	DREAMS.EXE embedded Watcom v3 code symbol; byte-identical import SHA256 45d00510f993d321d2288b0791a96297893de9e5e0dc24d36246e41e144008ce; tools/watcom_debug.py; tools/register_watcom_debug.py	size:18	Original module: ailssa.asm. Symbol object 1 offset 0009fd04. Direct original-build import; no retail equivalence or prototype inferred.
000afd16	_DC_26	recovered	DREAMS.EXE embedded Watcom v3 code symbol; byte-identical import SHA256 45d00510f993d321d2288b0791a96297893de9e5e0dc24d36246e41e144008ce; tools/watcom_debug.py; tools/register_watcom_debug.py	size:29	Original module: ailssa.asm. Symbol object 1 offset 0009fd16. Direct original-build import; no retail equivalence or prototype inferred.
000afd33	_DC_27	recovered	DREAMS.EXE embedded Watcom v3 code symbol; byte-identical import SHA256 45d00510f993d321d2288b0791a96297893de9e5e0dc24d36246e41e144008ce; tools/watcom_debug.py; tools/register_watcom_debug.py	size:18	Original module: ailssa.asm. Symbol object 1 offset 0009fd33. Direct original-build import; no retail equivalence or prototype inferred.
000afd45	_DC_32	recovered	DREAMS.EXE embedded Watcom v3 code symbol; byte-identical import SHA256 45d00510f993d321d2288b0791a96297893de9e5e0dc24d36246e41e144008ce; tools/watcom_debug.py; tools/register_watcom_debug.py	size:20	Original module: ailssa.asm. Symbol object 1 offset 0009fd45. Direct original-build import; no retail equivalence or prototype inferred.
000afd59	_DC_33	recovered	DREAMS.EXE embedded Watcom v3 code symbol; byte-identical import SHA256 45d00510f993d321d2288b0791a96297893de9e5e0dc24d36246e41e144008ce; tools/watcom_debug.py; tools/register_watcom_debug.py	size:15	Original module: ailssa.asm. Symbol object 1 offset 0009fd59. Direct original-build import; no retail equivalence or prototype inferred.
000afd68	_DC_36	recovered	DREAMS.EXE embedded Watcom v3 code symbol; byte-identical import SHA256 45d00510f993d321d2288b0791a96297893de9e5e0dc24d36246e41e144008ce; tools/watcom_debug.py; tools/register_watcom_debug.py	size:22	Original module: ailssa.asm. Symbol object 1 offset 0009fd68. Direct original-build import; no retail equivalence or prototype inferred.
000afd7e	_DC_37	recovered	DREAMS.EXE embedded Watcom v3 code symbol; byte-identical import SHA256 45d00510f993d321d2288b0791a96297893de9e5e0dc24d36246e41e144008ce; tools/watcom_debug.py; tools/register_watcom_debug.py	size:17	Original module: ailssa.asm. Symbol object 1 offset 0009fd7e. Direct original-build import; no retail equivalence or prototype inferred.
000afd8f	_DC_48	recovered	DREAMS.EXE embedded Watcom v3 code symbol; byte-identical import SHA256 45d00510f993d321d2288b0791a96297893de9e5e0dc24d36246e41e144008ce; tools/watcom_debug.py; tools/register_watcom_debug.py	size:33	Original module: ailssa.asm. Symbol object 1 offset 0009fd8f. Direct original-build import; no retail equivalence or prototype inferred.
000afdb0	_DC_49	recovered	DREAMS.EXE embedded Watcom v3 code symbol; byte-identical import SHA256 45d00510f993d321d2288b0791a96297893de9e5e0dc24d36246e41e144008ce; tools/watcom_debug.py; tools/register_watcom_debug.py	size:22	Original module: ailssa.asm. Symbol object 1 offset 0009fdb0. Direct original-build import; no retail equivalence or prototype inferred.
000afdc6	_DC_50	recovered	DREAMS.EXE embedded Watcom v3 code symbol; byte-identical import SHA256 45d00510f993d321d2288b0791a96297893de9e5e0dc24d36246e41e144008ce; tools/watcom_debug.py; tools/register_watcom_debug.py	size:33	Original module: ailssa.asm. Symbol object 1 offset 0009fdc6. Direct original-build import; no retail equivalence or prototype inferred.
000afde7	_DC_51	recovered	DREAMS.EXE embedded Watcom v3 code symbol; byte-identical import SHA256 45d00510f993d321d2288b0791a96297893de9e5e0dc24d36246e41e144008ce; tools/watcom_debug.py; tools/register_watcom_debug.py	size:22	Original module: ailssa.asm. Symbol object 1 offset 0009fde7. Direct original-build import; no retail equivalence or prototype inferred.
000afdfd	_DC_52	recovered	DREAMS.EXE embedded Watcom v3 code symbol; byte-identical import SHA256 45d00510f993d321d2288b0791a96297893de9e5e0dc24d36246e41e144008ce; tools/watcom_debug.py; tools/register_watcom_debug.py	size:37	Original module: ailssa.asm. Symbol object 1 offset 0009fdfd. Direct original-build import; no retail equivalence or prototype inferred.
000afe22	_DC_53	recovered	DREAMS.EXE embedded Watcom v3 code symbol; byte-identical import SHA256 45d00510f993d321d2288b0791a96297893de9e5e0dc24d36246e41e144008ce; tools/watcom_debug.py; tools/register_watcom_debug.py	size:26	Original module: ailssa.asm. Symbol object 1 offset 0009fe22. Direct original-build import; no retail equivalence or prototype inferred.
000afe3c	_DC_54	recovered	DREAMS.EXE embedded Watcom v3 code symbol; byte-identical import SHA256 45d00510f993d321d2288b0791a96297893de9e5e0dc24d36246e41e144008ce; tools/watcom_debug.py; tools/register_watcom_debug.py	size:37	Original module: ailssa.asm. Symbol object 1 offset 0009fe3c. Direct original-build import; no retail equivalence or prototype inferred.
000afe61	_DC_55	recovered	DREAMS.EXE embedded Watcom v3 code symbol; byte-identical import SHA256 45d00510f993d321d2288b0791a96297893de9e5e0dc24d36246e41e144008ce; tools/watcom_debug.py; tools/register_watcom_debug.py	size:26	Original module: ailssa.asm. Symbol object 1 offset 0009fe61. Direct original-build import; no retail equivalence or prototype inferred.
000afe7b	_DC_56	recovered	DREAMS.EXE embedded Watcom v3 code symbol; byte-identical import SHA256 45d00510f993d321d2288b0791a96297893de9e5e0dc24d36246e41e144008ce; tools/watcom_debug.py; tools/register_watcom_debug.py	size:35	Original module: ailssa.asm. Symbol object 1 offset 0009fe7b. Direct original-build import; no retail equivalence or prototype inferred.
000afe9e	_DC_57	recovered	DREAMS.EXE embedded Watcom v3 code symbol; byte-identical import SHA256 45d00510f993d321d2288b0791a96297893de9e5e0dc24d36246e41e144008ce; tools/watcom_debug.py; tools/register_watcom_debug.py	size:24	Original module: ailssa.asm. Symbol object 1 offset 0009fe9e. Direct original-build import; no retail equivalence or prototype inferred.
000afeb6	_DC_58	recovered	DREAMS.EXE embedded Watcom v3 code symbol; byte-identical import SHA256 45d00510f993d321d2288b0791a96297893de9e5e0dc24d36246e41e144008ce; tools/watcom_debug.py; tools/register_watcom_debug.py	size:35	Original module: ailssa.asm. Symbol object 1 offset 0009feb6. Direct original-build import; no retail equivalence or prototype inferred.
000afed9	_DC_59	recovered	DREAMS.EXE embedded Watcom v3 code symbol; byte-identical import SHA256 45d00510f993d321d2288b0791a96297893de9e5e0dc24d36246e41e144008ce; tools/watcom_debug.py; tools/register_watcom_debug.py	size:24	Original module: ailssa.asm. Symbol object 1 offset 0009fed9. Direct original-build import; no retail equivalence or prototype inferred.
000afef1	_DC_60	recovered	DREAMS.EXE embedded Watcom v3 code symbol; byte-identical import SHA256 45d00510f993d321d2288b0791a96297893de9e5e0dc24d36246e41e144008ce; tools/watcom_debug.py; tools/register_watcom_debug.py	size:39	Original module: ailssa.asm. Symbol object 1 offset 0009fef1. Direct original-build import; no retail equivalence or prototype inferred.
000aff18	_DC_61	recovered	DREAMS.EXE embedded Watcom v3 code symbol; byte-identical import SHA256 45d00510f993d321d2288b0791a96297893de9e5e0dc24d36246e41e144008ce; tools/watcom_debug.py; tools/register_watcom_debug.py	size:28	Original module: ailssa.asm. Symbol object 1 offset 0009ff18. Direct original-build import; no retail equivalence or prototype inferred.
000aff34	_DC_62	recovered	DREAMS.EXE embedded Watcom v3 code symbol; byte-identical import SHA256 45d00510f993d321d2288b0791a96297893de9e5e0dc24d36246e41e144008ce; tools/watcom_debug.py; tools/register_watcom_debug.py	size:39	Original module: ailssa.asm. Symbol object 1 offset 0009ff34. Direct original-build import; no retail equivalence or prototype inferred.
000aff5b	_DC_63	recovered	DREAMS.EXE embedded Watcom v3 code symbol; byte-identical import SHA256 45d00510f993d321d2288b0791a96297893de9e5e0dc24d36246e41e144008ce; tools/watcom_debug.py; tools/register_watcom_debug.py	size:28	Original module: ailssa.asm. Symbol object 1 offset 0009ff5b. Direct original-build import; no retail equivalence or prototype inferred.
000aff77	_DC_64	recovered	DREAMS.EXE embedded Watcom v3 code symbol; byte-identical import SHA256 45d00510f993d321d2288b0791a96297893de9e5e0dc24d36246e41e144008ce; tools/watcom_debug.py; tools/register_watcom_debug.py	size:45	Original module: ailssa.asm. Symbol object 1 offset 0009ff77. Direct original-build import; no retail equivalence or prototype inferred.
000affa4	_DC_65	recovered	DREAMS.EXE embedded Watcom v3 code symbol; byte-identical import SHA256 45d00510f993d321d2288b0791a96297893de9e5e0dc24d36246e41e144008ce; tools/watcom_debug.py; tools/register_watcom_debug.py	size:40	Original module: ailssa.asm. Symbol object 1 offset 0009ffa4. Direct original-build import; no retail equivalence or prototype inferred.
000affcc	_DC_80	recovered	DREAMS.EXE embedded Watcom v3 code symbol; byte-identical import SHA256 45d00510f993d321d2288b0791a96297893de9e5e0dc24d36246e41e144008ce; tools/watcom_debug.py; tools/register_watcom_debug.py	size:79	Original module: ailssa.asm. Symbol object 1 offset 0009ffcc. Direct original-build import; no retail equivalence or prototype inferred.
000b0025	_DC_81	recovered	DREAMS.EXE embedded Watcom v3 code symbol; byte-identical import SHA256 45d00510f993d321d2288b0791a96297893de9e5e0dc24d36246e41e144008ce; tools/watcom_debug.py; tools/register_watcom_debug.py	size:78	Original module: ailssa.asm. Symbol object 1 offset 000a0025. Direct original-build import; no retail equivalence or prototype inferred.
000b0073	_DC_82	recovered	DREAMS.EXE embedded Watcom v3 code symbol; byte-identical import SHA256 45d00510f993d321d2288b0791a96297893de9e5e0dc24d36246e41e144008ce; tools/watcom_debug.py; tools/register_watcom_debug.py	size:89	Original module: ailssa.asm. Symbol object 1 offset 000a0073. Direct original-build import; no retail equivalence or prototype inferred.
000b00cc	_DC_83	recovered	DREAMS.EXE embedded Watcom v3 code symbol; byte-identical import SHA256 45d00510f993d321d2288b0791a96297893de9e5e0dc24d36246e41e144008ce; tools/watcom_debug.py; tools/register_watcom_debug.py	size:78	Original module: ailssa.asm. Symbol object 1 offset 000a00cc. Direct original-build import; no retail equivalence or prototype inferred.
000b011a	_DC_88	recovered	DREAMS.EXE embedded Watcom v3 code symbol; byte-identical import SHA256 45d00510f993d321d2288b0791a96297893de9e5e0dc24d36246e41e144008ce; tools/watcom_debug.py; tools/register_watcom_debug.py	size:87	Original module: ailssa.asm. Symbol object 1 offset 000a011a. Direct original-build import; no retail equivalence or prototype inferred.
000b0171	_DC_89	recovered	DREAMS.EXE embedded Watcom v3 code symbol; byte-identical import SHA256 45d00510f993d321d2288b0791a96297893de9e5e0dc24d36246e41e144008ce; tools/watcom_debug.py; tools/register_watcom_debug.py	size:76	Original module: ailssa.asm. Symbol object 1 offset 000a0171. Direct original-build import; no retail equivalence or prototype inferred.
000b01bd	_DC_90	recovered	DREAMS.EXE embedded Watcom v3 code symbol; byte-identical import SHA256 45d00510f993d321d2288b0791a96297893de9e5e0dc24d36246e41e144008ce; tools/watcom_debug.py; tools/register_watcom_debug.py	size:87	Original module: ailssa.asm. Symbol object 1 offset 000a01bd. Direct original-build import; no retail equivalence or prototype inferred.
000b0214	_DC_91	recovered	DREAMS.EXE embedded Watcom v3 code symbol; byte-identical import SHA256 45d00510f993d321d2288b0791a96297893de9e5e0dc24d36246e41e144008ce; tools/watcom_debug.py; tools/register_watcom_debug.py	size:76	Original module: ailssa.asm. Symbol object 1 offset 000a0214. Direct original-build import; no retail equivalence or prototype inferred.
000b0260	_DC_96	recovered	DREAMS.EXE embedded Watcom v3 code symbol; byte-identical import SHA256 45d00510f993d321d2288b0791a96297893de9e5e0dc24d36246e41e144008ce; tools/watcom_debug.py; tools/register_watcom_debug.py	size:48	Original module: ailssa.asm. Symbol object 1 offset 000a0260. Direct original-build import; no retail equivalence or prototype inferred.
000b0290	_DC_97	recovered	DREAMS.EXE embedded Watcom v3 code symbol; byte-identical import SHA256 45d00510f993d321d2288b0791a96297893de9e5e0dc24d36246e41e144008ce; tools/watcom_debug.py; tools/register_watcom_debug.py	size:43	Original module: ailssa.asm. Symbol object 1 offset 000a0290. Direct original-build import; no retail equivalence or prototype inferred.
000b02bb	_DC_100	recovered	DREAMS.EXE embedded Watcom v3 code symbol; byte-identical import SHA256 45d00510f993d321d2288b0791a96297893de9e5e0dc24d36246e41e144008ce; tools/watcom_debug.py; tools/register_watcom_debug.py	size:50	Original module: ailssa.asm. Symbol object 1 offset 000a02bb. Direct original-build import; no retail equivalence or prototype inferred.
000b02ed	_DC_101	recovered	DREAMS.EXE embedded Watcom v3 code symbol; byte-identical import SHA256 45d00510f993d321d2288b0791a96297893de9e5e0dc24d36246e41e144008ce; tools/watcom_debug.py; tools/register_watcom_debug.py	size:45	Original module: ailssa.asm. Symbol object 1 offset 000a02ed. Direct original-build import; no retail equivalence or prototype inferred.
000b031a	_DC_112	recovered	DREAMS.EXE embedded Watcom v3 code symbol; byte-identical import SHA256 45d00510f993d321d2288b0791a96297893de9e5e0dc24d36246e41e144008ce; tools/watcom_debug.py; tools/register_watcom_debug.py	size:91	Original module: ailssa.asm. Symbol object 1 offset 000a031a. Direct original-build import; no retail equivalence or prototype inferred.
000b0375	_DC_113	recovered	DREAMS.EXE embedded Watcom v3 code symbol; byte-identical import SHA256 45d00510f993d321d2288b0791a96297893de9e5e0dc24d36246e41e144008ce; tools/watcom_debug.py; tools/register_watcom_debug.py	size:80	Original module: ailssa.asm. Symbol object 1 offset 000a0375. Direct original-build import; no retail equivalence or prototype inferred.
000b03c5	_DC_114	recovered	DREAMS.EXE embedded Watcom v3 code symbol; byte-identical import SHA256 45d00510f993d321d2288b0791a96297893de9e5e0dc24d36246e41e144008ce; tools/watcom_debug.py; tools/register_watcom_debug.py	size:91	Original module: ailssa.asm. Symbol object 1 offset 000a03c5. Direct original-build import; no retail equivalence or prototype inferred.
000b0420	_DC_115	recovered	DREAMS.EXE embedded Watcom v3 code symbol; byte-identical import SHA256 45d00510f993d321d2288b0791a96297893de9e5e0dc24d36246e41e144008ce; tools/watcom_debug.py; tools/register_watcom_debug.py	size:80	Original module: ailssa.asm. Symbol object 1 offset 000a0420. Direct original-build import; no retail equivalence or prototype inferred.
000b0470	_DC_116	recovered	DREAMS.EXE embedded Watcom v3 code symbol; byte-identical import SHA256 45d00510f993d321d2288b0791a96297893de9e5e0dc24d36246e41e144008ce; tools/watcom_debug.py; tools/register_watcom_debug.py	size:95	Original module: ailssa.asm. Symbol object 1 offset 000a0470. Direct original-build import; no retail equivalence or prototype inferred.
000b04cf	_DC_117	recovered	DREAMS.EXE embedded Watcom v3 code symbol; byte-identical import SHA256 45d00510f993d321d2288b0791a96297893de9e5e0dc24d36246e41e144008ce; tools/watcom_debug.py; tools/register_watcom_debug.py	size:84	Original module: ailssa.asm. Symbol object 1 offset 000a04cf. Direct original-build import; no retail equivalence or prototype inferred.
000b0523	_DC_118	recovered	DREAMS.EXE embedded Watcom v3 code symbol; byte-identical import SHA256 45d00510f993d321d2288b0791a96297893de9e5e0dc24d36246e41e144008ce; tools/watcom_debug.py; tools/register_watcom_debug.py	size:95	Original module: ailssa.asm. Symbol object 1 offset 000a0523. Direct original-build import; no retail equivalence or prototype inferred.
000b0582	_DC_119	recovered	DREAMS.EXE embedded Watcom v3 code symbol; byte-identical import SHA256 45d00510f993d321d2288b0791a96297893de9e5e0dc24d36246e41e144008ce; tools/watcom_debug.py; tools/register_watcom_debug.py	size:84	Original module: ailssa.asm. Symbol object 1 offset 000a0582. Direct original-build import; no retail equivalence or prototype inferred.
000b05d6	_DC_120	recovered	DREAMS.EXE embedded Watcom v3 code symbol; byte-identical import SHA256 45d00510f993d321d2288b0791a96297893de9e5e0dc24d36246e41e144008ce; tools/watcom_debug.py; tools/register_watcom_debug.py	size:93	Original module: ailssa.asm. Symbol object 1 offset 000a05d6. Direct original-build import; no retail equivalence or prototype inferred.
000b0633	_DC_121	recovered	DREAMS.EXE embedded Watcom v3 code symbol; byte-identical import SHA256 45d00510f993d321d2288b0791a96297893de9e5e0dc24d36246e41e144008ce; tools/watcom_debug.py; tools/register_watcom_debug.py	size:82	Original module: ailssa.asm. Symbol object 1 offset 000a0633. Direct original-build import; no retail equivalence or prototype inferred.
000b0685	_DC_122	recovered	DREAMS.EXE embedded Watcom v3 code symbol; byte-identical import SHA256 45d00510f993d321d2288b0791a96297893de9e5e0dc24d36246e41e144008ce; tools/watcom_debug.py; tools/register_watcom_debug.py	size:93	Original module: ailssa.asm. Symbol object 1 offset 000a0685. Direct original-build import; no retail equivalence or prototype inferred.
000b06e2	_DC_123	recovered	DREAMS.EXE embedded Watcom v3 code symbol; byte-identical import SHA256 45d00510f993d321d2288b0791a96297893de9e5e0dc24d36246e41e144008ce; tools/watcom_debug.py; tools/register_watcom_debug.py	size:82	Original module: ailssa.asm. Symbol object 1 offset 000a06e2. Direct original-build import; no retail equivalence or prototype inferred.
000b0734	_DC_124	recovered	DREAMS.EXE embedded Watcom v3 code symbol; byte-identical import SHA256 45d00510f993d321d2288b0791a96297893de9e5e0dc24d36246e41e144008ce; tools/watcom_debug.py; tools/register_watcom_debug.py	size:97	Original module: ailssa.asm. Symbol object 1 offset 000a0734. Direct original-build import; no retail equivalence or prototype inferred.
000b0795	_DC_125	recovered	DREAMS.EXE embedded Watcom v3 code symbol; byte-identical import SHA256 45d00510f993d321d2288b0791a96297893de9e5e0dc24d36246e41e144008ce; tools/watcom_debug.py; tools/register_watcom_debug.py	size:86	Original module: ailssa.asm. Symbol object 1 offset 000a0795. Direct original-build import; no retail equivalence or prototype inferred.
000b07eb	_DC_126	recovered	DREAMS.EXE embedded Watcom v3 code symbol; byte-identical import SHA256 45d00510f993d321d2288b0791a96297893de9e5e0dc24d36246e41e144008ce; tools/watcom_debug.py; tools/register_watcom_debug.py	size:97	Original module: ailssa.asm. Symbol object 1 offset 000a07eb. Direct original-build import; no retail equivalence or prototype inferred.
000b084c	_DC_127	recovered	DREAMS.EXE embedded Watcom v3 code symbol; byte-identical import SHA256 45d00510f993d321d2288b0791a96297893de9e5e0dc24d36246e41e144008ce; tools/watcom_debug.py; tools/register_watcom_debug.py	size:86	Original module: ailssa.asm. Symbol object 1 offset 000a084c. Direct original-build import; no retail equivalence or prototype inferred.
000b08a2	_M_0	recovered	DREAMS.EXE embedded Watcom v3 code symbol; byte-identical import SHA256 45d00510f993d321d2288b0791a96297893de9e5e0dc24d36246e41e144008ce; tools/watcom_debug.py; tools/register_watcom_debug.py	size:33	Original module: ailssa.asm. Symbol object 1 offset 000a08a2. Direct original-build import; no retail equivalence or prototype inferred.
000b08c3	_M_1	recovered	DREAMS.EXE embedded Watcom v3 code symbol; byte-identical import SHA256 45d00510f993d321d2288b0791a96297893de9e5e0dc24d36246e41e144008ce; tools/watcom_debug.py; tools/register_watcom_debug.py	size:36	Original module: ailssa.asm. Symbol object 1 offset 000a08c3. Direct original-build import; no retail equivalence or prototype inferred.
000b08e7	_M_3	recovered	DREAMS.EXE embedded Watcom v3 code symbol; byte-identical import SHA256 45d00510f993d321d2288b0791a96297893de9e5e0dc24d36246e41e144008ce; tools/watcom_debug.py; tools/register_watcom_debug.py	size:50	Original module: ailssa.asm. Symbol object 1 offset 000a08e7. Direct original-build import; no retail equivalence or prototype inferred.
000b0919	_M_7	recovered	DREAMS.EXE embedded Watcom v3 code symbol; byte-identical import SHA256 45d00510f993d321d2288b0791a96297893de9e5e0dc24d36246e41e144008ce; tools/watcom_debug.py; tools/register_watcom_debug.py	size:50	Original module: ailssa.asm. Symbol object 1 offset 000a0919. Direct original-build import; no retail equivalence or prototype inferred.
000b094b	_M_8	recovered	DREAMS.EXE embedded Watcom v3 code symbol; byte-identical import SHA256 45d00510f993d321d2288b0791a96297893de9e5e0dc24d36246e41e144008ce; tools/watcom_debug.py; tools/register_watcom_debug.py	size:36	Original module: ailssa.asm. Symbol object 1 offset 000a094b. Direct original-build import; no retail equivalence or prototype inferred.
000b096f	_M_9	recovered	DREAMS.EXE embedded Watcom v3 code symbol; byte-identical import SHA256 45d00510f993d321d2288b0791a96297893de9e5e0dc24d36246e41e144008ce; tools/watcom_debug.py; tools/register_watcom_debug.py	size:39	Original module: ailssa.asm. Symbol object 1 offset 000a096f. Direct original-build import; no retail equivalence or prototype inferred.
000b0996	_M_11	recovered	DREAMS.EXE embedded Watcom v3 code symbol; byte-identical import SHA256 45d00510f993d321d2288b0791a96297893de9e5e0dc24d36246e41e144008ce; tools/watcom_debug.py; tools/register_watcom_debug.py	size:52	Original module: ailssa.asm. Symbol object 1 offset 000a0996. Direct original-build import; no retail equivalence or prototype inferred.
000b09ca	_M_15	recovered	DREAMS.EXE embedded Watcom v3 code symbol; byte-identical import SHA256 45d00510f993d321d2288b0791a96297893de9e5e0dc24d36246e41e144008ce; tools/watcom_debug.py; tools/register_watcom_debug.py	size:52	Original module: ailssa.asm. Symbol object 1 offset 000a09ca. Direct original-build import; no retail equivalence or prototype inferred.
000b09fe	_M_16	recovered	DREAMS.EXE embedded Watcom v3 code symbol; byte-identical import SHA256 45d00510f993d321d2288b0791a96297893de9e5e0dc24d36246e41e144008ce; tools/watcom_debug.py; tools/register_watcom_debug.py	size:28	Original module: ailssa.asm. Symbol object 1 offset 000a09fe. Direct original-build import; no retail equivalence or prototype inferred.
000b0a1a	_M_17	recovered	DREAMS.EXE embedded Watcom v3 code symbol; byte-identical import SHA256 45d00510f993d321d2288b0791a96297893de9e5e0dc24d36246e41e144008ce; tools/watcom_debug.py; tools/register_watcom_debug.py	size:31	Original module: ailssa.asm. Symbol object 1 offset 000a0a1a. Direct original-build import; no retail equivalence or prototype inferred.
000b0a39	_M_19	recovered	DREAMS.EXE embedded Watcom v3 code symbol; byte-identical import SHA256 45d00510f993d321d2288b0791a96297893de9e5e0dc24d36246e41e144008ce; tools/watcom_debug.py; tools/register_watcom_debug.py	size:39	Original module: ailssa.asm. Symbol object 1 offset 000a0a39. Direct original-build import; no retail equivalence or prototype inferred.
000b0a60	_M_23	recovered	DREAMS.EXE embedded Watcom v3 code symbol; byte-identical import SHA256 45d00510f993d321d2288b0791a96297893de9e5e0dc24d36246e41e144008ce; tools/watcom_debug.py; tools/register_watcom_debug.py	size:39	Original module: ailssa.asm. Symbol object 1 offset 000a0a60. Direct original-build import; no retail equivalence or prototype inferred.
000b0a87	_M_24	recovered	DREAMS.EXE embedded Watcom v3 code symbol; byte-identical import SHA256 45d00510f993d321d2288b0791a96297893de9e5e0dc24d36246e41e144008ce; tools/watcom_debug.py; tools/register_watcom_debug.py	size:31	Original module: ailssa.asm. Symbol object 1 offset 000a0a87. Direct original-build import; no retail equivalence or prototype inferred.
000b0aa6	_M_25	recovered	DREAMS.EXE embedded Watcom v3 code symbol; byte-identical import SHA256 45d00510f993d321d2288b0791a96297893de9e5e0dc24d36246e41e144008ce; tools/watcom_debug.py; tools/register_watcom_debug.py	size:34	Original module: ailssa.asm. Symbol object 1 offset 000a0aa6. Direct original-build import; no retail equivalence or prototype inferred.
000b0ac8	_M_27	recovered	DREAMS.EXE embedded Watcom v3 code symbol; byte-identical import SHA256 45d00510f993d321d2288b0791a96297893de9e5e0dc24d36246e41e144008ce; tools/watcom_debug.py; tools/register_watcom_debug.py	size:41	Original module: ailssa.asm. Symbol object 1 offset 000a0ac8. Direct original-build import; no retail equivalence or prototype inferred.
000b0af1	_M_31	recovered	DREAMS.EXE embedded Watcom v3 code symbol; byte-identical import SHA256 45d00510f993d321d2288b0791a96297893de9e5e0dc24d36246e41e144008ce; tools/watcom_debug.py; tools/register_watcom_debug.py	size:41	Original module: ailssa.asm. Symbol object 1 offset 000a0af1. Direct original-build import; no retail equivalence or prototype inferred.
000b0b1a	_M_32	recovered	DREAMS.EXE embedded Watcom v3 code symbol; byte-identical import SHA256 45d00510f993d321d2288b0791a96297893de9e5e0dc24d36246e41e144008ce; tools/watcom_debug.py; tools/register_watcom_debug.py	size:44	Original module: ailssa.asm. Symbol object 1 offset 000a0b1a. Direct original-build import; no retail equivalence or prototype inferred.
000b0b46	_M_33	recovered	DREAMS.EXE embedded Watcom v3 code symbol; byte-identical import SHA256 45d00510f993d321d2288b0791a96297893de9e5e0dc24d36246e41e144008ce; tools/watcom_debug.py; tools/register_watcom_debug.py	size:47	Original module: ailssa.asm. Symbol object 1 offset 000a0b46. Direct original-build import; no retail equivalence or prototype inferred.
000b0b75	_M_35	recovered	DREAMS.EXE embedded Watcom v3 code symbol; byte-identical import SHA256 45d00510f993d321d2288b0791a96297893de9e5e0dc24d36246e41e144008ce; tools/watcom_debug.py; tools/register_watcom_debug.py	size:64	Original module: ailssa.asm. Symbol object 1 offset 000a0b75. Direct original-build import; no retail equivalence or prototype inferred.
000b0bb5	_M_39	recovered	DREAMS.EXE embedded Watcom v3 code symbol; byte-identical import SHA256 45d00510f993d321d2288b0791a96297893de9e5e0dc24d36246e41e144008ce; tools/watcom_debug.py; tools/register_watcom_debug.py	size:64	Original module: ailssa.asm. Symbol object 1 offset 000a0bb5. Direct original-build import; no retail equivalence or prototype inferred.
000b0bf5	_M_40	recovered	DREAMS.EXE embedded Watcom v3 code symbol; byte-identical import SHA256 45d00510f993d321d2288b0791a96297893de9e5e0dc24d36246e41e144008ce; tools/watcom_debug.py; tools/register_watcom_debug.py	size:50	Original module: ailssa.asm. Symbol object 1 offset 000a0bf5. Direct original-build import; no retail equivalence or prototype inferred.
000b0c27	_M_41	recovered	DREAMS.EXE embedded Watcom v3 code symbol; byte-identical import SHA256 45d00510f993d321d2288b0791a96297893de9e5e0dc24d36246e41e144008ce; tools/watcom_debug.py; tools/register_watcom_debug.py	size:53	Original module: ailssa.asm. Symbol object 1 offset 000a0c27. Direct original-build import; no retail equivalence or prototype inferred.
000b0c5c	_M_43	recovered	DREAMS.EXE embedded Watcom v3 code symbol; byte-identical import SHA256 45d00510f993d321d2288b0791a96297893de9e5e0dc24d36246e41e144008ce; tools/watcom_debug.py; tools/register_watcom_debug.py	size:66	Original module: ailssa.asm. Symbol object 1 offset 000a0c5c. Direct original-build import; no retail equivalence or prototype inferred.
000b0c9e	_M_47	recovered	DREAMS.EXE embedded Watcom v3 code symbol; byte-identical import SHA256 45d00510f993d321d2288b0791a96297893de9e5e0dc24d36246e41e144008ce; tools/watcom_debug.py; tools/register_watcom_debug.py	size:66	Original module: ailssa.asm. Symbol object 1 offset 000a0c9e. Direct original-build import; no retail equivalence or prototype inferred.
000b0ce0	_M_48	recovered	DREAMS.EXE embedded Watcom v3 code symbol; byte-identical import SHA256 45d00510f993d321d2288b0791a96297893de9e5e0dc24d36246e41e144008ce; tools/watcom_debug.py; tools/register_watcom_debug.py	size:39	Original module: ailssa.asm. Symbol object 1 offset 000a0ce0. Direct original-build import; no retail equivalence or prototype inferred.
000b0d07	_M_49	recovered	DREAMS.EXE embedded Watcom v3 code symbol; byte-identical import SHA256 45d00510f993d321d2288b0791a96297893de9e5e0dc24d36246e41e144008ce; tools/watcom_debug.py; tools/register_watcom_debug.py	size:42	Original module: ailssa.asm. Symbol object 1 offset 000a0d07. Direct original-build import; no retail equivalence or prototype inferred.
000b0d31	_M_51	recovered	DREAMS.EXE embedded Watcom v3 code symbol; byte-identical import SHA256 45d00510f993d321d2288b0791a96297893de9e5e0dc24d36246e41e144008ce; tools/watcom_debug.py; tools/register_watcom_debug.py	size:53	Original module: ailssa.asm. Symbol object 1 offset 000a0d31. Direct original-build import; no retail equivalence or prototype inferred.
000b0d66	_M_55	recovered	DREAMS.EXE embedded Watcom v3 code symbol; byte-identical import SHA256 45d00510f993d321d2288b0791a96297893de9e5e0dc24d36246e41e144008ce; tools/watcom_debug.py; tools/register_watcom_debug.py	size:53	Original module: ailssa.asm. Symbol object 1 offset 000a0d66. Direct original-build import; no retail equivalence or prototype inferred.
000b0d9b	_M_56	recovered	DREAMS.EXE embedded Watcom v3 code symbol; byte-identical import SHA256 45d00510f993d321d2288b0791a96297893de9e5e0dc24d36246e41e144008ce; tools/watcom_debug.py; tools/register_watcom_debug.py	size:45	Original module: ailssa.asm. Symbol object 1 offset 000a0d9b. Direct original-build import; no retail equivalence or prototype inferred.
000b0dc8	_M_57	recovered	DREAMS.EXE embedded Watcom v3 code symbol; byte-identical import SHA256 45d00510f993d321d2288b0791a96297893de9e5e0dc24d36246e41e144008ce; tools/watcom_debug.py; tools/register_watcom_debug.py	size:48	Original module: ailssa.asm. Symbol object 1 offset 000a0dc8. Direct original-build import; no retail equivalence or prototype inferred.
000b0df8	_M_59	recovered	DREAMS.EXE embedded Watcom v3 code symbol; byte-identical import SHA256 45d00510f993d321d2288b0791a96297893de9e5e0dc24d36246e41e144008ce; tools/watcom_debug.py; tools/register_watcom_debug.py	size:55	Original module: ailssa.asm. Symbol object 1 offset 000a0df8. Direct original-build import; no retail equivalence or prototype inferred.
000b0e2f	_M_63	recovered	DREAMS.EXE embedded Watcom v3 code symbol; byte-identical import SHA256 45d00510f993d321d2288b0791a96297893de9e5e0dc24d36246e41e144008ce; tools/watcom_debug.py; tools/register_watcom_debug.py	size:55	Original module: ailssa.asm. Symbol object 1 offset 000a0e2f. Direct original-build import; no retail equivalence or prototype inferred.
000b0e66	_M_64	recovered	DREAMS.EXE embedded Watcom v3 code symbol; byte-identical import SHA256 45d00510f993d321d2288b0791a96297893de9e5e0dc24d36246e41e144008ce; tools/watcom_debug.py; tools/register_watcom_debug.py	size:28	Original module: ailssa.asm. Symbol object 1 offset 000a0e66. Direct original-build import; no retail equivalence or prototype inferred.
000b0e82	_M_65	recovered	DREAMS.EXE embedded Watcom v3 code symbol; byte-identical import SHA256 45d00510f993d321d2288b0791a96297893de9e5e0dc24d36246e41e144008ce; tools/watcom_debug.py; tools/register_watcom_debug.py	size:38	Original module: ailssa.asm. Symbol object 1 offset 000a0e82. Direct original-build import; no retail equivalence or prototype inferred.
000b0ea8	_M_66	recovered	DREAMS.EXE embedded Watcom v3 code symbol; byte-identical import SHA256 45d00510f993d321d2288b0791a96297893de9e5e0dc24d36246e41e144008ce; tools/watcom_debug.py; tools/register_watcom_debug.py	size:42	Original module: ailssa.asm. Symbol object 1 offset 000a0ea8. Direct original-build import; no retail equivalence or prototype inferred.
000b0ed2	_M_67	recovered	DREAMS.EXE embedded Watcom v3 code symbol; byte-identical import SHA256 45d00510f993d321d2288b0791a96297893de9e5e0dc24d36246e41e144008ce; tools/watcom_debug.py; tools/register_watcom_debug.py	size:43	Original module: ailssa.asm. Symbol object 1 offset 000a0ed2. Direct original-build import; no retail equivalence or prototype inferred.
000b0efd	_M_70	recovered	DREAMS.EXE embedded Watcom v3 code symbol; byte-identical import SHA256 45d00510f993d321d2288b0791a96297893de9e5e0dc24d36246e41e144008ce; tools/watcom_debug.py; tools/register_watcom_debug.py	size:42	Original module: ailssa.asm. Symbol object 1 offset 000a0efd. Direct original-build import; no retail equivalence or prototype inferred.
000b0f27	_M_71	recovered	DREAMS.EXE embedded Watcom v3 code symbol; byte-identical import SHA256 45d00510f993d321d2288b0791a96297893de9e5e0dc24d36246e41e144008ce; tools/watcom_debug.py; tools/register_watcom_debug.py	size:43	Original module: ailssa.asm. Symbol object 1 offset 000a0f27. Direct original-build import; no retail equivalence or prototype inferred.
000b0f52	_M_72	recovered	DREAMS.EXE embedded Watcom v3 code symbol; byte-identical import SHA256 45d00510f993d321d2288b0791a96297893de9e5e0dc24d36246e41e144008ce; tools/watcom_debug.py; tools/register_watcom_debug.py	size:42	Original module: ailssa.asm. Symbol object 1 offset 000a0f52. Direct original-build import; no retail equivalence or prototype inferred.
000b0f7c	_M_73	recovered	DREAMS.EXE embedded Watcom v3 code symbol; byte-identical import SHA256 45d00510f993d321d2288b0791a96297893de9e5e0dc24d36246e41e144008ce; tools/watcom_debug.py; tools/register_watcom_debug.py	size:58	Original module: ailssa.asm. Symbol object 1 offset 000a0f7c. Direct original-build import; no retail equivalence or prototype inferred.
000b0fb6	_M_74	recovered	DREAMS.EXE embedded Watcom v3 code symbol; byte-identical import SHA256 45d00510f993d321d2288b0791a96297893de9e5e0dc24d36246e41e144008ce; tools/watcom_debug.py; tools/register_watcom_debug.py	size:67	Original module: ailssa.asm. Symbol object 1 offset 000a0fb6. Direct original-build import; no retail equivalence or prototype inferred.
000b0ff9	_M_75	recovered	DREAMS.EXE embedded Watcom v3 code symbol; byte-identical import SHA256 45d00510f993d321d2288b0791a96297893de9e5e0dc24d36246e41e144008ce; tools/watcom_debug.py; tools/register_watcom_debug.py	size:68	Original module: ailssa.asm. Symbol object 1 offset 000a0ff9. Direct original-build import; no retail equivalence or prototype inferred.
000b103d	_M_78	recovered	DREAMS.EXE embedded Watcom v3 code symbol; byte-identical import SHA256 45d00510f993d321d2288b0791a96297893de9e5e0dc24d36246e41e144008ce; tools/watcom_debug.py; tools/register_watcom_debug.py	size:67	Original module: ailssa.asm. Symbol object 1 offset 000a103d. Direct original-build import; no retail equivalence or prototype inferred.
000b1080	_M_79	recovered	DREAMS.EXE embedded Watcom v3 code symbol; byte-identical import SHA256 45d00510f993d321d2288b0791a96297893de9e5e0dc24d36246e41e144008ce; tools/watcom_debug.py; tools/register_watcom_debug.py	size:68	Original module: ailssa.asm. Symbol object 1 offset 000a1080. Direct original-build import; no retail equivalence or prototype inferred.
000b10c4	_M_88	recovered	DREAMS.EXE embedded Watcom v3 code symbol; byte-identical import SHA256 45d00510f993d321d2288b0791a96297893de9e5e0dc24d36246e41e144008ce; tools/watcom_debug.py; tools/register_watcom_debug.py	size:37	Original module: ailssa.asm. Symbol object 1 offset 000a10c4. Direct original-build import; no retail equivalence or prototype inferred.
000b10e9	_M_89	recovered	DREAMS.EXE embedded Watcom v3 code symbol; byte-identical import SHA256 45d00510f993d321d2288b0791a96297893de9e5e0dc24d36246e41e144008ce; tools/watcom_debug.py; tools/register_watcom_debug.py	size:53	Original module: ailssa.asm. Symbol object 1 offset 000a10e9. Direct original-build import; no retail equivalence or prototype inferred.
000b111e	_M_90	recovered	DREAMS.EXE embedded Watcom v3 code symbol; byte-identical import SHA256 45d00510f993d321d2288b0791a96297893de9e5e0dc24d36246e41e144008ce; tools/watcom_debug.py; tools/register_watcom_debug.py	size:56	Original module: ailssa.asm. Symbol object 1 offset 000a111e. Direct original-build import; no retail equivalence or prototype inferred.
000b1156	_M_91	recovered	DREAMS.EXE embedded Watcom v3 code symbol; byte-identical import SHA256 45d00510f993d321d2288b0791a96297893de9e5e0dc24d36246e41e144008ce; tools/watcom_debug.py; tools/register_watcom_debug.py	size:57	Original module: ailssa.asm. Symbol object 1 offset 000a1156. Direct original-build import; no retail equivalence or prototype inferred.
000b118f	_M_94	recovered	DREAMS.EXE embedded Watcom v3 code symbol; byte-identical import SHA256 45d00510f993d321d2288b0791a96297893de9e5e0dc24d36246e41e144008ce; tools/watcom_debug.py; tools/register_watcom_debug.py	size:56	Original module: ailssa.asm. Symbol object 1 offset 000a118f. Direct original-build import; no retail equivalence or prototype inferred.
000b11c7	_M_95	recovered	DREAMS.EXE embedded Watcom v3 code symbol; byte-identical import SHA256 45d00510f993d321d2288b0791a96297893de9e5e0dc24d36246e41e144008ce; tools/watcom_debug.py; tools/register_watcom_debug.py	size:57	Original module: ailssa.asm. Symbol object 1 offset 000a11c7. Direct original-build import; no retail equivalence or prototype inferred.
000b1200	_M_96	recovered	DREAMS.EXE embedded Watcom v3 code symbol; byte-identical import SHA256 45d00510f993d321d2288b0791a96297893de9e5e0dc24d36246e41e144008ce; tools/watcom_debug.py; tools/register_watcom_debug.py	size:39	Original module: ailssa.asm. Symbol object 1 offset 000a1200. Direct original-build import; no retail equivalence or prototype inferred.
000b1227	_M_97	recovered	DREAMS.EXE embedded Watcom v3 code symbol; byte-identical import SHA256 45d00510f993d321d2288b0791a96297893de9e5e0dc24d36246e41e144008ce; tools/watcom_debug.py; tools/register_watcom_debug.py	size:49	Original module: ailssa.asm. Symbol object 1 offset 000a1227. Direct original-build import; no retail equivalence or prototype inferred.
000b1258	_M_98	recovered	DREAMS.EXE embedded Watcom v3 code symbol; byte-identical import SHA256 45d00510f993d321d2288b0791a96297893de9e5e0dc24d36246e41e144008ce; tools/watcom_debug.py; tools/register_watcom_debug.py	size:56	Original module: ailssa.asm. Symbol object 1 offset 000a1258. Direct original-build import; no retail equivalence or prototype inferred.
000b1290	_M_99	recovered	DREAMS.EXE embedded Watcom v3 code symbol; byte-identical import SHA256 45d00510f993d321d2288b0791a96297893de9e5e0dc24d36246e41e144008ce; tools/watcom_debug.py; tools/register_watcom_debug.py	size:57	Original module: ailssa.asm. Symbol object 1 offset 000a1290. Direct original-build import; no retail equivalence or prototype inferred.
000b12c9	_M_102	recovered	DREAMS.EXE embedded Watcom v3 code symbol; byte-identical import SHA256 45d00510f993d321d2288b0791a96297893de9e5e0dc24d36246e41e144008ce; tools/watcom_debug.py; tools/register_watcom_debug.py	size:56	Original module: ailssa.asm. Symbol object 1 offset 000a12c9. Direct original-build import; no retail equivalence or prototype inferred.
000b1301	_M_103	recovered	DREAMS.EXE embedded Watcom v3 code symbol; byte-identical import SHA256 45d00510f993d321d2288b0791a96297893de9e5e0dc24d36246e41e144008ce; tools/watcom_debug.py; tools/register_watcom_debug.py	size:57	Original module: ailssa.asm. Symbol object 1 offset 000a1301. Direct original-build import; no retail equivalence or prototype inferred.
000b133a	_M_104	recovered	DREAMS.EXE embedded Watcom v3 code symbol; byte-identical import SHA256 45d00510f993d321d2288b0791a96297893de9e5e0dc24d36246e41e144008ce; tools/watcom_debug.py; tools/register_watcom_debug.py	size:56	Original module: ailssa.asm. Symbol object 1 offset 000a133a. Direct original-build import; no retail equivalence or prototype inferred.
000b1372	_M_105	recovered	DREAMS.EXE embedded Watcom v3 code symbol; byte-identical import SHA256 45d00510f993d321d2288b0791a96297893de9e5e0dc24d36246e41e144008ce; tools/watcom_debug.py; tools/register_watcom_debug.py	size:72	Original module: ailssa.asm. Symbol object 1 offset 000a1372. Direct original-build import; no retail equivalence or prototype inferred.
000b13ba	_M_106	recovered	DREAMS.EXE embedded Watcom v3 code symbol; byte-identical import SHA256 45d00510f993d321d2288b0791a96297893de9e5e0dc24d36246e41e144008ce; tools/watcom_debug.py; tools/register_watcom_debug.py	size:81	Original module: ailssa.asm. Symbol object 1 offset 000a13ba. Direct original-build import; no retail equivalence or prototype inferred.
000b140b	_M_107	recovered	DREAMS.EXE embedded Watcom v3 code symbol; byte-identical import SHA256 45d00510f993d321d2288b0791a96297893de9e5e0dc24d36246e41e144008ce; tools/watcom_debug.py; tools/register_watcom_debug.py	size:82	Original module: ailssa.asm. Symbol object 1 offset 000a140b. Direct original-build import; no retail equivalence or prototype inferred.
000b145d	_M_110	recovered	DREAMS.EXE embedded Watcom v3 code symbol; byte-identical import SHA256 45d00510f993d321d2288b0791a96297893de9e5e0dc24d36246e41e144008ce; tools/watcom_debug.py; tools/register_watcom_debug.py	size:81	Original module: ailssa.asm. Symbol object 1 offset 000a145d. Direct original-build import; no retail equivalence or prototype inferred.
000b14ae	_M_111	recovered	DREAMS.EXE embedded Watcom v3 code symbol; byte-identical import SHA256 45d00510f993d321d2288b0791a96297893de9e5e0dc24d36246e41e144008ce; tools/watcom_debug.py; tools/register_watcom_debug.py	size:82	Original module: ailssa.asm. Symbol object 1 offset 000a14ae. Direct original-build import; no retail equivalence or prototype inferred.
000b1500	_M_120	recovered	DREAMS.EXE embedded Watcom v3 code symbol; byte-identical import SHA256 45d00510f993d321d2288b0791a96297893de9e5e0dc24d36246e41e144008ce; tools/watcom_debug.py; tools/register_watcom_debug.py	size:51	Original module: ailssa.asm. Symbol object 1 offset 000a1500. Direct original-build import; no retail equivalence or prototype inferred.
000b1533	_M_121	recovered	DREAMS.EXE embedded Watcom v3 code symbol; byte-identical import SHA256 45d00510f993d321d2288b0791a96297893de9e5e0dc24d36246e41e144008ce; tools/watcom_debug.py; tools/register_watcom_debug.py	size:67	Original module: ailssa.asm. Symbol object 1 offset 000a1533. Direct original-build import; no retail equivalence or prototype inferred.
000b1576	_M_122	recovered	DREAMS.EXE embedded Watcom v3 code symbol; byte-identical import SHA256 45d00510f993d321d2288b0791a96297893de9e5e0dc24d36246e41e144008ce; tools/watcom_debug.py; tools/register_watcom_debug.py	size:70	Original module: ailssa.asm. Symbol object 1 offset 000a1576. Direct original-build import; no retail equivalence or prototype inferred.
000b15bc	_M_123	recovered	DREAMS.EXE embedded Watcom v3 code symbol; byte-identical import SHA256 45d00510f993d321d2288b0791a96297893de9e5e0dc24d36246e41e144008ce; tools/watcom_debug.py; tools/register_watcom_debug.py	size:71	Original module: ailssa.asm. Symbol object 1 offset 000a15bc. Direct original-build import; no retail equivalence or prototype inferred.
000b1603	_M_126	recovered	DREAMS.EXE embedded Watcom v3 code symbol; byte-identical import SHA256 45d00510f993d321d2288b0791a96297893de9e5e0dc24d36246e41e144008ce; tools/watcom_debug.py; tools/register_watcom_debug.py	size:70	Original module: ailssa.asm. Symbol object 1 offset 000a1603. Direct original-build import; no retail equivalence or prototype inferred.
000b1649	_M_127	recovered	DREAMS.EXE embedded Watcom v3 code symbol; byte-identical import SHA256 45d00510f993d321d2288b0791a96297893de9e5e0dc24d36246e41e144008ce; tools/watcom_debug.py; tools/register_watcom_debug.py	size:1	Original module: ailssa.asm. Symbol object 1 offset 000a1649. Direct original-build import; no retail equivalence or prototype inferred.
000b1690	_AILSSA_merge	recovered	DREAMS.EXE embedded Watcom v3 code symbol; byte-identical import SHA256 45d00510f993d321d2288b0791a96297893de9e5e0dc24d36246e41e144008ce; tools/watcom_debug.py; tools/register_watcom_debug.py	size:355	Original module: ailssa.asm. Symbol object 1 offset 000a1690. Direct original-build import; no retail equivalence or prototype inferred.
000b17f3	_AILSSA_DMA_copy	recovered	DREAMS.EXE embedded Watcom v3 code symbol; byte-identical import SHA256 45d00510f993d321d2288b0791a96297893de9e5e0dc24d36246e41e144008ce; tools/watcom_debug.py; tools/register_watcom_debug.py	size:147	Original module: ailssa.asm. Symbol object 1 offset 000a17f3. Direct original-build import; no retail equivalence or prototype inferred.
000b1886	_AILSSA_flush_buffer	recovered	DREAMS.EXE embedded Watcom v3 code symbol; byte-identical import SHA256 45d00510f993d321d2288b0791a96297893de9e5e0dc24d36246e41e144008ce; tools/watcom_debug.py; tools/register_watcom_debug.py	size:44	Original module: ailssa.asm. Symbol object 1 offset 000a1886. Direct original-build import; no retail equivalence or prototype inferred.
000b18f8	_AILSSA_VMM_lock	recovered	DREAMS.EXE embedded Watcom v3 code symbol; byte-identical import SHA256 45d00510f993d321d2288b0791a96297893de9e5e0dc24d36246e41e144008ce; tools/watcom_debug.py; tools/register_watcom_debug.py	size:47	Original module: ailssa.asm. Symbol object 1 offset 000a18f8. Direct original-build import; no retail equivalence or prototype inferred.
000b1927	__EnterWVIDEO_	recovered	DREAMS.EXE embedded Watcom v3 code symbol; byte-identical import SHA256 45d00510f993d321d2288b0791a96297893de9e5e0dc24d36246e41e144008ce; tools/watcom_debug.py; tools/register_watcom_debug.py	size:21	Original module: enterdb. Symbol object 1 offset 000a1927. Direct original-build import; no retail equivalence or prototype inferred.
000b194d	getche_	recovered	DREAMS.EXE embedded Watcom v3 code symbol; byte-identical import SHA256 45d00510f993d321d2288b0791a96297893de9e5e0dc24d36246e41e144008ce; tools/watcom_debug.py; tools/register_watcom_debug.py	size:29	Original module: gtche. Symbol object 1 offset 000a194d. Direct original-build import; no retail equivalence or prototype inferred.
000b196a	__Slash_C_	recovered	DREAMS.EXE embedded Watcom v3 code symbol; byte-identical import SHA256 45d00510f993d321d2288b0791a96297893de9e5e0dc24d36246e41e144008ce; tools/watcom_debug.py; tools/register_watcom_debug.py	size:38	Original module: spve. Symbol object 1 offset 000a196a. Direct original-build import; no retail equivalence or prototype inferred.
000b1990	file_exists_	recovered	DREAMS.EXE embedded Watcom v3 code symbol; byte-identical import SHA256 45d00510f993d321d2288b0791a96297893de9e5e0dc24d36246e41e144008ce; tools/watcom_debug.py; tools/register_watcom_debug.py	size:31	Original module: spve. Symbol object 1 offset 000a1990. Direct original-build import; no retail equivalence or prototype inferred.
000b19af	x_dospawn_	recovered	DREAMS.EXE embedded Watcom v3 code symbol; byte-identical import SHA256 45d00510f993d321d2288b0791a96297893de9e5e0dc24d36246e41e144008ce; tools/watcom_debug.py; tools/register_watcom_debug.py	size:51	Original module: spve. Symbol object 1 offset 000a19af. Direct original-build import; no retail equivalence or prototype inferred.
000b19e2	spawnve_	recovered	DREAMS.EXE embedded Watcom v3 code symbol; byte-identical import SHA256 45d00510f993d321d2288b0791a96297893de9e5e0dc24d36246e41e144008ce; tools/watcom_debug.py; tools/register_watcom_debug.py	size:787	Original module: spve. Symbol object 1 offset 000a19e2. Direct original-build import; no retail equivalence or prototype inferred.
000b1cf5	__int23_handler_	recovered	DREAMS.EXE embedded Watcom v3 code symbol; byte-identical import SHA256 45d00510f993d321d2288b0791a96297893de9e5e0dc24d36246e41e144008ce; tools/watcom_debug.py; tools/register_watcom_debug.py	size:149	Original module: sigsy. Symbol object 1 offset 000a1cf5. Direct original-build import; no retail equivalence or prototype inferred.
000b1d8a	__int_ctrl_break_handler_	recovered	DREAMS.EXE embedded Watcom v3 code symbol; byte-identical import SHA256 45d00510f993d321d2288b0791a96297893de9e5e0dc24d36246e41e144008ce; tools/watcom_debug.py; tools/register_watcom_debug.py	size:120	Original module: sigsy. Symbol object 1 offset 000a1d8a. Direct original-build import; no retail equivalence or prototype inferred.
000b1e02	__DPMI_hosted_	recovered	DREAMS.EXE embedded Watcom v3 code symbol; byte-identical import SHA256 45d00510f993d321d2288b0791a96297893de9e5e0dc24d36246e41e144008ce; tools/watcom_debug.py; tools/register_watcom_debug.py	size:148	Original module: sigsy. Symbol object 1 offset 000a1e02. Direct original-build import; no retail equivalence or prototype inferred.
000b1e96	__restore_int23_	recovered	DREAMS.EXE embedded Watcom v3 code symbol; byte-identical import SHA256 45d00510f993d321d2288b0791a96297893de9e5e0dc24d36246e41e144008ce; tools/watcom_debug.py; tools/register_watcom_debug.py	size:243	Original module: sigsy. Symbol object 1 offset 000a1e96. Direct original-build import; no retail equivalence or prototype inferred.
000b2047	__restore_int_	recovered	DREAMS.EXE embedded Watcom v3 code symbol; byte-identical import SHA256 45d00510f993d321d2288b0791a96297893de9e5e0dc24d36246e41e144008ce; tools/watcom_debug.py; tools/register_watcom_debug.py	size:5	Original module: sigsy. Symbol object 1 offset 000a2047. Direct original-build import; no retail equivalence or prototype inferred.
000b204c	__restore_int_ctrl_break_	recovered	DREAMS.EXE embedded Watcom v3 code symbol; byte-identical import SHA256 45d00510f993d321d2288b0791a96297893de9e5e0dc24d36246e41e144008ce; tools/watcom_debug.py; tools/register_watcom_debug.py	size:246	Original module: sigsy. Symbol object 1 offset 000a204c. Direct original-build import; no retail equivalence or prototype inferred.
000b2084	__grab_int23_	recovered	DREAMS.EXE embedded Watcom v3 code symbol; byte-identical import SHA256 45d00510f993d321d2288b0791a96297893de9e5e0dc24d36246e41e144008ce; tools/watcom_debug.py; tools/register_watcom_debug.py	size:283	Original module: sigsy. Symbol object 1 offset 000a2084. Direct original-build import; no retail equivalence or prototype inferred.
000b219f	__grab_int_ctrl_break_	recovered	DREAMS.EXE embedded Watcom v3 code symbol; byte-identical import SHA256 45d00510f993d321d2288b0791a96297893de9e5e0dc24d36246e41e144008ce; tools/watcom_debug.py; tools/register_watcom_debug.py	size:283	Original module: sigsy. Symbol object 1 offset 000a219f. Direct original-build import; no retail equivalence or prototype inferred.
000b22ba	_SetMaxPrec_	recovered	DREAMS.EXE embedded Watcom v3 code symbol; byte-identical import SHA256 45d00510f993d321d2288b0791a96297893de9e5e0dc24d36246e41e144008ce; tools/watcom_debug.py; tools/register_watcom_debug.py	size:6	Original module: ftos. Symbol object 1 offset 000a22ba. Direct original-build import; no retail equivalence or prototype inferred.
000b22c0	DoEFormat_	recovered	DREAMS.EXE embedded Watcom v3 code symbol; byte-identical import SHA256 45d00510f993d321d2288b0791a96297893de9e5e0dc24d36246e41e144008ce; tools/watcom_debug.py; tools/register_watcom_debug.py	size:163	Original module: ftos. Symbol object 1 offset 000a22c0. Direct original-build import; no retail equivalence or prototype inferred.
000b2363	DoFFormat_	recovered	DREAMS.EXE embedded Watcom v3 code symbol; byte-identical import SHA256 45d00510f993d321d2288b0791a96297893de9e5e0dc24d36246e41e144008ce; tools/watcom_debug.py; tools/register_watcom_debug.py	size:99	Original module: ftos. Symbol object 1 offset 000a2363. Direct original-build import; no retail equivalence or prototype inferred.
000b23c6	AdjField_	recovered	DREAMS.EXE embedded Watcom v3 code symbol; byte-identical import SHA256 45d00510f993d321d2288b0791a96297893de9e5e0dc24d36246e41e144008ce; tools/watcom_debug.py; tools/register_watcom_debug.py	size:113	Original module: ftos. Symbol object 1 offset 000a23c6. Direct original-build import; no retail equivalence or prototype inferred.
000b2437	_FtoS_	recovered	DREAMS.EXE embedded Watcom v3 code symbol; byte-identical import SHA256 45d00510f993d321d2288b0791a96297893de9e5e0dc24d36246e41e144008ce; tools/watcom_debug.py; tools/register_watcom_debug.py	size:570	Original module: ftos. Symbol object 1 offset 000a2437. Direct original-build import; no retail equivalence or prototype inferred.
000b2671	strtod_	recovered	DREAMS.EXE embedded Watcom v3 code symbol; byte-identical import SHA256 45d00510f993d321d2288b0791a96297893de9e5e0dc24d36246e41e144008ce; tools/watcom_debug.py; tools/register_watcom_debug.py	size:499	Original module: strtod. Symbol object 1 offset 000a2671. Direct original-build import; no retail equivalence or prototype inferred.
000b2864	_dos_setvect_	recovered	DREAMS.EXE embedded Watcom v3 code symbol; byte-identical import SHA256 45d00510f993d321d2288b0791a96297893de9e5e0dc24d36246e41e144008ce; tools/watcom_debug.py; tools/register_watcom_debug.py	size:45	Original module: d_setvec. Symbol object 1 offset 000a2864. Direct original-build import; no retail equivalence or prototype inferred.
000b2894	__fpatan_wrap	recovered	DREAMS.EXE embedded Watcom v3 code symbol; byte-identical import SHA256 45d00510f993d321d2288b0791a96297893de9e5e0dc24d36246e41e144008ce; tools/watcom_debug.py; tools/register_watcom_debug.py	size:52	Original module: chipw32. Symbol object 1 offset 000a2894. Direct original-build import; no retail equivalence or prototype inferred.
000b28c8	__math87_err_	recovered	DREAMS.EXE embedded Watcom v3 code symbol; byte-identical import SHA256 45d00510f993d321d2288b0791a96297893de9e5e0dc24d36246e41e144008ce; tools/watcom_debug.py; tools/register_watcom_debug.py	size:123	Original module: math87e. Symbol object 1 offset 000a28c8. Direct original-build import; no retail equivalence or prototype inferred.
000b2943	verify_pentium_fdiv_bug_	recovered	DREAMS.EXE embedded Watcom v3 code symbol; byte-identical import SHA256 45d00510f993d321d2288b0791a96297893de9e5e0dc24d36246e41e144008ce; tools/watcom_debug.py; tools/register_watcom_debug.py	size:85	Original module: chipbug. Symbol object 1 offset 000a2943. Direct original-build import; no retail equivalence or prototype inferred.
000b2998	__math1err_	recovered	DREAMS.EXE embedded Watcom v3 code symbol; byte-identical import SHA256 45d00510f993d321d2288b0791a96297893de9e5e0dc24d36246e41e144008ce; tools/watcom_debug.py; tools/register_watcom_debug.py	size:10	Original module: math2err. Symbol object 1 offset 000a2998. Direct original-build import; no retail equivalence or prototype inferred.
000b29a2	__math2err_	recovered	DREAMS.EXE embedded Watcom v3 code symbol; byte-identical import SHA256 45d00510f993d321d2288b0791a96297893de9e5e0dc24d36246e41e144008ce; tools/watcom_debug.py; tools/register_watcom_debug.py	size:219	Original module: math2err. Symbol object 1 offset 000a29a2. Direct original-build import; no retail equivalence or prototype inferred.
000b2a80	InitTransp_15_	recovered	DREAMS.EXE embedded Watcom v3 code symbol; byte-identical import SHA256 45d00510f993d321d2288b0791a96297893de9e5e0dc24d36246e41e144008ce; tools/watcom_debug.py; tools/register_watcom_debug.py	size:263	Original module: C:\SOURCES\BEN11\3DC_DIV.C. Symbol object 1 offset 000a2a80. Direct original-build import; no retail equivalence or prototype inferred.
000b2b88	InitTransp_16_	recovered	DREAMS.EXE embedded Watcom v3 code symbol; byte-identical import SHA256 45d00510f993d321d2288b0791a96297893de9e5e0dc24d36246e41e144008ce; tools/watcom_debug.py; tools/register_watcom_debug.py	size:349	Original module: C:\SOURCES\BEN11\3DC_DIV.C. Symbol object 1 offset 000a2b88. Direct original-build import; no retail equivalence or prototype inferred.
000b2ce5	_SuperVGAType_	recovered	DREAMS.EXE embedded Watcom v3 code symbol; byte-identical import SHA256 45d00510f993d321d2288b0791a96297893de9e5e0dc24d36246e41e144008ce; tools/watcom_debug.py; tools/register_watcom_debug.py	size:942	Original module: svgainfor. Symbol object 1 offset 000a2ce5. Direct original-build import; no retail equivalence or prototype inferred.
000b3093	TestForVESA_	recovered	DREAMS.EXE embedded Watcom v3 code symbol; byte-identical import SHA256 45d00510f993d321d2288b0791a96297893de9e5e0dc24d36246e41e144008ce; tools/watcom_debug.py; tools/register_watcom_debug.py	size:140	Original module: svgainfor. Symbol object 1 offset 000a3093. Direct original-build import; no retail equivalence or prototype inferred.
000b311f	_SetSVGAType_	recovered	DREAMS.EXE embedded Watcom v3 code symbol; byte-identical import SHA256 45d00510f993d321d2288b0791a96297893de9e5e0dc24d36246e41e144008ce; tools/watcom_debug.py; tools/register_watcom_debug.py	size:7	Original module: svgainfor. Symbol object 1 offset 000a311f. Direct original-build import; no retail equivalence or prototype inferred.
000b3126	_FastMap_	recovered	DREAMS.EXE embedded Watcom v3 code symbol; byte-identical import SHA256 45d00510f993d321d2288b0791a96297893de9e5e0dc24d36246e41e144008ce; tools/watcom_debug.py; tools/register_watcom_debug.py	size:169	Original module: fast256r. Symbol object 1 offset 000a3126. Direct original-build import; no retail equivalence or prototype inferred.
000b31cf	_RMAlloc_	recovered	DREAMS.EXE embedded Watcom v3 code symbol; byte-identical import SHA256 45d00510f993d321d2288b0791a96297893de9e5e0dc24d36246e41e144008ce; tools/watcom_debug.py; tools/register_watcom_debug.py	size:134	Original module: fast256r. Symbol object 1 offset 000a31cf. Direct original-build import; no retail equivalence or prototype inferred.
000b3255	_RMFree_	recovered	DREAMS.EXE embedded Watcom v3 code symbol; byte-identical import SHA256 45d00510f993d321d2288b0791a96297893de9e5e0dc24d36246e41e144008ce; tools/watcom_debug.py; tools/register_watcom_debug.py	size:47	Original module: fast256r. Symbol object 1 offset 000a3255. Direct original-build import; no retail equivalence or prototype inferred.
000b3284	_RMInterrupt_	recovered	DREAMS.EXE embedded Watcom v3 code symbol; byte-identical import SHA256 45d00510f993d321d2288b0791a96297893de9e5e0dc24d36246e41e144008ce; tools/watcom_debug.py; tools/register_watcom_debug.py	size:185	Original module: fast256r. Symbol object 1 offset 000a3284. Direct original-build import; no retail equivalence or prototype inferred.
000b333d	_RMInterrupt2_	recovered	DREAMS.EXE embedded Watcom v3 code symbol; byte-identical import SHA256 45d00510f993d321d2288b0791a96297893de9e5e0dc24d36246e41e144008ce; tools/watcom_debug.py; tools/register_watcom_debug.py	size:141	Original module: fast256r. Symbol object 1 offset 000a333d. Direct original-build import; no retail equivalence or prototype inferred.
000b33ca	_L1OutCode_	recovered	DREAMS.EXE embedded Watcom v3 code symbol; byte-identical import SHA256 45d00510f993d321d2288b0791a96297893de9e5e0dc24d36246e41e144008ce; tools/watcom_debug.py; tools/register_watcom_debug.py	size:68	Original module: l1clipr. Symbol object 1 offset 000a33ca. Direct original-build import; no retail equivalence or prototype inferred.
000b340e	line_inter_	recovered	DREAMS.EXE embedded Watcom v3 code symbol; byte-identical import SHA256 45d00510f993d321d2288b0791a96297893de9e5e0dc24d36246e41e144008ce; tools/watcom_debug.py; tools/register_watcom_debug.py	size:99	Original module: l1clipr. Symbol object 1 offset 000a340e. Direct original-build import; no retail equivalence or prototype inferred.
000b3471	_L0LineClip_	recovered	DREAMS.EXE embedded Watcom v3 code symbol; byte-identical import SHA256 45d00510f993d321d2288b0791a96297893de9e5e0dc24d36246e41e144008ce; tools/watcom_debug.py; tools/register_watcom_debug.py	size:402	Original module: l1clipr. Symbol object 1 offset 000a3471. Direct original-build import; no retail equivalence or prototype inferred.
000b3603	block_inter_	recovered	DREAMS.EXE embedded Watcom v3 code symbol; byte-identical import SHA256 45d00510f993d321d2288b0791a96297893de9e5e0dc24d36246e41e144008ce; tools/watcom_debug.py; tools/register_watcom_debug.py	size:92	Original module: l1clipr. Symbol object 1 offset 000a3603. Direct original-build import; no retail equivalence or prototype inferred.
000b365f	_L0BlockClip_	recovered	DREAMS.EXE embedded Watcom v3 code symbol; byte-identical import SHA256 45d00510f993d321d2288b0791a96297893de9e5e0dc24d36246e41e144008ce; tools/watcom_debug.py; tools/register_watcom_debug.py	size:125	Original module: l1clipr. Symbol object 1 offset 000a365f. Direct original-build import; no retail equivalence or prototype inferred.
000b36dc	_L0DrawLine_	recovered	DREAMS.EXE embedded Watcom v3 code symbol; byte-identical import SHA256 45d00510f993d321d2288b0791a96297893de9e5e0dc24d36246e41e144008ce; tools/watcom_debug.py; tools/register_watcom_debug.py	size:445	Original module: l0drwlinr. Symbol object 1 offset 000a36dc. Direct original-build import; no retail equivalence or prototype inferred.
000b3899	__setenvp_	recovered	DREAMS.EXE embedded Watcom v3 code symbol; byte-identical import SHA256 45d00510f993d321d2288b0791a96297893de9e5e0dc24d36246e41e144008ce; tools/watcom_debug.py; tools/register_watcom_debug.py	size:212	Original module: setenvp. Symbol object 1 offset 000a3899. Direct original-build import; no retail equivalence or prototype inferred.
000b396d	stpcpy_	recovered	DREAMS.EXE embedded Watcom v3 code symbol; byte-identical import SHA256 45d00510f993d321d2288b0791a96297893de9e5e0dc24d36246e41e144008ce; tools/watcom_debug.py; tools/register_watcom_debug.py	size:15	Original module: cenvarg. Symbol object 1 offset 000a396d. Direct original-build import; no retail equivalence or prototype inferred.
000b397c	__cenvarg_	recovered	DREAMS.EXE embedded Watcom v3 code symbol; byte-identical import SHA256 45d00510f993d321d2288b0791a96297893de9e5e0dc24d36246e41e144008ce; tools/watcom_debug.py; tools/register_watcom_debug.py	size:312	Original module: cenvarg. Symbol object 1 offset 000a397c. Direct original-build import; no retail equivalence or prototype inferred.
000b3ab4	__ccmdline_	recovered	DREAMS.EXE embedded Watcom v3 code symbol; byte-identical import SHA256 45d00510f993d321d2288b0791a96297893de9e5e0dc24d36246e41e144008ce; tools/watcom_debug.py; tools/register_watcom_debug.py	size:83	Original module: cenvarg. Symbol object 1 offset 000a3ab4. Direct original-build import; no retail equivalence or prototype inferred.
000b3b07	__dospawn	recovered	DREAMS.EXE embedded Watcom v3 code symbol; byte-identical import SHA256 45d00510f993d321d2288b0791a96297893de9e5e0dc24d36246e41e144008ce; tools/watcom_debug.py; tools/register_watcom_debug.py	size:206	Original module: spawn386. Symbol object 1 offset 000a3b07. Direct original-build import; no retail equivalence or prototype inferred.
000b3bd5	strlen_	recovered	DREAMS.EXE embedded Watcom v3 code symbol; byte-identical import SHA256 45d00510f993d321d2288b0791a96297893de9e5e0dc24d36246e41e144008ce; tools/watcom_debug.py; tools/register_watcom_debug.py	size:25	Original module: strlen. Symbol object 1 offset 000a3bd5. Direct original-build import; no retail equivalence or prototype inferred.
000b3bee	pcopy_	recovered	DREAMS.EXE embedded Watcom v3 code symbol; byte-identical import SHA256 45d00510f993d321d2288b0791a96297893de9e5e0dc24d36246e41e144008ce; tools/watcom_debug.py; tools/register_watcom_debug.py	size:82	Original module: split2. Symbol object 1 offset 000a3bee. Direct original-build import; no retail equivalence or prototype inferred.
000b3c40	_splitpath2_	recovered	DREAMS.EXE embedded Watcom v3 code symbol; byte-identical import SHA256 45d00510f993d321d2288b0791a96297893de9e5e0dc24d36246e41e144008ce; tools/watcom_debug.py; tools/register_watcom_debug.py	size:219	Original module: split2. Symbol object 1 offset 000a3c40. Direct original-build import; no retail equivalence or prototype inferred.
000b3d1b	pickup_	recovered	DREAMS.EXE embedded Watcom v3 code symbol; byte-identical import SHA256 45d00510f993d321d2288b0791a96297893de9e5e0dc24d36246e41e144008ce; tools/watcom_debug.py; tools/register_watcom_debug.py	size:20	Original module: makepath. Symbol object 1 offset 000a3d1b. Direct original-build import; no retail equivalence or prototype inferred.
000b3d2f	_makepath_	recovered	DREAMS.EXE embedded Watcom v3 code symbol; byte-identical import SHA256 45d00510f993d321d2288b0791a96297893de9e5e0dc24d36246e41e144008ce; tools/watcom_debug.py; tools/register_watcom_debug.py	size:491	Original module: makepath. Symbol object 1 offset 000a3d2f. Direct original-build import; no retail equivalence or prototype inferred.
000b3f1a	__sigabort_	recovered	DREAMS.EXE embedded Watcom v3 code symbol; byte-identical import SHA256 45d00510f993d321d2288b0791a96297893de9e5e0dc24d36246e41e144008ce; tools/watcom_debug.py; tools/register_watcom_debug.py	size:204	Original module: signl. Symbol object 1 offset 000a3f1a. Direct original-build import; no retail equivalence or prototype inferred.
000b3f24	__sigfpe_handler_	recovered	DREAMS.EXE embedded Watcom v3 code symbol; byte-identical import SHA256 45d00510f993d321d2288b0791a96297893de9e5e0dc24d36246e41e144008ce; tools/watcom_debug.py; tools/register_watcom_debug.py	size:53	Original module: signl. Symbol object 1 offset 000a3f24. Direct original-build import; no retail equivalence or prototype inferred.
000b3f59	signal_	recovered	DREAMS.EXE embedded Watcom v3 code symbol; byte-identical import SHA256 45d00510f993d321d2288b0791a96297893de9e5e0dc24d36246e41e144008ce; tools/watcom_debug.py; tools/register_watcom_debug.py	size:133	Original module: signl. Symbol object 1 offset 000a3f59. Direct original-build import; no retail equivalence or prototype inferred.
000b40d0	_chain_intr_	recovered	DREAMS.EXE embedded Watcom v3 code symbol; byte-identical import SHA256 45d00510f993d321d2288b0791a96297893de9e5e0dc24d36246e41e144008ce; tools/watcom_debug.py; tools/register_watcom_debug.py	size:25	Original module: chint386. Symbol object 1 offset 000a40d0. Direct original-build import; no retail equivalence or prototype inferred.
000b40e9	_dos_getvect_	recovered	DREAMS.EXE embedded Watcom v3 code symbol; byte-identical import SHA256 45d00510f993d321d2288b0791a96297893de9e5e0dc24d36246e41e144008ce; tools/watcom_debug.py; tools/register_watcom_debug.py	size:50	Original module: d_getvec. Symbol object 1 offset 000a40e9. Direct original-build import; no retail equivalence or prototype inferred.
000b411b	__Nan_Inf_	recovered	DREAMS.EXE embedded Watcom v3 code symbol; byte-identical import SHA256 45d00510f993d321d2288b0791a96297893de9e5e0dc24d36246e41e144008ce; tools/watcom_debug.py; tools/register_watcom_debug.py	size:146	Original module: nan_inf. Symbol object 1 offset 000a411b. Direct original-build import; no retail equivalence or prototype inferred.
000b41f9	log_	recovered	DREAMS.EXE embedded Watcom v3 code symbol; byte-identical import SHA256 45d00510f993d321d2288b0791a96297893de9e5e0dc24d36246e41e144008ce; tools/watcom_debug.py; tools/register_watcom_debug.py	size:12	Original module: log387. Symbol object 1 offset 000a41f9. Direct original-build import; no retail equivalence or prototype inferred.
000b4205	log10_	recovered	DREAMS.EXE embedded Watcom v3 code symbol; byte-identical import SHA256 45d00510f993d321d2288b0791a96297893de9e5e0dc24d36246e41e144008ce; tools/watcom_debug.py; tools/register_watcom_debug.py	size:12	Original module: log387. Symbol object 1 offset 000a4205. Direct original-build import; no retail equivalence or prototype inferred.
000b4211	log2_	recovered	DREAMS.EXE embedded Watcom v3 code symbol; byte-identical import SHA256 45d00510f993d321d2288b0791a96297893de9e5e0dc24d36246e41e144008ce; tools/watcom_debug.py; tools/register_watcom_debug.py	size:12	Original module: log387. Symbol object 1 offset 000a4211. Direct original-build import; no retail equivalence or prototype inferred.
000b421d	_Scale_	recovered	DREAMS.EXE embedded Watcom v3 code symbol; byte-identical import SHA256 45d00510f993d321d2288b0791a96297893de9e5e0dc24d36246e41e144008ce; tools/watcom_debug.py; tools/register_watcom_debug.py	size:65	Original module: scale. Symbol object 1 offset 000a421d. Direct original-build import; no retail equivalence or prototype inferred.
000b425e	_Scale10V_	recovered	DREAMS.EXE embedded Watcom v3 code symbol; byte-identical import SHA256 45d00510f993d321d2288b0791a96297893de9e5e0dc24d36246e41e144008ce; tools/watcom_debug.py; tools/register_watcom_debug.py	size:285	Original module: scale. Symbol object 1 offset 000a425e. Direct original-build import; no retail equivalence or prototype inferred.
000b437b	__cvt_	recovered	DREAMS.EXE embedded Watcom v3 code symbol; byte-identical import SHA256 45d00510f993d321d2288b0791a96297893de9e5e0dc24d36246e41e144008ce; tools/watcom_debug.py; tools/register_watcom_debug.py	size:477	Original module: cvt. Symbol object 1 offset 000a437b. Direct original-build import; no retail equivalence or prototype inferred.
000b4558	__ModF	recovered	DREAMS.EXE embedded Watcom v3 code symbol; byte-identical import SHA256 45d00510f993d321d2288b0791a96297893de9e5e0dc24d36246e41e144008ce; tools/watcom_debug.py; tools/register_watcom_debug.py	size:144	Original module: amodf386. Symbol object 1 offset 000a4558. Direct original-build import; no retail equivalence or prototype inferred.
000b45e8	__ZBuf2F	recovered	DREAMS.EXE embedded Watcom v3 code symbol; byte-identical import SHA256 45d00510f993d321d2288b0791a96297893de9e5e0dc24d36246e41e144008ce; tools/watcom_debug.py; tools/register_watcom_debug.py	size:75	Original module: amodf386. Symbol object 1 offset 000a45e8. Direct original-build import; no retail equivalence or prototype inferred.
000b4690	__fpatan_chk	recovered	DREAMS.EXE embedded Watcom v3 code symbol; byte-identical import SHA256 45d00510f993d321d2288b0791a96297893de9e5e0dc24d36246e41e144008ce; tools/watcom_debug.py; tools/register_watcom_debug.py	size:368	Original module: chipa32. Symbol object 1 offset 000a4690. Direct original-build import; no retail equivalence or prototype inferred.
000b4890	_set_matherr_	recovered	DREAMS.EXE embedded Watcom v3 code symbol; byte-identical import SHA256 45d00510f993d321d2288b0791a96297893de9e5e0dc24d36246e41e144008ce; tools/watcom_debug.py; tools/register_watcom_debug.py	size:6	Original module: _matherr. Symbol object 1 offset 000a4890. Direct original-build import; no retail equivalence or prototype inferred.
000b4896	__rterrmsg_	recovered	DREAMS.EXE embedded Watcom v3 code symbol; byte-identical import SHA256 45d00510f993d321d2288b0791a96297893de9e5e0dc24d36246e41e144008ce; tools/watcom_debug.py; tools/register_watcom_debug.py	size:72	Original module: _matherr. Symbol object 1 offset 000a4896. Direct original-build import; no retail equivalence or prototype inferred.
000b48de	_matherr_	recovered	DREAMS.EXE embedded Watcom v3 code symbol; byte-identical import SHA256 45d00510f993d321d2288b0791a96297893de9e5e0dc24d36246e41e144008ce; tools/watcom_debug.py; tools/register_watcom_debug.py	size:47	Original module: _matherr. Symbol object 1 offset 000a48de. Direct original-build import; no retail equivalence or prototype inferred.
000b490d	_GetStackLow_	recovered	DREAMS.EXE embedded Watcom v3 code symbol; byte-identical import SHA256 45d00510f993d321d2288b0791a96297893de9e5e0dc24d36246e41e144008ce; tools/watcom_debug.py; tools/register_watcom_debug.py	size:6	Original module: gstklowr. Symbol object 1 offset 000a490d. Direct original-build import; no retail equivalence or prototype inferred.
000b4913	strcpy_	recovered	DREAMS.EXE embedded Watcom v3 code symbol; byte-identical import SHA256 45d00510f993d321d2288b0791a96297893de9e5e0dc24d36246e41e144008ce; tools/watcom_debug.py; tools/register_watcom_debug.py	size:31	Original module: strcpy. Symbol object 1 offset 000a4913. Direct original-build import; no retail equivalence or prototype inferred.
000b4932	abort_	recovered	DREAMS.EXE embedded Watcom v3 code symbol; byte-identical import SHA256 45d00510f993d321d2288b0791a96297893de9e5e0dc24d36246e41e144008ce; tools/watcom_debug.py; tools/register_watcom_debug.py	size:6	Original module: abort. Symbol object 1 offset 000a4932. Direct original-build import; no retail equivalence or prototype inferred.
000b4938	__terminate_	recovered	DREAMS.EXE embedded Watcom v3 code symbol; byte-identical import SHA256 45d00510f993d321d2288b0791a96297893de9e5e0dc24d36246e41e144008ce; tools/watcom_debug.py; tools/register_watcom_debug.py	size:18	Original module: abort. Symbol object 1 offset 000a4938. Direct original-build import; no retail equivalence or prototype inferred.
000b494f	__log87_err_	recovered	DREAMS.EXE embedded Watcom v3 code symbol; byte-identical import SHA256 45d00510f993d321d2288b0791a96297893de9e5e0dc24d36246e41e144008ce; tools/watcom_debug.py; tools/register_watcom_debug.py	size:60	Original module: log87e. Symbol object 1 offset 000a494f. Direct original-build import; no retail equivalence or prototype inferred.
000b498c	__CmpBigInt	recovered	DREAMS.EXE embedded Watcom v3 code symbol; byte-identical import SHA256 45d00510f993d321d2288b0791a96297893de9e5e0dc24d36246e41e144008ce; tools/watcom_debug.py; tools/register_watcom_debug.py	size:58	Original module: i64ts386. Symbol object 1 offset 000a498c. Direct original-build import; no retail equivalence or prototype inferred.
000b49c6	__Rnd2Int	recovered	DREAMS.EXE embedded Watcom v3 code symbol; byte-identical import SHA256 45d00510f993d321d2288b0791a96297893de9e5e0dc24d36246e41e144008ce; tools/watcom_debug.py; tools/register_watcom_debug.py	size:107	Original module: i64ts386. Symbol object 1 offset 000a49c6. Direct original-build import; no retail equivalence or prototype inferred.
000b4a31	__Bin2String	recovered	DREAMS.EXE embedded Watcom v3 code symbol; byte-identical import SHA256 45d00510f993d321d2288b0791a96297893de9e5e0dc24d36246e41e144008ce; tools/watcom_debug.py; tools/register_watcom_debug.py	size:106	Original module: i64ts386. Symbol object 1 offset 000a4a31. Direct original-build import; no retail equivalence or prototype inferred.
000b4b52	frexp_	recovered	DREAMS.EXE embedded Watcom v3 code symbol; byte-identical import SHA256 45d00510f993d321d2288b0791a96297893de9e5e0dc24d36246e41e144008ce; tools/watcom_debug.py; tools/register_watcom_debug.py	size:111	Original module: frexp. Symbol object 1 offset 000a4b52. Direct original-build import; no retail equivalence or prototype inferred.
000b4bc2	__matherr	recovered	DREAMS.EXE embedded Watcom v3 code symbol; byte-identical import SHA256 45d00510f993d321d2288b0791a96297893de9e5e0dc24d36246e41e144008ce; tools/watcom_debug.py; tools/register_watcom_debug.py	size:1	Original module: __mtherr. Symbol object 1 offset 000a4bc2. Direct original-build import; no retail equivalence or prototype inferred.
000b4bc7	__get_std_stream_	recovered	DREAMS.EXE embedded Watcom v3 code symbol; byte-identical import SHA256 45d00510f993d321d2288b0791a96297893de9e5e0dc24d36246e41e144008ce; tools/watcom_debug.py; tools/register_watcom_debug.py	size:31	Original module: iobaddr. Symbol object 1 offset 000a4bc7. Direct original-build import; no retail equivalence or prototype inferred.
000b4be6	fputs_	recovered	DREAMS.EXE embedded Watcom v3 code symbol; byte-identical import SHA256 45d00510f993d321d2288b0791a96297893de9e5e0dc24d36246e41e144008ce; tools/watcom_debug.py; tools/register_watcom_debug.py	size:123	Original module: fputs. Symbol object 1 offset 000a4be6. Direct original-build import; no retail equivalence or prototype inferred.
000b4c61	__GrabFP87_	recovered	DREAMS.EXE embedded Watcom v3 code symbol; byte-identical import SHA256 45d00510f993d321d2288b0791a96297893de9e5e0dc24d36246e41e144008ce; tools/watcom_debug.py; tools/register_watcom_debug.py	size:49	Original module: grabfp87. Symbol object 1 offset 000a4c61. Direct original-build import; no retail equivalence or prototype inferred.
000b4c92	matherr_	recovered	DREAMS.EXE embedded Watcom v3 code symbol; byte-identical import SHA256 45d00510f993d321d2288b0791a96297893de9e5e0dc24d36246e41e144008ce; tools/watcom_debug.py; tools/register_watcom_debug.py	size:3	Original module: matherr. Symbol object 1 offset 000a4c92. Direct original-build import; no retail equivalence or prototype inferred.
000b4c96	__Init_FPE_handler_	recovered	DREAMS.EXE embedded Watcom v3 code symbol; byte-identical import SHA256 45d00510f993d321d2288b0791a96297893de9e5e0dc24d36246e41e144008ce; tools/watcom_debug.py; tools/register_watcom_debug.py	size:93	Original module: fpe387. Symbol object 1 offset 000a4c96. Direct original-build import; no retail equivalence or prototype inferred.
000b4cf3	__Fini_FPE_handler_	recovered	DREAMS.EXE embedded Watcom v3 code symbol; byte-identical import SHA256 45d00510f993d321d2288b0791a96297893de9e5e0dc24d36246e41e144008ce; tools/watcom_debug.py; tools/register_watcom_debug.py	size:92	Original module: fpe387. Symbol object 1 offset 000a4cf3. Direct original-build import; no retail equivalence or prototype inferred.
000b4d50	__Enable_FPE_	recovered	DREAMS.EXE embedded Watcom v3 code symbol; byte-identical import SHA256 45d00510f993d321d2288b0791a96297893de9e5e0dc24d36246e41e144008ce; tools/watcom_debug.py; tools/register_watcom_debug.py	size:21	Original module: fpeinth. Symbol object 1 offset 000a4d50. Direct original-build import; no retail equivalence or prototype inferred.
000b4d65	__FPEHandler_	recovered	DREAMS.EXE embedded Watcom v3 code symbol; byte-identical import SHA256 45d00510f993d321d2288b0791a96297893de9e5e0dc24d36246e41e144008ce; tools/watcom_debug.py; tools/register_watcom_debug.py	size:275	Original module: fpeinth. Symbol object 1 offset 000a4d65. Direct original-build import; no retail equivalence or prototype inferred.
000b4fb0	__Phar_hook_init_	recovered	DREAMS.EXE embedded Watcom v3 code symbol; byte-identical import SHA256 45d00510f993d321d2288b0791a96297893de9e5e0dc24d36246e41e144008ce; tools/watcom_debug.py; tools/register_watcom_debug.py	size:195	Original module: fpephar. Symbol object 1 offset 000a4fb0. Direct original-build import; no retail equivalence or prototype inferred.
000b5073	__Phar_hook_fini_	recovered	DREAMS.EXE embedded Watcom v3 code symbol; byte-identical import SHA256 45d00510f993d321d2288b0791a96297893de9e5e0dc24d36246e41e144008ce; tools/watcom_debug.py; tools/register_watcom_debug.py	size:45	Original module: fpephar. Symbol object 1 offset 000a5073. Direct original-build import; no retail equivalence or prototype inferred.
000b50a0	__DOS4G_hook_init_	recovered	DREAMS.EXE embedded Watcom v3 code symbol; byte-identical import SHA256 45d00510f993d321d2288b0791a96297893de9e5e0dc24d36246e41e144008ce; tools/watcom_debug.py; tools/register_watcom_debug.py	size:45	Original module: fpedos4g. Symbol object 1 offset 000a50a0. Direct original-build import; no retail equivalence or prototype inferred.
000b50cd	__DOS4G_hook_fini_	recovered	DREAMS.EXE embedded Watcom v3 code symbol; byte-identical import SHA256 45d00510f993d321d2288b0791a96297893de9e5e0dc24d36246e41e144008ce; tools/watcom_debug.py; tools/register_watcom_debug.py	size:25	Original module: fpedos4g. Symbol object 1 offset 000a50cd. Direct original-build import; no retail equivalence or prototype inferred.
000b50e6	__Ergo_hook_init_	recovered	DREAMS.EXE embedded Watcom v3 code symbol; byte-identical import SHA256 45d00510f993d321d2288b0791a96297893de9e5e0dc24d36246e41e144008ce; tools/watcom_debug.py; tools/register_watcom_debug.py	size:62	Original module: fpeergo. Symbol object 1 offset 000a50e6. Direct original-build import; no retail equivalence or prototype inferred.
000b5124	__Ergo_hook_fini_	recovered	DREAMS.EXE embedded Watcom v3 code symbol; byte-identical import SHA256 45d00510f993d321d2288b0791a96297893de9e5e0dc24d36246e41e144008ce; tools/watcom_debug.py; tools/register_watcom_debug.py	size:25	Original module: fpeergo. Symbol object 1 offset 000a5124. Direct original-build import; no retail equivalence or prototype inferred.
000b513e	__Intel_hook_init_	recovered	DREAMS.EXE embedded Watcom v3 code symbol; byte-identical import SHA256 45d00510f993d321d2288b0791a96297893de9e5e0dc24d36246e41e144008ce; tools/watcom_debug.py; tools/register_watcom_debug.py	size:88	Original module: fpeintel. Symbol object 1 offset 000a513e. Direct original-build import; no retail equivalence or prototype inferred.
000b5196	__Intel_hook_fini_	recovered	DREAMS.EXE embedded Watcom v3 code symbol; byte-identical import SHA256 45d00510f993d321d2288b0791a96297893de9e5e0dc24d36246e41e144008ce; tools/watcom_debug.py; tools/register_watcom_debug.py	size:1	Original module: fpeintel. Symbol object 1 offset 000a5196. Direct original-build import; no retail equivalence or prototype inferred.
000b5197	_expand_hsq	recovered	DREAMS.EXE embedded Watcom v3 code symbol; byte-identical import SHA256 45d00510f993d321d2288b0791a96297893de9e5e0dc24d36246e41e144008ce; tools/watcom_debug.py; tools/register_watcom_debug.py	size:153	Original module: src\dcmphsq.asm. Symbol object 1 offset 000a5197. Direct original-build import; no retail equivalence or prototype inferred.
