#program	DREAMSFX.EXE
#sha256	9b95f25f00b46387ba292e2060b395c55170fcd10d7e3b5cf5e965fecf5027d3
#imagebase	0
FUNC	20058	GAME_Init	undefined GAME_Init(void)	[NAME] Descriptive name. One-time startup: CD drive and paths, DREAMS.DAT, the 0x172000 MEM stack, the 0x57800 stream, fonts hi640/480/320, sour.alp, dialog.drd, UI icons. Failures are fatal. Sources: WINDREAM.EXE 004156bf GAME_Init via match_functions (strings 1.00, callees 9/9). Facts (tools/check_names.py): str:hi640.spr; str:sour.alp; str:dialog.drd; call:00031a54; call:000639a0.\n\n[DOCS_SYNC]\n[docs/boot-sequence.md > Function map (boot path)] | `GAME_Init` (`0x4156bf`) | one-time asset init: CD drive and paths, heaps, the `0x57800`-byte stream (`STRM_Create` (`0x415201`)), DREAMS.DAT parse, fonts `hi640/480/320.spr`, cursor `sour_alp`, `icones.bf`, `DIALOG.DRD` check |\n\n[docs/dsn-loader.md > Stream context layout] The stream is built once, by `STRM_Create` (`0x415201`): `GAME_Init` (`0x4156bf`) calls it as `0x5df47c = STRM_Create(0x57800, 0x57800, 0x8000)`.\n\n[docs/engine.md > What the game reads from the renderer **[verified]**] The per-node box records built after the scene walk (`0x460de0`, called per node by the tree walk `0x4610e8` from `REND_DrawFrame`) are read only by box-collision routines (`0x4616ac`–`0x464188`) that nothing calls, except `PHYS_InitBoxPairs` (`0x464188`), which `GAME_Init` calls to allocate their tables (2026-09-26 caller sweep).
FUNC	206a4	GAME_InitSubsystems	undefined GAME_InitSubsystems(void)	[NAME] Descriptive name. Game-side start-up: event queue, INPUT_Init, main handler, sound, audio CD, optional intro. Sources: WINDREAM.EXE 00415f00 GAME_InitSubsystems via match_functions (string 0.57, callees 2/2). Facts (tools/check_names.py): str:data\hnm\; str:\hnm\; str:Dreams Internal Error : ; call:0003c2c8.\n\n[DOCS_SYNC]\n[docs/animation-timing.md > Clock to frame counter] | `00415fd8`–`00415fe7` (in `GAME_InitSubsystems`, `00415f00`) | Calls dispatcher command `0x0c` with `EDX=200`, `EBX=15`. |\n\n[docs/boot-sequence.md > Function map (boot path)] | `GAME_InitSubsystems` (`0x415f00`) | system init: MGM message queue, `INPUT_Init` (`0x43a169`), 200 Hz timer, master frame handler `0x416d45`, sound, audio CD, optional intro |\n\n[docs/engine.md > How the original computes Δt] The master frame handler (`0x416d45`, installed by `GAME_InitSubsystems` (`0x415f00`); named `GAME_TickFrame`, a defined function since `CreateWatcomFunctions.java`) runs one frame as: `DEMO_RecordFrame` (`0x40d833`) or `DEMO_PlayFrame` (`0x40e4ed`), `GAME_Tick` (`0x4240ba`), UI, then the **delta for the next frame** (`0x4170a6`–`0x4172a2`):
FUNC	221dc	ANIM_LoadEntitySet	undefined ANIM_LoadEntitySet(void)	[NAME] Descriptive name. Loads an entity's clips: claims one of 16 family banks, lists an???.3da from the DAN archive or data\3dc\, atoi_ on the AN### suffix, RES_Load into slot[n]; fills gaps up to 64; sets obj+0x158 and obj+0xa9 bit 4. Sources: WINDREAM.EXE 00404d98 ANIM_LoadEntitySet via match_functions (slot 0.48, callees 4/4). Facts (tools/check_names.py): str:data\3dc\; str:\3dc\; str:an???.3da; call:00071318.\n\n[DOCS_SYNC]\n[docs/ai-animation-runtime.md > Project54 `IBI.DAN`: firing path] `ANIM_LoadEntitySet` (`0x404d98`) backfills missing slots from the nearest earlier loaded clip, so all four requests resolve to `IBIAN016` (82 frames).\n\n[docs/ai-animation-runtime.md > Per-model action table] - `ANIM_LoadEntitySet` (`0x404d98`) loads a model's `.DAN` directory, parses each `AN###` suffix, and installs the clip handle at that numeric slot in the model's family bank.\n\n[docs/ai-animation-runtime.md > Player movement] `SCENE_InitLevel` (`0x41f42e`), which `SCENE_LoadLevel` (`0x41f9db`) runs on every level load, loads the player bank from `XH_.DAN` (or `MHE.DAN` for the alternate character) through `ENT_LoadObject` (`0x41d624`) and `ANIM_LoadEntitySet`, requests state 0, and enters the same resolver.\n\n[docs/ai-animation-runtime.md > Reproduce the binary trace] The pointer table and rules are at `WINDREAM.EXE:0x0049d5a0`; the action table is initialized at `ANIM_InitStateTable` (`0x40484d`) and populated at `ANIM_LoadEntitySet` (`0x404d98`).\n\n[docs/asset-access.md > Project records and contextual resources] `ANIM_LoadEntitySet` (`0x00404d98`) maps clip labels to runtime slots.\n\n[docs/dsn-loader.md > The Body Unpackers and Call Hierarchy **[verified]**] 5. **`ENT_LoadModel` (`0x41da7d`)**: Loads one actor's model (DSN, DAN, `.3DC`, `.3DI`, anim set) for `ENT_InstantiateFromObjet`; it is not a scene-wide loader. Caller of `DSN_LoadHeader` (`0x4175bc`). Dispatches model geometry loading, then invokes `ANIM_LoadEntitySet` (`0x404d98`) / `ANIM_RequestState` (`0x405118`) / `ANIM_ApplyPendingState` (`0x4058d5`) for entity initialization if flag bit 1 is set.\n\n[docs/models.md > Animation names and runtime IDs] `WINDREAM.EXE` at `ANIM_LoadEntitySet` (`0x404d98`) reads the `.DAN` clip directory (or searches `an???.3da` files when there is no container), parses each numeric suffix via `atoi_` (`0x4551b5`), and installs the loaded clip in that numbered runtime slot.
FUNC	22550	ANI_CopyAnimObjet_	undefined ANI_CopyAnimObjet_(void)	[NAME] Name recovered. Original module: C:\DREAMS\src\ANIM.C. No prototype or owner review inferred. Sources: July 1997 DREAMS.EXE original debug symbol; literal-byte match; re/reviews/wip-dos-byte-matches.tsv; tools/check_wip_names.py. Facts (tools/check_names.py): size:40.
FUNC	22bc4	ANIM_ApplyPendingState	undefined ANIM_ApplyPendingState(void)	[NAME] Descriptive name. Commits +0x160 to +0x15c, looks up the clip in 0x4f7728, starts a blend; picks idle after one-shots. Sources: WINDREAM.EXE 004058d5 ANIM_ApplyPendingState via match_functions (callee 0.68, callees 2/2). Facts (tools/check_names.py): caller:000246f4.\n\n[DOCS_SYNC]\n[docs/ai-animation-runtime.md > Per-model action table] - `ANIM_ApplyPendingState` (`0x4058d5`) resolves the requested action in `+0x160` as a slot within the actor's family, commits it as the current action at `+0x15c`, and starts a transition if the resolved clip changes.\n\n[docs/ai-animation-runtime.md > Player movement] For runtime class 1, `ANIM_ApplyPendingState` (`0x4058d5`) selects an action from actor `+0x240` divided by frame delta.\n\n[docs/ai-animation-runtime.md > Update order] 3. `ANIM_ApplyPendingState` (`0x4058d5`) (commit the requested action), action sounds, then `ANIM_TickClip` (`0x4068be`) (or `ANIM_TickBlend` (`0x405f1f`)/`ANIM_TickSeamlessSwitch` (`0x4062ad`) during a transition, which call `PHYS_TickEntity` (`0x43d83e`)), and head tracking (`ENT_TrackTarget` (`0x4071bb`): the head node turns toward the current target, clamped to ±45°). A new action's clip starts at frame 1 (`ANIM_StartClip` (`0x4067a2`)).\n\n[docs/animation-timing.md > Actor and state modifiers] `ANIM_ApplyPendingState` (`004058d5`) selects or transitions animation actions and writes float **1.0** to actor `+0x178` at `00405afa`, `00405b6f`, and `00405d8a`.\n\n[docs/dsn-loader.md > The Body Unpackers and Call Hierarchy **[verified]**] 5. **`ENT_LoadModel` (`0x41da7d`)**: Loads one actor's model (DSN, DAN, `.3DC`, `.3DI`, anim set) for `ENT_InstantiateFromObjet`; it is not a scene-wide loader. Caller of `DSN_LoadHeader` (`0x4175bc`). Dispatches model geometry loading, then invokes `ANIM_LoadEntitySet` (`0x404d98`) / `ANIM_RequestState` (`0x405118`) / `ANIM_ApplyPendingState` (`0x4058d5`) for entity initialization if flag bit 1 is set.
FUNC	2305c	ANIM_TickBlend	undefined ANIM_TickBlend(void)	[NAME] Descriptive name. Cross-fade step between old and new clip, raises weight +0x164, finishes at 0x100. Sources: WINDREAM.EXE 00405f1f ANIM_TickBlend via match_functions (caller 0.58, callees 9/9). Facts (tools/check_names.py): call:00040ba4; caller:000246f4.\n\n[DOCS_SYNC]\n[docs/ai-animation-runtime.md > Update order] 3. `ANIM_ApplyPendingState` (`0x4058d5`) (commit the requested action), action sounds, then `ANIM_TickClip` (`0x4068be`) (or `ANIM_TickBlend` (`0x405f1f`)/`ANIM_TickSeamlessSwitch` (`0x4062ad`) during a transition, which call `PHYS_TickEntity` (`0x43d83e`)), and head tracking (`ENT_TrackTarget` (`0x4071bb`): the head node turns toward the current target, clamped to ±45°). A new action's clip starts at frame 1 (`ANIM_StartClip` (`0x4067a2`)).\n\n[docs/animation-root-blending.md > Original blend path [verified common case]] In `ANIM_TickBlend` (`00405f1f`), the incoming frame at actor `+0x174` is set to 1 on each transition update; the outgoing frame at `+0x170` is held.\n\n[docs/animation-timing.md > Actor and state modifiers] `ENT_TickEntity` (`00407b51`) runs one of three per-tick animation routines: the cross-fade step `ANIM_TickBlend` (`00405f1f`); `ANIM_TickSeamlessSwitch` (`004062ad`), the same-pair switch path that poses, feeds root motion to velocity and finishes the blend at once; or the normal clip tick `ANIM_TickClip` (`004068be`).\n\n[docs/file-formats.md > Project Header fields (0x200 bytes) **[verified]**] - `+0x0A0` `i32`: Player movement scale, copied as a float to actor `+0x104` (the animation step scale `ANIM_TickBlend` (`0x405f1f`) and `ANIM_TickClip` (`0x4068be`) multiply by). **Not** a near clip. **[verified]**
FUNC	233b0	ANIM_TickSeamlessSwitch	undefined ANIM_TickSeamlessSwitch(void)	[NAME] Descriptive name. Same-pair switch: poses, root motion to velocity, finishes the blend at once. Sources: WINDREAM.EXE 004062ad ANIM_TickSeamlessSwitch via match_functions (slot 0.46, callees 13/13). Facts (tools/check_names.py): call:0007201c; call:00040ba4.\n\n[DOCS_SYNC]\n[docs/ai-animation-runtime.md > Update order] 3. `ANIM_ApplyPendingState` (`0x4058d5`) (commit the requested action), action sounds, then `ANIM_TickClip` (`0x4068be`) (or `ANIM_TickBlend` (`0x405f1f`)/`ANIM_TickSeamlessSwitch` (`0x4062ad`) during a transition, which call `PHYS_TickEntity` (`0x43d83e`)), and head tracking (`ENT_TrackTarget` (`0x4071bb`): the head node turns toward the current target, clamped to ±45°). A new action's clip starts at frame 1 (`ANIM_StartClip` (`0x4067a2`)).\n\n[docs/animation-root-blending.md > Root displacement and physics [verified flow; integration pending]] `ANIM_TickSeamlessSwitch` (`004062ad`) and `ANIM_TickClip` (`004068be`) save the previous root position at actor `+0x128`, read the newly evaluated position into `+0x11c` via `MDL_GetNodePosition` (`00457a04`), and subtract them using `MATH_SubVec3` (`0045b98c`).\n\n[docs/animation-timing.md > Actor and state modifiers] `ENT_TickEntity` (`00407b51`) runs one of three per-tick animation routines: the cross-fade step `ANIM_TickBlend` (`00405f1f`); `ANIM_TickSeamlessSwitch` (`004062ad`), the same-pair switch path that poses, feeds root motion to velocity and finishes the blend at once; or the normal clip tick `ANIM_TickClip` (`004068be`).
FUNC	237e0	ANIM_StartClip	undefined ANIM_StartClip(void)	[NAME] Descriptive name. Starts the current action's clip: frame 1.0, pose the model, then advance by speed x dt; run when an action begins. Sources: WINDREAM.EXE 004067a2 ANIM_StartClip via match_functions (slot 0.49, callees 4/4). Facts (tools/check_names.py): call:0007201c; caller:00022bc4; caller:000246f4.\n\n[DOCS_SYNC]\n[docs/ai-animation-runtime.md > Update order] 3. `ANIM_ApplyPendingState` (`0x4058d5`) (commit the requested action), action sounds, then `ANIM_TickClip` (`0x4068be`) (or `ANIM_TickBlend` (`0x405f1f`)/`ANIM_TickSeamlessSwitch` (`0x4062ad`) during a transition, which call `PHYS_TickEntity` (`0x43d83e`)), and head tracking (`ENT_TrackTarget` (`0x4071bb`): the head node turns toward the current target, clamped to ±45°). A new action's clip starts at frame 1 (`ANIM_StartClip` (`0x4067a2`)).
FUNC	23894	ANIM_TickClip	undefined ANIM_TickClip(void)	[NAME] Descriptive name. Normal anim tick: pose current frame, root motion to velocity with speed flags, advance time, one-shot end. Sources: WINDREAM.EXE 004068be ANIM_TickClip via match_functions (slot 0.44, callees 13/13). Facts (tools/check_names.py): call:0007201c; call:00040ba4.\n\n[DOCS_SYNC]\n[docs/ai-animation-runtime.md > Update order] 3. `ANIM_ApplyPendingState` (`0x4058d5`) (commit the requested action), action sounds, then `ANIM_TickClip` (`0x4068be`) (or `ANIM_TickBlend` (`0x405f1f`)/`ANIM_TickSeamlessSwitch` (`0x4062ad`) during a transition, which call `PHYS_TickEntity` (`0x43d83e`)), and head tracking (`ENT_TrackTarget` (`0x4071bb`): the head node turns toward the current target, clamped to ±45°). A new action's clip starts at frame 1 (`ANIM_StartClip` (`0x4067a2`)).\n\n[docs/animation-root-blending.md > Root displacement and physics [verified flow; integration pending]] `ANIM_TickSeamlessSwitch` (`004062ad`) and `ANIM_TickClip` (`004068be`) save the previous root position at actor `+0x128`, read the newly evaluated position into `+0x11c` via `MDL_GetNodePosition` (`00457a04`), and subtract them using `MATH_SubVec3` (`0045b98c`).\n\n[docs/animation-timing.md > Actor and state modifiers] `ENT_TickEntity` (`00407b51`) runs one of three per-tick animation routines: the cross-fade step `ANIM_TickBlend` (`00405f1f`); `ANIM_TickSeamlessSwitch` (`004062ad`), the same-pair switch path that poses, feeds root motion to velocity and finishes the blend at once; or the normal clip tick `ANIM_TickClip` (`004068be`).\n\n[docs/animation-timing.md > Actor and state modifiers] - Actor `+0x44`, when nonzero, can multiply playback speed. In `ANIM_TickClip` (`004068be`) this multiplier is gated for action IDs 0–8 unless flag `+0xad & 8` is set.\n\n[docs/file-formats.md > Project Header fields (0x200 bytes) **[verified]**] - `+0x0A0` `i32`: Player movement scale, copied as a float to actor `+0x104` (the animation step scale `ANIM_TickBlend` (`0x405f1f`) and `ANIM_TickClip` (`0x4068be`) multiply by). **Not** a near clip. **[verified]**
FUNC	23e60	ENT_TickAll	undefined ENT_TickAll(void)	[NAME] Descriptive name. Per-frame pass over the entity pools (16 at 0x630db8, 32 at 0x4fb7a8 stride 0x2d0) Sources: WINDREAM.EXE 00407089 ENT_TickAll via match_functions (slot 0.55, callees 5/5). Facts (tools/check_names.py): call:00044710; call:000246f4.\n\n[DOCS_SYNC]\n[docs/ai-animation-runtime.md > Project54 `IBI.DAN`: firing path] `ENT_TickAttackObject` (`0x444b8f`) is the per-tick update of an attack object, called from `ENT_TickAll` (`0x407089`), and includes its collision test; for class `0x14`, `ENT_ApplyAttackHit` (`0x4440aa`) calls `ENT_ApplyDamage` (`0x443619`) to reduce the target's health at `+0x38` by 10 and request its hit/death state.\n\n[docs/ai-animation-runtime.md > Update order] `ENT_TickAll` (`0x407089`), once per frame from `GAME_Tick` (`0x4240ba`): the 16 transient objects at `0x630db8` (free objects `+0xa9 & 8`; attack objects `+0xaa & 1` move and test hits through `ENT_MoveAttackObject` (`0x442e0d`)/`ENT_TickAttackObject` (`0x444b8f`)); the platform owner and `PHYS_UpdatePlatforms` (`0x43e115`); then the 32 actors at `0x4fb7a8` (0x2d0 bytes each) with `+0xa9 & 4`, through `ENT_TickEntity` (`0x407b51`).\n\n[docs/engine.md > Frame order] `GAME_Tick` (`0x4240ba`): player input (`0x423767`) → `CAM_CompCameraPos` (`0x4099d2`) → AI squads → `ENT_TickAll` (`0x407089`) (animation, then `PHYS_TickEntity` (`0x43d83e`) integrates each entity) → level exits → `0x423f60`: **`PHYS_ResolveCollisions` (`0x40bff8`)** → `REND_DrawFrame` (`0x459320`).
FUNC	23f20	ENT_TrackTarget	undefined ENT_TrackTarget(void)	[NAME] Descriptive name. Turns the head (and turret) sub-nodes toward the current target, clamped to +-45 degrees, and back to rest out of range. Sources: WINDREAM.EXE 004071bb ENT_TrackTarget via match_functions (slot 0.50, callees 6/6). Facts (tools/check_names.py): caller:000246f4.\n\n[DOCS_SYNC]\n[docs/ai-animation-runtime.md > Update order] 3. `ANIM_ApplyPendingState` (`0x4058d5`) (commit the requested action), action sounds, then `ANIM_TickClip` (`0x4068be`) (or `ANIM_TickBlend` (`0x405f1f`)/`ANIM_TickSeamlessSwitch` (`0x4062ad`) during a transition, which call `PHYS_TickEntity` (`0x43d83e`)), and head tracking (`ENT_TrackTarget` (`0x4071bb`): the head node turns toward the current target, clamped to ±45°). A new action's clip starts at frame 1 (`ANIM_StartClip` (`0x4067a2`)).
FUNC	246f4	ENT_TickEntity	undefined ENT_TickEntity(void)	[NAME] Descriptive name. Per-entity update: angles, timed events, pending state, then blend/switch/normal anim tick. Sources: WINDREAM.EXE 00407b51 ENT_TickEntity via match_functions (caller 0.69, callees 12/12). Facts (tools/check_names.py): call:00022bc4.\n\n[DOCS_SYNC]\n[docs/ai-animation-runtime.md > Project54 `IBI.DAN`: firing path] `ENT_TickEntity` (`0x407b51`) calls `ENT_SpawnAttackObject` (`0x442944`) when the attack state's frame threshold is crossed.\n\n[docs/ai-animation-runtime.md > Player controls **[verified]**] Each request adds `step · 12 / 32` (scaled by the frame) to the yaw rate `+0x60`, capped at `±100 · Δt`, and `ENT_TickEntity` (`0x407b51`) adds the rate to the heading `+0x5c` every frame (4096 per turn).\n\n[docs/ai-animation-runtime.md > Player controls **[verified]**] The generic actor updater `ENT_TickEntity` (`0x407b51`) advances animation and movement together.\n\n[docs/ai-animation-runtime.md > Update order] `ENT_TickAll` (`0x407089`), once per frame from `GAME_Tick` (`0x4240ba`): the 16 transient objects at `0x630db8` (free objects `+0xa9 & 8`; attack objects `+0xaa & 1` move and test hits through `ENT_MoveAttackObject` (`0x442e0d`)/`ENT_TickAttackObject` (`0x444b8f`)); the platform owner and `PHYS_UpdatePlatforms` (`0x43e115`); then the 32 actors at `0x4fb7a8` (0x2d0 bytes each) with `+0xa9 & 4`, through `ENT_TickEntity` (`0x407b51`).\n\n[docs/ai-animation-runtime.md > Update order] `ENT_TickEntity` (`0x407b51`), per actor:\n\n[docs/ai-animation-runtime.md > Firing animation: IBI sequence and remaining effect identity] **[verified control flow]** For the IBI actor in Project54, all four requested states resolve to `IBIAN016`, then `ENT_TickEntity` (`0x407b51`) triggers the moving effect through `ENT_SpawnAttackObject` (`0x442944`) / `ENT_PlaceAtFacingOffset` (`0x442786`) / `ENT_MoveAttackObject` (`0x442e0d`); the collision path applies damage through `ENT_TickAttackObject` (`0x444b8f`) / `ENT_ApplyAttackHit` (`0x4440aa`) / `ENT_ApplyDamage` (`0x443619`).\n\n[docs/animation-timing.md > Actor and state modifiers] `ENT_TickEntity` (`00407b51`) runs one of three per-tick animation routines: the cross-fade step `ANIM_TickBlend` (`00405f1f`); `ANIM_TickSeamlessSwitch` (`004062ad`), the same-pair switch path that poses, feeds root motion to velocity and finishes the blend at once; or the normal clip tick `ANIM_TickClip` (`004068be`).
FUNC	26834	RES_ReadFile	undefined RES_ReadFile(void)	[NAME] Descriptive name. File loader behind RES_Load: routes to DSN/DAN readers or reads the raw body. Sources: WINDREAM.EXE 0041c666 RES_ReadFile via match_functions (strings 1.00, callees 14/14). Facts (tools/check_names.py): caller:00071318; str:%s%s; str:.3DA.\n\nName matched from WINDREAM.EXE 0041c666 (strings, 1.00; tools/match_functions.py).\n\n[DOCS_SYNC]\n[docs/asset-access.md > Project records and contextual resources] `RES_Load` (`0x00456e24`) allocates an engine handle, calls `RES_ReadFile` (`0x0041c666`), and relocates the result.\n\n[docs/asset-access.md > Project records and contextual resources] `RES_ReadFile` changes meaning with its active container:\n\n[docs/asset-access.md > Project records and contextual resources] | no matching container route | physical path | raw branch of `RES_ReadFile` | Source file path, independent of the logical names above |\n\n[docs/assets.md > Textures — the honest position] They are the same **texture bank** as `.DAN` tag 2: after two u32s that `RES_ReadFile` (`0x41c666`) skips, 98,324 bytes of a 20-byte header, a 32-row × 256-entry RGB565 palette ramp (the ramp *is* the shading: the rasterizer picks row `31 − shade`) and a 256×256 8-bit page, which `MDL_LoadMaterials` (`0x456038`) binds at `+0x8014`.\n\n[docs/dsn-loader.md > The Body Unpackers and Call Hierarchy **[verified]**] 4. **`RES_ReadFile` (`0x41c666`)**: The file reader behind `RES_Load` (`0x456e24`). Routes by extension: `DSN_LoadMaterialsAndFaces` (`0x4177f5`) (`.3DC`), `DSN_LoadVertexPool` (`0x4178fe`) (`.3DI`), `DSN_Create3DM` (`0x417a07`) (`.3DM`) and `DAN_Load3DA` (`0x4105eb`) (`.3DA`); anything else is read as a raw body. In DSN mode `DSN_Create3DM` builds the `.3DM` texture in memory rather than reading a file: it copies the 20-byte header template from the DSN table, zeroes a 0x8000 palette block and a 0x10000 page, and `DSN_LoadTextures` fills it later.\n\n[docs/file-formats.md > `.3DM` — texture bank **[verified]**] `RES_ReadFile` (`0x41c666`) skips the first eight bytes; `MDL_LoadMaterials` (`0x456038`) binds the page at bank `+0x8014`.\n\n[docs/re-setup.md > First results — the parsers are located] String anchors additionally implicate `RES_ReadFile` (`0x41c666`) (4 xrefs), `MDL_LoadMaterials` (`0x456038`), `CD_FindDrive` (`0x427f11`), `DAN_Read3DC` (`0x41020f`) and `FSB_Load` (`0x426143`): the resource-file reader, the `.3DM` material loader, the CD drive search, the DAN chunk reader and the FSB bank loader.\n\n[docs/scene-geometry.md > The engine's view (2026-09-26) — read this first] **Tag 1 is the renderable scene graph; tag 2 is the collision mesh.** The engine loads tag 1 as `.3DC`, resource type 1, and tag 2 as `.3DI`, resource type 5 (`RES_ReadFile` (`0x41c666`) routes both to the DSN readers; `RES_Relocate` (`0x456368`) relocates type 5 with `MDL_RelocCollision` (`0x455fb4`), which walks 96-byte triangles and relocates their `+0x00/+0x04/+0x08` vertex pointers, the `+0x0c` normal pointer and a pointer at `+0x44`).
FUNC	2724c	SCENE_FindSkyNode	undefined SCENE_FindSkyNode(void)	[NAME] Descriptive name. Finds the scene's CIEL (sky) node and hides or shows it by the level's far-plane override. Sources: WINDREAM.EXE 0041d2cf SCENE_FindSkyNode via match_functions (strings 1.00, callees 5/5). Facts (tools/check_names.py): str:CIEL; caller:0002935c.
FUNC	274f4	ENT_MoveToPlayerSpawn	undefined ENT_MoveToPlayerSpawn(void)	[NAME] Descriptive name. Places an actor at the level's player spawn. Sources: WINDREAM.EXE 0041d581 ENT_MoveToPlayerSpawn via match_functions (slot 0.51, callees 2/2). Facts (tools/check_names.py): call:000720c4; caller:0002756c.\n\n[DOCS_SYNC]\n[docs/models.md > Addresses, and the 220] `ENT_MoveToPlayerSpawn` then places the model root at the recorded player spawn, rather than adding the authored root offset to it.
FUNC	2756c	ENT_LoadObject	undefined ENT_LoadObject(void)	[NAME] Descriptive name. Takes a free slot of 32 (stride 0x2d0) and loads a 3D object: its .DAN if any, the model via RES_Load, then its properties from the current DREAMS.DAT record. Sources: WINDREAM.EXE 0041d624 ENT_LoadObject via match_functions (strings 1.00, callees 7/7). Facts (tools/check_names.py): str:can't find DAN file; str:%sdata/3dc/%s; call:00056908; call:00071318.\n\n[DOCS_SYNC]\n[docs/ai-animation-runtime.md > Player movement] `SCENE_InitLevel` (`0x41f42e`), which `SCENE_LoadLevel` (`0x41f9db`) runs on every level load, loads the player bank from `XH_.DAN` (or `MHE.DAN` for the alternate character) through `ENT_LoadObject` (`0x41d624`) and `ANIM_LoadEntitySet`, requests state 0, and enters the same resolver.\n\n[docs/file-formats.md > Project Header fields (0x200 bytes) **[verified]**] - `+0x09C` `i32`: Player movement mode, copied to actor `+0x34` by `ENT_LoadObject` (`0x41d624`) when non-zero (4 → 3, 5 → 1 flying, 6 → 3 flying). **Not** a camera projection mode. **[verified]**\n\n[docs/re-status.md > Field corrections to carry into the port] | Project `+0x9c`, `+0xa0`, `+0xa4` | Player movement-mode selector, movement scale, turn step | `ENT_LoadObject`, `ANIM_RequestState`; [engine.md](engine.md#camera-and-projection-verified) |
FUNC	27964	ENT_LoadModel	undefined ENT_LoadModel(void)	[NAME] Descriptive name. Loads one actor's model (DSN, DAN, .3DC, .3DI, anim set) Sources: WINDREAM.EXE 0041da7d ENT_LoadModel via match_functions (strings 1.00, callees 11/11). Facts (tools/check_names.py): str:can't find DSN file; str:No 3di file; call:00056908; call:00051374; caller:00027d50.\n\nName matched from WINDREAM.EXE 0041da7d (strings, 1.00; tools/match_functions.py).\n\n[DOCS_SYNC]\n[docs/asset-access.md > Project records and contextual resources] `ENT_LoadModel` (`0x0041da7d`) probes the stem of a requested object under `DATA\3DC` for `.DSN` and `.DAN`.\n\n[docs/dsn-loader.md > The Body Unpackers and Call Hierarchy **[verified]**] 5. **`ENT_LoadModel` (`0x41da7d`)**: Loads one actor's model (DSN, DAN, `.3DC`, `.3DI`, anim set) for `ENT_InstantiateFromObjet`; it is not a scene-wide loader. Caller of `DSN_LoadHeader` (`0x4175bc`). Dispatches model geometry loading, then invokes `ANIM_LoadEntitySet` (`0x404d98`) / `ANIM_RequestState` (`0x405118`) / `ANIM_ApplyPendingState` (`0x4058d5`) for entity initialization if flag bit 1 is set.
FUNC	27d50	ENT_InstantiateFromObjet	undefined ENT_InstantiateFromObjet(void)	[NAME] Descriptive name. Spawns an actor from a scene object definition. Sources: WINDREAM.EXE 0041deb8 ENT_InstantiateFromObjet via match_functions (strings 1.00, callees 9/9). Facts (tools/check_names.py): call:00027964; call:00027c90; caller:0002935c; str:data/3dc/.\n\nName matched from WINDREAM.EXE 0041deb8 (strings, 1.00; tools/match_functions.py).\n\n[DOCS_SYNC]\n[docs/ai-animation-runtime.md > Project54 `IBI.DAN`: firing path] `ENT_InstantiateFromObjet` (`0x41deb8`) remaps selector 5 to runtime class 1 and sets actor flag `+0xad & 0x20`; it also copies the three parameters to actor `+0x10c`, `+0x118`, and `+0x194`.\n\n[docs/ai-animation-runtime.md > `OBJET` fields: verified runtime use and limits] `ENT_InstantiateFromObjet` (`0x41deb8`) creates an actor from a project's `OBJET` record.\n\n[docs/dsn-loader.md > The Body Unpackers and Call Hierarchy **[verified]**] 5. **`ENT_LoadModel` (`0x41da7d`)**: Loads one actor's model (DSN, DAN, `.3DC`, `.3DI`, anim set) for `ENT_InstantiateFromObjet`; it is not a scene-wide loader. Caller of `DSN_LoadHeader` (`0x4175bc`). Dispatches model geometry loading, then invokes `ANIM_LoadEntitySet` (`0x404d98`) / `ANIM_RequestState` (`0x405118`) / `ANIM_ApplyPendingState` (`0x4058d5`) for entity initialization if flag bit 1 is set.\n\n[docs/dsn-loader.md > The Body Unpackers and Call Hierarchy **[verified]**] 6. **`ENT_InstantiateFromObjet` (`0x41deb8`)**: Converts an `OBJET` record from `DREAMS.DAT` into a live in-game entity struct.\n\n[docs/file-formats.md > Project Header fields (0x200 bytes) **[verified]**] Decompiled from `SCENE_LoadLevel` (`0x41f9db`) and `ENT_InstantiateFromObjet` (`0x41deb8`) in `WINDREAM.EXE`: - `+0x000` `char[16]`: project identifier (e.g.\n\n[docs/file-formats.md > `OBJET` fields (0xC0 bytes) **[verified]**] Decompiled from `ENT_InstantiateFromObjet` (`0x41deb8`) (entity instantiation) and `DBG_DrawObjectInfo` (`0x416606`) (the engine's developer debug HUD): - `+0x00` `char[12]`: slot name (`OBJET0` ..
FUNC	28800	ENT_ResetToSpawn	undefined ENT_ResetToSpawn(void)	[NAME] Descriptive name. Puts an actor back at its spawn record's position and heading, with its spawn health (default 100). Sources: WINDREAM.EXE 0041ec38 ENT_ResetToSpawn via match_functions (caller 0.55, callees 4/4). Facts (tools/check_names.py): call:00072058; call:000720c4.
FUNC	28df8	SCENE_InitLevel	undefined SCENE_InitLevel(void)	[NAME] Descriptive name. Scene start-up after loading: world state, per-level settings, player avatar and anims, module inits, camera. Sources: WINDREAM.EXE 0041f42e SCENE_InitLevel via match_functions (strings 1.00, callees 27/27). Facts (tools/check_names.py): call:0002756c; call:0003d45c.\n\n[DOCS_SYNC]\n[docs/ai-animation-runtime.md > Player movement] `SCENE_InitLevel` (`0x41f42e`), which `SCENE_LoadLevel` (`0x41f9db`) runs on every level load, loads the player bank from `XH_.DAN` (or `MHE.DAN` for the alternate character) through `ENT_LoadObject` (`0x41d624`) and `ANIM_LoadEntitySet`, requests state 0, and enters the same resolver.\n\n[docs/animation-timing.md > Actor and state modifiers] Duncan's initialization in the level start-up routine `SCENE_InitLevel` (`0041f42e`), run on every level load, selects action 0 and invokes this transition path.\n\n[docs/boot-sequence.md > The event sequence, as the player sees it] | 5 | **Black** (no transition) | `BOOT_Run` closes the generic movie, presents one more menu frame and clears both pages to black. The 15.0 timer is never counted down on New Game: `GAME_Tick` checks the loading state at `0x4240d5` and takes the load branch, and `SCENE_InitLevel` zeroes the timer (`0x41f45e`). The palette-shift countdown with a white or black fill applies only to level exits and save loads. | no asset |\n\n[docs/engine.md > Projection] - **FOV is a constant, 76.36° horizontal** (float `0x4298b852`), passed by every caller of `REND_SetViewportFov` (`0x456b94`): `SCENE_InitLevel` (`0x41f42e`), `VID_SetResolution` (`0x41592c`), the icon renderer `0x40fd54`. The level record's `+0xa4` is **not** the FOV (see *Corrections* in [research-log.md](research-log.md)).
FUNC	29288	SCENE_SetFog	undefined SCENE_SetFog(void)	[NAME] Descriptive name. Descriptive role independently reviewed. packs current fog inputs and calls the Glide fog-state wrapper. Sources: docs/glide-renderer.md; independent stripped-code review re/reviews/renderer-gaps-20260926.md. Facts (tools/check_names.py): size:209; caller:0002935c; call:000671d0.\n\n[DOCS_SYNC]\n[docs/glide-renderer.md > Device state and fog] `SCENE_SetFog` (`0x29288`) has three branches, using the current project record:\n\n[PORT_MAP] adapted | partial\nopendreams/shared/port/fog.cpp :: od::port::SCENE_SetFog\nRemaining: Full ABI closure, natural water-level corpus and zero-density hardware behavior remain partial; controlled project/water/exit routes pass\nOwner reviewed: no
FUNC	2935c	SCENE_LoadLevel	undefined SCENE_LoadLevel(void)	[NAME] Descriptive name. Level loader when the pending-load flag is set. Sources: WINDREAM.EXE 0041f9db SCENE_LoadLevel via match_functions (caller 0.73, callees 16/16). Facts (tools/check_names.py): call:00063e78; call:00027d50; call:000517a8.\n\nName matched from WINDREAM.EXE 0041f9db (caller, 0.73; tools/match_functions.py).\n\n[DOCS_SYNC]\n[docs/ai-animation-runtime.md > Player movement] `SCENE_InitLevel` (`0x41f42e`), which `SCENE_LoadLevel` (`0x41f9db`) runs on every level load, loads the player bank from `XH_.DAN` (or `MHE.DAN` for the alternate character) through `ENT_LoadObject` (`0x41d624`) and `ANIM_LoadEntitySet`, requests state 0, and enters the same resolver.\n\n[docs/boot-sequence.md > The event sequence, as the player sees it] | 7 | **Loading / CD-swap screen** | `SCENE_LoadLevel 0x41f9db` → `CD_PrepareLevel` (`0x427d64`): if the needed disc is not mounted shows *Please change to CD no %d*; with hard-disk caching it draws *Please wait while loading ...* and copies the files the level manifest lists to `X:\CRYO\DREAMS\` | `LISTL1.TXT` for Project 0 |\n\n[docs/boot-sequence.md > The ETE offset — an inert filename after the terminator] Its one-shot branch starts that movie and returns; the next loading tick after playback calls `SCENE_LoadLevel`.\n\n[docs/boot-sequence.md > Level entry, end to end] 1. `GAME_Tick 0x4240ba`, state = loading, project = `Project0`, latch on: stop music → start `TETE_E~1.HNM` → return. After playback, the next loading tick calls `SCENE_LoadLevel 0x41f9db`.\n\n[docs/boot-sequence.md > Function map (boot path)] | `0x41f9db` | `SCENE_LoadLevel` — level load when the pending-load flag is set: `CD_PrepareLevel`, DSN textures, lights/fog, OBJET entity spawns |\n\n[docs/dsn-loader.md > The Body Unpackers and Call Hierarchy **[verified]**] 3. **`DSN_LoadTextures` (`0x417afd`)**: Called progressively (32 iterations) by `SCENE_LoadLevel` (`0x41f9db`) and the per-frame `GAME_Tick` (`0x4240ba`), so the load is spread over frames:\n\n[docs/dsn-loader.md > The Body Unpackers and Call Hierarchy **[verified]**] 7. **`SCENE_LoadLevel` (`0x41f9db`)**: The level loader, run when the pending-load flag is set: `CD_PrepareLevel` (`0x427d64`) and the loading screen, DSN textures via `DSN_LoadTextures`, ambient and directional lights, fog, clear color, then a loop through `OBJET1` .. `OBJET15` to spawn active entities. Spawning is one part of the level load.\n\n[docs/file-formats.md > Project Header fields (0x200 bytes) **[verified]**] Decompiled from `SCENE_LoadLevel` (`0x41f9db`) and `ENT_InstantiateFromObjet` (`0x41deb8`) in `WINDREAM.EXE`: - `+0x000` `char[16]`: project identifier (e.g.
FUNC	2a66c	SCENE_CheckExits	undefined SCENE_CheckExits(void)	[NAME] Descriptive name. Checks up to 8 exit zones, loads the target scene; player death restart via Project0. Sources: WINDREAM.EXE 00420b60 SCENE_CheckExits via match_functions (strings 1.00, callees 7/7). Facts (tools/check_names.py): str:Project0; str:\hnm\; call:00032578.\n\n[DOCS_SYNC]\n[docs/ai-animation-runtime.md > Player controls **[verified]**] **Level exits** (`SCENE_CheckExits` (`0x420b60`), eight LINK records, file-formats.md): a link fires when the player (or any actor, flag `0x80`) is inside its box — or at once when the box is empty — and its conditions hold: flag 2 no living enemy of the other faction, 4 the actor's `+0x1d4` partner flagged `+0xac & 0x10`, `0x10` the level's trigger-completion flag, `0x20` Ctrl pressed, and a named object held (or, with flag 8, not held).\n\n[docs/file-formats.md > `LINK` fields (0x80 bytes) **[verified]**] `Project134`). - `+0x18` `u8`: flags, read by `SCENE_CheckExits` (`0x420b60`): 1 enabled (set in all 242 used links), 2 no living enemy left, 4 a partner condition, 8 invert the item test, `0x10` the level's trigger-completion flag, `0x20` Ctrl pressed, `0x40` no volume test, `0x80` any actor may take it (else the player only).\n\n[docs/sprites-ui-dialog.md > Separate menu loops] `SCENE_CheckExits` (`0x420b60`) is a separate handler that tests up to eight scene exit zones; it loads the target scene by queuing UI event `0x42` with the target name, can start a configured cutscene video, and restarts through `Project0` on player death.\n\n[docs/sprites-ui-dialog.md > The HUD message queue **[verified]** (2026-09-26)] | `0x42` | player controllers, `SCENE_CheckExits` (`0x420b60`) | show the nearby object's or exit's icon, and flag whether the pending target matches one of eight 0x510-byte records at `0x5e3008` (role open) |
FUNC	2b074	ENT_FindNearbyPickup	undefined ENT_FindNearbyPickup(void)	[NAME] Descriptive name. Finds the first collectable actor within 200 units of the player (skipping walkers and removed ones) and returns it. Sources: WINDREAM.EXE 0042153a ENT_FindNearbyPickup via match_functions (slot 0.49, callees 3/3). Facts (tools/check_names.py): size:395.
FUNC	2b200	ENT_TickPlayerGround	undefined ENT_TickPlayerGround(void)	[NAME] Descriptive name. Ground controller: landing damage and knock-down from the last fall speed, slot keys 1/2/3 (select, cast), pick-up, jumps, take-off into flight, walking, stepping back, and the combat-stance attack chains. Sources: WINDREAM.EXE 00421717 ENT_TickPlayerGround via match_functions (caller 0.70, callees 13/13). Facts (tools/check_names.py): call:00042a20.\n\n[DOCS_SYNC]\n[docs/ai-animation-runtime.md > Player controls **[verified]**] It then runs one controller by movement mode `+0x34`: ground (1) `ENT_TickPlayerGround` (`0x421717`), swimming (2) `ENT_TickPlayerSwimming` (`0x422af2`), flying (3) `ENT_TickPlayerFlying` (`0x422cd7`).
FUNC	2c3bc	ENT_TickPlayerSwimming	undefined ENT_TickPlayerSwimming(void)	[NAME] Descriptive name. Swimming controller: arrows 0x24/0x26/0x3d/0x3c, Alt picks up and plays 6 or 7, flight-capable forms fire with Ctrl. Sources: WINDREAM.EXE 00422af2 ENT_TickPlayerSwimming via match_functions (caller 0.77, callees 7/7). Facts (tools/check_names.py): call:00042a20.\n\n[DOCS_SYNC]\n[docs/ai-animation-runtime.md > Player controls **[verified]**] It then runs one controller by movement mode `+0x34`: ground (1) `ENT_TickPlayerGround` (`0x421717`), swimming (2) `ENT_TickPlayerSwimming` (`0x422af2`), flying (3) `ENT_TickPlayerFlying` (`0x422cd7`).
FUNC	2c54c	ENT_TickPlayerFlying	undefined ENT_TickPlayerFlying(void)	[NAME] Descriptive name. Flying controller: drains magic by 0.04 per frame-time unit; out of magic or on a hard impact requests 0xe, which ends the flight (mode 1, airborne, state 0x19, downward speed 20/dt); arrows 0x24/0x26/0x3d/0x3c. Sources: WINDREAM.EXE 00422cd7 ENT_TickPlayerFlying via match_functions (caller 0.68, callees 6/6). Facts (tools/check_names.py): size:949.\n\n[DOCS_SYNC]\n[docs/ai-animation-runtime.md > Player controls **[verified]**] It then runs one controller by movement mode `+0x34`: ground (1) `ENT_TickPlayerGround` (`0x421717`), swimming (2) `ENT_TickPlayerSwimming` (`0x422af2`), flying (3) `ENT_TickPlayerFlying` (`0x422cd7`).
FUNC	2c970	ENT_UpdateSwimming	undefined ENT_UpdateSwimming(void)	[NAME] Descriptive name. Per-actor water update: swim state, splash, air refill, bubbles. Sources: WINDREAM.EXE 004231f0 ENT_UpdateSwimming via match_functions (caller 0.65, callees 5/5). Facts (tools/check_names.py): call:000555f4; caller:000246f4.\n\n[DOCS_SYNC]\n[docs/sprites-ui-dialog.md > Player pyramid HUD] `ENT_UpdateSwimming` (`0x4231f0`) restores it to 100 in the safe water-height band, and `ENT_TickPlayerStatus` (`0x423399`) caps it at 100.
FUNC	2ce0c	ENT_TickPlayerControl	undefined ENT_TickPlayerControl(void)	[NAME] Descriptive name. Per-frame player control: enemy scan and combat stance (800/1500/2500 by weapon, 60-unit hold), then the ground, swimming or flying controller by mode +0x34; with Insert held the arrows become look keys. Sources: WINDREAM.EXE 00423767 ENT_TickPlayerControl via match_functions (caller 0.57, callees 5/5). Facts (tools/check_names.py): caller:0002d620.\n\n[DOCS_SYNC]\n[docs/ai-animation-runtime.md > Player controls **[verified]**] **Per frame** (`ENT_TickPlayerControl` (`0x423767`), from `GAME_Tick` (`0x4240ba`)): the player scans for enemies within 800 units (1,500 or 2,500 with a drawn weapon; there are three weapons, tested by `ENT_IsSwordDrawn` (`0x441160`), `ENT_IsBowDrawn` (`0x441726`) and `ENT_IsGunDrawn` (`0x441cb2`)); an enemy in range sets the **combat stance** `+0xac & 0x20` for at least 60 Δt units.
FUNC	2d620	GAME_Tick	undefined GAME_Tick(void)	[NAME] Descriptive name. Per-frame game tick. Sources: WINDREAM.EXE 004240ba GAME_Tick via match_functions (string 0.58, callees 22/23). Facts (tools/check_names.py): str:END.DSN; str:Pause; str:tete_e~1.hnm; call:MGM_SendMessage.\n\nName matched from WINDREAM.EXE 004240ba (string, 0.58; tools/match_functions.py).\n\n[DOCS_SYNC]\n[docs/ai-animation-runtime.md > Per-frame scheduler] `GAME_Tick` (`0x4240ba`) calls `AI_TickSquads` (`0x415109`).\n\n[docs/ai-animation-runtime.md > Per-frame scheduler] `AI_BuildSquads` (`0x4115a1`) builds the lists on scene load, and it is re-run from `GAME_Tick` (`0x4240ba`), `0x41e5af`, the trigger tick `SCENE_TickTriggers` (`0x429061`), and the hit resolver `ENT_ApplyAttackHit` (`0x4440aa`).\n\n[docs/ai-animation-runtime.md > Player controls **[verified]**] **Per frame** (`ENT_TickPlayerControl` (`0x423767`), from `GAME_Tick` (`0x4240ba`)): the player scans for enemies within 800 units (1,500 or 2,500 with a drawn weapon; there are three weapons, tested by `ENT_IsSwordDrawn` (`0x441160`), `ENT_IsBowDrawn` (`0x441726`) and `ENT_IsGunDrawn` (`0x441cb2`)); an enemy in range sets the **combat stance** `+0xac & 0x20` for at least 60 Δt units.\n\n[docs/ai-animation-runtime.md > Update order] `ENT_TickAll` (`0x407089`), once per frame from `GAME_Tick` (`0x4240ba`): the 16 transient objects at `0x630db8` (free objects `+0xa9 & 8`; attack objects `+0xaa & 1` move and test hits through `ENT_MoveAttackObject` (`0x442e0d`)/`ENT_TickAttackObject` (`0x444b8f`)); the platform owner and `PHYS_UpdatePlatforms` (`0x43e115`); then the 32 actors at `0x4fb7a8` (0x2d0 bytes each) with `+0xa9 & 4`, through `ENT_TickEntity` (`0x407b51`).\n\n[docs/boot-sequence.md > The event sequence, as the player sees it] | 5 | **Black** (no transition) | `BOOT_Run` closes the generic movie, presents one more menu frame and clears both pages to black. The 15.0 timer is never counted down on New Game: `GAME_Tick` checks the loading state at `0x4240d5` and takes the load branch, and `SCENE_InitLevel` zeroes the timer (`0x41f45e`). The palette-shift countdown with a white or black fill applies only to level exits and save loads. | no asset |\n\n[docs/boot-sequence.md > The event sequence, as the player sees it] | 6 | **Talking-head animation** (~21 s) | `GAME_Tick` state=loading: current project is `Project0` and one-shot latch `DAT_0049da28` is set → stop music (event `0x1f`), start the video and return. A later tick after playback calls the level loader. | `DATA\HNM\TETE_E~1.HNM` — 313 frames; an elderly white-bearded man speaking. |\n\n[docs/boot-sequence.md > The ETE offset — an inert filename after the terminator] `GAME_Tick 0x4240ba` separately names `data\hnm\tete_e~1.hnm` (string at `0x4c493e`).\n\n[docs/boot-sequence.md > Level entry, end to end] 1. `GAME_Tick 0x4240ba`, state = loading, project = `Project0`, latch on: stop music → start `TETE_E~1.HNM` → return. After playback, the next loading tick calls `SCENE_LoadLevel 0x41f9db`.
FUNC	2dc20	SPR_BlendChannel	undefined SPR_BlendChannel(void)	[NAME] Descriptive name. Mixes one colour channel by alpha via the 32x32 product table. Sources: WINDREAM.EXE 004014d0 SPR_BlendChannel via match_functions (code 1.00, callees 0/0). Facts (tools/check_names.py): caller:0002dc74.\n\n[DOCS_SYNC]\n[docs/file-formats.md > Menu `TABLE` bundles — `.ALP` and menu `.SPR` — **fully decoded**] `SPR_InitMulTables` (`0x424f7e`) fills two multiply lookup tables, 32×32 and 64×64; the 32×32 one is used by `SPR_BlendChannel` (`0x4014d0`), confirming the weight formula.\n\n[docs/sprites-ui-dialog.md > Correct pixel interpretation] `SPR_InitMulTables` (`0x424f7e`) fills two multiplication lookup tables, 32×32 and 64×64; `SPR_BlendChannel` (`0x4014d0`) uses the 32×32 one, confirming the weights.
FUNC	2dc74	SPR_BlendPixel	undefined SPR_BlendPixel(void)	[NAME] Descriptive name. Blends two 565/555 pixels by the global alpha. Sources: WINDREAM.EXE 00401524 SPR_BlendPixel via match_functions (code 1.00, callees 1/1). Facts (tools/check_names.py): call:0002dc20.\n\n[DOCS_SYNC]\n[docs/file-formats.md > `DATA\FONT\` — `HI320` / `HI480` / `HI640` (3 files)] `TEXT_BlitGlyphFaded` (`0x403bcd`) blits each nonzero glyph index through the palette and blends the whole glyph with one alpha through `SPR_BlendPixel` (`0x401524`); it is reached from `TEXT_PrintFaded` (`0x425f07`) via `0x425e74`.\n\n[docs/file-formats.md > Menu `TABLE` bundles — `.ALP` and menu `.SPR` — **fully decoded**] For coverage 1–62, `SPR_BlendPixel` (`0x401524`) uses `weight = coverage >> 1` and blends each packed channel as `((31-weight)*destination + weight*source) >> 5`.\n\n[docs/sprites-ui-dialog.md > Correct pixel interpretation] It skips coverage 0, copies coverage `>=63` as opaque, and blends values 1–62 through `SPR_BlendPixel` (`0x401524`).\n\n[docs/sprites-ui-dialog.md > Fonts and text] `TEXT_PrintFaded` (`0x425f07`), the alpha-blended twin of `TEXT_Print` (`0x426073`), formats and lays out the string; its glyph path (`0x425e74` → `TEXT_BlitGlyphFaded` (`0x403bcd`)) blits nonzero palette indices and blends the whole glyph with one alpha through `SPR_BlendPixel`.
FUNC	2e085	SPR_BlitSprite	undefined SPR_BlitSprite(void)	[NAME] Descriptive name. Core clipped sprite blit into g_frameBuffer; flags opaque/50%/per-pixel alpha, half scale, darken. Sources: WINDREAM.EXE 00401935 SPR_BlitSprite via match_functions (caller 0.98, callees 1/1). Facts (tools/check_names.py): call:0002dc74.\n\n[DOCS_SYNC]\n[docs/file-formats.md > Menu `TABLE` bundles — `.ALP` and menu `.SPR` — **fully decoded**] The retail evidence is the loader `SPR_LoadIconBanks` (`0x426c46`) plus its renderer `SPR_BlitSprite` (`0x401935`): the loader binds the RGB555 palette to each descriptor and copies the two-byte texel stream unchanged; the two-byte draw path uses the first byte to select a palette word and the second as its blend amount.\n\n[docs/sprites-ui-dialog.md > Correct pixel interpretation] `SPR_Draw` (`0x4274b0`) selects a bank and slot; `SPR_BlitSprite` (`0x401935`) performs the screen blit.\n\n[docs/sprites-ui-dialog.md > Correct pixel interpretation] `SPR_BlitSprite` (`0x401935`) maps that to `DAT_0049D126=1`; the branch at `0x401C04` jumps to `0x401DAD`, which reads the two-byte texel and uses the second byte directly.\n\n[docs/sprites-ui-dialog.md > Fonts and text] `TEXT_Print` instead goes through `0x425fd7` → `SPR_BlitSprite` with style flags.
FUNC	2fdfc	UI_DrawPyramidGauge	undefined UI_DrawPyramidGauge(void)	[NAME] Descriptive name. Draws the HUD pyramid gauge, replacing marker bytes 0xff/0xfe/0xfd with fill texels below each level. Sources: WINDREAM.EXE 0040368b UI_DrawPyramidGauge via match_functions (caller 0.98, callees 1/1). Facts (tools/check_names.py): call:0002dc74.\n\n[DOCS_SYNC]\n[docs/file-formats.md > Menu `TABLE` bundles — `.ALP` and menu `.SPR` — **fully decoded**] `UI_DrawPyramidGauge` (`0x40368b`) resolves them during the animated pyramid UI.\n\n[docs/sprites-ui-dialog.md > Correct pixel interpretation] `UI_DrawPyramidGauge` (`0x40368b`), called from `UI_UpdatePyramidGauge` (`0x427859`), resolves `0xff` through linked descriptor 3 and `0xfe` through descriptor 4, subject to animation bounds.\n\n[docs/sprites-ui-dialog.md > Correct pixel interpretation] `UI_DrawPyramidGauge` (`0x40368b`) composes those dynamically masked layers with the marker-bearing base image; `SPR_Draw` (`0x4274b0`) draws the cursor separately.\n\n[docs/sprites-ui-dialog.md > Player pyramid HUD] `UI_DrawPyramidGauge` (`0x40368b`) composites `pyrambo`'s `0xff`, `0xfe`, and `0xfd` texel commands from linked sprites, clipping substitutions by row thresholds.
FUNC	302d8	UI_TickGaugeFire	undefined UI_TickGaugeFire(void)	[NAME] Descriptive name. Advances the 64x84 fire-noise buffer one step. Sources: WINDREAM.EXE 00403b60 UI_TickGaugeFire via match_functions (code 1.00, callees 0/0). Facts (tools/check_names.py): caller:0005a7f8.\n\n[DOCS_SYNC]\n[docs/sprites-ui-dialog.md > Correct pixel interpretation] `UI_TickGaugeFire` (`0x403b60`) treats BSS storage at `0x5DFB8C` as an 84×64 byte field.\n\n[docs/sprites-ui-dialog.md > Player pyramid HUD] `UI_TickGaugeFire` (`0x403b60`) generates an 84×64 noise field and `UI_CopyFireToGauge` (`0x427ae9`) copies two 84×32 windows into the mask sprites' texel coverage bytes.
FUNC	30345	TEXT_BlitGlyphFaded	undefined TEXT_BlitGlyphFaded(void)	[NAME] Descriptive name. Glyph blit with one alpha for the whole glyph. Sources: WINDREAM.EXE 00403bcd TEXT_BlitGlyphFaded via match_functions (caller 0.99, callees 1/1). Facts (tools/check_names.py): call:0002dc74.\n\n[DOCS_SYNC]\n[docs/file-formats.md > `DATA\FONT\` — `HI320` / `HI480` / `HI640` (3 files)] `TEXT_BlitGlyphFaded` (`0x403bcd`) blits each nonzero glyph index through the palette and blends the whole glyph with one alpha through `SPR_BlendPixel` (`0x401524`); it is reached from `TEXT_PrintFaded` (`0x425f07`) via `0x425e74`.\n\n[docs/sprites-ui-dialog.md > Fonts and text] `TEXT_PrintFaded` (`0x425f07`), the alpha-blended twin of `TEXT_Print` (`0x426073`), formats and lays out the string; its glyph path (`0x425e74` → `TEXT_BlitGlyphFaded` (`0x403bcd`)) blits nonzero palette indices and blends the whole glyph with one alpha through `SPR_BlendPixel`.
FUNC	319ac	WOR_RLEDecompress_	undefined WOR_RLEDecompress_(void)	[NAME] Name recovered. Original module: C:\DREAMS\src\WORKS.C. No prototype or owner review inferred. Sources: July 1997 DREAMS.EXE original debug symbol; literal-byte match; re/reviews/wip-dos-byte-matches.tsv; tools/check_wip_names.py. Facts (tools/check_names.py): size:87.
FUNC	31a54	DDAT_Load	undefined DDAT_Load(void)	[NAME] Descriptive name. Loads dreams.dat (0x25400 bytes) and unpacks the current record; fills an "EMPTY" default table when the file is missing. Sources: WINDREAM.EXE 00448f5f DDAT_Load via match_functions (strings 1.00, callees 3/3). Facts (tools/check_names.py): str:dreams.dat; caller:00020058.\n\n[DOCS_SYNC]\n[docs/asset-access.md > Project records and contextual resources] `DDAT_Load` (`0x00448f5f`) opens `DREAMS.DAT`; `DDAT_LoadRecord` (`0x00449bf9`) selects one of 150 `ProjectN` records and calls `RLE_UnpackZeros` (`0x00448e25`) to obtain its 0x2200-byte record.\n\n[docs/boot-sequence.md > The event sequence, as the player sees it] | 4 | **New game** | on confirm (item 0) `MENU_Tick` writes an empty C string at the active record's `+0x3c`, then exits the menu; `BOOT_Run` resets level state and inventory. `DDAT_Load` sets the loading state (`0x661e08 = 1`, `0x448ff7`). `BOOT_Run` then writes 15.0 to the transition timer `_DAT_005e5480` (`0x4367b5`), but nothing counts it down (step 5). The optional project-movie branch sees the empty string and does not call open. | The Project 0 record contains inert `ETE_E~1.HNM` bytes starting at `+0x3d`, after the NUL at `+0x3c`; see the offset note below. |
FUNC	32578	DDAT_LoadRecord	undefined DDAT_LoadRecord(void)	[NAME] Descriptive name. Finds a named record among the 150 DREAMS.DAT entries (unless "EMPTY") and RLE_UnpackZeros it into 0x65b344; falls back to the previous name. Sources: WINDREAM.EXE 00449bf9 DDAT_LoadRecord via match_functions (caller 0.62, callees 2/2). Facts (tools/check_names.py): str:EMPTY.\n\n[DOCS_SYNC]\n[docs/asset-access.md > Project records and contextual resources] `DDAT_Load` (`0x00448f5f`) opens `DREAMS.DAT`; `DDAT_LoadRecord` (`0x00449bf9`) selects one of 150 `ProjectN` records and calls `RLE_UnpackZeros` (`0x00448e25`) to obtain its 0x2200-byte record.\n\n[docs/file-formats.md > The record codec and layout **[verified]**] That is the engine's own loop, `RLE_UnpackZeros` (`0x448e25`) in `WINDREAM.EXE`, applied per record by `DDAT_LoadRecord` (`0x449bf9`).\n\n[docs/game-content.md > Save format **[verified]** (2026-09-26)] Loading reads the same fields, then **re-reads the level record from `DREAMS.DAT` by name** (`DDAT_LoadRecord` (`0x449bf9`)) into the working copy, reattaches the inventory to the player, restores the hotkey icons and sets the pending-load flag with a 15-frame fade.
FUNC	39f50	dms_L1TacticalMovLeader_	undefined dms_L1TacticalMovLeader_(void)	[NAME] Name recovered. Original module: C:\DREAMS\src\DMS_EVIL.C. No prototype or owner review inferred. Sources: July 1997 DREAMS.EXE original debug symbol; literal-byte match; re/reviews/wip-dos-byte-matches.tsv; tools/check_wip_names.py. Facts (tools/check_names.py): size:52.
FUNC	3acf4	AI_DispatchSquadOrders	undefined AI_DispatchSquadOrders(void)	[NAME] Descriptive name. Squad order dispatcher. Sources: WINDREAM.EXE 00413b3b AI_DispatchSquadOrders via match_functions (caller 0.61, callees 8/8). Facts (tools/check_names.py): call:0003ab30.\n\n[DOCS_SYNC]\n[docs/ai-animation-runtime.md > Per-frame scheduler] | `0x005df3ac` | `0x005df470` | `AI_DispatchSquadOrders` (`0x413b3b`) | Update linked or grouped AI actors. |\n\n[docs/ai-animation-runtime.md > Per-frame scheduler] `AI_DispatchSquadOrders` (`0x413b3b`) applies mode changes across an actor's linked members.
FUNC	3b564	AI_TickCombat	undefined AI_TickCombat(void)	[NAME] Descriptive name. Per-member melee combat decision. Sources: WINDREAM.EXE 00414646 AI_TickCombat via match_functions (caller 0.61, callees 4/4). Facts (tools/check_names.py): size:1022.\n\n[DOCS_SYNC]\n[docs/ai-animation-runtime.md > Direct answers] - **AI layer:** in `WINDREAM.EXE`, the per-frame dispatcher is `AI_TickSquads` (`0x415109`); target collection and decisions run in `AI_ScanNearbyActors` (`0x4131a4`), `AI_UpdateMemberStatus` (`0x414d61`), and `AI_TickCombat` (`0x414646`).\n\n[docs/ai-animation-runtime.md > Per-frame scheduler] `AI_RunMemberOrders` (`0x414b24`) selects work from bits in the mode word: bit `0x10` runs the look/steering path, bit `0x02` runs the general behavior path, and bit `0x04` runs the target action selector `AI_TickCombat` (`0x414646`).\n\n[docs/ai-animation-runtime.md > Target selection and attack-like actions] `AI_TickCombat` (`0x414646`) uses the selected target, distance, facing, and a random threshold to request numbered actions.\n\n[docs/ai-animation-runtime.md > Firing animation: IBI sequence and remaining effect identity] 3. `AI_TickCombat` (`0x414646`) checks target distance, facing, and a random threshold.\n\n[docs/engine.md > What the game reads from the renderer **[verified]**] | `0x4145c3` | `AI_TickCombat` | line of sight: converts back to world space with the current camera (`0x457c3c`), tests the segment against collision planes |\n\n[docs/north-star.md > The renderer is free] Three ported systems read it, one tick late: positional sound (distance to volume, x to pan), the AI line-of-sight check in `AI_TickCombat`, and the attack-object line-of-sight check in `ENT_TickAttackObject`; the last two convert it back to world space with the *current* camera, so their "world position" drifts while the camera moves.
FUNC	3bc7c	dms_L1Strategic_	undefined dms_L1Strategic_(void)	[NAME] Name recovered. Original module: C:\DREAMS\src\DMS_EVIL.C. No prototype or owner review inferred. Sources: July 1997 DREAMS.EXE original debug symbol; literal-byte match; re/reviews/wip-dos-byte-matches.tsv; tools/check_wip_names.py. Facts (tools/check_names.py): size:282.
FUNC	3c2c8	MGM_SendMessage	undefined MGM_SendMessage(void)	[NAME] Name recovered. Raises "Dreams Internal Error : unknown message type in MGM_SendMessage". Sources: WINDREAM.EXE 0043a306 MGM_SendMessage via match_functions (strings 1.00, callees 3/3). Facts (tools/check_names.py): str:unknown message type in MGM_SendMessage.\n\nRaises "unknown message type in MGM_SendMessage".\n\n[DOCS_SYNC]\n[docs/animation-timing.md > Clock to frame counter] | `0043a306` (`MGM_SendMessage`), command `0x0c` | Calls `SYS_SetTimerRates` (`00424b4f`), which forwards to timer initialization `SYS_InitTimer` (`00440802`). |\n\n[docs/animation-timing.md > Clock to frame counter] | `0043a306` (`MGM_SendMessage`), command `0x11` | Updates the timer and returns `006309e0`. |\n\n[docs/boot-sequence.md > Message dispatcher (`0x43a306`, `MGM_SendMessage`)] Screens and subsystems talk through a numbered-message dispatcher at `MGM_SendMessage` (`0x43a306`).\n\n[docs/boot-sequence.md > Message dispatcher (`0x43a306`, `MGM_SendMessage`)] Its own error string names it: *unknown message type in MGM_SendMessage* **[verified]**.\n\n[docs/boot-sequence.md > Message dispatcher (`0x43a306`, `MGM_SendMessage`)] The complete command set of `MGM_SendMessage` (`0x43a306`), from its switch (2026-09-26, **[verified]**; any other command is a fatal error).\n\n[docs/boot-sequence.md > Function map (boot path)] | `0x43a306` | `MGM_SendMessage` — message dispatcher (not `CTRL_Dispatcher`, which is `0x40e75c`) |\n\n[docs/engine.md > Presentation and 2D — Glide mapped onto DirectDraw/GDI **[verified]**] The same pairing turned up five real function names in error strings (*unknown message type in X*): `MGM_SendMessage`, `MGM_DispatchMessages`, `CTRL_Dispatcher`, `MENJ_Dispatcher`, `CAM_CompCameraPos`, identical in both builds.\n\n[docs/engine.md > Joystick path **[verified]**] 3. **Enable flags.** In the dispatcher `MGM_SendMessage` (`0x43a306`), commands 7/8 set/clear `0x5e54bb` (via `JOY_EnablePov` (`0x424c5f`)/`JOY_DisablePov` (`0x424c87`)) and commands 10/11 set/clear `0x5e54ba` (`JOY_Enable` (`0x424caf`)/`JOY_Disable` (`0x424cd7`)). Both enables are gated on `0x626f70`, set during startup detection.
FUNC	3c658	MGM_DispatchMessages	undefined MGM_DispatchMessages(void)	[NAME] Name recovered. Raises "Dreams Internal Error : unknown message type in MGM_DispatchMessages". Sources: WINDREAM.EXE 0043a64c MGM_DispatchMessages via match_functions (strings 1.00, callees 2/2). Facts (tools/check_names.py): str:unknown message type in MGM_DispatchMessages.\n\nRaises "unknown message type in MGM_DispatchMessages".\n\n[DOCS_SYNC]\n[docs/boot-sequence.md > Message dispatcher (`0x43a306`, `MGM_SendMessage`)] The frame pump below is `MGM_DispatchMessages` (`0x43a64c`) by the same evidence.\n\n[docs/boot-sequence.md > Function map (boot path)] | `0x43a64c` | `MGM_DispatchMessages` — frame pump: Windows messages, event queues, standing handler call |\n\n[docs/engine.md > Presentation and 2D — Glide mapped onto DirectDraw/GDI **[verified]**] The same pairing turned up five real function names in error strings (*unknown message type in X*): `MGM_SendMessage`, `MGM_DispatchMessages`, `CTRL_Dispatcher`, `MENJ_Dispatcher`, `CAM_CompCameraPos`, identical in both builds.\n\n[docs/engine.md > Input — no mouse anywhere, polled keyboard **[verified]**] - The keyboard is **polled**: `INPUT_PollKeyboard` (`0x440757`) calls `GetAsyncKeyState(0..255)` once per frame into a 256-byte state array at `0x6308d8` (bit 0 = held, bit 1 = press edge, bit 2 = release edge); `INPUT_PostEvents` (`0x42493b`) (called from the frame pump before the event queues) posts each new key press as event `0x33` (it also posts `0x3b` and `0x3d`). Posting goes through `MGM_PostMessage` (`0x43b31a`), which pushes a 12-byte `{u8 type, u32, u32}` message onto a ring queue (count/capacity at `+0x10`/`+0x14`) that `MGM_DispatchMessages` drains.\n\n[docs/sprites-ui-dialog.md > Caption timing **[verified]** (2026-09-26)] `MENJ_PlayVoiceCaptions` (`0x436ab6`) takes over the frame loop until the entry ends (it pumps `MGM_DispatchMessages` (`0x43a64c`) itself, with `CTRL_Init` (`0x40eb4f`) installing the input callback):
FUNC	3d45c	CAM_CompCameraPos	undefined CAM_CompCameraPos(void)	[NAME] Name recovered. Raises "Dreams Internal Error : unknown event in CAM_CompCameraPos". Sources: WINDREAM.EXE 004099d2 CAM_CompCameraPos via match_functions (strings 1.00, callees 0/3). Facts (tools/check_names.py): str:unknown event in CAM_CompCameraPos.\n\nRaises "unknown event in CAM_CompCameraPos".\n\n[DOCS_SYNC]\n[docs/engine.md > What the game reads from the renderer **[verified]**] Both line-of-sight checks run in `GAME_Tick` before this tick's render, so they see the previous frame's value after `CAM_CompCameraPos` has moved the camera; their reconstructed world position drifts while the camera moves.\n\n[docs/engine.md > What the game reads from the renderer **[verified]**] `CAM_CompCameraPos` works in world space and uses no renderer output.\n\n[docs/engine.md > Presentation and 2D — Glide mapped onto DirectDraw/GDI **[verified]**] The same pairing turned up five real function names in error strings (*unknown message type in X*): `MGM_SendMessage`, `MGM_DispatchMessages`, `CTRL_Dispatcher`, `MENJ_Dispatcher`, `CAM_CompCameraPos`, identical in both builds.\n\n[docs/engine.md > The camera is node 0, driven by messages] `CAM_CompCameraPos` (`0x4099d2`) runs **once per frame** from `GAME_Tick` (`0x4240ba`) (and once at level start).\n\n[docs/engine.md > Frame order] `GAME_Tick` (`0x4240ba`): player input (`0x423767`) → `CAM_CompCameraPos` (`0x4099d2`) → AI squads → `ENT_TickAll` (`0x407089`) (animation, then `PHYS_TickEntity` (`0x43d83e`) integrates each entity) → level exits → `0x423f60`: **`PHYS_ResolveCollisions` (`0x40bff8`)** → `REND_DrawFrame` (`0x459320`).\n\n[docs/north-star.md > Milestones] 4. **Runtime front end and first playable level.** [Spec 004](specs/004-runtime-boot-menu/spec.md) brings ODRuntime through the original intro, menu and Project 0 level-load handoff, including basic controller operation. The first playable level adds the original camera (`CAM_CompCameraPos`), player movement from the original tables, collision, physics, level exits and the HUD. Fixed-step loop at 30 Hz with Δt = 1.0; the renderer draws the latest completed step. Optional motion interpolation belongs to milestone 7.
FUNC	3e1ec	CAM_UpdateFollowPos	undefined CAM_UpdateFollowPos(void)	[NAME] Descriptive name. Sets follow distances from the preset (averages of the two eye and two lead values) and picks the ground or orbit chase by actor mode (+0x34) and action (+0x15c), with per-mode distance and height offsets. Sources: WINDREAM.EXE 0040a866 CAM_UpdateFollowPos via match_functions (caller 0.62, callees 1/1). Facts (tools/check_names.py): size:615.\n\n[DOCS_SYNC]\n[docs/engine.md > Follow mode (mode 0)] Each frame (`CAM_UpdateFollowPos` (`0x40a866`)):
FUNC	3e454	CAM_ApplyLookAt	undefined CAM_ApplyLookAt(void)	[NAME] Descriptive name. Orients camera node 0 along target minus eye with a smoothed roll: swaying while swimming, banking with actor +0x64 while flying, zero otherwise. Sources: WINDREAM.EXE 0040ab4b CAM_ApplyLookAt via match_functions (caller 0.56, callees 5/5). Facts (tools/check_names.py): caller:0003d45c.\n\n[DOCS_SYNC]\n[docs/engine.md > Follow mode (mode 0)] **Orientation** (`CAM_ApplyLookAt` (`0x40ab4b`)): direction = normalise(target − eye), then `MATH_BuildOrientMatrix` (`0x45b2d0`)`(dir, 0xfff − roll)`.
FUNC	3f290	SCENE_StartAnimTexture	undefined SCENE_StartAnimTexture(void)	[NAME] Descriptive name. Binds project +0x4c to its lighting slot (flag 1), targets the HNM4 page (0x159fe8), opens data\anim\<+0x5c> and marks the texture animated. Sources: @R research-animtex.md (twin of WINDREAM 0x42dae2); blind review (high); adjudicated AGREE. Facts (tools/check_names.py): str:%sdata\anim\%s; call:MGM_SendMessage; call:00066be0; ref:00159fe8; const:4c; const:5c; caller:000402b8.\n\n[PORT_MAP] adapted | partial\nopendreams/shared/port/level_materials.cpp :: od::port::bind_anim_texture_0x42dae2\nRemaining: The DREAMSFX slot bookkeeping and 0x159fe8 target follow the WINDREAM reading and were not audited separately\nOwner reviewed: no
FUNC	3fca4	REND_UpdatePaletteRows	undefined REND_UpdatePaletteRows(void)	[NAME] Descriptive name. 3dfx variant: rebuilds a slot's 32 palette rows from current RGB or, with flag 0x10, the actor's RGB. Sources: @R research-lighting.md 1.4 (WIN 0x42e8b1, FX 0x3fca4); blind review (high, callers mirror WINDREAM init/tick/PL); adjudicated AGREE. Facts (tools/check_names.py): caller:0003f078; caller:0003fa84; caller:0003ffc0; call:0002f933; const:c8; const:4400; size:665.\n\n[DOCS_SYNC]\n[docs/engine.md > Lighting inputs (2026-09-26)] - `DSN_LoadTextures` (`0x417afd`) installs the source palette in row 15. `REND_UpdatePaletteRows` (`0x42e8b1`) rebuilds rows using global RGB or a bound actor's offsets; `REND_ApplyPaletteOffsets` (`0x4031c3`) saturates and packs them. The full/rolling update paths use different row-step indices.\n\n[docs/lighting.md > Texture-bank preparation] `REND_UpdatePaletteRows` (`0x42e8b1`) uses those actor RGB offsets for flag-0x10 slots and the current global RGB state for other slots.\n\n[PORT_MAP] adapted | partial\nopendreams/shared/port/palette_lighting.cpp :: od::port::REND_UpdatePaletteRows\nRemaining: Effect-light and exit-countdown branches are ported but unreachable (effect lights, DSN streaming 0x5df49c and 0x5e5480 are not driven)\nOwner reviewed: no
FUNC	409f4	PHYS_InitEntity	undefined PHYS_InitEntity(void)	[NAME] Descriptive name. Level-load physics setup: position, zero velocity and force, mass 1.0 (10.0 for free objects), damping factor 1.0; walkers get an actor collider, free objects an object collider, platform sets their platforms. Sources: WINDREAM.EXE 0043d62c PHYS_InitEntity via match_functions (slot 0.50, callees 4/4). Facts (tools/check_names.py): caller:0002935c.\n\n[DOCS_SYNC]\n[docs/engine.md > Colliders and radii] Every entity gets one sphere at level load (`PHYS_InitEntity` (`0x43d62c`)):\n\n[docs/scene-placement.md > The eleven former fallbacks] `PHYS_InitEntity` (`0x43d62c`) then invokes `PHYS_BuildPlatforms` (`0x43df1f`) on that entity's model children.
FUNC	40ba4	PHYS_TickEntity	undefined PHYS_TickEntity(void)	[NAME] Descriptive name. Per-entity physics tick by mode. Sources: WINDREAM.EXE 0043d83e PHYS_TickEntity via match_functions (strings 1.00, callees 5/5). Facts (tools/check_names.py): str:physics mode unknown.\n\n[DOCS_SYNC]\n[docs/ai-animation-runtime.md > Update order] 3. `ANIM_ApplyPendingState` (`0x4058d5`) (commit the requested action), action sounds, then `ANIM_TickClip` (`0x4068be`) (or `ANIM_TickBlend` (`0x405f1f`)/`ANIM_TickSeamlessSwitch` (`0x4062ad`) during a transition, which call `PHYS_TickEntity` (`0x43d83e`)), and head tracking (`ENT_TrackTarget` (`0x4071bb`): the head node turns toward the current target, clamped to ±45°). A new action's clip starts at frame 1 (`ANIM_StartClip` (`0x4067a2`)).\n\n[docs/animation-root-blending.md > Root displacement and physics [verified flow; integration pending]] The movement/collision path at `PHYS_TickEntity` (`0043d83e`) subsequently writes the resolved actor position back through `MDL_SetNodePosition` (`00457aa0`).\n\n[docs/engine.md > Frame order] `GAME_Tick` (`0x4240ba`): player input (`0x423767`) → `CAM_CompCameraPos` (`0x4099d2`) → AI squads → `ENT_TickAll` (`0x407089`) (animation, then `PHYS_TickEntity` (`0x43d83e`) integrates each entity) → level exits → `0x423f60`: **`PHYS_ResolveCollisions` (`0x40bff8`)** → `REND_DrawFrame` (`0x459320`).
FUNC	41024	PHY_SetPhy23D_	undefined PHY_SetPhy23D_(void)	[NAME] Name recovered. Original module: C:\DREAMS\src\PHYSIQUE.C. No prototype or owner review inferred. Sources: July 1997 DREAMS.EXE original debug symbol; literal-byte match; re/reviews/wip-dos-byte-matches.tsv; tools/check_wip_names.py. Facts (tools/check_names.py): size:38.
FUNC	412c8	WEA_TestActiveEpeeObject_	undefined WEA_TestActiveEpeeObject_(void)	[NAME] Name recovered. Original module: C:\DREAMS\src\WEAPON.C. No prototype or owner review inferred. Sources: July 1997 DREAMS.EXE original debug symbol; literal-byte match; re/reviews/wip-dos-byte-matches.tsv; tools/check_wip_names.py. Facts (tools/check_names.py): size:32.
FUNC	41804	WEA_TestActiveArcObject_	undefined WEA_TestActiveArcObject_(void)	[NAME] Name recovered. Original module: C:\DREAMS\src\WEAPON.C. No prototype or owner review inferred. Sources: July 1997 DREAMS.EXE original debug symbol; literal-byte match; re/reviews/wip-dos-byte-matches.tsv; tools/check_wip_names.py. Facts (tools/check_names.py): size:32.
FUNC	41cd0	WEA_TestActiveGunObject_	undefined WEA_TestActiveGunObject_(void)	[NAME] Name recovered. Original module: C:\DREAMS\src\WEAPON.C. No prototype or owner review inferred. Sources: July 1997 DREAMS.EXE original debug symbol; literal-byte match; re/reviews/wip-dos-byte-matches.tsv; tools/check_wip_names.py. Facts (tools/check_names.py): size:32.
FUNC	42a20	ENT_SpawnAttackObject	undefined ENT_SpawnAttackObject(void)	[NAME] Descriptive name. Spawns an attack object from the 16-slot pool. Sources: WINDREAM.EXE 00442944 ENT_SpawnAttackObject via match_functions (caller 0.66, callees 8/8). Facts (tools/check_names.py): call:00057a5c.\n\n[DOCS_SYNC]\n[docs/ai-animation-runtime.md > Project54 `IBI.DAN`: firing path] `ENT_TickEntity` (`0x407b51`) calls `ENT_SpawnAttackObject` (`0x442944`) when the attack state's frame threshold is crossed.\n\n[docs/ai-animation-runtime.md > Player controls **[verified]**] In combat stance Alt attacks chain `0x10 → 0x12 → 0x14` (and `0x16 → 0x15 → 0x11` with Ctrl) when the current clip is far enough along, weapons swap in `0x36`/`0x37`/`0x3a`, ↑ is `0x17`, ↓ `0x2e`, and the flight-capable form fires (`5`, `ENT_SpawnAttackObject` (`0x442944`)) at a magic cost of `0.05 · Δt` per frame.\n\n[docs/ai-animation-runtime.md > Action events] When the current clip passes a fixed fraction of its frames, the action spawns its hit object (`ENT_SpawnAttackObject` (`0x442944`)) with a sound id:\n\n[docs/ai-animation-runtime.md > Firing animation: IBI sequence and remaining effect identity] **[verified control flow]** For the IBI actor in Project54, all four requested states resolve to `IBIAN016`, then `ENT_TickEntity` (`0x407b51`) triggers the moving effect through `ENT_SpawnAttackObject` (`0x442944`) / `ENT_PlaceAtFacingOffset` (`0x442786`) / `ENT_MoveAttackObject` (`0x442e0d`); the collision path applies damage through `ENT_TickAttackObject` (`0x444b8f`) / `ENT_ApplyAttackHit` (`0x4440aa`) / `ENT_ApplyDamage` (`0x443619`).
FUNC	42da4	ENT_MoveAttackObject	undefined ENT_MoveAttackObject(void)	[NAME] Descriptive name. Moves/homes an attack object. Sources: WINDREAM.EXE 00442e0d ENT_MoveAttackObject via match_functions (slot 0.47, callees 4/4). Facts (tools/check_names.py): caller:00042a20.\n\n[DOCS_SYNC]\n[docs/ai-animation-runtime.md > Project54 `IBI.DAN`: firing path] `ENT_MoveAttackObject` (`0x442e0d`) advances effect classes other than `0x10` by their velocity.\n\n[docs/ai-animation-runtime.md > Update order] `ENT_TickAll` (`0x407089`), once per frame from `GAME_Tick` (`0x4240ba`): the 16 transient objects at `0x630db8` (free objects `+0xa9 & 8`; attack objects `+0xaa & 1` move and test hits through `ENT_MoveAttackObject` (`0x442e0d`)/`ENT_TickAttackObject` (`0x444b8f`)); the platform owner and `PHYS_UpdatePlatforms` (`0x43e115`); then the 32 actors at `0x4fb7a8` (0x2d0 bytes each) with `+0xa9 & 4`, through `ENT_TickEntity` (`0x407b51`).\n\n[docs/ai-animation-runtime.md > Firing animation: IBI sequence and remaining effect identity] **[verified control flow]** For the IBI actor in Project54, all four requested states resolve to `IBIAN016`, then `ENT_TickEntity` (`0x407b51`) triggers the moving effect through `ENT_SpawnAttackObject` (`0x442944`) / `ENT_PlaceAtFacingOffset` (`0x442786`) / `ENT_MoveAttackObject` (`0x442e0d`); the collision path applies damage through `ENT_TickAttackObject` (`0x444b8f`) / `ENT_ApplyAttackHit` (`0x4440aa`) / `ENT_ApplyDamage` (`0x443619`).
FUNC	43500	ENT_ApplyDamage	undefined ENT_ApplyDamage(void)	[NAME] Descriptive name. Applies damage (victim EAX, attacker EDX, amount EBX) Sources: WINDREAM.EXE 00443619 ENT_ApplyDamage via match_functions (caller 0.70, callees 4/4). Facts (tools/check_names.py): caller:00043d10.\n\n[DOCS_SYNC]\n[docs/ai-animation-runtime.md > Project54 `IBI.DAN`: firing path] `ENT_TickAttackObject` (`0x444b8f`) is the per-tick update of an attack object, called from `ENT_TickAll` (`0x407089`), and includes its collision test; for class `0x14`, `ENT_ApplyAttackHit` (`0x4440aa`) calls `ENT_ApplyDamage` (`0x443619`) to reduce the target's health at `+0x38` by 10 and request its hit/death state.\n\n[docs/ai-animation-runtime.md > Firing animation: IBI sequence and remaining effect identity] **[verified control flow]** For the IBI actor in Project54, all four requested states resolve to `IBIAN016`, then `ENT_TickEntity` (`0x407b51`) triggers the moving effect through `ENT_SpawnAttackObject` (`0x442944`) / `ENT_PlaceAtFacingOffset` (`0x442786`) / `ENT_MoveAttackObject` (`0x442e0d`); the collision path applies damage through `ENT_TickAttackObject` (`0x444b8f`) / `ENT_ApplyAttackHit` (`0x4440aa`) / `ENT_ApplyDamage` (`0x443619`).\n\n[docs/sprites-ui-dialog.md > Player pyramid HUD] Its current vitality is read at `+0x38` (the damage handler `ENT_ApplyDamage` (`0x443619`) also changes this field), current magic is read at `+0x3c`, and current oxygen at `+0x40`.
FUNC	436d0	ENT_TakeDamage	undefined ENT_TakeDamage(void)	[NAME] Descriptive name. Subtracts a float amount from health (+0x38; scaled when the action is 0x2b), spawns four hit particles, plays a sound, sets the 50,000 hurt timer (+0x114); at zero requests death (0x33 swimming, else 0x32). Sources: WINDREAM.EXE 00443853 ENT_TakeDamage via match_functions (callee 0.61, callees 3/3). Facts (tools/check_names.py): caller:00043d10; caller:0004fd3c.\n\n[DOCS_SYNC]\n[docs/engine.md > Damage that depends on Δt] Damage goes through `ENT_TakeDamage` (`0x443853`) / `ENT_TakeDamageQuiet` (`0x443948`) (health `+0x38` −= amount; death at 0).
FUNC	43794	ENT_TakeDamageQuiet	undefined ENT_TakeDamageQuiet(void)	[NAME] Descriptive name. ENT_TakeDamage without the hit particles; used for the two lightest landing damages. Sources: WINDREAM.EXE 00443948 ENT_TakeDamageQuiet via match_functions (caller 0.56, callees 2/2). Facts (tools/check_names.py): size:149.\n\n[DOCS_SYNC]\n[docs/engine.md > Damage that depends on Δt] Damage goes through `ENT_TakeDamage` (`0x443853`) / `ENT_TakeDamageQuiet` (`0x443948`) (health `+0x38` −= amount; death at 0).
FUNC	43d10	ENT_ApplyAttackHit	undefined ENT_ApplyAttackHit(void)	[NAME] Descriptive name. Resolves an attack object's hit by type. Sources: WINDREAM.EXE 004440aa ENT_ApplyAttackHit via match_functions (strings 1.00, callees 11/11). Facts (tools/check_names.py): str:Project10; call:00032578; call:0003c2c8; call:00043500.\n\n[DOCS_SYNC]\n[docs/ai-animation-runtime.md > Per-frame scheduler] `AI_BuildSquads` (`0x4115a1`) builds the lists on scene load, and it is re-run from `GAME_Tick` (`0x4240ba`), `0x41e5af`, the trigger tick `SCENE_TickTriggers` (`0x429061`), and the hit resolver `ENT_ApplyAttackHit` (`0x4440aa`).\n\n[docs/ai-animation-runtime.md > Project54 `IBI.DAN`: firing path] `ENT_TickAttackObject` (`0x444b8f`) is the per-tick update of an attack object, called from `ENT_TickAll` (`0x407089`), and includes its collision test; for class `0x14`, `ENT_ApplyAttackHit` (`0x4440aa`) calls `ENT_ApplyDamage` (`0x443619`) to reduce the target's health at `+0x38` by 10 and request its hit/death state.\n\n[docs/ai-animation-runtime.md > Firing animation: IBI sequence and remaining effect identity] **[verified control flow]** For the IBI actor in Project54, all four requested states resolve to `IBIAN016`, then `ENT_TickEntity` (`0x407b51`) triggers the moving effect through `ENT_SpawnAttackObject` (`0x442944`) / `ENT_PlaceAtFacingOffset` (`0x442786`) / `ENT_MoveAttackObject` (`0x442e0d`); the collision path applies damage through `ENT_TickAttackObject` (`0x444b8f`) / `ENT_ApplyAttackHit` (`0x4440aa`) / `ENT_ApplyDamage` (`0x443619`).
FUNC	446a4	ENT_HasLineOfSight	undefined ENT_HasLineOfSight(void)	[NAME] Descriptive name. True when no collision triangle blocks the segment between two actors' nodes, 50 units below their origins. Sources: WINDREAM.EXE 00444b04 ENT_HasLineOfSight via match_functions (slot 0.43, callees 3/3). Facts (tools/check_names.py): caller:00044710.
FUNC	44710	ENT_TickAttackObject	undefined ENT_TickAttackObject(void)	[NAME] Descriptive name. Per-tick update of an attack object. Sources: WINDREAM.EXE 00444b8f ENT_TickAttackObject via match_functions (caller 0.61, callees 9/10). Facts (tools/check_names.py): call:00043d10.\n\n[DOCS_SYNC]\n[docs/ai-animation-runtime.md > Project54 `IBI.DAN`: firing path] `ENT_TickAttackObject` (`0x444b8f`) is the per-tick update of an attack object, called from `ENT_TickAll` (`0x407089`), and includes its collision test; for class `0x14`, `ENT_ApplyAttackHit` (`0x4440aa`) calls `ENT_ApplyDamage` (`0x443619`) to reduce the target's health at `+0x38` by 10 and request its hit/death state.\n\n[docs/ai-animation-runtime.md > Update order] `ENT_TickAll` (`0x407089`), once per frame from `GAME_Tick` (`0x4240ba`): the 16 transient objects at `0x630db8` (free objects `+0xa9 & 8`; attack objects `+0xaa & 1` move and test hits through `ENT_MoveAttackObject` (`0x442e0d`)/`ENT_TickAttackObject` (`0x444b8f`)); the platform owner and `PHYS_UpdatePlatforms` (`0x43e115`); then the 32 actors at `0x4fb7a8` (0x2d0 bytes each) with `+0xa9 & 4`, through `ENT_TickEntity` (`0x407b51`).\n\n[docs/ai-animation-runtime.md > Firing animation: IBI sequence and remaining effect identity] **[verified control flow]** For the IBI actor in Project54, all four requested states resolve to `IBIAN016`, then `ENT_TickEntity` (`0x407b51`) triggers the moving effect through `ENT_SpawnAttackObject` (`0x442944`) / `ENT_PlaceAtFacingOffset` (`0x442786`) / `ENT_MoveAttackObject` (`0x442e0d`); the collision path applies damage through `ENT_TickAttackObject` (`0x444b8f`) / `ENT_ApplyAttackHit` (`0x4440aa`) / `ENT_ApplyDamage` (`0x443619`).\n\n[docs/engine.md > What the game reads from the renderer **[verified]**] | `0x444b04` | `ENT_TickAttackObject` | same line-of-sight check |\n\n[docs/north-star.md > The renderer is free] Three ported systems read it, one tick late: positional sound (distance to volume, x to pan), the AI line-of-sight check in `AI_TickCombat`, and the attack-object line-of-sight check in `ENT_TickAttackObject`; the last two convert it back to world space with the *current* camera, so their "world position" drifts while the camera moves.
FUNC	44df0	HNM5_DecodeFrame640	undefined HNM5_DecodeFrame640(void)	[NAME] Descriptive name. HNM5 IV chunk decoder. Sources: WINDREAM.EXE 0044e9b0 HNM5_DecodeFrame640 via match_functions (global 0.98, callees 0/0). Facts (tools/check_names.py): size:25939.\n\n[DOCS_SYNC]\n[docs/cryolib.md > The game carries CryoLib's HNM6 decoder **[verified]**] The game's `IV` chunk decoder `HNM5_DecodeFrame640` (`0x44e9b0`) and `0x1002276c`, the 640-wide branch of `GL_dcpt_one_frame_ubb`, both have 7,428 instructions. 906 differ, in operand order and in reading their arguments from globals instead of the stack.\n\n[PORT_MAP] adapted | unverified\nopendreams/shared/port/hnm5.cpp :: od::port::Hnm5Decoder::decode\nRemaining: Audit all retail body branches and full UBB2/UBS2 corpus.\nOwner reviewed: no
FUNC	4b678	VID_BlitHnm6Frame	undefined VID_BlitHnm6Frame(void)	[NAME] Descriptive name. Decodes an IX payload then copies 640x300 RGB565 pixels to the locked Glide LFB at screen row 90. Sources: docs/specs/003-level-load-preview/spec.md; comment-stripped Decompile.java review 2026-09-27. Facts (tools/check_names.py): size:258; call:00068028; call:00090040; caller:0004d174.\n\n[DOCS_SYNC]\n[docs/cryolib.md > The game carries CryoLib's HNM6 decoder **[verified]**] The game calls them: its frame routine `VID_BlitHnm6Frame` (`0x4268ac`) runs `HNM6_DecompressFrame`, then copies the 640×304×2 (`0x5F000`) frame into `g_frameBuffer`.\n\n[PORT_MAP] adapted | partial\nopendreams/shared/render/video_preview.cpp :: od::VideoPreview::present\nRemaining: Original conditional deferred swap for captions and all non-640x480 modes remain.\nOwner reviewed: no
FUNC	4b8dc	VID_BlitHnm5Frame	undefined VID_BlitHnm5Frame(void)	[NAME] Descriptive name. Locks, clears, expands and presents an HNM5 indexed movie frame through the Glide LFB. Sources: docs/specs/003-level-load-preview/spec.md; comment-stripped Decompile.java review 2026-09-27. Facts (tools/check_names.py): size:143; call:00068028; caller:0004cf2c.\n\n[PORT_MAP] adapted | partial\nopendreams/shared/render/video_preview.cpp :: od::VideoPreview::present\nRemaining: Original mode-6 converter variants and deferred swap branches remain.\nOwner reviewed: no
FUNC	4d77c	FILE_ReadOrDie	undefined FILE_ReadOrDie(void)	[NAME] Descriptive name. read_, fatal "Read file Error" on failure. Sources: WINDREAM.EXE 00424e68 FILE_ReadOrDie via match_functions (callee 0.66, callees 1/1). Facts (tools/check_names.py): str:Read file Error.
FUNC	4d7ac	FILE_SeekOrDie	undefined FILE_SeekOrDie(void)	[NAME] Descriptive name. lseek_, fatal "Seek file Error" on failure. Sources: WINDREAM.EXE 00424eca FILE_SeekOrDie via match_functions (callee 0.66, callees 0/0). Facts (tools/check_names.py): str:Dreams Internal Error : ; caller:0004dabc.
FUNC	4dabc	SPR_LoadSet	undefined SPR_LoadSet(void)	[NAME] Descriptive name. General sprite-set loader into slot EDX: 512-byte palette, 0x1c00-byte table of 256 descriptors at end - 0x1c04, pixels 16-bit when the name has .ALP. Fonts (via 0x425c61) and sour.alp load through it. Sources: WINDREAM.EXE 00425254 SPR_LoadSet via match_functions (strings 1.00, callees 4/5). Facts (tools/check_names.py): str:.ALP; str:Error SprSet; call:0004d77c; caller:00020058.\n\n[DOCS_SYNC]\n[docs/file-formats.md > `DATA\FONT\` — `HI320` / `HI480` / `HI640` (3 files)] `TEXT_LoadFont` (`0x425c61`) loads each font through the general sprite-set loader `SPR_LoadSet` (`0x425254`), which indexes all 256 records.\n\n[docs/file-formats.md > Menu `TABLE` bundles — `.ALP` and menu `.SPR` — **fully decoded**] Loaders in `WINDREAM.EXE`: `SPR_LoadIconBanks` (`0x426c46`) for the five `ICONES.BF` banks, and the general sprite-set loader `SPR_LoadSet` (`0x425254`) for `SOUR.ALP` (and the fonts).
FUNC	4de34	TEXT_DrawGlyph	undefined TEXT_DrawGlyph(void)	Draws one character and advances x.
FUNC	4ded4	TEXT_GetWidth	undefined TEXT_GetWidth(void)	Pixel width of a string in a font.
FUNC	4e20c	TEXT_PrintCentered	undefined TEXT_PrintCentered(void)	Twin of WINDREAM Text_PrintCentered without the internal lock (callers lock with Glide_LockBackBuffer).
FUNC	4e688	TEXT_Print	undefined TEXT_Print(void)	Twin of WINDREAM Text_Print (0x426073).
FUNC	4eba0	ENT_RestoreRemoved	undefined ENT_RestoreRemoved(void)	[NAME] Descriptive name. Shows every removed actor again and resets it to its spawn. Sources: WINDREAM.EXE 00428f5d ENT_RestoreRemoved via match_functions (callee 0.56, callees 2/2). Facts (tools/check_names.py): caller:0004fd3c.
FUNC	4fd3c	SCENE_TickTriggers	undefined SCENE_TickTriggers(void)	[NAME] Descriptive name. Evaluates the 16 scene triggers each frame. Sources: WINDREAM.EXE 00429061 SCENE_TickTriggers via match_functions (caller 0.66, callees 12/12). Facts (tools/check_names.py): call:000436d0.\n\n[DOCS_SYNC]\n[docs/ai-animation-runtime.md > Per-frame scheduler] `AI_BuildSquads` (`0x4115a1`) builds the lists on scene load, and it is re-run from `GAME_Tick` (`0x4240ba`), `0x41e5af`, the trigger tick `SCENE_TickTriggers` (`0x429061`), and the hit resolver `ENT_ApplyAttackHit` (`0x4440aa`).\n\n[docs/ai-animation-runtime.md > Project54 `IBI.DAN`: firing path] `ENT_PlaceAtFacingOffset` (`0x442786`) writes the owner's facing vector scaled by `+0x10c` (IBI's value 585) into the effect's `+0x18`/`+0x1c`/`+0x20` and sets the effect's position to the owner's position plus that vector (with a constant Y offset from `0x4c585c`); it is a general helper that `0x419a3e` and `SCENE_TickTriggers` (`0x429061`) also call.\n\n[docs/engine.md > Follow mode (mode 0)] Open: the exact float expressions hidden behind `__CHP` in the orbit mode; the free camera's key map; which triggers post `0x2c`-`0x2f` and with what payloads (they come from the level scripts, `SCENE_TickTriggers` (`0x429061`) and entity code).\n\n[docs/sprites-ui-dialog.md > Separate menu loops] When its proximity/interaction conditions pass, `SCENE_TickTriggers` (`0x429061`) queues `0x40` with the value minus one as the zero-based entry index.\n\n[docs/sprites-ui-dialog.md > The HUD message queue **[verified]** (2026-09-26)] | `0x40` | `SCENE_TickTriggers` (`0x429061`) | dialogue entry: `DRD_SelectEntry` (`0x410cd6`), then the caption loop above |
FUNC	4fdf4	ENT_AddInventoryItem	undefined ENT_AddInventoryItem(void)	[NAME] Descriptive name. Adds a named object to the actor's 32-slot inventory (+0x30): counts a repeat, else takes the first empty slot; posts UI message 0x41. Sources: WINDREAM.EXE 0042a182 ENT_AddInventoryItem via match_functions (callee 0.61, callees 2/2). Facts (tools/check_names.py): caller:0004fd3c.\n\n[DOCS_SYNC]\n[docs/ai-animation-runtime.md > Spells and items] **Inventory** (`ENT_AddInventoryItem` (`0x42a182`), `ENT_HasInventoryItem` (`0x42a3a3`), `ENT_ResetInventory` (`0x42a448`)): the actor's `+0x30` points to a 32-slot inventory of 16-byte object names (`+0x04`) with counts (`+0x314`); picking an object up adds or counts it and posts UI message `0x41`.\n\n[docs/sprites-ui-dialog.md > The HUD message queue **[verified]** (2026-09-26)] | `0x41` | `ENT_AddInventoryItem` (`0x42a182`) | show the picked-up object's icon; a usable object (type 1) also goes into the first free hotkey slot and flashes for 15 ticks |
FUNC	51374	DSN_LoadHeader	undefined DSN_LoadHeader(void)	[NAME] Descriptive name. Opens a DSN container: magic, map names and records. Sources: WINDREAM.EXE 004175bc DSN_LoadHeader via match_functions (strings 1.00, callees 5/6). Facts (tools/check_names.py): str:DSNF; str:.3DI; caller:00027964.\n\nName matched from WINDREAM.EXE 004175bc (strings, 1.00; tools/match_functions.py).\n\n[DOCS_SYNC]\n[docs/dsn-loader.md > The `.DSN` loader in `WINDREAM.EXE`] Decompilation of `DSN_LoadHeader` (`0x4175bc`) and the stream helpers it uses.\n\n[docs/dsn-loader.md > The Body Unpackers and Call Hierarchy **[verified]**] 5. **`ENT_LoadModel` (`0x41da7d`)**: Loads one actor's model (DSN, DAN, `.3DC`, `.3DI`, anim set) for `ENT_InstantiateFromObjet`; it is not a scene-wide loader. Caller of `DSN_LoadHeader` (`0x4175bc`). Dispatches model geometry loading, then invokes `ANIM_LoadEntitySet` (`0x404d98`) / `ANIM_RequestState` (`0x405118`) / `ANIM_ApplyPendingState` (`0x4058d5`) for entity initialization if flag bit 1 is set.\n\n[docs/file-formats.md > `.DSN` — scene (`DSNF`)] `DSN_LoadHeader` (`0x4175bc`) in `WINDREAM.EXE` peeks 9, then 5, then 2 bytes of header, then `B * 0xb` for the name table and `B * 0x14` for the records — **back to back, with no gap**.\n\n[docs/re-setup.md > First results — the parsers are located] | `DSNF` | `0x004c421e` | **`DSN_LoadHeader` (`0x4175bc`)** (2 xrefs) | **scene loader — top target** |\n\n[docs/re-setup.md > Suggested order of attack] 2. ~~**Decompile `DSN_LoadHeader` (`0x4175bc`).**~~ **Done** — it is the `.DSN` header reader, and the body is now fully decoded. See [scene-geometry.md](scene-geometry.md). Kept for context: 157 MB of packed level geometry and textures sits behind it, and it is the top open question in [research-log.md](research-log.md).
FUNC	515c0	DSN_LoadMaterialsAndFaces	undefined DSN_LoadMaterialsAndFaces(void)	Name matched from WINDREAM.EXE 004177f5 (slot, 0.46; tools/match_functions.py).
FUNC	51654	DSN_LoadVertexPool	undefined DSN_LoadVertexPool(void)	Name matched from WINDREAM.EXE 004178fe (slot, 0.46; tools/match_functions.py).
FUNC	516e8	DSN_Create3DM	undefined DSN_Create3DM(void)	[NAME] Descriptive name. In DSN mode a .3DM texture is built, not read: finds the name in the DSN 11-byte table, copies the 20-byte header template, zeroes a 0x8000 palette block and a 0x10000 page at +0x8014, returns 0x18014. DSN_LoadTextures fills it. Sources: WINDREAM.EXE 00417a07 DSN_Create3DM via match_functions (slot 0.50, callees 3/3). Facts (tools/check_names.py): caller:00026834.\n\n[DOCS_SYNC]\n[docs/asset-access.md > Project records and contextual resources] | DSN | named `.3DM` | `DSN_Create3DM` (`0x00417a07`), later `DSN_LoadTextures` (`0x00417afd`) | Names in the DSN's fixed 11-byte map directory; no standalone texture file |\n\n[docs/dsn-loader.md > Globals it populates] `.3DM` is a separate resource produced in memory by `DSN_Create3DM`; it is not one of these two derived paths.\n\n[docs/dsn-loader.md > The Body Unpackers and Call Hierarchy **[verified]**] 4. **`RES_ReadFile` (`0x41c666`)**: The file reader behind `RES_Load` (`0x456e24`). Routes by extension: `DSN_LoadMaterialsAndFaces` (`0x4177f5`) (`.3DC`), `DSN_LoadVertexPool` (`0x4178fe`) (`.3DI`), `DSN_Create3DM` (`0x417a07`) (`.3DM`) and `DAN_Load3DA` (`0x4105eb`) (`.3DA`); anything else is read as a raw body. In DSN mode `DSN_Create3DM` builds the `.3DM` texture in memory rather than reading a file: it copies the 20-byte header template from the DSN table, zeroes a 0x8000 palette block and a 0x10000 page, and `DSN_LoadTextures` fills it later.\n\n[docs/lighting.md > Texture-bank preparation] `DSN_Create3DM` (`0x417a07`) copies a 20-byte scene template, clears 0x8000 palette bytes and 0x10000 page bytes.\n\n[docs/models.md > UVs — solved **[verified]**] `SAR 0x10` is the division by 65536, and the `OR` builds a 256-byte-pitch index into the `0x10000`-byte page allocated at `DSN_Create3DM` (`0x417a07`) — so `page[v*256 + u]`, exactly.
FUNC	517a8	DSN_LoadTextures	undefined DSN_LoadTextures(void)	[NAME] Descriptive name. Streams the texture maps in 32 steps (type 3 palettes, type 4 slices) Sources: WINDREAM.EXE 00417afd DSN_LoadTextures via match_functions (strings 1.00, callees 4/5). Facts (tools/check_names.py): str:map %s not used.\n\nName matched from WINDREAM.EXE 00417afd (strings, 1.00; tools/match_functions.py).\n\n[DOCS_SYNC]\n[docs/asset-access.md > Project records and contextual resources] | DSN | named `.3DM` | `DSN_Create3DM` (`0x00417a07`), later `DSN_LoadTextures` (`0x00417afd`) | Names in the DSN's fixed 11-byte map directory; no standalone texture file |\n\n[docs/dsn-loader.md > The Body Unpackers and Call Hierarchy **[verified]**] 3. **`DSN_LoadTextures` (`0x417afd`)**: Called progressively (32 iterations) by `SCENE_LoadLevel` (`0x41f9db`) and the per-frame `GAME_Tick` (`0x4240ba`), so the load is spread over frames:\n\n[docs/dsn-loader.md > The Body Unpackers and Call Hierarchy **[verified]**] 4. **`RES_ReadFile` (`0x41c666`)**: The file reader behind `RES_Load` (`0x456e24`). Routes by extension: `DSN_LoadMaterialsAndFaces` (`0x4177f5`) (`.3DC`), `DSN_LoadVertexPool` (`0x4178fe`) (`.3DI`), `DSN_Create3DM` (`0x417a07`) (`.3DM`) and `DAN_Load3DA` (`0x4105eb`) (`.3DA`); anything else is read as a raw body. In DSN mode `DSN_Create3DM` builds the `.3DM` texture in memory rather than reading a file: it copies the 20-byte header template from the DSN table, zeroes a 0x8000 palette block and a 0x10000 page, and `DSN_LoadTextures` fills it later.\n\n[docs/dsn-loader.md > The Body Unpackers and Call Hierarchy **[verified]**] 7. **`SCENE_LoadLevel` (`0x41f9db`)**: The level loader, run when the pending-load flag is set: `CD_PrepareLevel` (`0x427d64`) and the loading screen, DSN textures via `DSN_LoadTextures`, ambient and directional lights, fog, clear color, then a loop through `OBJET1` .. `OBJET15` to spawn active entities. Spawning is one part of the level load.\n\n[docs/engine.md > Lighting inputs (2026-09-26)] - `DSN_LoadTextures` (`0x417afd`) installs the source palette in row 15. `REND_UpdatePaletteRows` (`0x42e8b1`) rebuilds rows using global RGB or a bound actor's offsets; `REND_ApplyPaletteOffsets` (`0x4031c3`) saturates and packs them. The full/rolling update paths use different row-step indices.\n\n[docs/file-formats.md > The body is a chain of tagged records] The grammar came from `DSN_LoadTextures` (`0x417afd`) in `WINDREAM.EXE`, which checks the tag, takes the `u32`, then hands each object `0x400` bytes of the payload.\n\n[docs/lighting.md > Texture-bank preparation] `DSN_LoadTextures` (`0x417afd`) copies tag 3 into **row 15**, then writes two tag-4 planes per call for 32 calls.
FUNC	51a98	STRM_Open	undefined STRM_Open(void)	[NAME] Descriptive name. Opens a file on the 0x2c-byte ring-buffer stream: closes the old fd, _uopen_, resets positions, allocates twice the buffer size from the MEM stack at 0x5df484. Returns 1/0. Sources: WINDREAM.EXE 004152f2 STRM_Open via match_functions (caller 0.59, callees 2/2). Facts (tools/check_names.py): caller:00051374.\n\n[DOCS_SYNC]\n[docs/dsn-loader.md > But `DSN_LoadHeader` (`0x4175bc`) is the header reader, not the unpacker] It opens the file (`STRM_Open` (`0x4152f2`)), validates the tag, extracts three header fields into globals, memcpy's two blocks, sets a "loaded" flag and returns.\n\n[docs/dsn-loader.md > Stream context layout] The 0x2c-byte descriptor it allocates matches the struct `STRM_Open` uses (`+0x14` size, `+0x10` set equal to `+0x14`, cursors `+0x4`/`+0x8`/`+0xc` zeroed, `+0x20` alignment, `+0x24` open flag).\n\n[docs/dsn-loader.md > Stream context layout] `STRM_Open` closes the previous file, opens the new one with `_uopen_`, resets the positions and allocates twice the buffer size from the MEM stack at `0x5df484`.
FUNC	51b1c	STRM_Fill	undefined STRM_Fill(void)	[NAME] Descriptive name. Reads one chunk into the ring buffer when there is room (else flags it full); closes the stream at end of file. Sources: WINDREAM.EXE 004153fe STRM_Fill via match_functions (callee 0.61, callees 1/1). Facts (tools/check_names.py): caller:00051374; caller:000517a8.
FUNC	51bb0	STRM_Peek	undefined STRM_Peek(void)	[NAME] Descriptive name. Returns a pointer to N (EDX) contiguous buffered bytes without consuming them; copies wrapped bytes into the slack area; exits if even the slack is too small. Sources: WINDREAM.EXE 004154db STRM_Peek via match_functions (caller 0.61, callees 2/2). Facts (tools/check_names.py): caller:00051374.\n\n[DOCS_SYNC]\n[docs/dsn-loader.md > The stream abstraction] | `STRM_Peek` (`0x4154db`) | **peek(stream, n)** — ensure n bytes buffered | Cryo code |\n\n[docs/dsn-loader.md > The stream abstraction] | `exit_` (`0x460d82`) | **`exit_`** — `STRM_Peek` calls it when even the slack area is too small | runtime, identified by behaviour |\n\n[docs/dsn-loader.md > Stream context layout] Recovered from the field offsets in `STRM_Peek` (`0x4154db`) and `STRM_Commit` (`0x4155a2`):\n\n[docs/dsn-loader.md > The blocker: wrong calling convention] Likewise `peek()` takes its length in `EDX` — which is why `STRM_Peek` appears to take no arguments while comparing against `extraout_EDX` internally.
FUNC	51c1c	STRM_Commit	undefined STRM_Commit(void)	[NAME] Descriptive name. Consumes the count set by STRM_Peek: advances the read position with wrap, updates available/free, clears flag bit 1 (& 0xfd). Sources: WINDREAM.EXE 004155a2 STRM_Commit via match_functions (callee 0.63, callees 0/0). Facts (tools/check_names.py): caller:00051374.\n\n[DOCS_SYNC]\n[docs/dsn-loader.md > The stream abstraction] | `STRM_Commit` (`0x4155a2`) | **commit(stream)** — advance past the last peek | Cryo code |\n\n[docs/dsn-loader.md > Stream context layout] Recovered from the field offsets in `STRM_Peek` (`0x4154db`) and `STRM_Commit` (`0x4155a2`):
FUNC	52944	SYM_TestSymbole_	undefined SYM_TestSymbole_(void)	[NAME] Name recovered. Original module: C:\DREAMS\src\SYMBOLE.C. No prototype or owner review inferred. Sources: July 1997 DREAMS.EXE original debug symbol; literal-byte match; re/reviews/wip-dos-byte-matches.tsv; tools/check_wip_names.py. Facts (tools/check_names.py): size:208.
FUNC	52c60	PHYS_RegisterCollider	undefined PHYS_RegisterCollider(void)	[NAME] Descriptive name. Appends a (collider, entity) pair to the 30-entry list at 0x52c880. Sources: WINDREAM.EXE 0040bd2b PHYS_RegisterCollider via match_functions (strings 1.00, callees 0/0). Facts (tools/check_names.py): str:Dreams Internal Error : .\n\n[DOCS_SYNC]\n[docs/engine.md > Colliders and radii] At most 30 registered (`PHYS_RegisterCollider` (`0x40bd2b`)), 255 per world.
FUNC	52d08	PHYS_AttachObjectCollider	undefined PHYS_AttachObjectCollider(void)	[NAME] Descriptive name. Gives a free object a two-sided collision sphere of radius 50 at its node. Sources: WINDREAM.EXE 0040be46 PHYS_AttachObjectCollider via match_functions (caller 0.71, callees 5/5). Facts (tools/check_names.py): str:Dreams Internal Error : ; call:0007201c.\n\n[DOCS_SYNC]\n[docs/engine.md > Colliders and radii] - **free objects** (`+0xa9 & 8`): `PHYS_AttachObjectCollider` (`0x40be46`), radius **50**, mass 10;
FUNC	52d68	PHYS_AttachActorCollider	undefined PHYS_AttachActorCollider(void)	[NAME] Descriptive name. Gives a walker a collision sphere of radius +0x10c; its ZZZZZ child node is the foot marker (+0x84); ZZZZZ and BASSIN01 nodes are hidden. Sources: WINDREAM.EXE 0040bedb PHYS_AttachActorCollider via match_functions (strings 1.00, callees 10/10). Facts (tools/check_names.py): str:Dreams Internal Error : ; str:ZZZZZ; str:BASSIN01; call:0007201c.\n\n[DOCS_SYNC]\n[docs/ai-animation-runtime.md > `OBJET` fields: verified runtime use and limits] | `+0x70` | Copied to actor `+0x10c`: the walker's **collision-sphere radius** (`PHYS_AttachActorCollider` (`0x40bedb`)), also used as the facing-offset magnitude for attack effects by `ENT_PlaceAtFacingOffset` (`0x442786`). |\n\n[docs/engine.md > Colliders and radii] - **walkers** (`+0xa9 & 2`): `PHYS_AttachActorCollider` (`0x40bedb`), both sides, radius actor `+0x10c`; the model's `ZZZZZ` node is the foot marker (`+0x84`) and is hidden along with `BASSIN01`;\n\n[docs/file-formats.md > `OBJET` fields (0xC0 bytes) **[verified]**] This alone does not establish faction or friendliness; see [ai-animation-runtime.md](ai-animation-runtime.md). - `+0x68` `i32`: movement scale, converted to float at actor `+0x104` (default 16). - `+0x6C` `i32`: turn step at actor `+0x108`, used by `ANIM_RequestState`. - `+0x70` `i32`: actor `+0x10C`, the walker collision-sphere radius used by `PHYS_AttachActorCollider` (`0x40bedb`), also the attack facing-offset magnitude in `ENT_PlaceAtFacingOffset` (`0x442786`).\n\n[docs/re-status.md > Field corrections to carry into the port] | `OBJET +0x70` → actor `+0x10c` | Walker collision-sphere radius; also an attack placement offset | `PHYS_AttachActorCollider`, `ENT_PlaceAtFacingOffset` |
FUNC	53654	PHYS_SweepCollider	undefined PHYS_SweepCollider(void)	[NAME] Descriptive name. Moves a collider from its last position in steps no longer than its radius, testing candidate triangles by priority (front face, front edge, back face, back edge); returns the contact flags and push. Sources: WINDREAM.EXE 0040ca00 PHYS_SweepCollider via match_functions (slot 0.47, callees 7/7). Facts (tools/check_names.py): size:1117.\n\n[DOCS_SYNC]\n[docs/engine.md > Collision response (`PHYS_ResolveCollisions` (`0x40bff8`), once per frame)] 1. **Walkers** (`PHYS_MoveWalker` (`0x40c42c`)): `PHYS_SweepCollider` (`0x40ca00`) moves the sphere from last frame's position (`+0x2ac`) to the new one in steps no longer than its radius, gathering contacts by priority (front face, front edge, back face, back edge) and summing one push-out per distinct normal (`PHYS_AccumulatePush` (`0x40c8c8`): radius − distance along the normal). The push is subtracted from the position: that is the **wall slide** — only the component into the wall is removed. On contact X/Z velocity halves (`0.5`), vertical velocity is zeroed if grounded, and `+0x278` bit…
FUNC	54050	CAM_CollideEye	undefined CAM_CollideEye(void)	[NAME] Descriptive name. Sweeps a collision sphere (radius 0x49d2dc) from the old to the new eye; if the push-out is small enough, moves the eye and camera node out of the geometry. Sources: WINDREAM.EXE 0040d5e4 CAM_CollideEye via match_functions (caller 0.66, callees 8/8). Facts (tools/check_names.py): str:Dreams Internal Error : .\n\n[DOCS_SYNC]\n[docs/engine.md > Follow mode (mode 0)] 8. **Collision** (`CAM_CollideEye` (`0x40d5e4`), when `0x52c84c` is set by `CAM_EnableCollision` (`0x40b6d3`)): a sphere (radius `0x49d2dc`) swept from the previous eye; if the push-out is below √`0x49d2e4` the eye is moved out.\n\n[docs/engine.md > Colliders and radii] - the camera eye gets its own (`CAM_CollideEye` (`0x40d5e4`), radius `0x49d2dc` = 100).
FUNC	555f4	ENT_SpawnTrailParticles	undefined ENT_SpawnTrailParticles(void)	[NAME] Descriptive name. Emits one or two particles into the 64-entry trail ring from the actor's position and velocity (lifetime 1000). Sources: WINDREAM.EXE 00419f02 ENT_SpawnTrailParticles via match_functions (caller 0.60, callees 3/3). Facts (tools/check_names.py): caller:0002c970.
FUNC	55d58	ENT_SpawnHitParticle	undefined ENT_SpawnHitParticle(void)	[NAME] Descriptive name. Takes a slot in the 16-entry hit-particle ring and places it at the actor with random jitter scaled by its radius. Sources: WINDREAM.EXE 0041a7e0 ENT_SpawnHitParticle via match_functions (caller 0.65, callees 2/2). Facts (tools/check_names.py): caller:00043d10.
FUNC	564b0	FSB_Load	undefined FSB_Load(void)	[NAME] Descriptive name. Loads a "DREAMS FSB  " bank: 12-byte magic, count N, N sizes into a (pointer, size) table, then the blob. The meaning of FSB is unknown. Sources: WINDREAM.EXE 00426143 FSB_Load via match_functions (string 0.67, callees 4/4). Facts (tools/check_names.py): str:DREAMS FSB.\n\n[DOCS_SYNC]\n[docs/asset-access.md > Dialogue and sound banks] `FSB_Load` (`0x00426143`) opens `DATA\SOUND\FSB.DAT`, checks the 12-byte `DREAMS FSB ` marker, reads the clip count and size table, then reads the contiguous WAVE blob.\n\n[docs/boot-sequence.md > Message dispatcher (`0x43a306`, `MGM_SendMessage`)] | `0x12` | sound on: load `data\sound\fsb.dat` (`FSB_Load`) | `0x100` |\n\n[docs/re-setup.md > First results — the parsers are located] String anchors additionally implicate `RES_ReadFile` (`0x41c666`) (4 xrefs), `MDL_LoadMaterials` (`0x456038`), `CD_FindDrive` (`0x427f11`), `DAN_Read3DC` (`0x41020f`) and `FSB_Load` (`0x426143`): the resource-file reader, the `.3DM` material loader, the CD drive search, the DAN chunk reader and the FSB bank loader.
FUNC	56908	DAN_OpenArchive	undefined DAN_OpenArchive(void)	[NAME] Descriptive name. Opens a DANF animation pack: magic, 5-byte block, two u16-counted directories (11- and 13-byte entries), 0x96000 work buffer. Its error text says DAN_Load3DC, as does DAN_Read3DC's; neither is proven to be the function of that name. Sources: WINDREAM.EXE 0040fff7 DAN_OpenArchive via match_functions (strings 1.00, callees 5/6). Facts (tools/check_names.py): str:DANF; str:not enough memory in DAN_Load3DC.\n\n[DOCS_SYNC]\n[docs/asset-access.md > Project records and contextual resources] `DAN_OpenArchive` (`0x0040fff7`) reads its two name directories, and `DAN_ReadAnimChunks` (`0x00410435`) reads the type-3 animation chunks.\n\n[docs/engine.md > Presentation and 2D — Glide mapped onto DirectDraw/GDI **[verified]**] Two different functions both report *in DAN_Load3DC* (`DAN_OpenArchive` (`0x40fff7`), `DAN_Read3DC` (`0x41020f`)), so that name is left unassigned.\n\n[docs/file-formats.md > `.DAN` — character and prop models (`DANF`)] The `DAN_Load3DC` name is real — it appears in the error text of both `DAN_OpenArchive` (`0x40fff7`) and `DAN_Read3DC` (`0x41020f`), neither proven to be the function of that name — so the association must be made at runtime rather than stored in the asset.\n\n[docs/file-formats.md > `.3DC` — object/material directory] Its error strings name `DAN_Load3DC` (see [engine.md](engine.md)); that text appears in both `DAN_OpenArchive` (`0x40fff7`) and `DAN_Read3DC` (`0x41020f`), and neither is proven to be the function of that name.\n\n[docs/models.md > Animation names and runtime IDs] The engine's loader at `DAN_OpenArchive` (`0x40fff7`) / `DAN_Load3DA` (`0x4105eb`) opens the DANF archive, finds each `.3DA` name in its 13-byte directory and decompresses the Tag 3 chunk via Cryo's LZ decompressor (`LZ_Unpack` (`0x49afd1`)) into runtime skeletal animation tracks.\n\n[docs/re-setup.md > First results — the parsers are located] | `DANF` | `0x004c39f1` | `DAN_OpenArchive` (`0x40fff7`) | animation loader |
FUNC	56b78	DAN_Read3DC	undefined DAN_Read3DC(void)	[NAME] Descriptive name. Reads one type-1 compressed chunk (at most 0x96000 bytes) from the open DAN file and LZ_Unpacks it. Sources: WINDREAM.EXE 0041020f DAN_Read3DC via match_functions (strings 1.00, callees 6/6). Facts (tools/check_names.py): str:Debordement dans DAN_Load3DC; caller:00026834.\n\n[DOCS_SYNC]\n[docs/asset-access.md > Project records and contextual resources] | DAN | `.3DC` | `DAN_Read3DC` (`0x0041020f`) | Type-1 model chunk |\n\n[docs/engine.md > Presentation and 2D — Glide mapped onto DirectDraw/GDI **[verified]**] Two different functions both report *in DAN_Load3DC* (`DAN_OpenArchive` (`0x40fff7`), `DAN_Read3DC` (`0x41020f`)), so that name is left unassigned.\n\n[docs/file-formats.md > `.DAN` — character and prop models (`DANF`)] The `DAN_Load3DC` name is real — it appears in the error text of both `DAN_OpenArchive` (`0x40fff7`) and `DAN_Read3DC` (`0x41020f`), neither proven to be the function of that name — so the association must be made at runtime rather than stored in the asset.\n\n[docs/file-formats.md > `.3DC` — object/material directory] Its error strings name `DAN_Load3DC` (see [engine.md](engine.md)); that text appears in both `DAN_OpenArchive` (`0x40fff7`) and `DAN_Read3DC` (`0x41020f`), and neither is proven to be the function of that name.\n\n[docs/re-setup.md > First results — the parsers are located] String anchors additionally implicate `RES_ReadFile` (`0x41c666`) (4 xrefs), `MDL_LoadMaterials` (`0x456038`), `CD_FindDrive` (`0x427f11`), `DAN_Read3DC` (`0x41020f`) and `FSB_Load` (`0x426143`): the resource-file reader, the `.3DM` material loader, the CD drive search, the DAN chunk reader and the FSB bank loader.
FUNC	56e0c	DAN_Load3DM	undefined DAN_Load3DM(void)	[NAME] Descriptive name. Finds a .3DM name in the archive's directory and LZ-unpacks its texture bank. Sources: WINDREAM.EXE 0041053e DAN_Load3DM via match_functions (slot 0.45, callees 3/3). Facts (tools/check_names.py): call:000c0000; caller:00026834.\n\n[DOCS_SYNC]\n[docs/asset-access.md > Project records and contextual resources] | DAN | named `.3DM` | `DAN_Load3DM` (`0x0041053e`) | Names in the DAN's 11-byte directory |
FUNC	56e7c	DAN_Load3DA	undefined DAN_Load3DA(void)	[NAME] Descriptive name. Finds a .3DA name in the open DAN archive's 13-byte directory and LZ_Unpacks it; RES_ReadFile routes .3DA here. Sources: WINDREAM.EXE 004105eb DAN_Load3DA via match_functions (slot 0.48, callees 3/3). Facts (tools/check_names.py): caller:00026834.\n\n[DOCS_SYNC]\n[docs/asset-access.md > Project records and contextual resources] | DAN | named `.3DA` | `DAN_Load3DA` (`0x004105eb`) | Labels in its 13-byte animation directory; no shipped physical `.3DA` files |\n\n[docs/dsn-loader.md > The Body Unpackers and Call Hierarchy **[verified]**] 4. **`RES_ReadFile` (`0x41c666`)**: The file reader behind `RES_Load` (`0x456e24`). Routes by extension: `DSN_LoadMaterialsAndFaces` (`0x4177f5`) (`.3DC`), `DSN_LoadVertexPool` (`0x4178fe`) (`.3DI`), `DSN_Create3DM` (`0x417a07`) (`.3DM`) and `DAN_Load3DA` (`0x4105eb`) (`.3DA`); anything else is read as a raw body. In DSN mode `DSN_Create3DM` builds the `.3DM` texture in memory rather than reading a file: it copies the 20-byte header template from the DSN table, zeroes a 0x8000 palette block and a 0x10000 page, and `DSN_LoadTextures` fills it later.\n\n[docs/models.md > Animation names and runtime IDs] The engine's loader at `DAN_OpenArchive` (`0x40fff7`) / `DAN_Load3DA` (`0x4105eb`) opens the DANF archive, finds each `.3DA` name in its 13-byte directory and decompresses the Tag 3 chunk via Cryo's LZ decompressor (`LZ_Unpack` (`0x49afd1`)) into runtime skeletal animation tracks.
FUNC	56f20	ENT_InitShadows	undefined ENT_InitShadows(void)	[NAME] Descriptive name. Loads data\3dc\ombre.3dc and ombre2.3dc (ombre = shadow) and makes 16 instances of each in the 0x48-byte shadow table at 0x62b51c. Sources: WINDREAM.EXE 0043e55c ENT_InitShadows via match_functions (strings 1.00, callees 9/9). Facts (tools/check_names.py): str:Dreams Internal Error : ; str:data\3dc\ombre.3dc; str:data\3dc\ombre2.3dc; call:00071318.\n\n[DOCS_SYNC]\n[docs/engine.md > Collision response (`PHYS_ResolveCollisions` (`0x40bff8`), once per frame)] Shadows are blobs from `ombre.3dc`/`ombre2.3dc` (`ENT_InitShadows` (`0x43e55c`)), placed 10 units above the floor Y and aligned to the floor triangle (`ENT_UpdateShadow` (`0x43e9aa`)).
FUNC	57204	ENT_UpdateShadow	undefined ENT_UpdateShadow(void)	[NAME] Descriptive name. Places the actor's shadow (slot +0x2c4) 10 units above the floor Y (+0x88), aligned to the floor triangle's normal and the heading. Sources: WINDREAM.EXE 0043e9aa ENT_UpdateShadow via match_functions (callee 0.58, callees 10/10). Facts (tools/check_names.py): call:0007201c; caller:00040ba4.\n\n[DOCS_SYNC]\n[docs/engine.md > What the game reads from the renderer **[verified]**] Open: whether the shadow render (`ENT_RenderShadowTexture` `0x43eb67`, a second camera at `0x62b9a4`; called only by `ENT_UpdateShadow`, so not a portrait render) can re-parent an entity; and whether the pan call in `0x4477d9` overwrites the volume, since both use the `SetVolume` slot (`+0x3c`).\n\n[docs/engine.md > Collision response (`PHYS_ResolveCollisions` (`0x40bff8`), once per frame)] Shadows are blobs from `ombre.3dc`/`ombre2.3dc` (`ENT_InitShadows` (`0x43e55c`)), placed 10 units above the floor Y and aligned to the floor triangle (`ENT_UpdateShadow` (`0x43e9aa`)).
FUNC	57b68	ENT_InitTransformForm	undefined ENT_InitTransformForm(void)	[NAME] Descriptive name. At level load finds the walker named F27, hides it and sets it up as the player's alternate form (scale 400, radius 220). Sources: WINDREAM.EXE 0042cd33 ENT_InitTransformForm via match_functions (caller 0.66, callees 3/3). Facts (tools/check_names.py): caller:0002935c.
FUNC	57e48	ENT_BeginTransform	undefined ENT_BeginTransform(void)	[NAME] Descriptive name. Starts the transformation (alternate actor takes over) Sources: WINDREAM.EXE 0042d0ae ENT_BeginTransform via match_functions (caller 0.65, callees 6/6). Facts (tools/check_names.py): size:396.\n\n[DOCS_SYNC]\n[docs/sprites-ui-dialog.md > Player pyramid HUD] Actor `+0x50` (fallback `0x004fbac8`) is the transformation meter; `ENT_TickTransform` (`0x42ce4a`) adjusts it with state-dependent frame-time rates and a 200-unit bound and, while the alternate actor at `0x6159b8` exists, uses it to start the transformation through `ENT_BeginTransform` (`0x42d0ae`) or end it through `0x42d239`.\n\n[docs/sprites-ui-dialog.md > Player pyramid HUD] `ENT_BeginTransform` (`0x42d0ae`) copies the player's current vitality and magic (`0x004fbab0`/`0x004fbab4`) into the alternate actor at `0x6159b8`, then hands control to it: it becomes the active actor `DAT_004fbb48`, takes the player's position and state, gets a 2,000,000 timer, and camera event `0x2b` is sent.
FUNC	57fd4	ENT_EndTransform	undefined ENT_EndTransform(void)	[NAME] Descriptive name. Swaps the player back in for the F27 form at its position and heading, costs damage, and returns the camera to follow. Sources: WINDREAM.EXE 0042d239 ENT_EndTransform via match_functions (caller 0.61, callees 7/7). Facts (tools/check_names.py): call:000436d0; call:000720c4.
FUNC	58170	PHYS_BuildPlatforms	undefined PHYS_BuildPlatforms(void)	[NAME] Descriptive name. For an entity flagged +0xad bit 8, makes each child node a platform (at most 64) with half-extents from its vertices and a radius. Sources: WINDREAM.EXE 0043df1f PHYS_BuildPlatforms via match_functions (strings 1.00, callees 6/7). Facts (tools/check_names.py): str:Dreams Internal Error : ; call:0007201c.\n\n[DOCS_SYNC]\n[docs/engine.md > Collision response (`PHYS_ResolveCollisions` (`0x40bff8`), once per frame)] 5. **Platforms** (`PHYS_CollidePlatforms` (`0x43e32e`)): an entity flagged `+0xad & 8` turns each child node into a platform (at most 64, "too many PLT"; `PHYS_BuildPlatforms` (`0x43df1f`)). A walker inside a platform's box rides it (`+0x278` bit 0x40; the platform's frame delta is added and its top becomes the floor); otherwise it is pushed out of the platform's cylinder by the overlap + 5.\n\n[docs/scene-placement.md > The eleven former fallbacks] `PHYS_InitEntity` (`0x43d62c`) then invokes `PHYS_BuildPlatforms` (`0x43df1f`) on that entity's model children.
FUNC	58338	PHYS_UpdatePlatforms	undefined PHYS_UpdatePlatforms(void)	[NAME] Descriptive name. Per tick: moves the platform root, then for each platform its world position, frame delta (+0x14), top and box (+-half-extent in X/Z, +-200 in Y). Sources: WINDREAM.EXE 0043e115 PHYS_UpdatePlatforms via match_functions (caller 0.62, callees 7/7). Facts (tools/check_names.py): call:0007201c.\n\n[DOCS_SYNC]\n[docs/ai-animation-runtime.md > Update order] `ENT_TickAll` (`0x407089`), once per frame from `GAME_Tick` (`0x4240ba`): the 16 transient objects at `0x630db8` (free objects `+0xa9 & 8`; attack objects `+0xaa & 1` move and test hits through `ENT_MoveAttackObject` (`0x442e0d`)/`ENT_TickAttackObject` (`0x444b8f`)); the platform owner and `PHYS_UpdatePlatforms` (`0x43e115`); then the 32 actors at `0x4fb7a8` (0x2d0 bytes each) with `+0xa9 & 4`, through `ENT_TickEntity` (`0x407b51`).\n\n[docs/scene-placement.md > The eleven former fallbacks] `PHYS_UpdatePlatforms` (`0x43e115`) updates their positions, deltas and bounds; `PHYS_CollidePlatforms` (`0x43e32e`) uses them for walker contact.
FUNC	586a8	MMS_MallocMem_	undefined MMS_MallocMem_(void)	[NAME] Name recovered. Original module: C:\DREAMS\src\MMSYSTEM.C. No prototype or owner review inferred. Sources: July 1997 DREAMS.EXE original debug symbol; literal-byte match; re/reviews/wip-dos-byte-matches.tsv; tools/check_wip_names.py. Facts (tools/check_names.py): size:47.
FUNC	58740	VFS_Open	undefined VFS_Open(void)	[NAME] Descriptive name. Opens from disk with _uopen_; failing that (read-only modes), looks the name up in the mounted .BF directory and returns -(index+1), seeking the archive to the entry. Sources: WINDREAM.EXE 00409304 VFS_Open via match_functions (caller 0.64, callees 3/3). Facts (tools/check_names.py): str:Open file Error; call:00058940.\n\n[DOCS_SYNC]\n[docs/asset-access.md > UBIK member access] `VFS_Open` (`0x00409304`) tries an OS file first and only falls back to a registered member on an eligible failed read-only open; the member handle is `-(index + 1)`.
FUNC	587c4	VFS_Read	undefined VFS_Read(void)	[NAME] Descriptive name. Read for VFS handles: a negative handle reads from its archive entry (clamped to the entry size); otherwise read_. Fatal on error. Sources: WINDREAM.EXE 004093f0 VFS_Read via match_functions (callee 0.61, callees 3/3). Facts (tools/check_names.py): str:Read file Error.\n\n[DOCS_SYNC]\n[docs/asset-access.md > UBIK member access] `VFS_Read` (`0x004093f0`) clamps member reads to the declared length, and `VFS_Seek` (`0x00409634`) maintains a member-relative cursor and seeks the shared backing descriptor.
FUNC	58940	VFS_Seek	undefined VFS_Seek(void)	[NAME] Descriptive name. Seek (whence 0/1/2) for VFS handles: archive entries clamped to [0, size-1]; otherwise lseek_. Fatal on error. Sources: WINDREAM.EXE 00409634 VFS_Seek via match_functions (callee 0.60, callees 1/1). Facts (tools/check_names.py): str:Seek file Error.\n\n[DOCS_SYNC]\n[docs/asset-access.md > UBIK member access] `VFS_Read` (`0x004093f0`) clamps member reads to the declared length, and `VFS_Seek` (`0x00409634`) maintains a member-relative cursor and seeks the shared backing descriptor.
FUNC	58b8c	VFS_AddArchiveEntries	undefined VFS_AddArchiveEntries(void)	[NAME] Descriptive name. Merges a batch of 0x11c-byte .BF directory entries into the global table (0x4a2f94, count 0x4a2f98): copy on first call, then replace same-name entries or grow. Sources: WINDREAM.EXE 0043ac08 VFS_AddArchiveEntries via match_functions (strings 1.00, callees 1/2). Facts (tools/check_names.py): str:Nom: %s; caller:00058cc0.\n\n[DOCS_SYNC]\n[docs/asset-access.md > UBIK member access] `VFS_AddArchiveEntries` (`0x0043ac08`) adds members to a process-global table.
FUNC	58cc0	BF_Mount	undefined BF_Mount(void)	[NAME] Descriptive name. Mounts a UBIK .BF archive: 16-byte header, directory of 0x103-byte names + offset + size into 0x11c-byte records added to the VFS table. Sources: WINDREAM.EXE 0043ad40 BF_Mount via match_functions (strings 1.00, callees 5/5). Facts (tools/check_names.py): str:UBIK; str:is not a valid file; call:00058740; call:000587c4; call:00058b8c.\n\n[DOCS_SYNC]\n[docs/asset-access.md > UBIK member access] `UI_InitIcons` (`0x004341eb`) calls `BF_Mount` (`0x0043ad40`) on `DATA\ICONE\ICONES.BF`, then `SPR_LoadIconBanks` (`0x00426c46`) loads five fixed member names.\n\n[docs/asset-access.md > UBIK member access] `BF_Mount` checks `UBIK`, reads a table offset and count from its 16-byte header, then reads 267-byte rows: 259 name bytes, `u32` payload offset and `u32` payload length.\n\n[docs/re-setup.md > First results — the parsers are located] | `UBIK` | `0x004c5511` | `BF_Mount` (`0x43ad40`) | named-file archive (`.BF`) |
FUNC	58ec4	VFS_OpenMember	undefined VFS_OpenMember(void)	[NAME] Descriptive name. Uppercases the request, compares the member name with a 0x103-byte bound (exact for shorter NUL-terminated names), marks the match usable and resets its cursor; returns its index or -1. It does not mount a .BF file. Sources: WINDREAM.EXE 0043af27 cross-build match; independent blind DOS x86 review in docs/reviews/002-dos-vfs-followup.md. Facts (tools/check_names.py): caller:00058740; const:103; const:11c.\n\n[DOCS_SYNC]\n[docs/asset-access.md > UBIK member access] `VFS_OpenMember` (`0x0043af27`) uppercases a requested name and compares it with a 0x103-byte bound, then resets that member's logical cursor.\n\n[docs/asset-access.md > Validation and remaining limits] The corresponding DOS/3dfx `DREAMSFX.EXE` function at `0x00058ec4` was checked separately in the [blind DOS review](reviews/002-dos-vfs-followup.md): instructions `0x58ed9`–`0x58eed` set `EBX=0x103` and call `strncmp_`, then `0x58efb`/`0x58f0b` set the member-open flag and zero its cursor.\n\n[docs/asset-access.md > Validation and remaining limits] Its checked name is also `VFS_OpenMember`.
FUNC	58f80	SPR_LoadIconBanks	undefined SPR_LoadIconBanks(void)	[NAME] Descriptive name. Loads the five ICONES.BF banks named at 0x49dacc (magie.alp ..., stride 13) through the VFS; same TABLE format as SPR_LoadSet. Sources: WINDREAM.EXE 00426c46 SPR_LoadIconBanks via match_functions (strings 1.00, callees 4/4). Facts (tools/check_names.py): str:magie.alp; str:Read Icone Error; call:00058740; call:000587c4; caller:0005a500.\n\n[DOCS_SYNC]\n[docs/asset-access.md > UBIK member access] `UI_InitIcons` (`0x004341eb`) calls `BF_Mount` (`0x0043ad40`) on `DATA\ICONE\ICONES.BF`, then `SPR_LoadIconBanks` (`0x00426c46`) loads five fixed member names.\n\n[docs/file-formats.md > Menu `TABLE` bundles — `.ALP` and menu `.SPR` — **fully decoded**] Loaders in `WINDREAM.EXE`: `SPR_LoadIconBanks` (`0x426c46`) for the five `ICONES.BF` banks, and the general sprite-set loader `SPR_LoadSet` (`0x425254`) for `SOUR.ALP` (and the fonts).\n\n[docs/file-formats.md > Menu `TABLE` bundles — `.ALP` and menu `.SPR` — **fully decoded**] The retail evidence is the loader `SPR_LoadIconBanks` (`0x426c46`) plus its renderer `SPR_BlitSprite` (`0x401935`): the loader binds the RGB555 palette to each descriptor and copies the two-byte texel stream unchanged; the two-byte draw path uses the first byte to select a palette word and the second as its blend amount.\n\n[docs/sprites-ui-dialog.md > Correct pixel interpretation] `SPR_LoadIconBanks` (`0x426c46`) binds that palette to each sprite descriptor, converts palette words from 5:5:5 to 5:6:5 when the display is 16-bit, and copies the pixel bytes without converting them.
FUNC	59228	SPR_LoadPortrait	undefined SPR_LoadPortrait(void)	[NAME] Descriptive name. Builds the picture sprite 0x49ff26 from a TABLE blob in memory. Sources: WINDREAM.EXE 00427020 SPR_LoadPortrait via match_functions (caller 0.56, callees 2/2). Facts (tools/check_names.py): size:435.\n\n[DOCS_SYNC]\n[docs/sprites-ui-dialog.md > `DIALOG.DRD`: entry event to voice and captions] The engine's `SPR_LoadPortrait` (`0x427020`) copies the palette and first descriptor into a runtime sprite; `SPR_DrawPortrait` (`0x427432`) draws it at `(16/sx,64/sy)`.
FUNC	59468	UI_InitPyramidIcons	undefined UI_InitPyramidIcons(void)	[NAME] Descriptive name. Looks up the pyramid gauge icons. Sources: WINDREAM.EXE 00427315 UI_InitPyramidIcons via match_functions (strings 1.00, callees 1/1). Facts (tools/check_names.py): str:pyrambo; str:pyrcurs; caller:0005a500.\n\n[DOCS_SYNC]\n[docs/sprites-ui-dialog.md > Player pyramid HUD] `UI_InitPyramidIcons` (`0x427315`) binds `pyrambo`, `pyramvi`, `pyramma`, `pyramox`, `pyrafvi`, `pyrafma`, and `pyrcurs`.\n\n[docs/sprites-ui-dialog.md > Separate menu loops] `UI_InitPyramidIcons` (`0x427315`) resolves seven named `PYRAM` assets during UI initialization.
FUNC	595f4	SPR_Draw	undefined SPR_Draw(void)	Twin of WINDREAM Sprite_Draw (0x4274b0).
FUNC	5a500	UI_InitIcons	undefined UI_InitIcons(void)	[NAME] Descriptive name. Mounts data\icone\icones.bf, loads the icon banks, binds about 20 named icons (nothing, infosne, block, mcombat, joy_*) through ICON_FindByName. Sources: WINDREAM.EXE 004341eb UI_InitIcons via match_functions (strings 1.00, callees 5/5). Facts (tools/check_names.py): str:icones.bf; str:mcombat; call:00058cc0; call:00058f80; caller:00020058.\n\n[DOCS_SYNC]\n[docs/asset-access.md > UBIK member access] `UI_InitIcons` (`0x004341eb`) calls `BF_Mount` (`0x0043ad40`) on `DATA\ICONE\ICONES.BF`, then `SPR_LoadIconBanks` (`0x00426c46`) loads five fixed member names.\n\n[docs/boot-sequence.md > Main menu (`BOOT_Run` menu loop, tick `MENU_Tick` (`0x435fae`))] * Background: the code tries to load `data\tga\menu.tga` (helper in the `0x43a0e2` region) — but **no such file exists on either disc** (`DATA\TGA\` is empty on disc 1, holds only reference JPEGs on disc 2), so the menu background is effectively the looping `GENERIC.HNM` warp video plus the sprite overlays. The `data\icone\icones.bf` icon bank (bound at init, `UI_InitIcons` (`0x4341eb`)) supplies the corner markers and other UI sprites. Disc 2 also contains gold/red title images in `TITRES.SPR`; this menu's labels come from the executable string table and are rendered by font routine `TEXT_Pr…\n\n[docs/boot-sequence.md > Function map (boot path)] | `UI_InitIcons` (`0x4341eb`) | UI/icon init (`icones.bf`, icon-name bindings) |\n\n[docs/game-content.md > The English build never reads this file **[verified]** (2026-09-26)] The loader `TEXT_LoadLanguageIni` (`0x433cfa`, called from `UI_InitIcons`) is **dead code**: an unconditional `jmp` at `0x433d27` goes straight to its epilogue (`0x4341e2`), and nothing outside the body branches into it (checked over every `call`/`jmp` in the code block).\n\n[docs/sprites-ui-dialog.md > UI asset path] During initialization, `UI_InitIcons` (`0x4341eb`) loads `DATA\ICONE\ICONES.BF` and binds the menu assets.
FUNC	5a7f8	UI_DrawHud	undefined UI_DrawHud(void)	[NAME] Descriptive name. Per-frame in-game HUD draw. Sources: WINDREAM.EXE 00434596 UI_DrawHud via match_functions (caller 0.72, callees 8/10). Facts (tools/check_names.py): call:0005b930; call:000302d8.\n\n[DOCS_SYNC]\n[docs/sprites-ui-dialog.md > Correct pixel interpretation] During UI updates, `UI_DrawHud` (`0x434596`) calls it after the viewport layout helper leaves the screen-height quotient in EAX (1 for the common 400/480-line modes).\n\n[docs/sprites-ui-dialog.md > Player pyramid HUD] The render tick `UI_DrawHud` (`0x434596`) calls `UI_UpdatePyramidGauge` (`0x427859`) with the primary frame's top-left at `x = 20 / sx`, `y = (H - 90) / sy`, where `H` is the logical height computed by `UI_ComputeHudScale` (`0x4344ae`).\n\n[docs/sprites-ui-dialog.md > The HUD message queue **[verified]** (2026-09-26)] `MENJ_Dispatcher` (`0x435896`), run from `UI_DrawHud` (`0x434596`), drains the game's UI queue (`0x626f2c`, 12-byte messages):
FUNC	5b930	MENJ_Dispatcher	undefined MENJ_Dispatcher(void)	[NAME] Name recovered. Raises "Dreams Internal Error : unknown message type in MENJ_Dispatcher". Sources: WINDREAM.EXE 00435896 MENJ_Dispatcher via match_functions (strings 1.00, callees 4/4). Facts (tools/check_names.py): str:unknown message type in MENJ_Dispatcher.\n\nRaises "unknown message type in MENJ_Dispatcher".\n\n[DOCS_SYNC]\n[docs/engine.md > Presentation and 2D — Glide mapped onto DirectDraw/GDI **[verified]**] The same pairing turned up five real function names in error strings (*unknown message type in X*): `MGM_SendMessage`, `MGM_DispatchMessages`, `CTRL_Dispatcher`, `MENJ_Dispatcher`, `CAM_CompCameraPos`, identical in both builds.\n\n[docs/re-setup.md > Source-file blocks: `find_modules.py`] For example, the `DDRAW_*` and `VID_Present` functions form one block, `MGM_SendMessage` sits with `INPUT_Init`, and `MENJ_Dispatcher` with `MENU_*`.\n\n[docs/sprites-ui-dialog.md > Separate menu loops] Another cyclic UI-message handler, `MENJ_Dispatcher` (`0x435896`, named by its own error string), consumes 12-byte events; event `0x40` selects the voice/caption entry described below.\n\n[docs/sprites-ui-dialog.md > The HUD message queue **[verified]** (2026-09-26)] `MENJ_Dispatcher` (`0x435896`), run from `UI_DrawHud` (`0x434596`), drains the game's UI queue (`0x626f2c`, 12-byte messages):
FUNC	5bbf8	MENU_PlaceCornerIcons	undefined MENU_PlaceCornerIcons(void)	[NAME] Descriptive name. Looks up UpLf/UpRg/DnLf/DnRg (NA and lit variants) and places them on a 2x2 grid scaled by the display factors. Sources: WINDREAM.EXE 00435c2b MENU_PlaceCornerIcons via match_functions (strings 1.00, callees 1/1). Facts (tools/check_names.py): str:UpLfNA; str:DnRg.\n\n[DOCS_SYNC]\n[docs/boot-sequence.md > The event sequence, as the player sees it] | 2 | **Short warp animation** (the "loading animation", ~7 s) | same function, second event `0x17` with `generic.hnm`; then loads the menu corner-marker sprites (`MENU_PlaceCornerIcons` (`0x435c2b`)) and enters the menu loop | `DATA\HNM\GENERIC.HNM` — 101 frames ≈ 6.7 s, light-speed tunnel; runs under/behind the menu |\n\n[docs/boot-sequence.md > Main menu (`BOOT_Run` menu loop, tick `MENU_Tick` (`0x435fae`))] * Navigation is a 2×2 grid (up/down cycles 0→2→3→1), highlighted by the four corner-marker sprites loaded by `MENU_PlaceCornerIcons` (`0x435c2b`) — `UpLfNA/UpRgNA/DnLfNA/DnRgNA` (inactive) and `UpLf/UpRg/DnLf/DnRg` (active) — placed on a 2×2 grid with per-resolution scaling.\n\n[docs/boot-sequence.md > Function map (boot path)] | `MENU_PlaceCornerIcons` (`0x435c2b`) | load + place menu corner-marker sprites |\n\n[docs/sprites-ui-dialog.md > Separate menu loops] `MENU_PlaceCornerIcons` (`0x435c2b`) resolves the active and inactive corner names and places them at resolution-scaled positions; `MENU_Draw` (`0x435ea0`) draws the four corners and menu text; `MENU_Tick` (`0x435fae`) handles navigation and confirm.
FUNC	5bdb4	MENU_Draw	undefined MENU_Draw(void)	Four menu items, selected one highlighted, then the NEW GAME/... label.
FUNC	5be94	MENU_Tick	undefined MENU_Tick(void)	Name matched from WINDREAM.EXE 00435fae (caller, 0.65; tools/match_functions.py).
FUNC	5c218	BOOT_TickFrame	undefined BOOT_TickFrame(void)	[NAME] Descriptive name. Per-frame boot/menu step, 40 ms ticks. Sources: WINDREAM.EXE 004363c8 BOOT_TickFrame via match_functions (caller 0.70, callees 1/1). Facts (tools/check_names.py): call:0003c2c8.\n\n[DOCS_SYNC]\n[docs/boot-sequence.md > Main menu (`BOOT_Run` menu loop, tick `MENU_Tick` (`0x435fae`))] * The per-frame boot/menu step `BOOT_TickFrame` (`0x4363c8`) redraws the menu (`MENU_Draw` (`0x435ea0`)) when dirty flag `0x4a2f31` is set, swaps, and counts steps of `0x28` ticks of the 200 Hz MGM timer (about 200 ms each). `BOOT_Run` calls this after a menu selection has exited the selection loop; after 3 steps it sets exit flag `0x626f00` and finalizes that branch. This call path supports a short post-selection hold, not an attract-mode claim. `CTRL_Dispatcher` handles video-end event `0x3f` by reopening `generic.hnm`, which explains the menu background loop. **[verified]**\n\n[docs/boot-sequence.md > Function map (boot path)] | `BOOT_TickFrame` (`0x4363c8`) | per-frame boot/menu step: redraw when dirty, swap, exit after 3 × 200 ms steps |
FUNC	5c73c	MENJ_PlayVoiceCaptions	undefined MENJ_PlayVoiceCaptions(void)	[NAME] Descriptive name. Voice message with synchronized captions and portrait; Again/exit. Sources: WINDREAM.EXE 00436ab6 MENJ_PlayVoiceCaptions via match_functions (strings 1.00, callees 6/6). Facts (tools/check_names.py): str:Again; call:0003c2c8.\n\n[DOCS_SYNC]\n[docs/binary-edition-comparison.md > Which function differences look real?] Among same-layout functions, one clear changed operand is shared across all three later editions: `MENJ_PlayVoiceCaptions` subtracts `0x7d` (125) where Europe subtracts `0x69` (105) before scaling a UI coordinate for `TEXT_PrintFaded`.\n\n[docs/sprites-ui-dialog.md > Caption timing **[verified]** (2026-09-26)] `MENJ_PlayVoiceCaptions` (`0x436ab6`) takes over the frame loop until the entry ends (it pumps `MGM_DispatchMessages` (`0x43a64c`) itself, with `CTRL_Init` (`0x40eb4f`) installing the input callback):\n\n[docs/sprites-ui-dialog.md > The HUD message queue **[verified]** (2026-09-26)] `MENJ_PlayVoiceCaptions` (`0x436ab6`) places timed text at `(150/sx, 90/sy)`, with 20/sy vertical spacing for successive rows.
FUNC	5d0c0	MENU_HandleSaveSlotInput	undefined MENU_HandleSaveSlotInput(void)	[NAME] Descriptive name. Save and load slot list: select, name, protect (at most five), load or save, Esc to close. Sources: WINDREAM.EXE 004373a7 MENU_HandleSaveSlotInput via match_functions (slot 0.50, callees 4/4). Facts (tools/check_names.py): call:00065ac0; call:000664f0.
FUNC	5d898	MENU_DrawSaveSlots	undefined MENU_DrawSaveSlots(void)	[NAME] Descriptive name. Draws the 10-slot save/load list. Sources: WINDREAM.EXE 00437c01 MENU_DrawSaveSlots via match_functions (strings 1.00, callees 2/2). Facts (tools/check_names.py): str:Empty; str:*%d. %s; caller:0005be94.\n\n[DOCS_SYNC]\n[docs/boot-sequence.md > Main menu (`BOOT_Run` menu loop, tick `MENU_Tick` (`0x435fae`))] * Confirm on item 0 (new game) sets the exit flag with load/quit flags cleared; item 1 opens the save browser (`MENU_InitSaveSlotSelect` (`0x437aa2`) picks the default slot — most recent for load, most recent unprotected for save — and loads its thumbnail; `MENU_DrawSaveSlots` (`0x437c01`) draws the list); item 2 sets the options submenu state `0x4a2eed = 1` and calls `MENU_UpdateResolutionIndex` (`0x4314ec`), which only maps the current width/height/scale to resolution index 0–5 (`0x4a2f01`); item 3 quits (`DAT_004a4780 = 1` → controller loop exits).\n\n[docs/sprites-ui-dialog.md > Separate menu loops] The save/load view is drawn by `MENU_DrawSaveSlots` (`0x437c01`).
FUNC	5eb7c	MENU_DrawObjectInfo	undefined MENU_DrawObjectInfo(void)	[NAME] Descriptive name. Object (category 2) detail panel of the pause menu: large icon from the 9-byte name table at 0x49db12 and three text lines; called from the object grid MENU_DrawObjectPage. Byte-identical code to MENU_DrawSpellInfo. Sources: WINDREAM.EXE 0042f246 MENU_DrawObjectInfo via match_functions (callee 0.77, callees 3/3). Facts (tools/check_names.py): str:Fire ball; caller:0005f014.\n\n[DOCS_SYNC]\n[docs/sprites-ui-dialog.md > Separate menu loops] The selected icon and its three description lines go through `MENU_DrawObjectInfo` (`0x42f246`) or `MENU_DrawSpellInfo` (`0x42fd30`).
FUNC	5ecb8	MENU_HandleObjectInput	undefined MENU_HandleObjectInput(void)	[NAME] Descriptive name. Object-page input: moves the cursor 0x4a1004 over the grid (count 0x4a1008, built by MENU_BuildObjectList), plays menu sounds, stores the chosen object in 0x615410. Sources: WINDREAM.EXE 0042f38b MENU_HandleObjectInput via match_functions (caller 0.64, callees 2/2). Facts (tools/check_names.py): caller:0006009c.\n\n[DOCS_SYNC]\n[docs/sprites-ui-dialog.md > Separate menu loops] `MENU_HandleGameMenuInput` (`0x4318d0`) handles directional and confirm input; `MENU_HandleSpellInput` (`0x42fe75`) and `MENU_HandleObjectInput` (`0x42f38b`) navigate the two item grids.
FUNC	5f014	MENU_DrawObjectPage	undefined MENU_DrawObjectPage(void)	[NAME] Descriptive name. Draws the object page of the pause menu: equipped-object icon, grid of up to 16 objects, then MENU_DrawObjectInfo. Sources: WINDREAM.EXE 0042f72e MENU_DrawObjectPage via match_functions (callee 0.67, callees 2/2). Facts (tools/check_names.py): call:0005eb7c; caller:00061034.\n\n[DOCS_SYNC]\n[docs/sprites-ui-dialog.md > Separate menu loops] | 1 | flag 2, 16 entries | Inventory/quest objects; 4×4 icon grid in `MENU_DrawObjectPage` (`0x42f72e`) |
FUNC	5f83c	MENU_InitGameMenu	undefined MENU_InitGameMenu(void)	[NAME] Descriptive name. Sets up the game menu: tab icons, labels, positions. Sources: WINDREAM.EXE 00430e46 MENU_InitGameMenu via match_functions (strings 1.00, callees 1/1). Facts (tools/check_names.py): str:UpLfNA; str:DnRg; str:Desc1.\n\n[DOCS_SYNC]\n[docs/sprites-ui-dialog.md > Separate menu loops] On entry, `MENU_InitGameMenu` (`0x430e46`) resolves the four active/inactive corner markers, four description panels, and two ribbons from `INTERF`.
FUNC	5fb30	MENU_DrawHelpText	undefined MENU_DrawHelpText(void)	[NAME] Descriptive name. Three-line help text for entry n. Sources: WINDREAM.EXE 0043126a MENU_DrawHelpText via match_functions (strings 1.00, callees 1/1). Facts (tools/check_names.py): str:Reload and play again; caller:00061034.\n\n[DOCS_SYNC]\n[docs/sprites-ui-dialog.md > Separate menu loops] For action 1 (Save), `MENU_DrawHelpText` (`0x43126a`) with argument 1 indexes the text block at `0x004a102c + 1*0x63 = 0x004a108f`, beginning `Save the game`, followed by `in progress...`.
FUNC	5fde4	MENU_HandleSystemPageInput	undefined MENU_HandleSystemPageInput(void)	[NAME] Descriptive name. System page of the in-game menu: load, save, options (resolution) and quit, and the slot list while it is open. Sources: WINDREAM.EXE 00431603 MENU_HandleSystemPageInput via match_functions (slot 0.55, callees 3/3). Facts (tools/check_names.py): call:00065ac0; caller:0006009c.
FUNC	6009c	MENU_HandleGameMenuInput	undefined MENU_HandleGameMenuInput(void)	[NAME] Descriptive name. Per-frame game-menu input. Sources: WINDREAM.EXE 004318d0 MENU_HandleGameMenuInput via match_functions (caller 0.61, callees 5/5). Facts (tools/check_names.py): call:00063068; call:0005ecb8.\n\n[DOCS_SYNC]\n[docs/sprites-ui-dialog.md > Separate menu loops] `MENU_HandleGameMenuInput` (`0x4318d0`) handles directional and confirm input; `MENU_HandleSpellInput` (`0x42fe75`) and `MENU_HandleObjectInput` (`0x42f38b`) navigate the two item grids.
FUNC	61034	MENU_DrawGameMenu	undefined MENU_DrawGameMenu(void)	[NAME] Descriptive name. Draws the game menu. Sources: WINDREAM.EXE 00432b45 MENU_DrawGameMenu via match_functions (strings 1.00, callees 8/8). Facts (tools/check_names.py): str:Options; str:Quit; call:0005d898; call:0005fb30.\n\n[DOCS_SYNC]\n[docs/binary-edition-comparison.md > Which function differences look real?] The Dutch `MENU_DrawGameMenu` linear-disassembly difference falls in apparent inline data; it is not yet evidence of a behavior change.\n\n[docs/boot-sequence.md > In-game pause menu (different code, for contrast)] `MENU_RunGameMenu` (`0x4337c0`) → `MENU_DrawGameMenu` (`0x432b45`) renders the **lowercase** `Load` / `Options` / `Quit` items (`0x4c519e…`) — the ESC overlay during play, not the boot menu.\n\n[docs/sprites-ui-dialog.md > Separate menu loops] The in-game inventory/pause overlay is a separate controller (`MENU_RunGameMenu` (`0x4337c0`) → `MENU_DrawGameMenu` (`0x432b45`)), with its own item and options states.\n\n[docs/sprites-ui-dialog.md > Separate menu loops] `MENU_DrawGameMenu` (`0x432b45`) draws four top-level states:
FUNC	61b18	MENU_RunGameMenu	undefined MENU_RunGameMenu(void)	[NAME] Descriptive name. Main loop of the game menu. Sources: WINDREAM.EXE 004337c0 MENU_RunGameMenu via match_functions (slot 0.38, callees 6/6). Facts (tools/check_names.py): call:0005f83c; call:0003c2c8.\n\n[DOCS_SYNC]\n[docs/ai-animation-runtime.md > Action events] | `0x18` after Esc | its own time | — | opens the game menu (`MENU_RunGameMenu` (`0x4337c0`)) |\n\n[docs/boot-sequence.md > In-game pause menu (different code, for contrast)] `MENU_RunGameMenu` (`0x4337c0`) → `MENU_DrawGameMenu` (`0x432b45`) renders the **lowercase** `Load` / `Options` / `Quit` items (`0x4c519e…`) — the ESC overlay during play, not the boot menu.\n\n[docs/sprites-ui-dialog.md > Separate menu loops] The in-game inventory/pause overlay is a separate controller (`MENU_RunGameMenu` (`0x4337c0`) → `MENU_DrawGameMenu` (`0x432b45`)), with its own item and options states.
FUNC	62f2c	MENU_DrawSpellInfo	undefined MENU_DrawSpellInfo(void)	[NAME] Descriptive name. Spell detail panel, called by the spell grid MENU_DrawSpellPage; byte-identical code to MENU_DrawObjectInfo. Sources: WINDREAM.EXE 0042fd30 MENU_DrawSpellInfo via match_functions (caller 0.77, callees 3/3). Facts (tools/check_names.py): str:Fire ball.\n\n[DOCS_SYNC]\n[docs/sprites-ui-dialog.md > Separate menu loops] The selected icon and its three description lines go through `MENU_DrawObjectInfo` (`0x42f246`) or `MENU_DrawSpellInfo` (`0x42fd30`).
FUNC	63068	MENU_HandleSpellInput	undefined MENU_HandleSpellInput(void)	[NAME] Descriptive name. Spell tab input: 4x4 grid, assign to three quick slots. Sources: WINDREAM.EXE 0042fe75 MENU_HandleSpellInput via match_functions (caller 0.60, callees 2/2). Facts (tools/check_names.py): caller:0006009c.\n\n[DOCS_SYNC]\n[docs/sprites-ui-dialog.md > Separate menu loops] `MENU_HandleGameMenuInput` (`0x4318d0`) handles directional and confirm input; `MENU_HandleSpellInput` (`0x42fe75`) and `MENU_HandleObjectInput` (`0x42f38b`) navigate the two item grids.
FUNC	635ac	MENU_DrawSpellPage	undefined MENU_DrawSpellPage(void)	[NAME] Descriptive name. Draws the spell tab. Sources: WINDREAM.EXE 00430494 MENU_DrawSpellPage via match_functions (callee 0.58, callees 2/2). Facts (tools/check_names.py): call:00062f2c; caller:00061034.\n\n[DOCS_SYNC]\n[docs/sprites-ui-dialog.md > Player pyramid HUD] `MENU_DrawSpellPage` (`0x430494`) lays them out column-major at `x=(W/2-30)/sx + 80*column/sx`, `y=41/sy + 50*row/sy`, with `column=id/4` and `row=id%4`:\n\n[docs/sprites-ui-dialog.md > Separate menu loops] | 0 | flag 1, 14 entries | Spells and abilities; 4×4 icon grid in `MENU_DrawSpellPage` (`0x430494`) |
FUNC	639a0	DRD_Open	undefined DRD_Open(void)	[NAME] Descriptive name. Opens DRDF (DIALOG.DRD): 16-byte header, entry offset table, entry buffer sized from the header; current entry = -1. Sources: WINDREAM.EXE 0041072c DRD_Open via match_functions (strings 1.00, callees 5/5). Facts (tools/check_names.py): str:DRDF; caller:00020058.\n\n[DOCS_SYNC]\n[docs/asset-access.md > Dialogue and sound banks] `DRD_Open` (`0x0041072c`) opens `DATA\3DC\DIALOG.DRD`, checks `DRDF`, and keeps its offset table.\n\n[docs/re-setup.md > First results — the parsers are located] | `DRDF` | `0x004c3a48` | `DRD_Open` (`0x41072c`) | dialogue bank |\n\n[docs/sprites-ui-dialog.md > `DIALOG.DRD`: entry event to voice and captions] The file is not all loaded into memory at startup: `DRD_Open` (`0x41072c`) opens it, keeps the entry offset table, and allocates a reusable entry buffer.
FUNC	63e78	CD_PrepareLevel	undefined CD_PrepareLevel(void)	[NAME] Descriptive name. Level from the save record +0x1fc; asks for CD (level+1)>>1 if needed; with hard-disk caching copies the files listed in ListL<n>.txt / ListL0.txt to X:\CRYO\DREAMS\ behind "Please wait while loading ...". Sources: WINDREAM.EXE 00427d64 CD_PrepareLevel via match_functions (strings 1.00, callees 7/7). Facts (tools/check_names.py): str:Please wait while loading; str:ListL%d.txt; call:000642f4.\n\n[DOCS_SYNC]\n[docs/asset-access.md > The boundary: game file access and disc images] `CD_PrepareLevel` (`0x00427d64`) checks the disc requested by a level and may copy a selective set of files listed in `ListL<n>.txt` and `ListL0.txt` to the install cache through `CD_CopyFileList` (`0x00428356`) and `FILE_CopyIfMissing` (`0x00428404`).\n\n[docs/boot-sequence.md > The event sequence, as the player sees it] | 7 | **Loading / CD-swap screen** | `SCENE_LoadLevel 0x41f9db` → `CD_PrepareLevel` (`0x427d64`): if the needed disc is not mounted shows *Please change to CD no %d*; with hard-disk caching it draws *Please wait while loading ...* and copies the files the level manifest lists to `X:\CRYO\DREAMS\` | `LISTL1.TXT` for Project 0 |\n\n[docs/boot-sequence.md > Level entry, end to end] 2. `CD_PrepareLevel` (`0x427d64`) CD check (`DATA\1CD.ID` / `DATA\2CD.ID` / `DATA\FULL.ID` sentinel files; *Please change to CD no %d* from `CD_PromptSwap` (`0x428626`)), then, with hard-disk caching, the loading screen (*Please wait while loading ...*, `0x4c4c1c`).\n\n[docs/boot-sequence.md > Function map (boot path)] | `0x41f9db` | `SCENE_LoadLevel` — level load when the pending-load flag is set: `CD_PrepareLevel`, DSN textures, lights/fog, OBJET entity spawns |\n\n[docs/boot-sequence.md > Function map (boot path)] | `CD_PrepareLevel` (`0x427d64`) | CD-swap prompt; hard-disk cache copy behind the loading screen |\n\n[docs/disc-layout.md > Observed installed tree versus the discs] `DATA\LEVEL.ID` is the four-byte current-level cache marker written by `CD_PrepareLevel`; the `GAME1`/`GAME2` files are local save slots.\n\n[docs/dsn-loader.md > The Body Unpackers and Call Hierarchy **[verified]**] 7. **`SCENE_LoadLevel` (`0x41f9db`)**: The level loader, run when the pending-load flag is set: `CD_PrepareLevel` (`0x427d64`) and the loading screen, DSN textures via `DSN_LoadTextures`, ambient and directional lights, fog, clear color, then a loop through `OBJET1` .. `OBJET15` to spawn active entities. Spawning is one part of the level load.\n\n[docs/file-formats.md > Text manifests] With hard-disk caching, `CD_PrepareLevel` (`0x427d64`) copies the files listed in `ListL<n>.txt` / `ListL0.txt` to `X:\CRYO\DREAMS\` behind "Please wait while loading ..." (`CD_CopyFileList` (`0x428356`)).
FUNC	63f9c	CD_FindDrive	undefined CD_FindDrive(void)	[NAME] Descriptive name. Tries drives Z down to C for X:\DATA\1CD.ID / 2CD.ID and stores the letter in 0x49ff2c; fatal error if none. Sources: WINDREAM.EXE 00427f11 CD_FindDrive via match_functions (strings 1.00, callees 2/2). Facts (tools/check_names.py): str:1CD.ID; str:2CD.ID; str:your CDROM does not contain a CD of DREAMS.\n\n[DOCS_SYNC]\n[docs/asset-access.md > The boundary: game file access and disc images] `CD_FindDrive` (`0x00427f11`) searches `Z:` through `C:` for `DATA\1CD.ID` or `DATA\2CD.ID`; `CD_FindCacheDrive` (`0x00427fc7`) separately finds `X:\CRYO\DREAMS\DATA\HD.ID`.\n\n[docs/disc-layout.md > Disc check] `CD_FindDrive` (`0x427f11`) tries drives `Z` down to `C` for `X:\DATA\1CD.ID` / `2CD.ID` and stops with a fatal error if none has either.\n\n[docs/re-setup.md > First results — the parsers are located] String anchors additionally implicate `RES_ReadFile` (`0x41c666`) (4 xrefs), `MDL_LoadMaterials` (`0x456038`), `CD_FindDrive` (`0x427f11`), `DAN_Read3DC` (`0x41020f`) and `FSB_Load` (`0x426143`): the resource-file reader, the `.3DM` material loader, the CD drive search, the DAN chunk reader and the FSB bank loader.
FUNC	64024	CD_FindCacheDrive	undefined CD_FindCacheDrive(void)	[NAME] Descriptive name. Finds the drive holding X:\CRYO\DREAMS\DATA\HD.ID (the hard-disk cache) and patches it into the cache path. Sources: WINDREAM.EXE 00427fc7 CD_FindCacheDrive via match_functions (strings 1.00, callees 2/2). Facts (tools/check_names.py): str:X:\CRYO\DREAMS\DATA\HD.I; str:RYO\DREAMS\DATA\HD.ID; str:X:\CRYO\DREAMS\.\n\n[DOCS_SYNC]\n[docs/asset-access.md > The boundary: game file access and disc images] `CD_FindDrive` (`0x00427f11`) searches `Z:` through `C:` for `DATA\1CD.ID` or `DATA\2CD.ID`; `CD_FindCacheDrive` (`0x00427fc7`) separately finds `X:\CRYO\DREAMS\DATA\HD.ID`.
FUNC	640b4	CD_ReadCacheLevelId	undefined CD_ReadCacheLevelId(void)	[NAME] Descriptive name. Reads the level number cached in DATA\LEVEL.ID (0 when absent). Sources: WINDREAM.EXE 00428097 CD_ReadCacheLevelId via match_functions (slot 0.60, callees 4/4). Facts (tools/check_names.py): str:X:\CRYO\DREAMS\; str:%s\DATA\LEVEL.ID.
FUNC	64118	CD_WriteCacheLevelId	undefined CD_WriteCacheLevelId(void)	[NAME] Descriptive name. Writes the cached level number to DATA\LEVEL.ID. Sources: WINDREAM.EXE 0042811b CD_WriteCacheLevelId via match_functions (slot 0.63, callees 4/4). Facts (tools/check_names.py): str:X:\CRYO\DREAMS\; str:%s\DATA\LEVEL.ID.
FUNC	641a8	CD_PurgeCache	undefined CD_PurgeCache(void)	[NAME] Descriptive name. Deletes the cached .dsn, .dan and .hnm files. Sources: WINDREAM.EXE 004281d9 CD_PurgeCache via match_functions (strings 1.00, callees 1/1). Facts (tools/check_names.py): str:X:\CRYO\DREAMS\; str:%s\DATA\3DC\*.dsn; str:%s\DATA\3DC\%s.
FUNC	642f4	CD_CopyFileList	undefined CD_CopyFileList(void)	[NAME] Descriptive name. Reads a list file and copies each file to the hard disk in 0x8000-byte chunks; on failure deletes the copied .dsn/.dan/.hnm and LEVEL.ID, then a fatal error. Sources: WINDREAM.EXE 00428356 CD_CopyFileList via match_functions (strings 1.00, callees 5/5). Facts (tools/check_names.py): str:error occurred while copying files to the hard; caller:00063e78.\n\n[DOCS_SYNC]\n[docs/asset-access.md > The boundary: game file access and disc images] `CD_PrepareLevel` (`0x00427d64`) checks the disc requested by a level and may copy a selective set of files listed in `ListL<n>.txt` and `ListL0.txt` to the install cache through `CD_CopyFileList` (`0x00428356`) and `FILE_CopyIfMissing` (`0x00428404`).\n\n[docs/boot-sequence.md > Level entry, end to end] 3. Manifest `%sListL%d.txt` (string `0x4c4c3a`) is read line by line and `CD_CopyFileList` (`0x428356`) copies each listed file to `X:\CRYO\DREAMS\`; `LISTL0.TXT` is the always-resident universe (`H03PAQUE.DSN` night scene, `CH0.DAN`, `HOLO.DAN`, `XH_.DAN`, `MHE.DAN`, `H03AN001.HNM`), and `LISTL1.TXT` opens with `H18ANGKR.DSN` — Project 0, *Ile d'Angkor*, plus `F84.DAN`, four `F07BLEU.DAN`, `CH0.DAN`, `MINE.DAN` and the rest of the disc-1 level set (44 `.DSN` lines, see [level-map.md](level-map.md)).\n\n[docs/file-formats.md > Text manifests] With hard-disk caching, `CD_PrepareLevel` (`0x427d64`) copies the files listed in `ListL<n>.txt` / `ListL0.txt` to `X:\CRYO\DREAMS\` behind "Please wait while loading ..." (`CD_CopyFileList` (`0x428356`)).
FUNC	64368	FILE_CopyIfMissing	undefined FILE_CopyIfMissing(void)	[NAME] Descriptive name. Copies a file to the cache in 32 KB blocks unless the destination exists. Sources: WINDREAM.EXE 00428404 FILE_CopyIfMissing via match_functions (strings 1.00, callees 7/7). Facts (tools/check_names.py): str:%s\%s; caller:000642f4.\n\n[DOCS_SYNC]\n[docs/asset-access.md > The boundary: game file access and disc images] `CD_PrepareLevel` (`0x00427d64`) checks the disc requested by a level and may copy a selective set of files listed in `ListL<n>.txt` and `ListL0.txt` to the install cache through `CD_CopyFileList` (`0x00428356`) and `FILE_CopyIfMissing` (`0x00428404`).
FUNC	644c0	CD_PromptSwap	undefined CD_PromptSwap(void)	[NAME] Descriptive name. Shows "Please change to CD no %d" and polls until DATA\1CD.ID or DATA\2CD.ID opens. Sources: WINDREAM.EXE 00428626 CD_PromptSwap via match_functions (slot 0.51, callees 4/4). Facts (tools/check_names.py): str:Please change to CD no %; str:DATA\1CD.ID; str:DATA\2CD.ID; call:0003c2c8.\n\n[DOCS_SYNC]\n[docs/binary-edition-comparison.md > Which function differences look real?] - `CD_PromptSwap`: after finding the replacement disc, Europe sends MGM message `0x23` (`CD_ResumeAudio`). Later builds call `CD_SetTimeFormat` directly; that routine stops playback, selects the MCI TMSF format and refreshes the CD track count. This may address stale audio state after a swap, but author intent is unknown. **[verified for calls; inferred for purpose]**\n\n[docs/boot-sequence.md > Level entry, end to end] 2. `CD_PrepareLevel` (`0x427d64`) CD check (`DATA\1CD.ID` / `DATA\2CD.ID` / `DATA\FULL.ID` sentinel files; *Please change to CD no %d* from `CD_PromptSwap` (`0x428626`)), then, with hard-disk caching, the loading screen (*Please wait while loading ...*, `0x4c4c1c`).
FUNC	65180	CTRL_Dispatcher	undefined CTRL_Dispatcher(void)	Raises "unknown message type in CTRL_Dispatcher" (reference at 0x65364).
FUNC	65ac0	GAME_SaveIndex	undefined GAME_SaveIndex(void)	[NAME] Descriptive name. Sorts the slot table and writes data\game\game.dat: 10 x 22-byte names, then the status, recency and file-number arrays (10 ints each). Sources: WINDREAM.EXE 0040f202 GAME_SaveIndex via match_functions (slot 0.39, callees 2/2). Facts (tools/check_names.py): str:data\game\game.dat; str:ta\game\game.dat; str:ata\game\game.dat.\n\n[DOCS_SYNC]\n[docs/game-content.md > Save format **[verified]** (2026-09-26)] Traced from `GAME_SaveIndex` (`0x40f202`) / `GAME_LoadIndex` (`0x40f3aa`) and `GAME_SaveGame` (`0x40f542`) / `GAME_LoadGame` (`0x40f94a`), all under the install root:
FUNC	65e20	GAME_SaveGame	undefined GAME_SaveGame(void)	[NAME] Descriptive name. Writes data\game\game<n>.dat for a named slot: 0x2880-byte world block, level index and name, player health and magic, inventory, hotkey icons. Sources: WINDREAM.EXE 0040f542 GAME_SaveGame via match_functions (caller 0.62, callees 5/5). Facts (tools/check_names.py): str:data\game\game%d.dat.\n\n[DOCS_SYNC]\n[docs/game-content.md > Save format **[verified]** (2026-09-26)] Traced from `GAME_SaveIndex` (`0x40f202`) / `GAME_LoadIndex` (`0x40f3aa`) and `GAME_SaveGame` (`0x40f542`) / `GAME_LoadGame` (`0x40f94a`), all under the install root:
FUNC	66204	GAME_LoadGame	undefined GAME_LoadGame(void)	[NAME] Descriptive name. Reads a slot back, reloads its level record from DREAMS.DAT by name, reattaches the inventory to the player and starts the level load with a 15-frame fade. Sources: WINDREAM.EXE 0040f94a GAME_LoadGame via match_functions (caller 0.65, callees 7/7). Facts (tools/check_names.py): str:data\game\game%d.dat; call:00032578.\n\n[DOCS_SYNC]\n[docs/game-content.md > Save format **[verified]** (2026-09-26)] Traced from `GAME_SaveIndex` (`0x40f202`) / `GAME_LoadIndex` (`0x40f3aa`) and `GAME_SaveGame` (`0x40f542`) / `GAME_LoadGame` (`0x40f94a`), all under the install root:
FUNC	664f0	GAME_LoadSaveIcon	undefined GAME_LoadSaveIcon(void)	[NAME] Descriptive name. Looks the slot up in a 10-entry table and loads data\game\game%d.ico (0x2000 bytes) into 0x5d8b98; zeroes it on failure. Sources: WINDREAM.EXE 0040fc1f GAME_LoadSaveIcon via match_functions (caller 0.63, callees 5/5). Facts (tools/check_names.py): str:data\game\game%d.ico.
FUNC	66638	GAME_SaveThumbnail	undefined GAME_SaveThumbnail(void)	[NAME] Descriptive name. Renders a 64x64 frame of the scene and writes it as data\game\game<n>.ico, then restores the viewport. Sources: WINDREAM.EXE 0040fd54 GAME_SaveThumbnail via match_functions (caller 0.68, callees 8/8). Facts (tools/check_names.py): str:data\game\game%d.ico.\n\n[DOCS_SYNC]\n[docs/game-content.md > Save format **[verified]** (2026-09-26)] data\game\game<n>.ico 64x64 RGB 2-byte thumbnail, 0x2000 bytes (GAME_SaveThumbnail (0x40fd54)) ```
FUNC	668d0	printf_	int printf_(char * __format, ...)	Watcom 10.6 runtime: printf_ (module printf, 34 bytes, full match; dreamsfx.csv).
FUNC	66ac8	GLIDE_UploadTexture	undefined GLIDE_UploadTexture(void)	[NAME] Descriptive name. Refreshes one TMU texture descriptor, subsampling the 256-wide source for positive LOD. Sources: docs/glide-renderer.md; independent stripped-code review re/reviews/renderer-gaps-20260926.md. Facts (tools/check_names.py): size:277; call:00085354; call:000b8b26; call:000852d2; ref:002adad0; ref:002adae0.\n\ngrTexDownloadMipMapLevel (called by Glide_BindTexture).\n\n[DOCS_SYNC]\n[docs/engine.md > Presentation and 2D — Glide mapped onto DirectDraw/GDI **[verified]**] | texture upload | `GLIDE_BindTexture` `0x672a8`, `GLIDE_UploadTexture` `0x66ac8`, `GLIDE_AllocTexture` `0x66d58`, `GLIDE_UploadAllTextures` `0x66f24` | none: the rasterizer reads textures from RAM |\n\n[docs/glide-call-inventory.md > Texture allocation, upload and sampling calls] These sit behind `GLIDE_AllocTexture`, `GLIDE_UploadTexture`, `GLIDE_UploadAllTextures`, `GLIDE_BindTexture` and face submission.\n\n[docs/glide-call-inventory.md > Texture allocation, upload and sampling calls] | `grTexDownloadMipMapLevel` `0xb8b26` | `GLIDE_UploadTexture` `0x66b92`, `0x66bcf`; `GLIDE_AllocTexture` `0x66ec2`, `0x66eff`; `GLIDE_UploadAllTextures` `0x67015`, `0x67050` | Upload/refresh a material texture level; `sg_make_image`/`sg_update_image`, retaining retail 128×128 subsampling where selected. |\n\n[docs/glide-renderer.md > Textures and palette cache] `GLIDE_UploadTexture` (`0x66ac8`) refreshes a slot; `GLIDE_UploadAllTextures` (`0x66f24`) visits populated slots after level loading.\n\n[PORT_MAP] replaced | partial\nopendreams/shared/render/model_preview.cpp :: od::ModelPreview::update_material_pixels\nRemaining: Viewer DSN 256 LOD policy remains distinct from the recomp 128 material LOD; complete animated source/caller corpus remains\nOwner reviewed: no
FUNC	66be0	GLIDE_SetTextureAnimated	undefined GLIDE_SetTextureAnimated(void)	[NAME] Descriptive name. Sets texture-descriptor +0x1c for each cache entry with the name; GLIDE_BindTexture re-uploads such textures once per frame. Sources: @R research-animtex.md (proposed GLIDE_MarkAnimated); blind review (high); adjudicated PARTIAL. Facts (tools/check_names.py): ref:002adaec; call:strcmp_; caller:0003f290; caller:0003f508; caller:0003f5bc; size:104.\n\n[PORT_MAP] replaced | partial\nopendreams/shared/render/model_preview.cpp :: od::ModelPreview::update_material_pixels\nRemaining: Viewer DSN 256 LOD policy remains distinct from the recomp 128 material LOD; complete animated source/caller corpus remains\nOwner reviewed: no
FUNC	66c54	GLIDE_ResetTextureState	undefined GLIDE_ResetTextureState(void)	[NAME] Descriptive name. Descriptive role independently reviewed. helper clears texture allocation, palette-page, and upload state. Sources: docs/glide-renderer.md; independent stripped-code review re/reviews/renderer-gaps-20260926.md. Facts (tools/check_names.py): size:89; caller:00070d04.\n\n[DOCS_SYNC]\n[docs/glide-renderer.md > Textures and palette cache] `GLIDE_ResetTextureState` (`0x66c54`) clears the cache and allocation state; `GLIDE_Swap` (`0x674c0`) clears only per-slot update flags.
FUNC	66cb0	GLIDE_ConvertPalette	undefined GLIDE_ConvertPalette(void)	[NAME] Descriptive name. Descriptive role independently reviewed. helper converts the selected 256-entry palette row for Glide. Sources: docs/glide-renderer.md; independent stripped-code review re/reviews/renderer-gaps-20260926.md. Facts (tools/check_names.py): size:125; caller:000672a8; const:100.\n\n[DOCS_SYNC]\n[docs/glide-renderer.md > Textures and palette cache] `GLIDE_ConvertPalette` (`0x66cb0`) reads 256 entries at `page - 0x8000 + row*0x400`, taking the high RGB565 word of each four-byte slot.\n\n[PORT_MAP] replaced | partial\nopendreams/shared/render/model_preview.cpp :: od::ModelPreview::texture\nRemaining: Full mutable palette/caller corpus and native-platform visual validation remain\nOwner reviewed: no
FUNC	66d58	GLIDE_AllocTexture	undefined GLIDE_AllocTexture(void)	[NAME] Descriptive name. Allocates TMU memory and uploads a material texture; model descriptors select 128x128 P8 from every second source texel. Sources: docs/glide-renderer.md; independent stripped-code review re/reviews/renderer-gaps-20260926.md. Facts (tools/check_names.py): size:457; call:000b8b67; call:000b8b44; call:00086379; ref:002adad0; ref:002adad4.\n\ngrTexTextureMemRequired, grTexMaxAddress, grTexDownloadMipMapLevel.\n\n[DOCS_SYNC]\n[docs/engine.md > Presentation and 2D — Glide mapped onto DirectDraw/GDI **[verified]**] | texture upload | `GLIDE_BindTexture` `0x672a8`, `GLIDE_UploadTexture` `0x66ac8`, `GLIDE_AllocTexture` `0x66d58`, `GLIDE_UploadAllTextures` `0x66f24` | none: the rasterizer reads textures from RAM |\n\n[docs/glide-call-inventory.md > Texture allocation, upload and sampling calls] These sit behind `GLIDE_AllocTexture`, `GLIDE_UploadTexture`, `GLIDE_UploadAllTextures`, `GLIDE_BindTexture` and face submission.\n\n[docs/glide-call-inventory.md > Texture allocation, upload and sampling calls] | `grTexTextureMemRequired` `0xb8b67` | `GLIDE_AllocTexture` `0x66da5` | Measure TMU allocation; size/check an `sg_image` instead of TMU addresses. |\n\n[docs/glide-call-inventory.md > Texture allocation, upload and sampling calls] | `grTexMaxAddress` `0xb8b44` | `GLIDE_AllocTexture` `0x66dba`, `0x66dd3` | Bound TMU memory addresses; use GPU resource limits/allocations. |\n\n[docs/glide-call-inventory.md > Texture allocation, upload and sampling calls] | `grTexDownloadMipMapLevel` `0xb8b26` | `GLIDE_UploadTexture` `0x66b92`, `0x66bcf`; `GLIDE_AllocTexture` `0x66ec2`, `0x66eff`; `GLIDE_UploadAllTextures` `0x67015`, `0x67050` | Upload/refresh a material texture level; `sg_make_image`/`sg_update_image`, retaining retail 128×128 subsampling where selected. |\n\n[docs/glide-renderer.md > Textures and palette cache] `GLIDE_AllocTexture` (`0x66d58`) allocates TMU memory and samples every second texel from the source 256×256 page for that upload.\n\n[PORT_MAP] adapted | partial\nopendreams/shared/port/glide_model.cpp :: od::port::model_texture_lod\nRemaining: Port general Glide descriptor formats, TMU address allocation, upload flags and dynamic texture refresh.\nOwner reviewed: no
FUNC	66f24	GLIDE_UploadAllTextures	undefined GLIDE_UploadAllTextures(void)	[NAME] Descriptive name. Uploads populated descriptor slots after scene loading and marks their update flags. Sources: docs/glide-renderer.md; independent stripped-code review re/reviews/renderer-gaps-20260926.md. Facts (tools/check_names.py): size:327; call:00085354; call:000b8b26; call:000852d2; ref:002adb14; ref:002adaf0.\n\ngrTexDownloadMipMapLevel; only caller is the scene spawner.\n\n[DOCS_SYNC]\n[docs/engine.md > Presentation and 2D — Glide mapped onto DirectDraw/GDI **[verified]**] | texture upload | `GLIDE_BindTexture` `0x672a8`, `GLIDE_UploadTexture` `0x66ac8`, `GLIDE_AllocTexture` `0x66d58`, `GLIDE_UploadAllTextures` `0x66f24` | none: the rasterizer reads textures from RAM |\n\n[docs/glide-call-inventory.md > Texture allocation, upload and sampling calls] These sit behind `GLIDE_AllocTexture`, `GLIDE_UploadTexture`, `GLIDE_UploadAllTextures`, `GLIDE_BindTexture` and face submission.\n\n[docs/glide-call-inventory.md > Texture allocation, upload and sampling calls] | `grTexDownloadMipMapLevel` `0xb8b26` | `GLIDE_UploadTexture` `0x66b92`, `0x66bcf`; `GLIDE_AllocTexture` `0x66ec2`, `0x66eff`; `GLIDE_UploadAllTextures` `0x67015`, `0x67050` | Upload/refresh a material texture level; `sg_make_image`/`sg_update_image`, retaining retail 128×128 subsampling where selected. |\n\n[docs/glide-renderer.md > Textures and palette cache] `GLIDE_UploadTexture` (`0x66ac8`) refreshes a slot; `GLIDE_UploadAllTextures` (`0x66f24`) visits populated slots after level loading.
FUNC	670f0	GLIDE_Open	undefined GLIDE_Open(void)	[NAME] Descriptive name. Initializes SST0 at 640x480/60 Hz, two color buffers and one aux, bilinear min/mag and gamma 0.8. Sources: docs/glide-renderer.md; independent stripped-code review re/reviews/renderer-gaps-20260926.md. Facts (tools/check_names.py): size:224; call:000b8a5e; call:000b8ad1; call:000739fa; ref:002b02ec; ref:00103cf0.\n\n[DOCS_SYNC]\n[docs/engine.md > 3dfx path — Glide 2 in `DREAMSFX.EXE` **[verified]**] - **`GLIDE_Open`** (`0x670f0`): `grGlideInit`, `grSstQueryHardware`, `grSstSelect(0)`, `grSstWinOpen(0, GR_RESOLUTION_640x480, GR_REFRESH_60Hz, GR_COLORFORMAT_ARGB, GR_ORIGIN_UPPER_LEFT, 2, 1)` (double buffer plus one aux buffer for depth), then `grTexFilterMode(GR_TMU0, BILINEAR, BILINEAR)` and `grGammaCorrectionValue(0.8)`. The 640x480 lock is this call.\n\n[docs/engine.md > Presentation and 2D — Glide mapped onto DirectDraw/GDI **[verified]**] | init | `GLIDE_Open` `0x670f0`: 640x480, 60 Hz, 2 colour + 1 aux buffer, bilinear, gamma 0.8 | `VID_Init` `0x446019`: 640x480, mode flag `0x633b18`; `DDRAW_SetMode` `0x4455ad` or `GDI_CreateDIB` `0x445c84` |\n\n[docs/glide-call-inventory.md > Device and shared state calls] | `grGlideInit` `0xb8a5e` | `GLIDE_Open` `0x670f7` | Initialize Glide; SDL3 window and sokol backend setup. |\n\n[docs/glide-call-inventory.md > Device and shared state calls] | `grSstQueryHardware` `0xb8ad1` | `GLIDE_Open` `0x67101` | Detect Voodoo hardware; replaced by backend/device capability discovery. |\n\n[docs/glide-call-inventory.md > Device and shared state calls] | `grSstSelect` `0xb8ae5` | `GLIDE_Open` `0x6712d` | Select SST0; replaced by selected graphics backend. |\n\n[docs/glide-call-inventory.md > Device and shared state calls] | `grSstWinOpen` `0xb8b03` | `GLIDE_Open` `0x67160` | Open 640×480/60 Hz, two color buffers and one depth auxiliary buffer; shell window, swapchain and depth attachment. |\n\n[docs/glide-call-inventory.md > Device and shared state calls] | `grTexFilterMode` `0xb8b3a` | `GLIDE_Open` `0x67190` | Bilinear min/mag on TMU0; sokol sampler filtering. Not a movie decoder call. |\n\n[docs/glide-call-inventory.md > Device and shared state calls] | `grGammaCorrectionValue` `0xb8a4f` | `GLIDE_Open` `0x6719a` | Gamma 0.8; renderer output transform/parity work, not movie parsing. |
FUNC	671d0	GLIDE_SetFog	undefined GLIDE_SetFog(void)	[NAME] Descriptive name. Sets table fog/color and builds the exponential table. Density is a stack argument omitted by the current decompiler prototype. Sources: docs/glide-renderer.md; independent stripped-code review re/reviews/renderer-gaps-20260926.md. Facts (tools/check_names.py): size:51; call:000b8a45; call:000b8a40; call:000b8ba8; ref:002ada90.\n\ngrFogMode, grFogColorValue, guFogGenerateExp, grFogTable.\n\n[DOCS_SYNC]\n[docs/engine.md > Presentation and 2D — Glide mapped onto DirectDraw/GDI **[verified]**] | fog, depth, clip | `GLIDE_SetFog` `0x671d0`, `GLIDE_SetDepthWrite` `0x67500`, `GLIDE_SetClipWindow` `0x67204` | no counterpart at these call sites |\n\n[docs/glide-call-inventory.md > Scene color, transparency, depth and fog calls] | `grFogMode` `0xb8a45` | `GLIDE_SetFog` `0x671da` | Table fog enable; shader fog mode. |\n\n[docs/glide-call-inventory.md > Scene color, transparency, depth and fog calls] | `grFogColorValue` `0xb8a40` | `GLIDE_SetFog` `0x671e0` | Packed fog color; shader uniform. |\n\n[docs/glide-call-inventory.md > Scene color, transparency, depth and fog calls] | `guFogGenerateExp` `0xb8ba8` | `GLIDE_SetFog` `0x671ed` | Build exponential fog table; CPU LUT or equivalent shader function. |\n\n[docs/glide-call-inventory.md > Scene color, transparency, depth and fog calls] | `grFogTable` `0xb8a4a` | `GLIDE_SetFog` `0x671f7` | Load 64-entry fog table; shader LUT/uniform data. |\n\n[docs/glide-renderer.md > Device state and fog] - `GLIDE_SetFog` (`0x671d0`): table fog, packed color, a 64-entry exponential table at `0x2ada90`. The density is a stack argument omitted from the C decompiler's displayed prototype; the following rules come from instructions.\n\n[PORT_MAP] replaced | partial\nopendreams/shared/port/fog.cpp :: od::port::GLIDE_SetFog\nRemaining: Zero-density NaN table policy lacks hardware confirmation; broader natural-level and hardware visual corpus remain\nOwner reviewed: no
FUNC	67204	GLIDE_SetClipWindow	undefined GLIDE_SetClipWindow(void)	[NAME] Descriptive name. Passes four bounds to grClipWindow. Sources: docs/glide-renderer.md; independent stripped-code review re/reviews/renderer-gaps-20260926.md. Facts (tools/check_names.py): size:14; call:000b89dc.\n\ngrClipWindow.\n\n[DOCS_SYNC]\n[docs/engine.md > Presentation and 2D — Glide mapped onto DirectDraw/GDI **[verified]**] | fog, depth, clip | `GLIDE_SetFog` `0x671d0`, `GLIDE_SetDepthWrite` `0x67500`, `GLIDE_SetClipWindow` `0x67204` | no counterpart at these call sites |\n\n[docs/glide-call-inventory.md > Calls reachable from HNM5/HNM6 movie frames] | `grClipWindow` `0xb89dc` | `GLIDE_SetClipWindow` `0x6720b` | Movie helpers pass `(0, 0, 640, 480)`. | Clip the video quad/canvas to its ImGui area or render-pass scissor. |\n\n[PORT_MAP] adapted | partial\nopendreams/shared/render/glide_compat.cpp :: od::GlideCompat::grClipWindow\nRemaining: General scene clipping and hardware state outside movie presentation remain.\nOwner reviewed: no
FUNC	672a8	GLIDE_BindTexture	undefined GLIDE_BindTexture(void)	[NAME] Descriptive name. Binds resident texture; updates animated upload flags; caches P8 palette by page pointer only, with entry zero as chroma-key color. Sources: docs/glide-renderer.md; independent stripped-code review re/reviews/renderer-gaps-20260926.md. Facts (tools/check_names.py): size:243; call:00066ac8; call:000b8b62; call:00066cb0; ref:002adae8; ref:002adad0.\n\ngrTexSource, grChromakeyValue, grTexDownloadTable; uploads through Glide_TexUpload.\n\n[DOCS_SYNC]\n[docs/engine.md > Presentation and 2D — Glide mapped onto DirectDraw/GDI **[verified]**] | texture upload | `GLIDE_BindTexture` `0x672a8`, `GLIDE_UploadTexture` `0x66ac8`, `GLIDE_AllocTexture` `0x66d58`, `GLIDE_UploadAllTextures` `0x66f24` | none: the rasterizer reads textures from RAM |\n\n[docs/glide-call-inventory.md > Calls reachable from HNM5/HNM6 movie frames] Neither frame walker reaches `grTexSource`, a texture download API, or `GLIDE_BindTexture`.\n\n[docs/glide-call-inventory.md > Texture allocation, upload and sampling calls] These sit behind `GLIDE_AllocTexture`, `GLIDE_UploadTexture`, `GLIDE_UploadAllTextures`, `GLIDE_BindTexture` and face submission.\n\n[docs/glide-call-inventory.md > Texture allocation, upload and sampling calls] | `grTexDownloadTable` `0xb8b30` | `GLIDE_BindTexture` `0x67383` | Upload P8 palette row; portable palette expansion/shader palette resource, retaining cache semantics. |\n\n[docs/glide-call-inventory.md > Texture allocation, upload and sampling calls] | `grTexSource` `0xb8b62` | `GLIDE_BindTexture` `0x67340` | Bind a resident TMU texture; sokol texture view/binding. |\n\n[docs/glide-call-inventory.md > Scene color, transparency, depth and fog calls] | `grChromakeyValue` `0xb89d7` | `GLIDE_BindTexture` `0x67373` | Palette entry zero as key color; material palette/alpha handling. |\n\n[docs/glide-call-inventory.md > Triangle submission calls] Replacing those five at the presentation boundary does not imply that the other 30 have been ported, or that `GLIDE_BindTexture` belongs inside movie decoding.\n\n[docs/glide-renderer.md > Textures and palette cache] `GLIDE_BindTexture` (`0x672a8`) binds the descriptor and, for P8, downloads a palette when the **page pointer** changes.\n\n[PORT_MAP] replaced | partial\nopendreams/shared/render/model_preview.cpp :: od::ModelPreview::texture\nRemaining: Exact TMU filter quantization and broad material mutation/alias corpus remain; page-keyed row retention and rebind tests pass\nOwner reviewed: no
FUNC	67474	GLIDE_Close	undefined GLIDE_Close(void)	[NAME] Descriptive name. Calls grGlideShutdown. Sources: docs/glide-renderer.md; independent stripped-code review re/reviews/renderer-gaps-20260926.md. Facts (tools/check_names.py): size:14; call:000b8a6d.\n\n[DOCS_SYNC]\n[docs/engine.md > 3dfx path — Glide 2 in `DREAMSFX.EXE` **[verified]**] - `GLIDE_Clear`, `GLIDE_ClearToBackground` (`grBufferClear`), `GLIDE_Swap` (`grBufferSwap`) and `GLIDE_Close` (`grGlideShutdown`).\n\n[docs/engine.md > Presentation and 2D — Glide mapped onto DirectDraw/GDI **[verified]**] | shutdown | `GLIDE_Close` `0x67474` | `VID_ReleaseSurfaces` `0x4453ec` |\n\n[docs/glide-call-inventory.md > Device and shared state calls] | `grGlideShutdown` `0xb8a6d` | `GLIDE_Open` failure paths `0x6711c`, `0x6717b`; `GLIDE_Close` `0x67479` | Release Glide; shell/backend shutdown and failed-init cleanup. |
FUNC	67490	GLIDE_ClearToBackground	undefined GLIDE_ClearToBackground(void)	[NAME] Descriptive name. Clears color, alpha and depth; color global 0x102dc8 is zero with no static writer. Sources: docs/glide-renderer.md; independent stripped-code review re/reviews/renderer-gaps-20260926.md. Facts (tools/check_names.py): size:25; call:000b89be; ref:00102dc8.\n\n[DOCS_SYNC]\n[docs/engine.md > 3dfx path — Glide 2 in `DREAMSFX.EXE` **[verified]**] - `GLIDE_Clear`, `GLIDE_ClearToBackground` (`grBufferClear`), `GLIDE_Swap` (`grBufferSwap`) and `GLIDE_Close` (`grGlideShutdown`).\n\n[docs/engine.md > Presentation and 2D — Glide mapped onto DirectDraw/GDI **[verified]**] | background | `GLIDE_ClearToBackground` `0x67490` (`grBufferClear`) | `VID_RestoreBackground` `0x417fe7`: copy the saved background (w×h×2) into the framebuffer |\n\n[docs/glide-call-inventory.md > Calls reachable from HNM5/HNM6 movie frames] | `grBufferClear` `0xb89be` | `GLIDE_Clear` `0x674b6`; `GLIDE_ClearToBackground` `0x674a0`; `GLIDE_SetDepthWrite` `0x6754c` | Movie helper uses `GLIDE_Clear(0)`: black color, alpha zero, depth zero. Other callers clear background/depth. | Clear a black preview canvas; use normal sokol pass clears for scene depth. |\n\n[docs/glide-renderer.md > Device state and fog] - `GLIDE_SetDepthWrite` (`0x67500`): Z buffer, `GREATER`; argument 1 enables writes and other values disable writes. Both branches retain depth testing and clear. `GLIDE_ClearToBackground` (`0x67490`) clears color/alpha/depth to zero: its color global `0x102dc8` is initialized zero with no static writer.
FUNC	674ac	GLIDE_Clear	undefined GLIDE_Clear(void)	[NAME] Descriptive name. Passes the movie's black clear color to grBufferClear with alpha and depth zero. Sources: docs/glide-call-inventory.md; comment-stripped Decompile.java review 2026-09-27. Facts (tools/check_names.py): size:15; call:000b89be; caller:0004b678.\n\n[DOCS_SYNC]\n[docs/engine.md > 3dfx path — Glide 2 in `DREAMSFX.EXE` **[verified]**] - `GLIDE_Clear`, `GLIDE_ClearToBackground` (`grBufferClear`), `GLIDE_Swap` (`grBufferSwap`) and `GLIDE_Close` (`grGlideShutdown`).\n\n[docs/glide-call-inventory.md > Calls reachable from HNM5/HNM6 movie frames] | `grBufferClear` `0xb89be` | `GLIDE_Clear` `0x674b6`; `GLIDE_ClearToBackground` `0x674a0`; `GLIDE_SetDepthWrite` `0x6754c` | Movie helper uses `GLIDE_Clear(0)`: black color, alpha zero, depth zero. Other callers clear background/depth. | Clear a black preview canvas; use normal sokol pass clears for scene depth. |\n\n[PORT_MAP] adapted | partial\nopendreams/shared/render/glide_compat.cpp :: od::GlideCompat::grBufferClear\nRemaining: Glide alpha and depth clear behavior for scene rendering remains.\nOwner reviewed: no
FUNC	674c0	GLIDE_Swap	undefined GLIDE_Swap(void)	[NAME] Descriptive name. Swaps the buffer and clears 256 texture upload flags. Full body includes the previously unowned reset tail. Sources: docs/glide-renderer.md; independent stripped-code review re/reviews/renderer-gaps-20260926.md. Facts (tools/check_names.py): size:61; call:000b89c8; ref:002adaf0; ref:002adb14.\n\n[DOCS_SYNC]\n[docs/engine.md > 3dfx path — Glide 2 in `DREAMSFX.EXE` **[verified]**] - `GLIDE_Clear`, `GLIDE_ClearToBackground` (`grBufferClear`), `GLIDE_Swap` (`grBufferSwap`) and `GLIDE_Close` (`grGlideShutdown`).\n\n[docs/engine.md > Renderer backends — a link-time choice with one hook **[verified]**] | after the scene | direct `GLIDE_Swap` etc. | `(*0x4aa708)()`: `SW_FlushSpans` `0x4768cc` or `SW_FlushSpansScaled` `0x476dec`, chosen by `SW_SelectFlush` `0x4592e0` from a caller argument |\n\n[docs/engine.md > Presentation and 2D — Glide mapped onto DirectDraw/GDI **[verified]**] | present | `GLIDE_Swap` `0x674c0` (`grBufferSwap`) | `VID_Swap` `0x4158e2`: toggle buffer index, `VID_Present` `0x44549b` → `DDRAW_Present` `0x445a57` (Lock back surface, copy the software frame by pitch, Unlock, `Flip`; `Restore` on `DDERR_SURFACELOST`) or `GDI_Present` `0x4458bb` (`StretchBlt`, `SRCCOPY`) |\n\n[docs/glide-call-inventory.md > Calls reachable from HNM5/HNM6 movie frames] | `grBufferSwap` `0xb89c8` | `GLIDE_Swap` `0x674c7` | Movie path calls `GLIDE_Swap(0)` when the frame can present; wrapper also resets 256 texture update flags. Captions/outer callbacks can defer the swap. | Shell's `sg_commit`/platform present; explicit frame-ready event. Scene texture update flags stay in renderer state. |\n\n[docs/glide-renderer.md > Textures and palette cache] `GLIDE_ResetTextureState` (`0x66c54`) clears the cache and allocation state; `GLIDE_Swap` (`0x674c0`) clears only per-slot update flags.\n\n[PORT_MAP] adapted | partial\nopendreams/shared/render/glide_compat.cpp :: od::GlideCompat::grBufferSwap\nRemaining: Retail texture upload-flag reset and non-movie swap modes remain.\nOwner reviewed: no
FUNC	67500	GLIDE_SetDepthWrite	undefined GLIDE_SetDepthWrite(void)	[NAME] Descriptive name. Sets ZBUFFER/GREATER, enables writes only for argument 1, then clears; the other branch still depth-tests. Sources: docs/glide-renderer.md; independent stripped-code review re/reviews/renderer-gaps-20260926.md. Facts (tools/check_names.py): size:86; call:000b8a04; call:000b89ff; call:000b8a09; ref:00102dc8.\n\ngrDepthBufferMode/Function/Mask, then grBufferClear.\n\n[DOCS_SYNC]\n[docs/engine.md > Presentation and 2D — Glide mapped onto DirectDraw/GDI **[verified]**] | fog, depth, clip | `GLIDE_SetFog` `0x671d0`, `GLIDE_SetDepthWrite` `0x67500`, `GLIDE_SetClipWindow` `0x67204` | no counterpart at these call sites |\n\n[docs/glide-call-inventory.md > Calls reachable from HNM5/HNM6 movie frames] | `grBufferClear` `0xb89be` | `GLIDE_Clear` `0x674b6`; `GLIDE_ClearToBackground` `0x674a0`; `GLIDE_SetDepthWrite` `0x6754c` | Movie helper uses `GLIDE_Clear(0)`: black color, alpha zero, depth zero. Other callers clear background/depth. | Clear a black preview canvas; use normal sokol pass clears for scene depth. |\n\n[docs/glide-call-inventory.md > Scene color, transparency, depth and fog calls] | `grDepthBufferMode` `0xb8a04` | `GLIDE_SetDepthWrite` `0x6750c`, `0x6752e` | Z-buffer mode; depth attachment/pipeline. |\n\n[docs/glide-call-inventory.md > Scene color, transparency, depth and fog calls] | `grDepthBufferFunction` `0xb89ff` | `GLIDE_SetDepthWrite` `0x67513`, `0x67535` | `GREATER` test; depth compare state. |\n\n[docs/glide-call-inventory.md > Scene color, transparency, depth and fog calls] | `grDepthMask` `0xb8a09` | `GLIDE_SetDepthWrite` `0x6751a`, `0x6753c` | Depth write enable/disable; pipeline depth state. |\n\n[docs/glide-renderer.md > Device state and fog] - `GLIDE_SetDepthWrite` (`0x67500`): Z buffer, `GREATER`; argument 1 enables writes and other values disable writes. Both branches retain depth testing and clear. `GLIDE_ClearToBackground` (`0x67490`) clears color/alpha/depth to zero: its color global `0x102dc8` is initialized zero with no static writer.
FUNC	67568	GLIDE_DrawObjectFaces	undefined GLIDE_DrawObjectFaces(void)	[NAME] Descriptive name. Submits three-vertex faces by signed block type; queues -7/-4/-3; keyed -6/-5; clamped 2/3 and 22..24; wrapped 9. No quad splitting. Sources: docs/glide-renderer.md; independent stripped-code review re/reviews/renderer-gaps-20260926.md. Facts (tools/check_names.py): size:2699; call:000b89e1; call:000b89f0; call:000b8b8f; ref:000f3145; ref:000f3149.\n\n[DOCS_SYNC]\n[docs/engine.md > 3dfx path — Glide 2 in `DREAMSFX.EXE` **[verified]**] - **`GLIDE_DrawObjectFaces`** (`0x67568`) is the object hook (see *Renderer backends*). It walks the object's face list, fills three `GrVertex` per triangle and calls `grDrawTriangle`, or `guDrawTriangleWithClip` when clipping is needed. Its modes: `guColorCombineFunction(GR_COLORCOMBINE_DECAL_TEXTURE)` with `grChromakeyMode(ENABLE)` for key-colour transparency; texture × iterated RGB (`grColorCombine(SCALE_OTHER, LOCAL, ITERATED, TEXTURE)`, i.e. Gouraud-lit textures); flat constant colour (`grColorCombine(LOCAL, ZERO, CONSTANT, CONSTANT)`); texture clamp toggled per face (`grTexClampMode`).\n\n[docs/engine.md > Renderer backends — a link-time choice with one hook **[verified]**] | hook during a frame | `GLIDE_DrawObjectFaces`, second hook `NULL` | `SW_DrawObjectFaces` `0x473014`, `SW_DrawObjectFacesPost` `0x4731b8` |\n\n[docs/engine.md > Renderer backends — a link-time choice with one hook **[verified]**] - **Glide:** the frame function points the hook at `GLIDE_DrawObjectFaces` and clears the second hook; the Voodoo rasterizes. Clear, swap, open and close are direct calls, not dispatched. `DREAMSFX.EXE` still carries the software hooks: the hook's initialised value is `SW_DrawObjectFaces` (`0x81258`), overwritten every frame.\n\n[docs/engine.md > Presentation and 2D — Glide mapped onto DirectDraw/GDI **[verified]**] | 3D faces | `GLIDE_DrawObjectFaces` `0x67568` | `SW_DrawObjectFaces` `0x473014` + `SW_FlushSpans` `0x4768cc` |\n\n[docs/glide-call-inventory.md > Texture allocation, upload and sampling calls] | `grTexClampMode` `0xb8b0d` | `GLIDE_DrawObjectFaces` `0x6774f`, `0x67770`, `0x6777b`, `0x67970`, `0x67b6f`, `0x67dbc`; `GLIDE_DrawTranslucentFaces` `0x6818d` | Per-block wrap/clamp; choose matching sokol sampler. |\n\n[docs/glide-call-inventory.md > Texture allocation, upload and sampling calls] | `grTexCombineFunction` `0xb8b17` | `GLIDE_DrawObjectFaces` `0x67744`, `0x67965`, `0x67b64`; `GLIDE_DrawTranslucentFaces` `0x68182` | Texture combine mode; material shader/pipeline variant. |\n\n[docs/glide-call-inventory.md > Scene color, transparency, depth and fog calls] | `grChromakeyMode` `0xb89d2` | `GLIDE_DrawObjectFaces` `0x67b76`, `0x67ba4`, `0x67d66` | Enable/disable keyed P8 blocks; shader discard/alpha mask. |\n\n[docs/glide-call-inventory.md > Scene color, transparency, depth and fog calls] | `grColorCombine` `0xb89e1` | `GLIDE_DrawObjectFaces` `0x675ff`, `0x67765`, `0x67db1` | Flat, texture and lit color combiners; shader variant. |\n\n[PORT_MAP] adapted | partial\nopendreams/shared/render/model_preview.cpp :: od::ModelPreview::draw\nRemaining: ModelPreview type-1 integration; 0x16-0x18 grayscale, per-object lighting, exact clipping/diagnostic numbering across near splits and deferred hardware-state closure. Direct type-1 controlled tests pass but full culling equivalence remains partial. Preserve culled-head shade history in lit block palette binding.\nOwner reviewed: no
FUNC	6801c	GLIDE_GetLfbPitch	undefined GLIDE_GetLfbPitch(void)	[NAME] Descriptive name. Reads GrLfbInfo+8 byte pitch; Ghidra's current return-zero decompilation is wrong. Sources: docs/specs/003-level-load-preview/spec.md; raw instruction and comment-stripped Decompile.java review 2026-09-27. Facts (tools/check_names.py): size:10; caller:0004b678.\n\n[PORT_MAP] adapted | complete\nopendreams/shared/render/glide_compat.cpp :: od::GlideCompat::lfb_pitch_bytes\nOwner reviewed: no
FUNC	68028	GLIDE_LockBackBuffer	undefined GLIDE_LockBackBuffer(void)	[NAME] Descriptive name. Locks the back-buffer LFB for RGB565 write-only access. Sources: docs/glide-renderer.md; independent stripped-code review re/reviews/renderer-gaps-20260926.md. Facts (tools/check_names.py): size:49; call:000b8a81; ref:002b02d0; ref:002b02d4.\n\ngrLfbLock(WRITE_ONLY, BACKBUFFER, 565, UPPER_LEFT).\n\n[DOCS_SYNC]\n[docs/engine.md > Presentation and 2D — Glide mapped onto DirectDraw/GDI **[verified]**] | framebuffer access | `GLIDE_LockBackBuffer` `0x68028` (`grLfbLock` write-only, back buffer, 565), `GLIDE_UnlockBackBuffer` `0x6805c`, around the call | `VID_Lock` `0x445bf2` (`IDirectDrawSurface::Lock`, `DDLOCK_WAIT \| DDLOCK_WRITEONLY`), `VID_Unlock` `0x445c3f`, inside the drawing routine; both no-ops in GDI mode |\n\n[docs/glide-call-inventory.md > Calls reachable from HNM5/HNM6 movie frames] | `grLfbLock` `0xb8a81` | `GLIDE_LockBackBuffer` `0x68047` | `WRITE_ONLY`, `BACKBUFFER`, RGB565, upper-left origin, pixel pipeline off, `GrLfbInfo*`. On success, wrapper loads the returned pixel pointer from `GrLfbInfo+4`. | Keep decoded pixels in owned CPU memory; upload a dynamic `sg_image`. |\n\n[docs/glide-call-inventory.md > Calls reachable from HNM5/HNM6 movie frames] `GLIDE_LockBackBuffer` writes `GrLfbInfo.size = 0x14`, calls `grLfbLock`, returns the pointer in EAX, and `0x6801c` reads the **pitch in bytes** from `GrLfbInfo+8` (`0x2b02d8`).\n\n[docs/glide-renderer.md > Device state and fog] - `GLIDE_LockBackBuffer` / `GLIDE_UnlockBackBuffer` (`0x68028` / `0x6805c`): write-only back-buffer LFB access, RGB565, upper-left origin.\n\n[PORT_MAP] adapted | partial\nopendreams/shared/render/glide_compat.cpp :: od::GlideCompat::grLfbLock\nRemaining: Hardware LFB lock flags and general GPU/CPU composition outside movie use remain.\nOwner reviewed: no
FUNC	6805c	GLIDE_UnlockBackBuffer	undefined GLIDE_UnlockBackBuffer(void)	[NAME] Descriptive name. Unlocks the back-buffer LFB. Sources: docs/glide-renderer.md; independent stripped-code review re/reviews/renderer-gaps-20260926.md. Facts (tools/check_names.py): size:18; call:000b8a90.\n\ngrLfbUnlock(WRITE_ONLY, BACKBUFFER).\n\n[DOCS_SYNC]\n[docs/engine.md > Presentation and 2D — Glide mapped onto DirectDraw/GDI **[verified]**] | framebuffer access | `GLIDE_LockBackBuffer` `0x68028` (`grLfbLock` write-only, back buffer, 565), `GLIDE_UnlockBackBuffer` `0x6805c`, around the call | `VID_Lock` `0x445bf2` (`IDirectDrawSurface::Lock`, `DDLOCK_WAIT \| DDLOCK_WRITEONLY`), `VID_Unlock` `0x445c3f`, inside the drawing routine; both no-ops in GDI mode |\n\n[docs/glide-call-inventory.md > Calls reachable from HNM5/HNM6 movie frames] | `grLfbUnlock` `0xb8a90` | `GLIDE_UnlockBackBuffer` `0x68065` | Unlocks write-only back buffer. | End the CPU frame update; no hardware LFB lifetime in the portable path. |\n\n[docs/glide-renderer.md > Device state and fog] - `GLIDE_LockBackBuffer` / `GLIDE_UnlockBackBuffer` (`0x68028` / `0x6805c`): write-only back-buffer LFB access, RGB565, upper-left origin.\n\n[PORT_MAP] adapted | complete\nopendreams/shared/render/glide_compat.cpp :: od::GlideCompat::grLfbUnlock\nOwner reviewed: no
FUNC	68128	GLIDE_DrawTranslucentFaces	undefined GLIDE_DrawTranslucentFaces(void)	[NAME] Descriptive name. Draws queued -7/-4/-3 blocks in insertion order, alpha128 source-alpha blend, retaining depth writes; clears the queue. Sources: docs/glide-renderer.md; independent stripped-code review re/reviews/renderer-gaps-20260926.md. Facts (tools/check_names.py): size:615; call:000b8b85; call:000b8b17; call:000b8b0d; ref:002afed0; ref:000f314d.\n\nDeferred pass after the scene: face types -7/-4/-3, decal texture, alpha 128, SRC_ALPHA/ONE_MINUS_SRC_ALPHA.\n\n[DOCS_SYNC]\n[docs/engine.md > Presentation and 2D — Glide mapped onto DirectDraw/GDI **[verified]**] | translucent faces | `GLIDE_DrawTranslucentFaces` `0x68128`, deferred after the scene: face types −7/−4/−3, decal texture, alpha 128, `SRC_ALPHA`/`ONE_MINUS_SRC_ALPHA` | inside the software rasterizer (no separate pass) |\n\n[docs/glide-call-inventory.md > Texture allocation, upload and sampling calls] | `grTexClampMode` `0xb8b0d` | `GLIDE_DrawObjectFaces` `0x6774f`, `0x67770`, `0x6777b`, `0x67970`, `0x67b6f`, `0x67dbc`; `GLIDE_DrawTranslucentFaces` `0x6818d` | Per-block wrap/clamp; choose matching sokol sampler. |\n\n[docs/glide-call-inventory.md > Texture allocation, upload and sampling calls] | `grTexCombineFunction` `0xb8b17` | `GLIDE_DrawObjectFaces` `0x67744`, `0x67965`, `0x67b64`; `GLIDE_DrawTranslucentFaces` `0x68182` | Texture combine mode; material shader/pipeline variant. |\n\n[docs/glide-call-inventory.md > Scene color, transparency, depth and fog calls] | `guColorCombineFunction` `0xb8b85` | `GLIDE_DrawObjectFaces` `0x6773b`, `0x67756`, `0x6795c`, `0x67b5b`, `0x67da2`; `GLIDE_DrawTranslucentFaces` `0x68179` | Utility color combine selection; shader variant. |\n\n[docs/glide-call-inventory.md > Scene color, transparency, depth and fog calls] | `grAlphaBlendFunction` `0xb89a5` | `GLIDE_DrawTranslucentFaces` `0x681a1`, `0x68368` | Alpha blend state and restoration; sokol blend pipeline. |\n\n[docs/glide-call-inventory.md > Scene color, transparency, depth and fog calls] | `guAlphaSource` `0xb8b80` | `GLIDE_DrawTranslucentFaces` `0x68194` | Iterated alpha source; vertex/shader alpha. |\n\n[docs/glide-call-inventory.md > Triangle submission calls] | `grDrawTriangle` `0xb8a36` | `GLIDE_DrawObjectFaces` `0x6792f`, `0x67b2e`, `0x67d3f`, `0x67fb6`; `GLIDE_DrawTranslucentFaces` `0x6833f` | Draw un-clipped triangles; sokol vertex/index buffers and pipeline draw. |\n\n[docs/glide-call-inventory.md > Triangle submission calls] | `guDrawTriangleWithClip` `0xb8b8f` | `GLIDE_DrawObjectFaces` `0x67724`, `0x67945`, `0x67b44`, `0x67d55`, `0x67fcc`; `GLIDE_DrawTranslucentFaces` `0x68352` | Draw clipped triangles; modern GPU clip stage with equivalent coordinates. |
FUNC	68390	KBD_InstallHandler	undefined KBD_InstallHandler(void)	
FUNC	683fe	KBD_RestoreHandler	undefined KBD_RestoreHandler(void)	
FUNC	68750	PHYS_InsertMeshTriangles	undefined PHYS_InsertMeshTriangles(void)	[NAME] Descriptive name. Adds each triangle's min and max endpoints to the three per-axis sorted arrays and re-sorts them. Sources: WINDREAM.EXE 0045cf2c PHYS_InsertMeshTriangles via match_functions (caller 0.66, callees 2/2). Facts (tools/check_names.py): size:254.\n\n[DOCS_SYNC]\n[docs/engine.md > The level collision mesh] **Broadphase.** `PHYS_InsertMeshTriangles` (`0x45cf2c`) puts each triangle's min and max into three per-axis sorted endpoint arrays; `PHYS_SweepAxis` (`0x45d420`) is an incremental sweep-and-prune that moves each collider's `centre ± radius` interval through them and keeps two candidate lists per collider (walls `+0x30`, floors `+0x34`).
FUNC	68bf8	PHYS_SweepAxis	undefined PHYS_SweepAxis(void)	[NAME] Descriptive name. Incremental sweep-and-prune on one axis: moves the collider's interval (centre +-radius) through the sorted triangle bounds (+0x48 min, +0x54 max), adding and removing candidates. Sources: WINDREAM.EXE 0045d420 PHYS_SweepAxis via match_functions (callee 0.61, callees 2/2). Facts (tools/check_names.py): size:1402.\n\n[DOCS_SYNC]\n[docs/engine.md > The level collision mesh] **Broadphase.** `PHYS_InsertMeshTriangles` (`0x45cf2c`) puts each triangle's min and max into three per-axis sorted endpoint arrays; `PHYS_SweepAxis` (`0x45d420`) is an incremental sweep-and-prune that moves each collider's `centre ± radius` interval through them and keeps two candidate lists per collider (walls `+0x30`, floors `+0x34`).
FUNC	69174	PHYS_AllocCollider	undefined PHYS_AllocCollider(void)	[NAME] Descriptive name. Allocates and initialises a 0x38-byte collider, at most 255 per world. Sources: WINDREAM.EXE 0045dc48 PHYS_AllocCollider via match_functions (caller 0.77, callees 2/2). Facts (tools/check_names.py): size:68.
FUNC	6932c	PHYS_GetEdgeDistance	undefined PHYS_GetEdgeDistance(void)	[NAME] Descriptive name. Signed distance of a point from triangle edge plane i (normal +0x14 + 12i, constant +0x38 + 4i). Sources: WINDREAM.EXE 0045ddec PHYS_GetEdgeDistance via match_functions (callee 0.88, callees 0/0). Facts (tools/check_names.py): size:122.\n\n[DOCS_SYNC]\n[docs/engine.md > The level collision mesh] **Narrow phase.** `PHYS_CollideSphereTriangle` (`0x45e724`): signed plane distance `n·c >> 15 − d` (filtered by the collider's side flags: 1 front, 2 back), then the three edge distances (`PHYS_GetEdgeDistance` (`0x45ddec`)); inside all three is a face contact (closest point = projection, returns ±2), otherwise the closest point on an edge or vertex (`PHYS_FindClosestOnSegment` (`0x45e260`), returns ±1) within the radius.
FUNC	694c8	PHYS_ProjectOntoPlane	undefined PHYS_ProjectOntoPlane(void)	[NAME] Descriptive name. Closest point for a face contact: the point projected onto the triangle plane. Sources: WINDREAM.EXE 0045df78 PHYS_ProjectOntoPlane via match_functions (caller 0.72, callees 1/1). Facts (tools/check_names.py): size:289.
FUNC	69780	PHYS_FindClosestOnSegment	undefined PHYS_FindClosestOnSegment(void)	[NAME] Descriptive name. Closest point on an edge segment, clamped to its ends. Sources: WINDREAM.EXE 0045e260 PHYS_FindClosestOnSegment via match_functions (caller 0.57, callees 3/3). Facts (tools/check_names.py): size:416.\n\n[DOCS_SYNC]\n[docs/engine.md > The level collision mesh] **Narrow phase.** `PHYS_CollideSphereTriangle` (`0x45e724`): signed plane distance `n·c >> 15 − d` (filtered by the collider's side flags: 1 front, 2 back), then the three edge distances (`PHYS_GetEdgeDistance` (`0x45ddec`)); inside all three is a face contact (closest point = projection, returns ±2), otherwise the closest point on an edge or vertex (`PHYS_FindClosestOnSegment` (`0x45e260`), returns ±1) within the radius.
FUNC	69920	PHYS_TestTriangleVertical	undefined PHYS_TestTriangleVertical(void)	[NAME] Descriptive name. Floor test: side filter, point-in-triangle in XZ, rejects walls (normal Y 0); returns the plane point under the centre, 1 above or -1 below. Sources: WINDREAM.EXE 0045e458 PHYS_TestTriangleVertical via match_functions (caller 0.65, callees 1/1). Facts (tools/check_names.py): size:543.
FUNC	69b5c	PHYS_CollideSphereTriangle	undefined PHYS_CollideSphereTriangle(void)	[NAME] Descriptive name. Sphere vs triangle: plane band by side flags, edge planes classify face, edge or vertex; returns +-2 face, +-1 edge or vertex (sign = side). Sources: WINDREAM.EXE 0045e724 PHYS_CollideSphereTriangle via match_functions (caller 0.67, callees 5/5). Facts (tools/check_names.py): size:450.\n\n[DOCS_SYNC]\n[docs/engine.md > The level collision mesh] **Narrow phase.** `PHYS_CollideSphereTriangle` (`0x45e724`): signed plane distance `n·c >> 15 − d` (filtered by the collider's side flags: 1 front, 2 back), then the three edge distances (`PHYS_GetEdgeDistance` (`0x45ddec`)); inside all three is a face contact (closest point = projection, returns ±2), otherwise the closest point on an edge or vertex (`PHYS_FindClosestOnSegment` (`0x45e260`), returns ±1) within the radius.
FUNC	6a740	PHYS_CreateCollider	undefined PHYS_CreateCollider(void)	[NAME] Descriptive name. Creates a collider (sphere) in the collision world with a side-flags byte. Sources: WINDREAM.EXE 0045f490 PHYS_CreateCollider via match_functions (callee 0.63, callees 1/1). Facts (tools/check_names.py): size:21.
FUNC	6a758	PHYS_DestroyCollider	undefined PHYS_DestroyCollider(void)	[NAME] Descriptive name. Removes a collider from the collision world. Sources: WINDREAM.EXE 0045f4a4 PHYS_DestroyCollider via match_functions (callee 0.73, callees 1/1). Facts (tools/check_names.py): size:21.
FUNC	6a770	PHYS_UpdateCollider	undefined PHYS_UpdateCollider(void)	[NAME] Descriptive name. Runs the sweep-and-prune update on all three axes and resets the candidate iterators. Sources: WINDREAM.EXE 0045f4b8 PHYS_UpdateCollider via match_functions (callee 0.63, callees 1/1). Facts (tools/check_names.py): size:117.
FUNC	6a7f4	PHYS_SetColliderRadius	undefined PHYS_SetColliderRadius(void)	[NAME] Descriptive name. Sets a collider's radius (+0xc) when positive. Sources: WINDREAM.EXE 0045f520 PHYS_SetColliderRadius via match_functions (callee 0.72, callees 0/0). Facts (tools/check_names.py): size:14.
FUNC	6a964	PHYS_GetTriangle	undefined PHYS_GetTriangle(void)	[NAME] Descriptive name. Copies a triangle's vertices and normal; returns +0x18 of the mesh it belongs to. Sources: WINDREAM.EXE 0045f600 PHYS_GetTriangle via match_functions (callee 0.63, callees 1/1). Facts (tools/check_names.py): size:81.
FUNC	6a9b8	PHYS_GetCollider	undefined PHYS_GetCollider(void)	[NAME] Descriptive name. Returns a collider's centre, radius and flags. Sources: WINDREAM.EXE 0045f638 PHYS_GetCollider via match_functions (caller 0.90, callees 1/1). Facts (tools/check_names.py): size:32.
FUNC	6f800	MDL_BindFaceMaterials	undefined MDL_BindFaceMaterials(void)	[NAME] Descriptive name. Descriptive role independently reviewed. helper walks typed blocks and binds their material slots by name. Sources: docs/glide-renderer.md; independent stripped-code review re/reviews/renderer-gaps-20260926.md. Facts (tools/check_names.py): size:416; caller:00070278.\n\n[DOCS_SYNC]\n[docs/models.md > Two pages, not two copies] The original's binding is now traced: `MDL_LoadMaterials` (`0x456038`) fills the material cache, and `MDL_BindFaceMaterials` (`0x4554e0`) selects the entry matching the face block's name.\n\n[docs/scene-geometry.md > The records, from the code that reads them] `MDL_BindTreeMaterials` (`0x455ed8`) walks the node tree and `MDL_BindFaceMaterials` (`0x4554e0`) stores, in each face block's `+0x08`, the slot whose material name equals the block name, or the material's colour word for flat-colour block types.
FUNC	6fa58	MDL_RelocPrimitives	undefined MDL_RelocPrimitives(void)	[NAME] Descriptive name. Relocates a linked list of typed primitive blocks; element records stride 0x44 (0x38 for types -2, 1, 4, 0x11, 0x1b). Sources: WINDREAM.EXE 00455700 MDL_RelocPrimitives via match_functions (callee 0.79, callees 0/0). Facts (tools/check_names.py): caller:00070100.
FUNC	70100	MDL_RelocNode	undefined MDL_RelocNode(void)	[NAME] Descriptive name. Adds the relocation delta to a node's pointers (+0x10..+0x18 links, +0x80..+0xa8), then relocates its primitive lists. Sources: WINDREAM.EXE 00455d6c MDL_RelocNode via match_functions (callee 0.96, callees 2/2). Facts (tools/check_names.py): caller:000701d8.\n\n[DOCS_SYNC]\n[docs/models.md > Addresses, and the 220] `MDL_RelocNode` (`0x455d6c`) rebases every nonzero parent pointer.
FUNC	701d8	MDL_RelocNodeTree	undefined MDL_RelocNodeTree(void)	[NAME] Descriptive name. Iterative depth-first walk (parent +0x10, child +0x14, sibling +0x18) calling MDL_RelocNode on each node. Sources: WINDREAM.EXE 00455e48 MDL_RelocNodeTree via match_functions (callee 0.80, callees 2/2). Facts (tools/check_names.py): call:00070100; caller:000707ac.\n\n[DOCS_SYNC]\n[docs/scene-placement.md > Why all 95 scenes use tag 1] `RES_Relocate` (`0x456368`) routes type 1 through `MDL_RelocNodeTree` (`0x455e48`) and type 5 through `MDL_RelocCollision` (`0x455fb4`).
FUNC	70278	MDL_BindTreeMaterials	undefined MDL_BindTreeMaterials(void)	[NAME] Descriptive name. Walks the node tree (child +0x14, sibling +0x18, parent +0x10) and binds each node's face-block list (+0xa4) to the material cache. Sources: WINDREAM.EXE 00455ed8 MDL_BindTreeMaterials via match_functions (callee 0.76, callees 2/2). Facts (tools/check_names.py): caller:0007040c.\n\n[DOCS_SYNC]\n[docs/scene-geometry.md > The records, from the code that reads them] `MDL_BindTreeMaterials` (`0x455ed8`) walks the node tree and `MDL_BindFaceMaterials` (`0x4554e0`) stores, in each face block's `+0x08`, the slot whose material name equals the block name, or the material's colour word for flat-colour block types.
FUNC	70380	MDL_RelocCollision	undefined MDL_RelocCollision(void)	[NAME] Descriptive name. Relocates the .3DI collision mesh (resource type 5): header pointers +4/+0xc/+0x14, then each 0x60-byte triangle's +0/+4/+8 vertex, +0xc normal and +0x44 pointers. Sources: WINDREAM.EXE 00455fb4 MDL_RelocCollision via match_functions (callee 0.77, callees 0/0). Facts (tools/check_names.py): caller:000707ac.\n\n[DOCS_SYNC]\n[docs/scene-geometry.md > The engine's view (2026-09-26) — read this first] **Tag 1 is the renderable scene graph; tag 2 is the collision mesh.** The engine loads tag 1 as `.3DC`, resource type 1, and tag 2 as `.3DI`, resource type 5 (`RES_ReadFile` (`0x41c666`) routes both to the DSN readers; `RES_Relocate` (`0x456368`) relocates type 5 with `MDL_RelocCollision` (`0x455fb4`), which walks 96-byte triangles and relocates their `+0x00/+0x04/+0x08` vertex pointers, the `+0x0c` normal pointer and a pointer at `+0x44`).\n\n[docs/scene-placement.md > Why all 95 scenes use tag 1] `RES_Relocate` (`0x456368`) routes type 1 through `MDL_RelocNodeTree` (`0x455e48`) and type 5 through `MDL_RelocCollision` (`0x455fb4`).
FUNC	7040c	MDL_LoadMaterials	undefined MDL_LoadMaterials(void)	[NAME] Descriptive name. Resolves a model's 44-byte material names through a refcounted texture cache; a miss loads <dir><name>.3DM with RES_Load and caches the page at +0x8014. Sources: WINDREAM.EXE 00456038 MDL_LoadMaterials via match_functions (strings 1.00, callees 3/3). Facts (tools/check_names.py): str:.3DM; call:00071318; caller:000707ac.\n\n[DOCS_SYNC]\n[docs/assets.md > Textures — the honest position] They are the same **texture bank** as `.DAN` tag 2: after two u32s that `RES_ReadFile` (`0x41c666`) skips, 98,324 bytes of a 20-byte header, a 32-row × 256-entry RGB565 palette ramp (the ramp *is* the shading: the rasterizer picks row `31 − shade`) and a 256×256 8-bit page, which `MDL_LoadMaterials` (`0x456038`) binds at `+0x8014`.\n\n[docs/file-formats.md > `.3DM` — texture bank **[verified]**] `RES_ReadFile` (`0x41c666`) skips the first eight bytes; `MDL_LoadMaterials` (`0x456038`) binds the page at bank `+0x8014`.\n\n[docs/models.md > Two pages, not two copies] The original's binding is now traced: `MDL_LoadMaterials` (`0x456038`) fills the material cache, and `MDL_BindFaceMaterials` (`0x4554e0`) selects the entry matching the face block's name.\n\n[docs/re-setup.md > First results — the parsers are located] String anchors additionally implicate `RES_ReadFile` (`0x41c666`) (4 xrefs), `MDL_LoadMaterials` (`0x456038`), `CD_FindDrive` (`0x427f11`), `DAN_Read3DC` (`0x41020f`) and `FSB_Load` (`0x426143`): the resource-file reader, the `.3DM` material loader, the CD drive search, the DAN chunk reader and the FSB bank loader.\n\n[docs/scene-geometry.md > The records, from the code that reads them] **Materials bind by name.** `MDL_LoadMaterials` (`0x456038`) reads the 44-byte entries after the node table into a 60-byte cache (refcount, resource handle, texture page at resource `+0x8014`, then the entry).
FUNC	707ac	RES_Relocate	undefined RES_Relocate(void)	[NAME] Descriptive name. Registers a loaded resource (handle, size, type, list links at 0x661e3c) and turns its offsets into pointers by type; type 1 (model) also relocates the node tree and loads its .3DM materials. Sources: WINDREAM.EXE 00456368 RES_Relocate via match_functions (caller 0.76, callees 5/5). Facts (tools/check_names.py): call:000701d8; call:0007040c; caller:00071318.\n\n[DOCS_SYNC]\n[docs/scene-geometry.md > The engine's view (2026-09-26) — read this first] **Tag 1 is the renderable scene graph; tag 2 is the collision mesh.** The engine loads tag 1 as `.3DC`, resource type 1, and tag 2 as `.3DI`, resource type 5 (`RES_ReadFile` (`0x41c666`) routes both to the DSN readers; `RES_Relocate` (`0x456368`) relocates type 5 with `MDL_RelocCollision` (`0x455fb4`), which walks 96-byte triangles and relocates their `+0x00/+0x04/+0x08` vertex pointers, the `+0x0c` normal pointer and a pointer at `+0x44`).\n\n[docs/scene-placement.md > Why all 95 scenes use tag 1] `RES_Relocate` (`0x456368`) routes type 1 through `MDL_RelocNodeTree` (`0x455e48`) and type 5 through `MDL_RelocCollision` (`0x455fb4`).
FUNC	70f40	REND_UpdateFrustum	undefined REND_UpdateFrustum(void)	[NAME] Descriptive name. Builds and normalises the four side-plane normals (0x661e54/68/74/84) from the focal lengths and viewport, plus the depth scale terms 0x661e60/64. Sources: WINDREAM.EXE 00456cd4 REND_UpdateFrustum via match_functions (caller 0.63, callees 2/2). Facts (tools/check_names.py): size:306.\n\n[DOCS_SYNC]\n[docs/engine.md > Projection] - **Near plane 140** (`REND_SetNearPlane` (`0x456cc4`)`(0x8c)`, twice, at level start and on resolution change; the viewport setters first reset it to 128). **Far plane `0xfffff`** unless the level record's `+0xcc` is non-zero (`REND_SetFarPlane` (`0x456ccc`)); the setters' own default is 65,000. `REND_UpdateFrustum` (`0x456cd4`) derives the four side planes from K and the viewport.
FUNC	71088	REND_SetViewportFocal	undefined REND_SetViewportFocal(void)	[NAME] Descriptive name. Viewport with an explicit focal length scaled by w/640 (the portrait render), centre, near 128, far 65000. Sources: WINDREAM.EXE 00456a58 REND_SetViewportFocal via match_functions (caller 0.67, callees 2/2). Facts (tools/check_names.py): size:300.\n\n[DOCS_SYNC]\n[docs/engine.md > Projection] - The shadow render `ENT_RenderShadowTexture` (`0x43eb67`) uses `REND_SetViewportFocal` (`0x456a58`) instead: an explicit focal length scaled by `w/640`.
FUNC	711b4	REND_SetViewportFov	undefined REND_SetViewportFov(void)	[NAME] Descriptive name. Viewport from a horizontal FOV: focal K = 0.5 + (w/2)/tan(fov/2); centre (x + w/2, y + h/2); near 128, far 65000. The game always passes 76.36 degrees. Sources: WINDREAM.EXE 00456b94 REND_SetViewportFov via match_functions (callee 0.71, callees 2/2). Facts (tools/check_names.py): caller:00028df8.\n\n[DOCS_SYNC]\n[docs/engine.md > Projection] - **FOV is a constant, 76.36° horizontal** (float `0x4298b852`), passed by every caller of `REND_SetViewportFov` (`0x456b94`): `SCENE_InitLevel` (`0x41f42e`), `VID_SetResolution` (`0x41592c`), the icon renderer `0x40fd54`. The level record's `+0xa4` is **not** the FOV (see *Corrections* in [research-log.md](research-log.md)).
FUNC	71318	RES_Load	undefined RES_Load(void)	[NAME] Descriptive name. Reads a resource file into the arena (capped at the free space - 0x14), advances the arena top, then RES_Relocate. Returns a handle (index << 16) or -1. Sources: WINDREAM.EXE 00456e24 RES_Load via match_functions (caller 0.84, callees 3/3). Facts (tools/check_names.py): call:00026834; call:000707ac; caller:0002756c.\n\n[DOCS_SYNC]\n[docs/asset-access.md > Project records and contextual resources] `RES_Load` (`0x00456e24`) allocates an engine handle, calls `RES_ReadFile` (`0x0041c666`), and relocates the result.\n\n[docs/dsn-loader.md > The Body Unpackers and Call Hierarchy **[verified]**] 4. **`RES_ReadFile` (`0x41c666`)**: The file reader behind `RES_Load` (`0x456e24`). Routes by extension: `DSN_LoadMaterialsAndFaces` (`0x4177f5`) (`.3DC`), `DSN_LoadVertexPool` (`0x4178fe`) (`.3DI`), `DSN_Create3DM` (`0x417a07`) (`.3DM`) and `DAN_Load3DA` (`0x4105eb`) (`.3DA`); anything else is read as a raw body. In DSN mode `DSN_Create3DM` builds the `.3DM` texture in memory rather than reading a file: it copies the 20-byte header template from the DSN table, zeroes a 0x8000 palette block and a 0x10000 page, and `DSN_LoadTextures` fills it later.
FUNC	7201c	MDL_GetNodePosition	undefined MDL_GetNodePosition(void)	[NAME] Descriptive name. Copies a node's position (+0x1c) by handle (group<<16|node) Sources: WINDREAM.EXE 00457a04 MDL_GetNodePosition via match_functions (callee 0.85, callees 1/1). Facts (tools/check_names.py): caller:00040ba4.\n\n[DOCS_SYNC]\n[docs/animation-root-blending.md > Root displacement and physics [verified flow; integration pending]] `ANIM_TickSeamlessSwitch` (`004062ad`) and `ANIM_TickClip` (`004068be`) save the previous root position at actor `+0x128`, read the newly evaluated position into `+0x11c` via `MDL_GetNodePosition` (`00457a04`), and subtract them using `MATH_SubVec3` (`0045b98c`).
FUNC	72058	MDL_SetNodeRotation	undefined MDL_SetNodeRotation(void)	[NAME] Descriptive name. Looks up a node by handle and copies a 3x3 Q15 matrix into its local rotation (+0x28); handle 0 is the camera. Sources: WINDREAM.EXE 00457a38 MDL_SetNodeRotation via match_functions (callee 0.73, callees 4/4). Facts (tools/check_names.py): caller:00028df8.\n\n[DOCS_SYNC]\n[docs/engine.md > The camera is node 0, driven by messages] Every mode ends by writing **scene-graph node 0**: position with `MDL_SetNodePosition` (`0x457aa0`), rotation with `MDL_SetNodeRotation` (`0x457a38`).
FUNC	720c4	MDL_SetNodePosition	undefined MDL_SetNodePosition(void)	[NAME] Descriptive name. Sets node position; camera nodes also recompute the inverse translation. Sources: WINDREAM.EXE 00457aa0 MDL_SetNodePosition via match_functions (callee 0.69, callees 3/3). Facts (tools/check_names.py): caller:00028df8; caller:0002d620.\n\n[DOCS_SYNC]\n[docs/animation-root-blending.md > Root displacement and physics [verified flow; integration pending]] The movement/collision path at `PHYS_TickEntity` (`0043d83e`) subsequently writes the resolved actor position back through `MDL_SetNodePosition` (`00457aa0`).\n\n[docs/engine.md > The camera is node 0, driven by messages] Every mode ends by writing **scene-graph node 0**: position with `MDL_SetNodePosition` (`0x457aa0`), rotation with `MDL_SetNodeRotation` (`0x457a38`).
FUNC	737e8	REND_DrawFrame	undefined REND_DrawFrame(void)	
FUNC	738d0	REND_DrawFrameEx	undefined REND_DrawFrameEx(void)	
FUNC	739ca	sprintf_	int sprintf_(char * __s, char * __format, ...)	Watcom 10.6 runtime: sprintf_ (module sprintf, 48 bytes, full match; dreamsfx.csv).
FUNC	739fa	fprintf_	int fprintf_(FILE * __fp, char * __format, ...)	Watcom 10.6 runtime: fprintf_, fscanf_, sscanf_ (module sscanf, 33 bytes, full match; dreamsfx.csv).
FUNC	73a1c	__CHP	undefined __CHP(void)	Watcom 10.6 runtime: __CHP (module fchop, 29 bytes, full match; dreamsfx.csv).
FUNC	73a5e	ultoa_	char * ultoa_(ulong __value, char * __buf, int __radix)	Watcom 10.6 runtime: ultoa_, utoa_ (module itoa, 74 bytes, full match; dreamsfx.csv).
FUNC	73aa8	_itoa_	char * _itoa_(int __value, char * __buf, int __radix)	Watcom 10.6 runtime: _itoa_, _ltoa_ (module itoa, 27 bytes, full match; dreamsfx.csv).
FUNC	73ad0	memset_	void * memset_(void * __s, int __c, size_t __n)	Watcom 10.6 runtime: memset_ (module set386, 24 bytes, full match; dreamsfx.csv).
FUNC	73ae8	_entry	undefined _entry(void)	
FUNC	73d79	__do_exit_with_msg__	undefined __do_exit_with_msg__(void)	Watcom 10.6 runtime: __do_exit_with_msg__ (module cstrt386, 59 bytes, full match; dreamsfx.csv).
FUNC	73dca	_dos_findfirst_	uint _dos_findfirst_(char * __path, uint __attr, find_t * __buf)	Watcom 10.6 runtime: _dos_findfirst_ (module find386, 29 bytes, full match; dreamsfx.csv).
FUNC	73de7	_dos_findnext_	uint _dos_findnext_(find_t * __buf)	Watcom 10.6 runtime: _dos_findnext_ (module find386, 28 bytes, full match; dreamsfx.csv).
FUNC	73e03	_dos_findclose_	uint _dos_findclose_(find_t * __buf)	Watcom 10.6 runtime: _dos_findclose_ (module find386, 73 bytes, full match; dreamsfx.csv).
FUNC	73e4c	strncpy_	char * strncpy_(char * __s1, char * __s2, size_t __n)	Watcom 10.6 runtime: strncpy_ (module strncpy, 37 bytes, full match; dreamsfx.csv).
FUNC	73e71	atoi_	int atoi_(char * __nptr)	Watcom 10.6 runtime: atoi_, atol_ (module atoi, 109 bytes, full match; dreamsfx.csv).
FUNC	742e8	ANIM_EvalTrackLinear	undefined ANIM_EvalTrackLinear(void)	[NAME] Descriptive name. Evaluates a linear-key track: slerp rotation keys (0x14) into +0x28, lerp position keys (0x10) into +0x1c. Sources: WINDREAM.EXE 00459808 ANIM_EvalTrackLinear via match_functions (callee 0.70, callees 4/4). Facts (tools/check_names.py): call:0007694c.\n\n[DOCS_SYNC]\n[docs/animation-validation.md > Further corrections and open tests] - Track `+0x1c` is translation-key count. `+0x24` points to translations, which follow rotations. Both pointers are relative to payload `+0x14`. Engine evaluators `ANIM_EvalTrackLinear` (`00459808`) and `ANIM_EvalTrackSpline` (`0045a03c`) use rotation/translation strides 20/16 and 60/48 respectively. All 49 Duncan clips pass the harness's translation bounds and timestamps checks. Several other models have keys outside the declared duration; the strict harness reports those cases.\n\n[docs/models.md > Track Record Layout [verified]] `ANIM_EvalTrackLinear` reads `[rec+0xc]`/`[rec+0x10]`, and `ANIM_RelocLinearTracks` (`0x455f44`, resource type 4, 20-byte keys) / `ANIM_RelocSplineTracks` (`0x455f7c`, type 6, 60-byte keys) rebase exactly those two pointers **[verified]** (2026-09-26: 863 type-4 and 185 type-6 clips on the discs).\n\n[docs/models.md > Track Record Layout [verified]] These pairings agree with evaluators `ANIM_EvalTrackLinear` (`0x459808`) and `ANIM_EvalTrackSpline` (`0x45a03c`).
FUNC	744b8	ANIM_EvalTrackBlendLinear	undefined ANIM_EvalTrackBlendLinear(void)	[NAME] Descriptive name. Blends two linear-key tracks at frames fA and fB by a weight. Sources: WINDREAM.EXE 004599ec ANIM_EvalTrackBlendLinear via match_functions (callee 0.74, callees 4/4). Facts (tools/check_names.py): call:0007694c.\n\n[DOCS_SYNC]\n[docs/animation-root-blending.md > Original blend path [verified common case]] `ANIM_EvalTrackBlendLinear` (`004599ec`) handles two linear clip channels; `ANIM_EvalTrackBlendSpline` (`0045aa00`) handles two spline-layout channels.
FUNC	7480c	ANIM_ApplyModelLinear	undefined ANIM_ApplyModelLinear(void)	[NAME] Descriptive name. Applies a linear-key animation (or a blend of two) to every node of a model. Sources: WINDREAM.EXE 00459d60 ANIM_ApplyModelLinear via match_functions (callee 0.59, callees 2/2). Facts (tools/check_names.py): call:000742e8; call:000744b8.\n\n[DOCS_SYNC]\n[docs/animation-validation.md > Named directory [verified]] The animation evaluator `ANIM_ApplyModelLinear` (`WINDREAM.EXE:00459d60`) walks the model and clip slot tables together.
FUNC	74abc	ANIM_EvalTrackSpline	undefined ANIM_EvalTrackSpline(void)	[NAME] Descriptive name. Evaluates a spline (TCB/Hermite) track: rotation keys 0x3c, position keys 0x30. Sources: WINDREAM.EXE 0045a03c ANIM_EvalTrackSpline via match_functions (caller 0.56, callees 7/7). Facts (tools/check_names.py): call:0007694c.\n\n[DOCS_SYNC]\n[docs/animation-root-blending.md > Translation records [verified]] The spline evaluator `ANIM_EvalTrackSpline` (`0045a03c`), specifically `0045a2ae` and `0045a2b5`, reads the left key's outgoing tangent and the right key's incoming tangent.\n\n[docs/animation-smoothing.md > Quaternion splines [verified structure, floating-point implementation]] `ANIM_EvalTrackSpline` (`WINDREAM.EXE:0045a03c`) evaluates 60-byte rotation keys.\n\n[docs/animation-validation.md > Further corrections and open tests] - Track `+0x1c` is translation-key count. `+0x24` points to translations, which follow rotations. Both pointers are relative to payload `+0x14`. Engine evaluators `ANIM_EvalTrackLinear` (`00459808`) and `ANIM_EvalTrackSpline` (`0045a03c`) use rotation/translation strides 20/16 and 60/48 respectively. All 49 Duncan clips pass the harness's translation bounds and timestamps checks. Several other models have keys outside the declared duration; the strict harness reports those cases.\n\n[docs/models.md > Track Record Layout [verified]] These pairings agree with evaluators `ANIM_EvalTrackLinear` (`0x459808`) and `ANIM_EvalTrackSpline` (`0x45a03c`).\n\n[docs/models.md > Skeletal Pose Evaluation [partially verified]] The original spline evaluator `ANIM_EvalTrackSpline` (`0x45a03c`) additionally interpolates control quaternions and blends again (SQUAD), and evaluates translation curves.
FUNC	75420	ANIM_EvalTrackBlendSpline	undefined ANIM_EvalTrackBlendSpline(void)	[NAME] Descriptive name. Two-track blend on spline-format keys (linear interpolation) Sources: WINDREAM.EXE 0045aa00 ANIM_EvalTrackBlendSpline via match_functions (callee 0.75, callees 4/4). Facts (tools/check_names.py): call:0007694c.\n\n[DOCS_SYNC]\n[docs/animation-root-blending.md > Original blend path [verified common case]] `ANIM_EvalTrackBlendLinear` (`004599ec`) handles two linear clip channels; `ANIM_EvalTrackBlendSpline` (`0045aa00`) handles two spline-layout channels.
FUNC	75ca8	MATH_BuildOrientMatrix	undefined MATH_BuildOrientMatrix(void)	[NAME] Descriptive name. Builds a Q15 rotation matrix from a unit direction and a roll angle (4096-entry sine and cosine tables at 0x665ff0/0x669ff0). Sources: WINDREAM.EXE 0045b2d0 MATH_BuildOrientMatrix via match_functions (callee 0.64, callees 2/2). Facts (tools/check_names.py): size:254.\n\n[DOCS_SYNC]\n[docs/engine.md > Follow mode (mode 0)] **Orientation** (`CAM_ApplyLookAt` (`0x40ab4b`)): direction = normalise(target − eye), then `MATH_BuildOrientMatrix` (`0x45b2d0`)`(dir, 0xfff − roll)`.
FUNC	76444	MATH_NormalizeVec3	undefined MATH_NormalizeVec3(void)	[NAME] Descriptive name. Normalises an integer vector to Q15 length. Sources: WINDREAM.EXE 0045ba70 MATH_NormalizeVec3 via match_functions (caller 0.77, callees 2/2). Facts (tools/check_names.py): size:133.
FUNC	7656c	MATH_CopyVec3	undefined MATH_CopyVec3(void)	[NAME] Descriptive name. Copies three ints. Sources: WINDREAM.EXE 0045bb84 MATH_CopyVec3 via match_functions (callee 0.87, callees 0/0). Facts (tools/check_names.py): caller:0003d45c; caller:000742e8.
FUNC	76630	MATH_QuatToMatrix	undefined MATH_QuatToMatrix(void)	[NAME] Descriptive name. Fixed-point quaternion to Q15 3x3 matrix. Sources: WINDREAM.EXE 0045bc28 MATH_QuatToMatrix via match_functions (callee 0.94, callees 0/0). Facts (tools/check_names.py): caller:000742e8; caller:000744b8.\n\n[DOCS_SYNC]\n[docs/file-formats.md > `.DAN` — character and prop models (`DANF`)] Verified across 15,084 tracks and 142,806 keyframes in 780 clips from 159 distinct models with 0 invalid strides or nonmonotonic timestamps. - **Engine evaluation**: evaluated at runtime via Slerp (`MATH_QuatSlerp` (`0x45bf68`)) or Hermite spline, converted to local $3 \times 3$ rotation matrix (`MATH_QuatToMatrix` (`0x45bc28`)), and composed down the skeletal hierarchy (`REND_DrawObject` (`0x47e498`) via `MATH_MulMat3` (`0x45b86c`)).\n\n[docs/models.md > Engine Evaluation Math in `WINDREAM.EXE` [verified]] 1. **Quaternion to Rotation Matrix (`MATH_QuatToMatrix` (`0x45bc28`))**: Takes a Q15 quaternion `param_1` and computes a $3 \times 3$ row-major fixed-point rotation matrix at `param_2`: ```c // Diagonal terms: param_2[0] = 0x8000 - ((qy*qy + qz*qz) >> 14); param_2[4] = 0x8000 - ((qx*qx + qz*qz) >> 14); param_2[8] = 0x8000 - ((qx*qx + qy*qy) >> 14); // Off-diagonal terms: param_2[1] = (qx*qy - qz*qw) >> 14; param_2[3] = (qx*qy + qz*qw) >> 14; param_2[2] = (qx*qz + qy*qw) >> 14; param_2[6] = (qx*qz - qy*qw) >> 14; param_2[5] = (qy*qz - qx*qw) >> 14; param_2[7] = (qy*qz + qx*qw) >> 14; ``` Note …
FUNC	7694c	MATH_QuatSlerp	undefined MATH_QuatSlerp(void)	[NAME] Descriptive name. Fixed-point quaternion slerp, t 0..256, acos/sin tables. Sources: WINDREAM.EXE 0045bf68 MATH_QuatSlerp via match_functions (caller 0.77, callees 1/1). Facts (tools/check_names.py): caller:000744b8; caller:00075420.\n\n[DOCS_SYNC]\n[docs/file-formats.md > `.DAN` — character and prop models (`DANF`)] Verified across 15,084 tracks and 142,806 keyframes in 780 clips from 159 distinct models with 0 invalid strides or nonmonotonic timestamps. - **Engine evaluation**: evaluated at runtime via Slerp (`MATH_QuatSlerp` (`0x45bf68`)) or Hermite spline, converted to local $3 \times 3$ rotation matrix (`MATH_QuatToMatrix` (`0x45bc28`)), and composed down the skeletal hierarchy (`REND_DrawObject` (`0x47e498`) via `MATH_MulMat3` (`0x45b86c`)).
FUNC	76b6a	strncmp_	int strncmp_(char * __s1, char * __s2, size_t __n)	Watcom 10.6 runtime: strncmp_ (module strncmp, 41 bytes, full match; dreamsfx.csv).
FUNC	77400	_splitpath_	void _splitpath_(char * __path, char * __drive, char * __dir, char * __fname, char * __ext)	Watcom 10.6 runtime: _splitpath_ (module splitpat, 192 bytes, full match; dreamsfx.csv).
FUNC	774e0	strcmp_	int strcmp_(char * __s1, char * __s2)	Watcom 10.6 runtime: strcmp_ (module cmp386, 161 bytes, full match; dreamsfx.csv).
FUNC	77581	_strupr_	char * _strupr_(char * __string)	Watcom 10.6 runtime: _strupr_ (module strupr, 37 bytes, full match; dreamsfx.csv).
FUNC	775a6	open_	int open_(char * __path, int __oflag, ...)	Watcom 10.6 runtime: open_ (module open, 36 bytes, full match; dreamsfx.csv).
FUNC	775ca	sopen_	int sopen_(char * __path, int __oflag, int __shflag, ...)	Watcom 10.6 runtime: sopen_ (module open, 192 bytes, full match; dreamsfx.csv).
FUNC	777b3	__set_binary_	undefined __set_binary_(void)	Watcom 10.6 runtime: __set_binary_ (module open, 101 bytes, full match; dreamsfx.csv).
FUNC	77818	filelength_	long filelength_(int __handle)	Watcom 10.6 runtime: filelength_ (module filelen, 61 bytes, full match; dreamsfx.csv).
FUNC	77855	read_	int read_(int __handle, void * __buf, uint __len)	Watcom 10.6 runtime: read_ (module read, 192 bytes, full match; dreamsfx.csv).
FUNC	77950	close_	int close_(int __handle)	Watcom 10.6 runtime: close_ (module close, 32 bytes, full match; dreamsfx.csv).
FUNC	77970	int386_	int int386_(int param_1, REGS * param_2, REGS * param_3)	Watcom 10.6 runtime: int386_ (module int386, 29 bytes, full match; dreamsfx.csv).
FUNC	77993	rand_	int rand_(void)	[NAME] Watcom runtime, identified by behaviour. Watcom rand: thread-data seed * 0x41c64e6d + 0x3039, returns (seed >> 16) & 0x7fff. Sources: Watcom 10.6 library signature (DREAMS_WATCOM sigs/dreamsfx.csv, module rand, full match 36/32); blind review (high). Facts (tools/check_names.py): const:41c64e6d; const:3039; const:7fff; call:0007798d; size:36.\n\nWatcom 10.6 runtime: rand_ (module rand, 36 bytes, full match; dreamsfx.csv).\n\n[DOCS_SYNC]\n[docs/engine.md > Lighting inputs (2026-09-26)] - Project `+0x18/+0x24` are signed **RGB base/variation**, not light directions. `REND_TickPaletteLighting` (`0x42e5f2`) uses three original `rand_` draws per update. Preserve this state and call order on the simulation clock.\n\n[docs/lighting.md > Project fields and palette state] `REND_TickPaletteLighting` (`0x42e5f2`) consumes three calls to the original `rand_` and, per channel, computes:\n\n[docs/north-star.md > Architecture] - **The original random generator, called only by ported code.** The game calls Watcom's `rand_` from 21 functions and never seeds it, so the sequence is fixed from launch. This includes **three draws per normal palette-lighting update** (`REND_TickPaletteLighting`), despite their visual purpose. Preserve these original calls and their order on the simulation clock; renderer-only enhancements, audio and new UI effects cannot consume this stream. See [lighting.md](lighting.md). GPU application of palette state does not move the original RNG calls onto the display clock.\n\n[PORT_MAP] adapted | complete\nopendreams/shared/port/random.cpp :: od::port::rand_\nOwner reviewed: no
FUNC	779b7	srand_	void srand_(uint __seed)	[NAME] Watcom runtime, identified by behaviour. Watcom srand: stores the seed in the thread data. Sources: Watcom 10.6 library signature (DREAMS_WATCOM sigs/dreamsfx.csv, module rand, full match 16/12); blind review (high). Facts (tools/check_names.py): call:0007798d; size:16.\n\nWatcom 10.6 runtime: srand_ (module rand, 16 bytes, full match; dreamsfx.csv).\n\n[PORT_MAP] adapted | complete\nopendreams/shared/port/random.cpp :: od::port::srand_\nOwner reviewed: no
FUNC	77f34	calloc_	void * calloc_(size_t __n, size_t __size)	Watcom 10.6 runtime: calloc_ (module calloc, 24 bytes, full match; dreamsfx.csv).
FUNC	77f50	__STOSB	undefined __STOSB(void)	Watcom 10.6 runtime: __STOSB (module __stos, 55 bytes, full match; dreamsfx.csv).
FUNC	77f87	__STOSD	undefined __STOSD(void)	Watcom 10.6 runtime: __STOSD (module __stos, 108 bytes, full match; dreamsfx.csv).
FUNC	81258	SW_DrawObjectFaces	undefined SW_DrawObjectFaces(void)	[NAME] Descriptive name. Default per-object face submitter. Sources: WINDREAM.EXE 00473014 SW_DrawObjectFaces via match_functions (callee 0.94, callees 7/7). Facts (tools/check_names.py): call:0007ede8; caller:00096178.\n\n[DOCS_SYNC]\n[docs/engine.md > Renderer backends — a link-time choice with one hook **[verified]**] | hook during a frame | `GLIDE_DrawObjectFaces`, second hook `NULL` | `SW_DrawObjectFaces` `0x473014`, `SW_DrawObjectFacesPost` `0x4731b8` |\n\n[docs/engine.md > Renderer backends — a link-time choice with one hook **[verified]**] - `REND_DrawObject` calls `(*hook)(object)` unless object flag `+0x0d & 0x10` is set. Every hook walks the object's face list at `+0xa4` and switches on the face type (`0x16`, `0x17`, `0x1c`, … and negative codes). Node `+0xc4` is the light count (`+0xc8` holds the light indices); when it is 0, `SW_DrawObjectFaces` rewrites face types `0x16`/`0x19` to `0x18`. An earlier revision called `+0xc4` and `+0xd0` vertex arrays; the vertex array is at `+0x80` (count `+0x7c`, `0x28` bytes each). Node `+0xd0` is the uniform shade used when its light count is zero; see *Lighting inputs* below.\n\n[docs/engine.md > Renderer backends — a link-time choice with one hook **[verified]**] - **Software:** `SW_DrawObjectFaces` sends each face to a per-type rasterizer that fills per-scanline edge lists (`0x66e6b8`, `0x66f6b8`, `0x6706b8`); `SW_FlushSpans` walks them scanline by scanline into the framebuffer; `SW_FlushSpansScaled` flushes through a line buffer and repeats rows (the scaled output path). The second hook, `SW_DrawObjectFacesPost`, draws the object's second face list (`+0xa8`) as a post-order hook. What selects the scaled flush is not yet known.\n\n[docs/engine.md > Renderer backends — a link-time choice with one hook **[verified]**] - **Glide:** the frame function points the hook at `GLIDE_DrawObjectFaces` and clears the second hook; the Voodoo rasterizes. Clear, swap, open and close are direct calls, not dispatched. `DREAMSFX.EXE` still carries the software hooks: the hook's initialised value is `SW_DrawObjectFaces` (`0x81258`), overwritten every frame.\n\n[docs/engine.md > Presentation and 2D — Glide mapped onto DirectDraw/GDI **[verified]**] | 3D faces | `GLIDE_DrawObjectFaces` `0x67568` | `SW_DrawObjectFaces` `0x473014` + `SW_FlushSpans` `0x4768cc` |\n\n[docs/scene-geometry.md > The engine's view (2026-09-26) — read this first] The per-object hook `SW_DrawObjectFaces` (`0x473014`) walks node `+0xa4`, a list of face blocks built from tag 1 alone.
FUNC	813fc	SW_DrawObjectFacesPost	undefined SW_DrawObjectFacesPost(void)	[NAME] Descriptive name. Second face list (+0xa8), post-order hook. Sources: WINDREAM.EXE 004731b8 via match_functions (callee 0.74); docs/engine.md hook table. Facts (tools/check_names.py): const:a8; const:c4; caller:000963fc.\n\n[DOCS_SYNC]\n[docs/engine.md > Renderer backends — a link-time choice with one hook **[verified]**] | hook during a frame | `GLIDE_DrawObjectFaces`, second hook `NULL` | `SW_DrawObjectFaces` `0x473014`, `SW_DrawObjectFacesPost` `0x4731b8` |\n\n[docs/engine.md > Renderer backends — a link-time choice with one hook **[verified]**] - **Software:** `SW_DrawObjectFaces` sends each face to a per-type rasterizer that fills per-scanline edge lists (`0x66e6b8`, `0x66f6b8`, `0x6706b8`); `SW_FlushSpans` walks them scanline by scanline into the framebuffer; `SW_FlushSpansScaled` flushes through a line buffer and repeats rows (the scaled output path). The second hook, `SW_DrawObjectFacesPost`, draws the object's second face list (`+0xa8`) as a post-order hook. What selects the scaled flush is not yet known.
FUNC	852d2	free_	void free_(void * __ptr)	Watcom 10.6 runtime: free_ (module nfree, 130 bytes, full match; dreamsfx.csv).
FUNC	85354	malloc_	void * malloc_(size_t __size)	Watcom 10.6 runtime: malloc_ (module nmalloc, 192 bytes, full match; dreamsfx.csv).
FUNC	85437	__open_flags_	undefined __open_flags_(void)	Watcom 10.6 runtime: __open_flags_ (module fopen, 192 bytes, full match; dreamsfx.csv).
FUNC	855cc	_fsopen_	FILE * _fsopen_(char * __filename, char * __mode, int __shflag)	Watcom 10.6 runtime: _fsopen_ (module fopen, 57 bytes, full match; dreamsfx.csv).
FUNC	85605	fopen_	FILE * fopen_(char * __filename, char * __mode)	Watcom 10.6 runtime: fopen_ (module fopen, 114 bytes, full match; dreamsfx.csv).
FUNC	85677	freopen_	FILE * freopen_(char * __filename, char * __mode, FILE * __fp)	Watcom 10.6 runtime: freopen_ (module fopen, 66 bytes, full match; dreamsfx.csv).
FUNC	856b9	fwrite_	size_t fwrite_(void * __ptr, size_t __size, size_t __n, FILE * __fp)	Watcom 10.6 runtime: fwrite_ (module fwrite, 192 bytes, full match; dreamsfx.csv).
FUNC	85879	fclose_	int fclose_(FILE * __fp)	Watcom 10.6 runtime: fclose_ (module fclose, 45 bytes, full match; dreamsfx.csv).
FUNC	858a6	__shutdown_stream_	undefined __shutdown_stream_(void)	Watcom 10.6 runtime: __shutdown_stream_ (module fclose, 33 bytes, full match; dreamsfx.csv).
FUNC	858c7	__MkTmpFile_	undefined __MkTmpFile_(void)	Watcom 10.6 runtime: __MkTmpFile_ (module fclose, 101 bytes, full match; dreamsfx.csv).
FUNC	8592c	__doclose_	undefined __doclose_(void)	Watcom 10.6 runtime: __doclose_ (module fclose, 144 bytes, full match; dreamsfx.csv).
FUNC	859bc	int386x_	int int386x_(int param_1, REGS * param_2, REGS * param_3, SREGS * param_4)	Watcom 10.6 runtime: int386x_ (module intx386, 25 bytes, full match; dreamsfx.csv).
FUNC	859db	getch_	int getch_(void)	Watcom 10.6 runtime: getch_ (module getch, 29 bytes, full match; dreamsfx.csv).
FUNC	859f8	_gettextposition	undefined _gettextposition(void)	Watcom 10.6 runtime: _gettextposition, _gettextposition_ (module textposr, 50 bytes, full match; dreamsfx.csv).
FUNC	85a2a	_settextposition_	rccoord _settextposition_(short param_1, short param_2)	Watcom 10.6 runtime: _settextposition_ (module textposr, 152 bytes, full match; dreamsfx.csv).
FUNC	85ad1	_L2clearscreen_	undefined _L2clearscreen_(void)	Watcom 10.6 runtime: _L2clearscreen_ (module clearscrr, 192 bytes, full match; dreamsfx.csv).
FUNC	85b9c	_clearscreen_	void _clearscreen_(short param_1)	Watcom 10.6 runtime: _clearscreen_ (module clearscrr, 128 bytes, full match; dreamsfx.csv).
FUNC	85c1c	_GrClear_	undefined _GrClear_(void)	Watcom 10.6 runtime: _GrClear_ (module clearscrr, 94 bytes, full match; dreamsfx.csv).
FUNC	85c7a	_TxtClear_	undefined _TxtClear_(void)	Watcom 10.6 runtime: _TxtClear_ (module clearscrr, 191 bytes, full match; dreamsfx.csv).
FUNC	85d39	kbhit_	int kbhit_(void)	Watcom 10.6 runtime: kbhit_ (module kbhit, 23 bytes, full match; dreamsfx.csv).
FUNC	85dce	qsort_	void qsort_(void * __base, size_t __nmemb, size_t __size, __compar * __compar)	Watcom 10.6 runtime: qsort_ (module qsort, 192 bytes, full match; dreamsfx.csv).
FUNC	86210	TIMER_InstallHandler	undefined TIMER_InstallHandler(void)	
FUNC	862f8	TIMER_RestoreHandler	undefined TIMER_RestoreHandler(void)	
FUNC	86379	exit_	void exit_(int __status)	Watcom 10.6 runtime: exit_ (module exit, 24 bytes, full match; dreamsfx.csv).
FUNC	86391	_exit_	void _exit_(int __status)	Watcom 10.6 runtime: _exit_ (module exit, 22 bytes, full match; dreamsfx.csv).
FUNC	863e0	AIL_startup	undefined AIL_startup(void)	[NAME] Name recovered. Miles Sound System (AIL) API wrapper: nesting counter, optional trace, then the implementation. Sources: its Miles Sound System debug-trace string (the wrapper prints its own name and arguments); Miles public API name. Facts (tools/check_names.py): str:AIL_startup(.
FUNC	88290	AIL_redbook_set_volume	undefined AIL_redbook_set_volume(void)	[NAME] Name recovered. Miles Sound System (AIL) API wrapper: nesting counter, optional trace, then the implementation. Sources: its Miles Sound System debug-trace string (the wrapper prints its own name and arguments); Miles public API name. Facts (tools/check_names.py): str:AIL_redbook_set_volume(.
FUNC	883a0	AIL_redbook_volume	undefined AIL_redbook_volume(void)	[NAME] Name recovered. Miles Sound System (AIL) API wrapper: nesting counter, optional trace, then the implementation. Sources: its Miles Sound System debug-trace string (the wrapper prints its own name and arguments); Miles public API name. Facts (tools/check_names.py): str:AIL_redbook_volume(.
FUNC	884a0	AIL_redbook_resume	undefined AIL_redbook_resume(void)	[NAME] Name recovered. Miles Sound System (AIL) API wrapper: nesting counter, optional trace, then the implementation. Sources: its Miles Sound System debug-trace string (the wrapper prints its own name and arguments); Miles public API name. Facts (tools/check_names.py): str:AIL_redbook_resume(.
FUNC	885a0	AIL_redbook_pause	undefined AIL_redbook_pause(void)	[NAME] Name recovered. Miles Sound System (AIL) API wrapper: nesting counter, optional trace, then the implementation. Sources: its Miles Sound System debug-trace string (the wrapper prints its own name and arguments); Miles public API name. Facts (tools/check_names.py): str:AIL_redbook_pause(.
FUNC	886a0	AIL_redbook_stop	undefined AIL_redbook_stop(void)	[NAME] Name recovered. Miles Sound System (AIL) API wrapper: nesting counter, optional trace, then the implementation. Sources: its Miles Sound System debug-trace string (the wrapper prints its own name and arguments); Miles public API name. Facts (tools/check_names.py): str:AIL_redbook_stop(.
FUNC	887a0	AIL_redbook_play	undefined AIL_redbook_play(void)	[NAME] Name recovered. Miles Sound System (AIL) API wrapper: nesting counter, optional trace, then the implementation. Sources: its Miles Sound System debug-trace string (the wrapper prints its own name and arguments); Miles public API name. Facts (tools/check_names.py): str:AIL_redbook_play(.
FUNC	889c0	AIL_redbook_position	undefined AIL_redbook_position(void)	[NAME] Name recovered. Miles Sound System (AIL) API wrapper: nesting counter, optional trace, then the implementation. Sources: its Miles Sound System debug-trace string (the wrapper prints its own name and arguments); Miles public API name. Facts (tools/check_names.py): str:AIL_redbook_position(.
FUNC	88bc0	AIL_redbook_track_info	undefined AIL_redbook_track_info(void)	[NAME] Name recovered. Miles Sound System (AIL) API wrapper: nesting counter, optional trace, then the implementation. Sources: its Miles Sound System debug-trace string (the wrapper prints its own name and arguments); Miles public API name. Facts (tools/check_names.py): str:AIL_redbook_track_info(.
FUNC	88cb0	AIL_redbook_tracks	undefined AIL_redbook_tracks(void)	[NAME] Name recovered. Miles Sound System (AIL) API wrapper: nesting counter, optional trace, then the implementation. Sources: its Miles Sound System debug-trace string (the wrapper prints its own name and arguments); Miles public API name. Facts (tools/check_names.py): str:AIL_redbook_tracks(.
FUNC	88db0	AIL_redbook_status	undefined AIL_redbook_status(void)	[NAME] Name recovered. Miles Sound System (AIL) API wrapper: nesting counter, optional trace, then the implementation. Sources: its Miles Sound System debug-trace string (the wrapper prints its own name and arguments); Miles public API name. Facts (tools/check_names.py): str:AIL_redbook_status(.
FUNC	88eb0	AIL_redbook_retract	undefined AIL_redbook_retract(void)	[NAME] Name recovered. Miles Sound System (AIL) API wrapper: nesting counter, optional trace, then the implementation. Sources: its Miles Sound System debug-trace string (the wrapper prints its own name and arguments); Miles public API name. Facts (tools/check_names.py): str:AIL_redbook_retract(.
FUNC	88f60	AIL_redbook_eject	undefined AIL_redbook_eject(void)	[NAME] Name recovered. Miles Sound System (AIL) API wrapper: nesting counter, optional trace, then the implementation. Sources: its Miles Sound System debug-trace string (the wrapper prints its own name and arguments); Miles public API name. Facts (tools/check_names.py): str:AIL_redbook_eject(.
FUNC	89010	AIL_redbook_close	undefined AIL_redbook_close(void)	[NAME] Name recovered. Miles Sound System (AIL) API wrapper: nesting counter, optional trace, then the implementation. Sources: its Miles Sound System debug-trace string (the wrapper prints its own name and arguments); Miles public API name. Facts (tools/check_names.py): str:AIL_redbook_close(.
FUNC	890c0	AIL_redbook_open	undefined AIL_redbook_open(void)	[NAME] Name recovered. Miles Sound System (AIL) API wrapper: nesting counter, optional trace, then the implementation. Sources: its Miles Sound System debug-trace string (the wrapper prints its own name and arguments); Miles public API name. Facts (tools/check_names.py): str:AIL_redbook_open(.
FUNC	8bf50	AIL_sample_user_data	undefined AIL_sample_user_data(void)	[NAME] Name recovered. Miles Sound System (AIL) API wrapper: nesting counter, optional trace, then the implementation. Sources: its Miles Sound System debug-trace string (the wrapper prints its own name and arguments); Miles public API name. Facts (tools/check_names.py): str:AIL_sample_user_data(.
FUNC	8c060	AIL_set_sample_user_data	undefined AIL_set_sample_user_data(void)	[NAME] Name recovered. Miles Sound System (AIL) API wrapper: nesting counter, optional trace, then the implementation. Sources: its Miles Sound System debug-trace string (the wrapper prints its own name and arguments); Miles public API name. Facts (tools/check_names.py): str:AIL_set_sample_user_data(.
FUNC	8c870	AIL_load_sample_buffer	undefined AIL_load_sample_buffer(void)	[NAME] Name recovered. Miles Sound System (AIL) API wrapper: nesting counter, optional trace, then the implementation. Sources: its Miles Sound System debug-trace string (the wrapper prints its own name and arguments); Miles public API name. Facts (tools/check_names.py): str:AIL_load_sample_buffer(.
FUNC	8c960	AIL_sample_buffer_ready	undefined AIL_sample_buffer_ready(void)	[NAME] Name recovered. Miles Sound System (AIL) API wrapper: nesting counter, optional trace, then the implementation. Sources: its Miles Sound System debug-trace string (the wrapper prints its own name and arguments); Miles public API name. Facts (tools/check_names.py): str:AIL_sample_buffer_ready(.
FUNC	8cf00	AIL_set_digital_master_volume	undefined AIL_set_digital_master_volume(void)	[NAME] Name recovered. Miles Sound System (AIL) API wrapper: nesting counter, optional trace, then the implementation. Sources: its Miles Sound System debug-trace string (the wrapper prints its own name and arguments); Miles public API name. Facts (tools/check_names.py): str:AIL_set_digital_master_volume(.
FUNC	8d3c0	AIL_sample_status	undefined AIL_sample_status(void)	[NAME] Name recovered. Miles Sound System (AIL) API wrapper: nesting counter, optional trace, then the implementation. Sources: its Miles Sound System debug-trace string (the wrapper prints its own name and arguments); Miles public API name. Facts (tools/check_names.py): str:AIL_sample_status(.
FUNC	8d590	AIL_set_sample_loop_count	undefined AIL_set_sample_loop_count(void)	[NAME] Name recovered. Miles Sound System (AIL) API wrapper: nesting counter, optional trace, then the implementation. Sources: its Miles Sound System debug-trace string (the wrapper prints its own name and arguments); Miles public API name. Facts (tools/check_names.py): str:AIL_set_sample_loop_count(.
FUNC	8d650	AIL_set_sample_pan	undefined AIL_set_sample_pan(void)	[NAME] Name recovered. Miles Sound System (AIL) API wrapper: nesting counter, optional trace, then the implementation. Sources: its Miles Sound System debug-trace string (the wrapper prints its own name and arguments); Miles public API name. Facts (tools/check_names.py): str:AIL_set_sample_pan(.
FUNC	8d710	AIL_set_sample_volume	undefined AIL_set_sample_volume(void)	[NAME] Name recovered. Miles Sound System (AIL) API wrapper: nesting counter, optional trace, then the implementation. Sources: its Miles Sound System debug-trace string (the wrapper prints its own name and arguments); Miles public API name. Facts (tools/check_names.py): str:AIL_set_sample_volume(.
FUNC	8d7d0	AIL_set_sample_playback_rate	undefined AIL_set_sample_playback_rate(void)	[NAME] Name recovered. Miles Sound System (AIL) API wrapper: nesting counter, optional trace, then the implementation. Sources: its Miles Sound System debug-trace string (the wrapper prints its own name and arguments); Miles public API name. Facts (tools/check_names.py): str:AIL_set_sample_playback_rate(.
FUNC	8d890	AIL_end_sample	undefined AIL_end_sample(void)	[NAME] Name recovered. Miles Sound System (AIL) API wrapper: nesting counter, optional trace, then the implementation. Sources: its Miles Sound System debug-trace string (the wrapper prints its own name and arguments); Miles public API name. Facts (tools/check_names.py): str:AIL_end_sample(.
FUNC	8daa0	AIL_start_sample	undefined AIL_start_sample(void)	[NAME] Name recovered. Miles Sound System (AIL) API wrapper: nesting counter, optional trace, then the implementation. Sources: its Miles Sound System debug-trace string (the wrapper prints its own name and arguments); Miles public API name. Facts (tools/check_names.py): str:AIL_start_sample(.
FUNC	8db50	AIL_set_sample_type	undefined AIL_set_sample_type(void)	[NAME] Name recovered. Miles Sound System (AIL) API wrapper: nesting counter, optional trace, then the implementation. Sources: its Miles Sound System debug-trace string (the wrapper prints its own name and arguments); Miles public API name. Facts (tools/check_names.py): str:AIL_set_sample_type(.
FUNC	8dc20	AIL_set_sample_address	undefined AIL_set_sample_address(void)	[NAME] Name recovered. Miles Sound System (AIL) API wrapper: nesting counter, optional trace, then the implementation. Sources: its Miles Sound System debug-trace string (the wrapper prints its own name and arguments); Miles public API name. Facts (tools/check_names.py): str:AIL_set_sample_address(.
FUNC	8dcf0	AIL_set_sample_file	undefined AIL_set_sample_file(void)	[NAME] Name recovered. Miles Sound System (AIL) API wrapper: nesting counter, optional trace, then the implementation. Sources: its Miles Sound System debug-trace string (the wrapper prints its own name and arguments); Miles public API name. Facts (tools/check_names.py): str:AIL_set_sample_file(.
FUNC	8de10	AIL_init_sample	undefined AIL_init_sample(void)	[NAME] Name recovered. Miles Sound System (AIL) API wrapper: nesting counter, optional trace, then the implementation. Sources: its Miles Sound System debug-trace string (the wrapper prints its own name and arguments); Miles public API name. Facts (tools/check_names.py): str:AIL_init_sample(.
FUNC	8dec0	AIL_release_sample_handle	undefined AIL_release_sample_handle(void)	[NAME] Name recovered. Miles Sound System (AIL) API wrapper: nesting counter, optional trace, then the implementation. Sources: its Miles Sound System debug-trace string (the wrapper prints its own name and arguments); Miles public API name. Facts (tools/check_names.py): str:AIL_release_sample_handle(.
FUNC	8e090	AIL_allocate_sample_handle	undefined AIL_allocate_sample_handle(void)	[NAME] Name recovered. Miles Sound System (AIL) API wrapper: nesting counter, optional trace, then the implementation. Sources: its Miles Sound System debug-trace string (the wrapper prints its own name and arguments); Miles public API name. Facts (tools/check_names.py): str:AIL_allocate_sample_handle(.
FUNC	8e240	AIL_install_DIG_driver_file	undefined AIL_install_DIG_driver_file(void)	[NAME] Name recovered. Miles Sound System (AIL) API wrapper: nesting counter, optional trace, then the implementation. Sources: its Miles Sound System debug-trace string (the wrapper prints its own name and arguments); Miles public API name. Facts (tools/check_names.py): str:AIL_install_DIG_driver_file(.
FUNC	8e350	AIL_install_DIG_INI	undefined AIL_install_DIG_INI(void)	[NAME] Name recovered. Miles Sound System (AIL) API wrapper: nesting counter, optional trace, then the implementation. Sources: its Miles Sound System debug-trace string (the wrapper prints its own name and arguments); Miles public API name. Facts (tools/check_names.py): str:AIL_install_DIG_INI(.
FUNC	8e450	AIL_uninstall_driver	undefined AIL_uninstall_driver(void)	[NAME] Name recovered. Miles Sound System (AIL) API wrapper: nesting counter, optional trace, then the implementation. Sources: its Miles Sound System debug-trace string (the wrapper prints its own name and arguments); Miles public API name. Facts (tools/check_names.py): str:AIL_uninstall_driver(.
FUNC	8e500	AIL_install_driver	undefined AIL_install_driver(void)	[NAME] Name recovered. Miles Sound System (AIL) API wrapper: nesting counter, optional trace, then the implementation. Sources: its Miles Sound System debug-trace string (the wrapper prints its own name and arguments); Miles public API name. Facts (tools/check_names.py): str:AIL_install_driver(.
FUNC	8e610	AIL_get_IO_environment	undefined AIL_get_IO_environment(void)	[NAME] Name recovered. Miles Sound System (AIL) API wrapper: nesting counter, optional trace, then the implementation. Sources: its Miles Sound System debug-trace string (the wrapper prints its own name and arguments); Miles public API name. Facts (tools/check_names.py): str:AIL_get_IO_environment(.
FUNC	8e710	AIL_release_all_timers	undefined AIL_release_all_timers(void)	[NAME] Name recovered. Miles Sound System (AIL) API wrapper: nesting counter, optional trace, then the implementation. Sources: its Miles Sound System debug-trace string (the wrapper prints its own name and arguments); Miles public API name. Facts (tools/check_names.py): str:AIL_release_all_timers(.
FUNC	8e790	AIL_release_timer_handle	undefined AIL_release_timer_handle(void)	[NAME] Name recovered. Miles Sound System (AIL) API wrapper: nesting counter, optional trace, then the implementation. Sources: its Miles Sound System debug-trace string (the wrapper prints its own name and arguments); Miles public API name. Facts (tools/check_names.py): str:AIL_release_timer_handle(.
FUNC	8e9f0	AIL_start_timer	undefined AIL_start_timer(void)	[NAME] Name recovered. Miles Sound System (AIL) API wrapper: nesting counter, optional trace, then the implementation. Sources: its Miles Sound System debug-trace string (the wrapper prints its own name and arguments); Miles public API name. Facts (tools/check_names.py): str:AIL_start_timer(.
FUNC	8ec40	AIL_set_timer_frequency	undefined AIL_set_timer_frequency(void)	[NAME] Name recovered. Miles Sound System (AIL) API wrapper: nesting counter, optional trace, then the implementation. Sources: its Miles Sound System debug-trace string (the wrapper prints its own name and arguments); Miles public API name. Facts (tools/check_names.py): str:AIL_set_timer_frequency(.
FUNC	8ed00	AIL_set_timer_period	undefined AIL_set_timer_period(void)	[NAME] Name recovered. Miles Sound System (AIL) API wrapper: nesting counter, optional trace, then the implementation. Sources: its Miles Sound System debug-trace string (the wrapper prints its own name and arguments); Miles public API name. Facts (tools/check_names.py): str:AIL_set_timer_period(.
FUNC	8edc0	AIL_set_timer_user	undefined AIL_set_timer_user(void)	[NAME] Name recovered. Miles Sound System (AIL) API wrapper: nesting counter, optional trace, then the implementation. Sources: its Miles Sound System debug-trace string (the wrapper prints its own name and arguments); Miles public API name. Facts (tools/check_names.py): str:AIL_set_timer_user(.
FUNC	8eed0	AIL_register_timer	undefined AIL_register_timer(void)	[NAME] Name recovered. Miles Sound System (AIL) API wrapper: nesting counter, optional trace, then the implementation. Sources: its Miles Sound System debug-trace string (the wrapper prints its own name and arguments); Miles public API name. Facts (tools/check_names.py): str:AIL_register_timer(.
FUNC	8efd0	AIL_API_read_INI	undefined AIL_API_read_INI(void)	[NAME] Name recovered. Miles Sound System (AIL) API wrapper: nesting counter, optional trace, then the implementation. Sources: its Miles Sound System debug-trace string (the wrapper prints its own name and arguments); Miles public API name. Facts (tools/check_names.py): str:AIL_API_read_INI(.
FUNC	8f310	AIL_delay	undefined AIL_delay(void)	[NAME] Name recovered. Miles Sound System (AIL) API wrapper: nesting counter, optional trace, then the implementation. Sources: its Miles Sound System debug-trace string (the wrapper prints its own name and arguments); Miles public API name. Facts (tools/check_names.py): str:AIL_delay(.
FUNC	8f3c0	AIL_call_driver	undefined AIL_call_driver(void)	[NAME] Name recovered. Miles Sound System (AIL) API wrapper: nesting counter, optional trace, then the implementation. Sources: its Miles Sound System debug-trace string (the wrapper prints its own name and arguments); Miles public API name. Facts (tools/check_names.py): str:AIL_call_driver(.\n\n[DOCS_SYNC]\n[docs/engine.md > DOS builds: no joystick code **[verified]**] Its only caller, `AIL_call_driver` (`0x8f3c0`), prints the `AIL_call_driver(...)` trace string.
FUNC	8f510	AIL_restore_USE16_ISR	undefined AIL_restore_USE16_ISR(void)	[NAME] Name recovered. Miles Sound System (AIL) API wrapper: nesting counter, optional trace, then the implementation. Sources: its Miles Sound System debug-trace string (the wrapper prints its own name and arguments); Miles public API name. Facts (tools/check_names.py): str:AIL_restore_USE16_ISR(.
FUNC	8f690	AIL_set_real_vect	undefined AIL_set_real_vect(void)	[NAME] Name recovered. Miles Sound System (AIL) API wrapper: nesting counter, optional trace, then the implementation. Sources: its Miles Sound System debug-trace string (the wrapper prints its own name and arguments); Miles public API name. Facts (tools/check_names.py): str:AIL_set_real_vect(.
FUNC	8f750	AIL_get_real_vect	undefined AIL_get_real_vect(void)	[NAME] Name recovered. Miles Sound System (AIL) API wrapper: nesting counter, optional trace, then the implementation. Sources: its Miles Sound System debug-trace string (the wrapper prints its own name and arguments); Miles public API name. Facts (tools/check_names.py): str:AIL_get_real_vect(.
FUNC	8f870	AIL_set_preference	undefined AIL_set_preference(void)	[NAME] Name recovered. Miles Sound System (AIL) API wrapper: nesting counter, optional trace, then the implementation. Sources: its Miles Sound System debug-trace string (the wrapper prints its own name and arguments); Miles public API name. Facts (tools/check_names.py): str:AIL_set_preference(.
FUNC	8f980	AIL_set_driver_directory	undefined AIL_set_driver_directory(void)	[NAME] Name recovered. Miles Sound System (AIL) API wrapper: nesting counter, optional trace, then the implementation. Sources: its Miles Sound System debug-trace string (the wrapper prints its own name and arguments); Miles public API name. Facts (tools/check_names.py): str:AIL_set_driver_directory(.
FUNC	8fa80	AIL_shutdown	undefined AIL_shutdown(void)	[NAME] Name recovered. Miles Sound System (AIL) API wrapper: nesting counter, optional trace, then the implementation. Sources: its Miles Sound System debug-trace string (the wrapper prints its own name and arguments); Miles public API name. Facts (tools/check_names.py): str:AIL_shutdown(.
FUNC	8ffda	__CHK	undefined __CHK(void)	Watcom 10.6 runtime: __CHK (module stk386, 16 bytes, full match; dreamsfx.csv).
FUNC	8ffed	__STK	undefined __STK(void)	Watcom 10.6 runtime: __STK (module stk386, 30 bytes, full match; dreamsfx.csv).
FUNC	90020	HNM6_Init_All_16	undefined HNM6_Init_All_16(void)	[NAME] Name recovered. CryoLib HNM6 decoder linked into the game; see docs/cryolib.md. Sources: WINDREAM.EXE 0045c2a0 HNM6_Init_All_16 via match_functions (caller 1.00, callees 3/3). Facts (tools/check_names.py): size:16.\n\n[DOCS_SYNC]\n[docs/cryolib.md > The game carries CryoLib's HNM6 decoder **[verified]**] | `0x45c2a0` `HNM6_Init_All_16` | `0x1002abf9` | byte-identical | export `_GL_HNM6_Init_All_16@0` wraps it |
FUNC	90030	HNM6_Init_All_15	undefined HNM6_Init_All_15(void)	[NAME] Name recovered. CryoLib HNM6 decoder linked into the game; see docs/cryolib.md. Sources: WINDREAM.EXE 0045c2b0 HNM6_Init_All_15 via match_functions (caller 1.00, callees 3/3). Facts (tools/check_names.py): size:16.\n\n[DOCS_SYNC]\n[docs/cryolib.md > The game carries CryoLib's HNM6 decoder **[verified]**] | `0x45c2b0` `HNM6_Init_All_15` | `0x1002ac09` | byte-identical | export `_GL_HNM6_Init_All_15@0` wraps it |
FUNC	90040	HNM6_DecompressFrame	undefined HNM6_DecompressFrame(void)	[NAME] CryoLib code. CryoLib HNM6 decoder linked into the game; see docs/cryolib.md. Sources: WINDREAM.EXE 0045c2c0 HNM6_DecompressFrame via match_functions (code 1.00, callees 4/4). Facts (tools/check_names.py): call:000a66f4; call:000a7804.\n\n[DOCS_SYNC]\n[docs/cryolib.md > The game carries CryoLib's HNM6 decoder **[verified]**] The game calls them: its frame routine `VID_BlitHnm6Frame` (`0x4268ac`) runs `HNM6_DecompressFrame`, then copies the 640×304×2 (`0x5F000`) frame into `g_frameBuffer`.\n\n[docs/cryolib.md > The game carries CryoLib's HNM6 decoder **[verified]**] | `0x45c2c0` `HNM6_DecompressFrame` | `0x1002ac1c` | byte-identical | descriptive: version-6 branch of `GL_dcpt_one_frame_ubb` |\n\n[docs/hnm-video.md > Cryo's own `CM6_*x16.dll` — found **[verified]**] `HNM6_DecompressFrame` is at `0x45c2c0` in `WINDREAM.EXE`; see [cryolib.md](cryolib.md), *The game carries CryoLib's HNM6 decoder*.\n\n[PORT_MAP] adapted | unverified\nopendreams/shared/port/hnm6.cpp :: od::port::Hnm6Decoder::decode\nRemaining: Audit the DOS direct call closure and full disc corpus. Verify reduced-IDCT U low bits and optional RGB16 block-copy branch.\nOwner reviewed: no
FUNC	9033a	VID_DecodeSdPcm	undefined VID_DecodeSdPcm(void)	[NAME] Descriptive name. Expands SD delta codes to interleaved stereo PCM using two persistent 16-bit predictors. Sources: docs/hnm-video.md; comment-stripped Decompile.java review 2026-09-27. Facts (tools/check_names.py): size:67; caller:0004d364.\n\n[PORT_MAP] adapted | complete\nopendreams/shared/port/video_audio.cpp :: od::port::VideoDpcm::decode_sd\nOwner reviewed: no
FUNC	908f0	_heapshrink_	int _heapshrink_(void)	Watcom 10.6 runtime: _heapshrink_ (module nheapmin, 192 bytes, full match; dreamsfx.csv).
FUNC	90a4b	__NHeapWalk_	undefined __NHeapWalk_(void)	Watcom 10.6 runtime: __NHeapWalk_ (module nheapwal, 157 bytes, full match; dreamsfx.csv).
FUNC	90ae8	_lseek_	long _lseek_(int __handle, long __offset, int __origin)	Watcom 10.6 runtime: _lseek_ (module lseek, 67 bytes, full match; dreamsfx.csv).
FUNC	90b2b	strstr_	char * strstr_(char * __s1, char * __s2)	Watcom 10.6 runtime: strstr_ (module strstr, 190 bytes, full match; dreamsfx.csv).
FUNC	90bfc	vsprintf_	int vsprintf_(char * __s, char * __format, __va_list __arg)	Watcom 10.6 runtime: vsprintf_ (module vsprintf, 21 bytes, full match; dreamsfx.csv).
FUNC	90c11	strcmpi_	int strcmpi_(char * __s1, char * __s2)	Watcom 10.6 runtime: strcmpi_ (module stricmp, 71 bytes, full match; dreamsfx.csv).
FUNC	90c58	memmove_	void * memmove_(void * __s1, void * __s2, size_t __n)	Watcom 10.6 runtime: memmove_ (module memmove, 77 bytes, full match; dreamsfx.csv).
FUNC	90f7d	tell_	long tell_(int __handle)	Watcom 10.6 runtime: tell_ (module tell, 17 bytes, full match; dreamsfx.csv).
FUNC	90f8e	write_	int write_(int __handle, void * __buf, uint __len)	Watcom 10.6 runtime: write_ (module write, 192 bytes, full match; dreamsfx.csv).
FUNC	91163	realloc_	void * realloc_(void * __ptr, size_t __size)	Watcom 10.6 runtime: realloc_ (module nrealloc, 158 bytes, full match; dreamsfx.csv).
FUNC	91243	fseek_	int fseek_(FILE * __fp, long __offset, int __whence)	Watcom 10.6 runtime: fseek_ (module fseek, 192 bytes, full match; dreamsfx.csv).
FUNC	9133f	fread_	size_t fread_(void * __ptr, size_t __size, size_t __n, FILE * __fp)	Watcom 10.6 runtime: fread_ (module fread, 192 bytes, full match; dreamsfx.csv).
FUNC	9151a	chdir_	int chdir_(char * __path)	Watcom 10.6 runtime: chdir_ (module chdir, 33 bytes, full match; dreamsfx.csv).
FUNC	9153c	_dos_getdrive_	void _dos_getdrive_(uint * __drive)	Watcom 10.6 runtime: _dos_getdrive_ (module drive386, 20 bytes, full match; dreamsfx.csv).
FUNC	91550	_dos_setdrive_	void _dos_setdrive_(uint __drivenum, uint * __drives)	Watcom 10.6 runtime: _dos_setdrive_ (module drive386, 20 bytes, full match; dreamsfx.csv).
FUNC	915c5	vfscanf_	int vfscanf_(FILE * __fp, char * __format, __va_list __arg)	Watcom 10.6 runtime: vfscanf_, vsscanf_ (module sscanf, 39 bytes, full match; dreamsfx.csv).
FUNC	915ec	fscanf_	int fscanf_(FILE * __fp, char * __format, ...)	[NAME] Watcom runtime, identified by behaviour. fscanf: calls the library-matched vfscanf_. Sources: twin of WINDREAM.EXE 00477c35 fscanf_ (match_functions callee 1.00); same fprintf_ signature collision. Facts (tools/check_names.py): call:vfscanf_; size:33.\n\nWatcom 10.6 runtime: fprintf_, fscanf_, sscanf_ (module sscanf, 33 bytes, full match; dreamsfx.csv).\n\n[DOCS_SYNC]\n[docs/toolchain.md > Recovering runtime symbol names] `fprintf_|fscanf_|sscanf_`.
FUNC	9160d	ftell_	long ftell_(FILE * __fp)	Watcom 10.6 runtime: ftell_ (module ftell, 66 bytes, full match; dreamsfx.csv).
FUNC	9164f	floor_	undefined floor_(void)	Watcom 10.6 runtime: floor_ (module floor, 60 bytes, full match; dreamsfx.csv).
FUNC	9168b	ceil_	undefined ceil_(void)	Watcom 10.6 runtime: ceil_ (module ceil, 27 bytes, full match; dreamsfx.csv).
FUNC	916b7	__fprtf_	undefined __fprtf_(void)	Watcom 10.6 runtime: __fprtf_ (module fprtf, 127 bytes, full match; dreamsfx.csv).
FUNC	91740	REND_CullObjectSphere	undefined REND_CullObjectSphere(void)	[NAME] Descriptive name. Tests the node's bounding sphere (+0xb0) against four frustum planes and the near/far depths; sets +0x0c bits 8 (outside), 0x20, 0x40 (crosses near/far). Sources: WINDREAM.EXE 00478980 REND_CullObjectSphere via match_functions (caller 0.79, callees 1/1). Facts (tools/check_names.py): caller:00096178.
FUNC	91984	REND_TransformClipVertices	undefined REND_TransformClipVertices(void)	[NAME] Descriptive name. Transforms vertices (+0x80, count +0x7c, stride 0x28) to camera space with clip outcodes. Sources: WINDREAM.EXE 00478c2c REND_TransformClipVertices via match_functions (caller 0.63, callees 1/1). Facts (tools/check_names.py): caller:00096178.\n\n[DOCS_SYNC]\n[docs/engine.md > What the game reads from the renderer **[verified]**] The render stage in `WINDREAM.EXE` writes, per node: composed camera-space rotation (`+0x58..+0x78`) and translation (`+0x4c..+0x54`) in `REND_DrawObject` (`0x47e498`); cull bits in `+0x0c` (`0x478980`); per-vertex camera-space xyz (`+0x10`), screen x/y (`+0x1c`/`+0x20`), `K/z` (`+0x24`) and outcode flags (`+0x00`) in `REND_TransformClipVertices` (`0x478c2c`), `REND_ProjectVertices` (`0x47b228`, the main projection of `0x40`-flagged vertices) and `REND_ProjectSharedVertices` (`0x478dac`, the parent's `0x80`-flagged shared vertices used by bridging children); clipped polygons, lighting and env…\n\n[docs/models.md > Addresses, and the 220] The `0x14` was pinned from the binary, not guessed: `REND_TransformClipVertices` (`0x478c2c`) reads the vertex count at node `+0x7c` and the array at node `+0x80` with stride `0x28`, which are exactly `+0x90` and `+0x94` of this header.\n\n[docs/models.md > Engine Evaluation Math in `WINDREAM.EXE` [verified]] - `REND_TransformClipVertices` (`0x478c2c`) rigidly transforms every vertex of the node by the node matrix (there is no skinning or deformation) into camera space, and `REND_ProjectVertices` (`0x47b228`) projects the vertices flagged `0x40` to screen (`K/z`, x, y, outcodes). `REND_ProjectSharedVertices` (`0x478dac`) does both steps for the parent's vertices flagged `0x80`, the ones bridging children borrow, using the parent's matrix. $$V_{world} = ((R_{world} \times V_{local}) \gg 15) + T_{world}$$
FUNC	91b28	REND_ProjectVertices	undefined REND_ProjectVertices(void)	[NAME] Descriptive name. Transforms flagged vertices and projects them to screen. Sources: WINDREAM.EXE 00478dac REND_ProjectVertices via match_functions (caller 0.77, callees 1/1). Facts (tools/check_names.py): caller:00096178.\n\n[DOCS_SYNC]\n[docs/engine.md > What the game reads from the renderer **[verified]**] The render stage in `WINDREAM.EXE` writes, per node: composed camera-space rotation (`+0x58..+0x78`) and translation (`+0x4c..+0x54`) in `REND_DrawObject` (`0x47e498`); cull bits in `+0x0c` (`0x478980`); per-vertex camera-space xyz (`+0x10`), screen x/y (`+0x1c`/`+0x20`), `K/z` (`+0x24`) and outcode flags (`+0x00`) in `REND_TransformClipVertices` (`0x478c2c`), `REND_ProjectVertices` (`0x47b228`, the main projection of `0x40`-flagged vertices) and `REND_ProjectSharedVertices` (`0x478dac`, the parent's `0x80`-flagged shared vertices used by bridging children); clipped polygons, lighting and env…\n\n[docs/models.md > Engine Evaluation Math in `WINDREAM.EXE` [verified]] - `REND_TransformClipVertices` (`0x478c2c`) rigidly transforms every vertex of the node by the node matrix (there is no skinning or deformation) into camera space, and `REND_ProjectVertices` (`0x47b228`) projects the vertices flagged `0x40` to screen (`K/z`, x, y, outcodes). `REND_ProjectSharedVertices` (`0x478dac`) does both steps for the parent's vertices flagged `0x80`, the ones bridging children borrow, using the parent's matrix. $$V_{world} = ((R_{world} \times V_{local}) \gg 15) + T_{world}$$\n\n[docs/north-star.md > The renderer is free] Glide 2 takes screen-space vertices, so the 3dfx hook received geometry already transformed, projected, lit and clipped by the engine in fixed point for a 640x480 viewport (`REND_ProjectVertices`, `0x47b228`).
FUNC	91d00	REND_ComputeNormalDots	undefined REND_ComputeNormalDots(void)	[NAME] Descriptive name. For each 16-byte face normal (+0x98, count +0x94) stores n . eye in its fourth word, the value REND_CullFaces compares with the face's plane distance. Sources: WINDREAM.EXE 00478f80 REND_ComputeNormalDots via match_functions (caller 0.88, callees 1/1). Facts (tools/check_names.py): caller:00096178.
FUNC	9209c	REND_ClipFaceNear	undefined REND_ClipFaceNear(void)	[NAME] Descriptive name. Splits a face with one or two vertices behind the near plane (outcode 0x10) into new faces with interpolated UVs, pushed on the block's visible list. Sources: WINDREAM.EXE 00479320 REND_ClipFaceNear via match_functions (caller 0.71, callees 3/3). Facts (tools/check_names.py): size:5848.
FUNC	93774	REND_CullFaces	undefined REND_CullFaces(void)	[NAME] Descriptive name. Per face block: visible list = records; back-face test (normal eye_dot - face +0x30) and outcode rejection; near-crossing faces go to REND_ClipFaceNear, the rest flag their vertices 0x40. Sources: WINDREAM.EXE 0047b0bc REND_CullFaces via match_functions (callee 0.68, callees 1/1). Facts (tools/check_names.py): caller:00096178.\n\n[DOCS_SYNC]\n[docs/scene-geometry.md > The records, from the code that reads them] | `+0x00` | flags: 1 culled, 2 skipped, 8 recompute the normal | `REND_CullFaces` (`0x47b0bc`), rasterizers |\n\n[docs/scene-geometry.md > The records, from the code that reads them] | `+0x04` | next face in the block's visible list | the "self-pointer stepping by 68"; `REND_CullFaces` walks it |
FUNC	93cf0	REND_LightObject	undefined REND_LightObject(void)	[NAME] Descriptive name. Per-object lighting: light attenuation, flat/Gouraud shades. Sources: WINDREAM.EXE 0047b7e0 REND_LightObject via match_functions (slot 0.54, callees 6/6). Facts (tools/check_names.py): caller:00096178.\n\n[DOCS_SYNC]\n[docs/lighting.md > Light records and object shading] `REND_LightObject` (`0x47b7e0`) uses face/corner normals, full strength inside the inner radius, zero at/after the outer radius and attenuation between them.\n\n[docs/localized-build-symbols.md > What survived] | `Build_Obj_Lights_` | `0047b880` | `0047c580` | `0047b7e0` | `REND_LightObject` |\n\n[docs/models.md > Textures] The row is chosen at **runtime**: `WINDREAM.EXE` selects `31 - shade`, the shade coming from lighting in `REND_LightObject` (`0x47b7e0`).
FUNC	95d54	REND_ComputeEnvMapUVs	undefined REND_ComputeEnvMapUVs(void)	[NAME] Descriptive name. Sphere environment mapping: each visible face's UVs become the view-space corner normal scaled to texels, centred on 128.0 (0x800000). Runs when node +0x0d bit 8 is set. Sources: WINDREAM.EXE 0047e094 REND_ComputeEnvMapUVs via match_functions (caller 0.69, callees 1/1). Facts (tools/check_names.py): caller:00096178.\n\n[DOCS_SYNC]\n[docs/localized-build-symbols.md > What survived] | `Build_Obj_Env_Mapping_` | `0047e134` | `0047ef00` | `0047e094` | `REND_ComputeEnvMapUVs` |
FUNC	96178	REND_DrawObject	undefined REND_DrawObject(void)	[NAME] Descriptive name. Per-object render step. Sources: WINDREAM.EXE 0047e498 REND_DrawObject via match_functions (caller 0.93, callees 12/12). Facts (tools/check_names.py): call:00081258; caller:000963fc.\n\n[DOCS_SYNC]\n[docs/binary-edition-comparison.md > Which function differences look real?] The heuristic also placed Spanish `REND_DrawObject` at `0047f4cf`, whereas its surviving OMF `PUBDEF` names the true entry `0047f304`.\n\n[docs/engine.md > Renderer backends — a link-time choice with one hook **[verified]**] | per-object caller | `REND_DrawObject` `0x96178` | `REND_DrawObject` `0x47e498` |\n\n[docs/engine.md > Renderer backends — a link-time choice with one hook **[verified]**] - `REND_DrawObject` calls `(*hook)(object)` unless object flag `+0x0d & 0x10` is set. Every hook walks the object's face list at `+0xa4` and switches on the face type (`0x16`, `0x17`, `0x1c`, … and negative codes). Node `+0xc4` is the light count (`+0xc8` holds the light indices); when it is 0, `SW_DrawObjectFaces` rewrites face types `0x16`/`0x19` to `0x18`. An earlier revision called `+0xc4` and `+0xd0` vertex arrays; the vertex array is at `+0x80` (count `+0x7c`, `0x28` bytes each). Node `+0xd0` is the uniform shade used when its light count is zero; see *Lighting inputs* below.\n\n[docs/engine.md > What the game reads from the renderer **[verified]**] The render stage in `WINDREAM.EXE` writes, per node: composed camera-space rotation (`+0x58..+0x78`) and translation (`+0x4c..+0x54`) in `REND_DrawObject` (`0x47e498`); cull bits in `+0x0c` (`0x478980`); per-vertex camera-space xyz (`+0x10`), screen x/y (`+0x1c`/`+0x20`), `K/z` (`+0x24`) and outcode flags (`+0x00`) in `REND_TransformClipVertices` (`0x478c2c`), `REND_ProjectVertices` (`0x47b228`, the main projection of `0x40`-flagged vertices) and `REND_ProjectSharedVertices` (`0x478dac`, the parent's `0x80`-flagged shared vertices used by bridging children); clipped polygons, lighting and env…\n\n[docs/file-formats.md > `.DAN` — character and prop models (`DANF`)] Verified across 15,084 tracks and 142,806 keyframes in 780 clips from 159 distinct models with 0 invalid strides or nonmonotonic timestamps. - **Engine evaluation**: evaluated at runtime via Slerp (`MATH_QuatSlerp` (`0x45bf68`)) or Hermite spline, converted to local $3 \times 3$ rotation matrix (`MATH_QuatToMatrix` (`0x45bc28`)), and composed down the skeletal hierarchy (`REND_DrawObject` (`0x47e498`) via `MATH_MulMat3` (`0x45b86c`)).\n\n[docs/localized-build-symbols.md > What survived] | `Process_Obj_` | `0047e538` | `0047f304` | `0047e498` | `REND_DrawObject` |\n\n[docs/models.md > World transforms] Order and rounding both come from `WINDREAM.EXE` — the multiply in `MATH_MulMat3` (`0x45b86c`) and the parent add in `REND_DrawObject` (`0x47e498`).\n\n[docs/models.md > Engine Evaluation Math in `WINDREAM.EXE` [verified]] 3. **Hierarchical Transform Composition (`REND_DrawObject` (`0x47e498`))**:
FUNC	963fc	REND_DrawScene	undefined REND_DrawScene(void)	[NAME] Descriptive name. Walks the object tree and draws each node. Sources: WINDREAM.EXE 0047e700 REND_DrawScene via match_functions (caller 0.64, callees 4/4). Facts (tools/check_names.py): call:00096178.\n\n[DOCS_SYNC]\n[docs/localized-build-symbols.md > What survived] | `Process_Hierarchie_` | `0047e7a0` | `0047f59c` | `0047e700` | `REND_DrawScene` |\n\n[docs/models.md > Skeletal Pose Evaluation [partially verified]] In `WINDREAM.EXE` (`REND_DrawObject` (`0x47e498`), called for each node by the scene walk `REND_DrawScene` (`0x47e700`)), the local node rotation $R_{\text{local}}$ is replaced by $R_{\text{anim}}$, and world transforms are composed down the scene-graph hierarchy: $$R_{\text{world}} = (R_{\text{parent}} \cdot R_{\text{child}}) \gg 15$$ $$T_{\text{world}} = ((R_{\text{parent}} \cdot T_{\text{child}}) \gg 15) + T_{\text{parent}}$$\n\n[docs/scene-placement.md > Why all 95 scenes use tag 1] `REND_DrawScene` / `REND_DrawObject` (`0x47e700` / `0x47e498`) compose the visual node hierarchy and submit its own faces.
FUNC	96a20	SW_CollectFaceTriangles	undefined SW_CollectFaceTriangles(void)	[NAME] Descriptive name. Collects face triangles instead of rasterizing. Sources: WINDREAM.EXE 00478800 by the hook pairing in docs/engine.md (dead branch of REND_DrawFrame, flag 0x10501c). Facts (tools/check_names.py): const:80; const:a4; size:350.\n\n[DOCS_SYNC]\n[docs/engine.md > Renderer backends — a link-time choice with one hook **[verified]**] - **Dead third branch, both builds.** The frame functions test a byte flag (`0x10501c` / `0x4ac8c8`); when set, the hook would be `SW_CollectFaceTriangles` (`0x96a20` / `0x478800`). Nothing writes either flag and both initialise to 0, which is why the decompiler drops the branch as unreachable. The hook collects face triangles into the buffer at `0x6808e4`/`0x6808e8` instead of rasterizing them.\n\n[docs/engine.md > Renderer backends — a link-time choice with one hook **[verified]**] - The build pairs above were first made by hand; `tools/match_functions.py` (see `re-setup.md`) recovers five of the six independently, including `REND_DrawFrame`/`REND_DrawFrameEx` by call-slot alignment. `SW_CollectFaceTriangles` is only ever stored as a pointer, so the call graph cannot reach it. `REND_DrawFrameEx` takes an object handle and, in `WINDREAM.EXE`, resolves it through `0x455358` before the common frame path; the 3dfx build's extra call to `0x6f634` is not yet traced.
FUNC	96b7e	__prtf_	undefined __prtf_(void)	Watcom 10.6 runtime: __prtf_ (module prtf, 192 bytes, full match; dreamsfx.csv).
FUNC	9775c	__CMain	undefined __CMain(void)	Watcom 10.6 runtime: __CMain (module cmain386, 79 bytes, full match; dreamsfx.csv).
FUNC	977ac	__InitRtns	undefined __InitRtns(void)	Watcom 10.6 runtime: __InitRtns (module inirt386, 75 bytes, full match; dreamsfx.csv).
FUNC	977f7	__FiniRtns	undefined __FiniRtns(void)	Watcom 10.6 runtime: __FiniRtns (module inirt386, 79 bytes, full match; dreamsfx.csv).
FUNC	97862	__sys_init_387_emulator	undefined __sys_init_387_emulator(void)	Watcom 10.6 runtime: __sys_init_387_emulator (module dosinite, 192 bytes, full match; dreamsfx.csv).
FUNC	979e7	__sys_fini_387_emulator	undefined __sys_fini_387_emulator(void)	Watcom 10.6 runtime: __sys_fini_387_emulator (module dosinite, 192 bytes, full match; dreamsfx.csv).
FUNC	97ac6	__init_8087_	undefined __init_8087_(void)	Watcom 10.6 runtime: __init_8087_ (module chk8087, 49 bytes, full match; dreamsfx.csv).
FUNC	97b01	__chk8087_	undefined __chk8087_(void)	Watcom 10.6 runtime: __chk8087_ (module chk8087, 74 bytes, full match; dreamsfx.csv).
FUNC	97b4c	__doserror_	undefined __doserror_(void)	Watcom 10.6 runtime: __doserror_ (module error386, 19 bytes, full match; dreamsfx.csv).
FUNC	97b60	IF@ACOS	undefined IF@ACOS(void)	Watcom 10.6 runtime: IF@ACOS (module acos387, 35 bytes, full match; dreamsfx.csv).
FUNC	97b90	IF@POW	undefined IF@POW(void)	Watcom 10.6 runtime: IF@POW (module pow387, 192 bytes, full match; dreamsfx.csv).
FUNC	97ce6	pow_	undefined pow_(void)	Watcom 10.6 runtime: pow_ (module pow387, 16 bytes, full match; dreamsfx.csv).
FUNC	97cf6	_mbsnccnt_	undefined _mbsnccnt_(void)	Watcom 10.6 runtime: _mbsnccnt_ (module mbncnt, 62 bytes, full match; dreamsfx.csv).
FUNC	97d34	_mbsnbcnt_	undefined _mbsnbcnt_(void)	Watcom 10.6 runtime: _mbsnbcnt_ (module mbncnt, 49 bytes, full match; dreamsfx.csv).
FUNC	97d65	_mbsninc_	undefined _mbsninc_(void)	Watcom 10.6 runtime: _mbsninc_ (module mbncnt, 25 bytes, full match; dreamsfx.csv).
FUNC	97d7e	__mbsninc_	undefined __mbsninc_(void)	Watcom 10.6 runtime: __mbsninc_ (module mbncnt, 69 bytes, full match; dreamsfx.csv).
FUNC	97dc3	_mbscat_	undefined _mbscat_(void)	Watcom 10.6 runtime: _mbscat_ (module mbscat, 81 bytes, full match; dreamsfx.csv).
FUNC	97e14	_mbscpy_	undefined _mbscpy_(void)	Watcom 10.6 runtime: _mbscpy_ (module mbscat, 31 bytes, full match; dreamsfx.csv).
FUNC	97e33	_mbsdup_	undefined _mbsdup_(void)	Watcom 10.6 runtime: _mbsdup_ (module mbscat, 65 bytes, full match; dreamsfx.csv).
FUNC	97e74	_mbsncat_	undefined _mbsncat_(void)	Watcom 10.6 runtime: _mbsncat_ (module mbscat, 93 bytes, full match; dreamsfx.csv).
FUNC	97ed1	_mbsnbcat_	undefined _mbsnbcat_(void)	Watcom 10.6 runtime: _mbsnbcat_ (module mbscat, 192 bytes, full match; dreamsfx.csv).
FUNC	97fc3	_mbsncpy_	undefined _mbsncpy_(void)	Watcom 10.6 runtime: _mbsncpy_ (module mbscat, 31 bytes, full match; dreamsfx.csv).
FUNC	97fe2	_mbsnbcpy_	undefined _mbsnbcpy_(void)	Watcom 10.6 runtime: _mbsnbcpy_ (module mbscat, 180 bytes, full match; dreamsfx.csv).
FUNC	98096	_mbptov_	undefined _mbptov_(void)	Watcom 10.6 runtime: _mbptov_ (module mbconv, 62 bytes, full match; dreamsfx.csv).
FUNC	980d4	_mbvtop_	undefined _mbvtop_(void)	Watcom 10.6 runtime: _mbvtop_ (module mbconv, 26 bytes, full match; dreamsfx.csv).
FUNC	980ee	__mbvtop_	undefined __mbvtop_(void)	Watcom 10.6 runtime: __mbvtop_ (module mbconv, 52 bytes, full match; dreamsfx.csv).
FUNC	9825d	isatty_	int isatty_(int __handle)	Watcom 10.6 runtime: isatty_ (module isatt, 39 bytes, full match; dreamsfx.csv).
FUNC	9829c	__set_EINVAL_	undefined __set_EINVAL_(void)	Watcom 10.6 runtime: __set_EINVAL_ (module seterrno, 16 bytes, full match; dreamsfx.csv).
FUNC	982c3	__set_errno_dos_	undefined __set_errno_dos_(void)	Watcom 10.6 runtime: __set_errno_dos_ (module dosret, 113 bytes, full match; dreamsfx.csv).
FUNC	98334	__IOMode_	undefined __IOMode_(void)	Watcom 10.6 runtime: __IOMode_ (module iomode, 85 bytes, full match; dreamsfx.csv).
FUNC	98389	__SetIOMode_	undefined __SetIOMode_(void)	Watcom 10.6 runtime: __SetIOMode_ (module iomode, 21 bytes, full match; dreamsfx.csv).
FUNC	9839e	__close_	undefined __close_(void)	Watcom 10.6 runtime: __close_ (module _clse, 53 bytes, full match; dreamsfx.csv).
FUNC	983d3	segread_	void segread_(SREGS * param_1)	Watcom 10.6 runtime: segread_ (module segread, 40 bytes, full match; dreamsfx.csv).
FUNC	983fb	__flush_	undefined __flush_(void)	Watcom 10.6 runtime: __flush_ (module flush, 192 bytes, full match; dreamsfx.csv).
FUNC	984d9	__flushall_	undefined __flushall_(void)	Watcom 10.6 runtime: __flushall_ (module flushall, 47 bytes, full match; dreamsfx.csv).
FUNC	98884	__MemAllocator	undefined __MemAllocator(void)	Watcom 10.6 runtime: __MemAllocator (module memalloc, 168 bytes, full match; dreamsfx.csv).
FUNC	9892c	__MemFree	undefined __MemFree(void)	Watcom 10.6 runtime: __MemFree (module memalloc, 192 bytes, full match; dreamsfx.csv).
FUNC	98a88	__FreeDPMIBlocks_	undefined __FreeDPMIBlocks_(void)	Watcom 10.6 runtime: __FreeDPMIBlocks_ (module grownear, 92 bytes, full match; dreamsfx.csv).
FUNC	98ae4	__ReAllocDPMIBlock_	undefined __ReAllocDPMIBlock_(void)	Watcom 10.6 runtime: __ReAllocDPMIBlock_ (module grownear, 192 bytes, full match; dreamsfx.csv).
FUNC	98c57	__LastFree_	undefined __LastFree_(void)	Watcom 10.6 runtime: __LastFree_ (module grownear, 192 bytes, full match; dreamsfx.csv).
FUNC	98e28	__ExpandDGROUP_	undefined __ExpandDGROUP_(void)	Watcom 10.6 runtime: __ExpandDGROUP_ (module grownear, 192 bytes, full match; dreamsfx.csv).
FUNC	99002	__allocfp_	undefined __allocfp_(void)	Watcom 10.6 runtime: __allocfp_ (module allocfp, 166 bytes, full match; dreamsfx.csv).
FUNC	990a8	__freefp_	undefined __freefp_(void)	Watcom 10.6 runtime: __freefp_ (module allocfp, 57 bytes, full match; dreamsfx.csv).
FUNC	990e1	__purgefp_	undefined __purgefp_(void)	Watcom 10.6 runtime: __purgefp_ (module allocfp, 30 bytes, full match; dreamsfx.csv).
FUNC	990ff	__chktty_	undefined __chktty_(void)	Watcom 10.6 runtime: __chktty_ (module chktty, 49 bytes, full match; dreamsfx.csv).
FUNC	99130	__ioalloc_	undefined __ioalloc_(void)	Watcom 10.6 runtime: __ioalloc_ (module ioalloc, 119 bytes, full match; dreamsfx.csv).
FUNC	991a7	__qwrite_	undefined __qwrite_(void)	Watcom 10.6 runtime: __qwrite_ (module qwrit, 116 bytes, full match; dreamsfx.csv).
FUNC	99227	fputc_	int fputc_(int __c, FILE * __fp)	Watcom 10.6 runtime: fputc_ (module fputc, 164 bytes, full match; dreamsfx.csv).
FUNC	992d2	__int386x_	undefined __int386x_(void)	Watcom 10.6 runtime: __int386x_ (module intxa386, 93 bytes, full match; dreamsfx.csv).
FUNC	9932f	_DoINTR_	undefined _DoINTR_(void)	Watcom 10.6 runtime: _DoINTR_ (module intxa386, 192 bytes, full match; dreamsfx.csv).
FUNC	996b0	__delay_init_	undefined __delay_init_(void)	Watcom 10.6 runtime: __delay_init_ (module delay, 50 bytes, full match; dreamsfx.csv).
FUNC	996e2	__delay_	undefined __delay_(void)	Watcom 10.6 runtime: __delay_ (module delay, 54 bytes, full match; dreamsfx.csv).
FUNC	99718	_getvideoconfig_	videoconfig * _getvideoconfig_(videoconfig * param_1)	Watcom 10.6 runtime: _getvideoconfig_ (module getconfr, 34 bytes, full match; dreamsfx.csv).
FUNC	9973a	_CalcNumPages_	undefined _CalcNumPages_(void)	Watcom 10.6 runtime: _CalcNumPages_ (module getconfr, 117 bytes, full match; dreamsfx.csv).
FUNC	997af	_GetState_	undefined _GetState_(void)	Watcom 10.6 runtime: _GetState_ (module getconfr, 192 bytes, full match; dreamsfx.csv).
FUNC	998db	_InitState_	undefined _InitState_(void)	Watcom 10.6 runtime: _InitState_ (module getconfr, 137 bytes, full match; dreamsfx.csv).
FUNC	99964	_GrInit_	undefined _GrInit_(void)	Watcom 10.6 runtime: _GrInit_ (module getconfr, 113 bytes, full match; dreamsfx.csv).
FUNC	999d5	_CursorOn_	undefined _CursorOn_(void)	Watcom 10.6 runtime: _CursorOn_ (module cursorr, 46 bytes, full match; dreamsfx.csv).
FUNC	99a03	_CursorOff_	undefined _CursorOff_(void)	Watcom 10.6 runtime: _CursorOff_ (module cursorr, 192 bytes, full match; dreamsfx.csv).
FUNC	99b30	_GraphMode	undefined _GraphMode(void)	Watcom 10.6 runtime: _GraphMode, _GraphMode_ (module devutilsr, 36 bytes, full match; dreamsfx.csv).
FUNC	99b54	_GrProlog	undefined _GrProlog(void)	Watcom 10.6 runtime: _GrProlog, _GrProlog_ (module devutilsr, 36 bytes, full match; dreamsfx.csv).
FUNC	99bc0	_getplotaction	undefined _getplotaction(void)	Watcom 10.6 runtime: _getplotaction, _getplotaction_ (module plotactnr, 44 bytes, full match; dreamsfx.csv).
FUNC	99bec	_setplotaction_	short _setplotaction_(short param_1)	Watcom 10.6 runtime: _setplotaction_ (module plotactnr, 81 bytes, full match; dreamsfx.csv).
FUNC	99c3d	_getfillmask_	uchar * _getfillmask_(uchar * param_1)	Watcom 10.6 runtime: _getfillmask_ (module fillmaskr, 42 bytes, full match; dreamsfx.csv).
FUNC	99c67	_setfillmask_	void _setfillmask_(uchar * param_1)	Watcom 10.6 runtime: _setfillmask_ (module fillmaskr, 119 bytes, full match; dreamsfx.csv).
FUNC	99ce5	_setcolor_	short _setcolor_(short param_1)	Watcom 10.6 runtime: _setcolor_ (module colorr, 30 bytes, full match; dreamsfx.csv).
FUNC	99d03	_L2setcolor_	undefined _L2setcolor_(void)	Watcom 10.6 runtime: _L2setcolor_ (module colorr, 30 bytes, full match; dreamsfx.csv).
FUNC	99d21	_L1Block_	undefined _L1Block_(void)	Watcom 10.6 runtime: _L1Block_ (module l1blockr, 73 bytes, full match; dreamsfx.csv).
FUNC	99d6a	getenv_	char * getenv_(char * __name)	Watcom 10.6 runtime: getenv_ (module getenv, 97 bytes, full match; dreamsfx.csv).
FUNC	9afe5	DPMI_SetRealModeVector	undefined DPMI_SetRealModeVector(void)	
FUNC	9b323	AIL_API_call_driver	undefined AIL_API_call_driver(void)	[NAME] Descriptive name. Implementation of AIL_call_driver: fills a DPMI real-mode register block and calls the driver through INT 31h function 0300h on interrupt 66h (the Miles real-mode driver interrupt). Sources: its caller AIL_call_driver (0008f3c0, recovered) wraps it; Miles names its implementation layer AIL_API_* (string AIL_API_read_INI in the binary); previously AIL_CallDriver. Facts (tools/check_names.py): caller:0008f3c0; const:300; const:66.\n\n[DOCS_SYNC]\n[docs/engine.md > DOS builds: no joystick code **[verified]**] What the DOS executable does touch: PIT `0x40/0x43` and `INT 21h` vector 08 (timer), port `0x60`, `INT 16h` and vector 09 (keyboard), PIC `0x20`, VGA `0x3da` and SVGA chipset probes, `INT 2Fh` `1684/1686` (Windows/DPMI detection) and real-mode **`INT 66h`, the Miles Sound System (AIL 3) driver call**: `AIL_API_call_driver` (`0x9b323`) issues it through DPMI `INT 31h` function `0300h`.
FUNC	9b77a	time_	time_t time_(time_t * __timer)	Watcom 10.6 runtime: time_ (module time, 47 bytes, full match; dreamsfx.csv).
FUNC	9b7a9	_localtime_	tm * _localtime_(time_t * __timer, tm * __tmbuf)	Watcom 10.6 runtime: _localtime_ (module localtim, 81 bytes, full match; dreamsfx.csv).
FUNC	9b83a	_asctime_	char * _asctime_(tm * __timeptr, char * __buf)	Watcom 10.6 runtime: _asctime_ (module asctime, 192 bytes, full match; dreamsfx.csv).
FUNC	9b927	_ctime_	char * _ctime_(time_t * __timer, char * __buf)	Watcom 10.6 runtime: _ctime_ (module asctime, 25 bytes, full match; dreamsfx.csv).
FUNC	a4f7f	__fatal_runtime_error_	undefined __fatal_runtime_error_(void)	Watcom 10.6 runtime: __fatal_runtime_error_ (module xmsg, 29 bytes, full match; dreamsfx.csv).
FUNC	a4fa0	HNM6_InitTables	undefined HNM6_InitTables(void)	[NAME] CryoLib code. CryoLib HNM6 decoder linked into the game; see docs/cryolib.md. Sources: WINDREAM.EXE 0047eb70 HNM6_InitTables via match_functions (code 1.00, callees 0/0). Facts (tools/check_names.py): size:216.\n\n[DOCS_SYNC]\n[docs/cryolib.md > The game carries CryoLib's HNM6 decoder **[verified]**] | `0x47eb70` `HNM6_InitTables` | `0x1002ad7c` | byte-identical | descriptive |
FUNC	a5078	HNM6_InitColorTables565	undefined HNM6_InitColorTables565(void)	[NAME] CryoLib code. CryoLib HNM6 decoder linked into the game; see docs/cryolib.md. Sources: WINDREAM.EXE 0047ec48 HNM6_InitColorTables565 via match_functions (code 1.00, callees 0/0). Facts (tools/check_names.py): size:164.\n\n[DOCS_SYNC]\n[docs/cryolib.md > The game carries CryoLib's HNM6 decoder **[verified]**] | `0x47ec48` `HNM6_InitColorTables565` | `0x1002ae54` | byte-identical | descriptive: `R<<11` |
FUNC	a511c	HNM6_InitColorTables555	undefined HNM6_InitColorTables555(void)	[NAME] CryoLib code. CryoLib HNM6 decoder linked into the game; see docs/cryolib.md. Sources: WINDREAM.EXE 0047ecec HNM6_InitColorTables555 via match_functions (code 1.00, callees 0/0). Facts (tools/check_names.py): size:166.\n\n[DOCS_SYNC]\n[docs/cryolib.md > The game carries CryoLib's HNM6 decoder **[verified]**] | `0x47ecec` `HNM6_InitColorTables555` | `0x1002aef8` | byte-identical | descriptive: `R<<10` |
FUNC	a51c4	HNM6_SetQuality	undefined HNM6_SetQuality(void)	[NAME] CryoLib code. CryoLib HNM6 decoder linked into the game; see docs/cryolib.md. Sources: WINDREAM.EXE 0047ed94 HNM6_SetQuality via match_functions (code 1.00, callees 0/0). Facts (tools/check_names.py): size:309.\n\n[DOCS_SYNC]\n[docs/cryolib.md > The game carries CryoLib's HNM6 decoder **[verified]**] | `0x47ed94` `HNM6_SetQuality` | `0x1002afa0` | byte-identical | descriptive: JPEG quality formula |\n\n[docs/cryolib.md > The game carries CryoLib's HNM6 decoder **[verified]**] `HNM6_SetQuality` scales two 64-entry quantisation tables by `q < 50 ? 5000/q : 200 − 2q`, clamped to 8–255, which is the IJG JPEG formula.
FUNC	a52fc	HNM6_UnpackNibbles	undefined HNM6_UnpackNibbles(void)	[NAME] CryoLib code. CryoLib HNM6 decoder linked into the game; see docs/cryolib.md. Sources: WINDREAM.EXE 0047eecc HNM6_UnpackNibbles via match_functions (code 1.00, callees 0/0). Facts (tools/check_names.py): size:183.\n\n[DOCS_SYNC]\n[docs/cryolib.md > The game carries CryoLib's HNM6 decoder **[verified]**] | `0x47eecc` `HNM6_UnpackNibbles` | `0x1002b0d8` | byte-identical | descriptive |
FUNC	a53b3	HNM6_DecodeCoefficients	undefined HNM6_DecodeCoefficients(void)	[NAME] CryoLib code. CryoLib HNM6 decoder linked into the game; see docs/cryolib.md. Sources: WINDREAM.EXE 0047ef83 HNM6_DecodeCoefficients via match_functions (code 1.00, callees 0/0). Facts (tools/check_names.py): size:2193.\n\n[DOCS_SYNC]\n[docs/cryolib.md > The game carries CryoLib's HNM6 decoder **[verified]**] Their data operands point to byte-identical tables, with two exceptions, both explained: - The jump tables of `HNM6_DecodeCoefficients`: all 348 entries land at the same offset inside the paired function. - The dispatch table of `HNM6_DecodeIntraBlock4x2` (`0x4818a0`): it points to the game's block-copy handlers, which are rebuilt for the wider row (`[esi+0x400]` → `[esi+0x500]`).\n\n[docs/cryolib.md > The game carries CryoLib's HNM6 decoder **[verified]**] | `0x47ef83` `HNM6_DecodeCoefficients` | `0x1002b18f` | byte-identical | descriptive |
FUNC	a5c44	HNM6_StoreBlockRGB16	undefined HNM6_StoreBlockRGB16(void)	[NAME] Descriptive name. 8x8 YUV to RGB16 store. Sources: WINDREAM.EXE 0047f814 HNM6_StoreBlockRGB16 via match_functions (code 1.00, callees 0/0). Facts (tools/check_names.py): caller:000a5ec4.\n\n[DOCS_SYNC]\n[docs/cryolib.md > The game carries CryoLib's HNM6 decoder **[verified]**] The routines are the two frame block loops, `HNM6_DecodeInterFrame` (`0x4802c4`) and `HNM6_DecodeIntraFrame` (`0x4813d4`); the inter block decoders `HNM6_DecodeInterBlock4x4` (`0x480d70`), `HNM6_DecodeInterBlock4x2` (`0x480fd4`), `HNM6_DecodeInterBlock2x4` (`0x481138`) and the 2×2 leaf `HNM6_DecodeInterBlock2x2` (`0x4812b8`); and the intra 8×8 block decoder `HNM6_DecodeIntraBlock8x8` (`0x481448`). - The 8×8 YUV-to-RGB16 store `HNM6_StoreBlockRGB16` (`0x47f814`) has its row step changed and its copy loop rewritten without FPU moves. - CryoLib keeps two identical copies of each top-level loop; …\n\n[PORT_MAP] adapted | partial\nopendreams/shared/port/hnm6.cpp :: od::port::HNM6_StoreBlockRGB16\nRemaining: Audit low-bit U shift and IDCT rounding against retail raw frames, 555 mode and optional duplicate-block side effects.\nOwner reviewed: no
FUNC	a5ec4	HNM6_DecodeMacroblock	undefined HNM6_DecodeMacroblock(void)	[NAME] CryoLib code. CryoLib HNM6 decoder linked into the game; see docs/cryolib.md. Sources: WINDREAM.EXE 0047fa94 HNM6_DecodeMacroblock via match_functions (code 1.00, callees 3/3). Facts (tools/check_names.py): call:000a5c44; caller:000a7878.\n\n[DOCS_SYNC]\n[docs/cryolib.md > The game carries CryoLib's HNM6 decoder **[verified]**] | `0x47fa94` `HNM6_DecodeMacroblock` | `0x1002bb68` | byte-identical | descriptive |
FUNC	a5f50	HNM6_IDCT8x8	undefined HNM6_IDCT8x8(void)	[NAME] CryoLib code. CryoLib HNM6 decoder linked into the game; see docs/cryolib.md. Sources: WINDREAM.EXE 0047fb20 HNM6_IDCT8x8 via match_functions (code 1.00, callees 0/0). Facts (tools/check_names.py): size:1695.\n\n[DOCS_SYNC]\n[docs/cryolib.md > The game carries CryoLib's HNM6 decoder **[verified]**] | `0x47fb20` `HNM6_IDCT8x8` | `0x1002bbae` | instruction-identical | descriptive |
FUNC	a66f4	HNM6_DecodeInterFrame	undefined HNM6_DecodeInterFrame(void)	[NAME] Descriptive name. Inter frame block loop. Sources: WINDREAM.EXE 004802c4 HNM6_DecodeInterFrame via match_functions (code 1.00, callees 1/1). Facts (tools/check_names.py): call:000a676c; caller:00090040.\n\n[DOCS_SYNC]\n[docs/cryolib.md > The game carries CryoLib's HNM6 decoder **[verified]**] The routines are the two frame block loops, `HNM6_DecodeInterFrame` (`0x4802c4`) and `HNM6_DecodeIntraFrame` (`0x4813d4`); the inter block decoders `HNM6_DecodeInterBlock4x4` (`0x480d70`), `HNM6_DecodeInterBlock4x2` (`0x480fd4`), `HNM6_DecodeInterBlock2x4` (`0x481138`) and the 2×2 leaf `HNM6_DecodeInterBlock2x2` (`0x4812b8`); and the intra 8×8 block decoder `HNM6_DecodeIntraBlock8x8` (`0x481448`). - The 8×8 YUV-to-RGB16 store `HNM6_StoreBlockRGB16` (`0x47f814`) has its row step changed and its copy loop rewritten without FPU moves. - CryoLib keeps two identical copies of each top-level loop; …
FUNC	a71a0	HNM6_DecodeInterBlock4x4	undefined HNM6_DecodeInterBlock4x4(void)	[NAME] Descriptive name. Inter 4x4 block. Sources: WINDREAM.EXE 00480d70 HNM6_DecodeInterBlock4x4 via match_functions (code 1.00, callees 3/3). Facts (tools/check_names.py): call:000a7404; call:000a7568; call:000a76e8.\n\n[DOCS_SYNC]\n[docs/cryolib.md > The game carries CryoLib's HNM6 decoder **[verified]**] The routines are the two frame block loops, `HNM6_DecodeInterFrame` (`0x4802c4`) and `HNM6_DecodeIntraFrame` (`0x4813d4`); the inter block decoders `HNM6_DecodeInterBlock4x4` (`0x480d70`), `HNM6_DecodeInterBlock4x2` (`0x480fd4`), `HNM6_DecodeInterBlock2x4` (`0x481138`) and the 2×2 leaf `HNM6_DecodeInterBlock2x2` (`0x4812b8`); and the intra 8×8 block decoder `HNM6_DecodeIntraBlock8x8` (`0x481448`). - The 8×8 YUV-to-RGB16 store `HNM6_StoreBlockRGB16` (`0x47f814`) has its row step changed and its copy loop rewritten without FPU moves. - CryoLib keeps two identical copies of each top-level loop; …
FUNC	a7404	HNM6_DecodeInterBlock4x2	undefined HNM6_DecodeInterBlock4x2(void)	[NAME] Descriptive name. Inter 4x2 block. Sources: WINDREAM.EXE 00480fd4 HNM6_DecodeInterBlock4x2 via match_functions (code 1.00, callees 1/1). Facts (tools/check_names.py): call:000a76e8; caller:000a71a0.\n\n[DOCS_SYNC]\n[docs/cryolib.md > The game carries CryoLib's HNM6 decoder **[verified]**] The routines are the two frame block loops, `HNM6_DecodeInterFrame` (`0x4802c4`) and `HNM6_DecodeIntraFrame` (`0x4813d4`); the inter block decoders `HNM6_DecodeInterBlock4x4` (`0x480d70`), `HNM6_DecodeInterBlock4x2` (`0x480fd4`), `HNM6_DecodeInterBlock2x4` (`0x481138`) and the 2×2 leaf `HNM6_DecodeInterBlock2x2` (`0x4812b8`); and the intra 8×8 block decoder `HNM6_DecodeIntraBlock8x8` (`0x481448`). - The 8×8 YUV-to-RGB16 store `HNM6_StoreBlockRGB16` (`0x47f814`) has its row step changed and its copy loop rewritten without FPU moves. - CryoLib keeps two identical copies of each top-level loop; …
FUNC	a7568	HNM6_DecodeInterBlock2x4	undefined HNM6_DecodeInterBlock2x4(void)	[NAME] Descriptive name. Inter 2x4 block. Sources: WINDREAM.EXE 00481138 HNM6_DecodeInterBlock2x4 via match_functions (code 1.00, callees 1/1). Facts (tools/check_names.py): call:000a76e8; caller:000a71a0.\n\n[DOCS_SYNC]\n[docs/cryolib.md > The game carries CryoLib's HNM6 decoder **[verified]**] The routines are the two frame block loops, `HNM6_DecodeInterFrame` (`0x4802c4`) and `HNM6_DecodeIntraFrame` (`0x4813d4`); the inter block decoders `HNM6_DecodeInterBlock4x4` (`0x480d70`), `HNM6_DecodeInterBlock4x2` (`0x480fd4`), `HNM6_DecodeInterBlock2x4` (`0x481138`) and the 2×2 leaf `HNM6_DecodeInterBlock2x2` (`0x4812b8`); and the intra 8×8 block decoder `HNM6_DecodeIntraBlock8x8` (`0x481448`). - The 8×8 YUV-to-RGB16 store `HNM6_StoreBlockRGB16` (`0x47f814`) has its row step changed and its copy loop rewritten without FPU moves. - CryoLib keeps two identical copies of each top-level loop; …
FUNC	a76e8	HNM6_DecodeInterBlock2x2	undefined HNM6_DecodeInterBlock2x2(void)	[NAME] Descriptive name. Inter 2x2 leaf. Sources: WINDREAM.EXE 004812b8 HNM6_DecodeInterBlock2x2 via match_functions (code 1.00, callees 0/0). Facts (tools/check_names.py): caller:000a7404; caller:000a7568.\n\n[DOCS_SYNC]\n[docs/cryolib.md > The game carries CryoLib's HNM6 decoder **[verified]**] The routines are the two frame block loops, `HNM6_DecodeInterFrame` (`0x4802c4`) and `HNM6_DecodeIntraFrame` (`0x4813d4`); the inter block decoders `HNM6_DecodeInterBlock4x4` (`0x480d70`), `HNM6_DecodeInterBlock4x2` (`0x480fd4`), `HNM6_DecodeInterBlock2x4` (`0x481138`) and the 2×2 leaf `HNM6_DecodeInterBlock2x2` (`0x4812b8`); and the intra 8×8 block decoder `HNM6_DecodeIntraBlock8x8` (`0x481448`). - The 8×8 YUV-to-RGB16 store `HNM6_StoreBlockRGB16` (`0x47f814`) has its row step changed and its copy loop rewritten without FPU moves. - CryoLib keeps two identical copies of each top-level loop; …
FUNC	a7804	HNM6_DecodeIntraFrame	undefined HNM6_DecodeIntraFrame(void)	[NAME] Descriptive name. Intra frame block loop. Sources: WINDREAM.EXE 004813d4 HNM6_DecodeIntraFrame via match_functions (code 1.00, callees 1/1). Facts (tools/check_names.py): call:000a7878; caller:00090040.\n\n[DOCS_SYNC]\n[docs/cryolib.md > The game carries CryoLib's HNM6 decoder **[verified]**] The routines are the two frame block loops, `HNM6_DecodeInterFrame` (`0x4802c4`) and `HNM6_DecodeIntraFrame` (`0x4813d4`); the inter block decoders `HNM6_DecodeInterBlock4x4` (`0x480d70`), `HNM6_DecodeInterBlock4x2` (`0x480fd4`), `HNM6_DecodeInterBlock2x4` (`0x481138`) and the 2×2 leaf `HNM6_DecodeInterBlock2x2` (`0x4812b8`); and the intra 8×8 block decoder `HNM6_DecodeIntraBlock8x8` (`0x481448`). - The 8×8 YUV-to-RGB16 store `HNM6_StoreBlockRGB16` (`0x47f814`) has its row step changed and its copy loop rewritten without FPU moves. - CryoLib keeps two identical copies of each top-level loop; …
FUNC	a7878	HNM6_DecodeIntraBlock8x8	undefined HNM6_DecodeIntraBlock8x8(void)	[NAME] Descriptive name. Intra 8x8 block. Sources: WINDREAM.EXE 00481448 HNM6_DecodeIntraBlock8x8 via match_functions (code 1.00, callees 4/4). Facts (tools/check_names.py): call:000a5ec4; call:000a7ae4; caller:000a7804.\n\n[DOCS_SYNC]\n[docs/cryolib.md > The game carries CryoLib's HNM6 decoder **[verified]**] The routines are the two frame block loops, `HNM6_DecodeInterFrame` (`0x4802c4`) and `HNM6_DecodeIntraFrame` (`0x4813d4`); the inter block decoders `HNM6_DecodeInterBlock4x4` (`0x480d70`), `HNM6_DecodeInterBlock4x2` (`0x480fd4`), `HNM6_DecodeInterBlock2x4` (`0x481138`) and the 2×2 leaf `HNM6_DecodeInterBlock2x2` (`0x4812b8`); and the intra 8×8 block decoder `HNM6_DecodeIntraBlock8x8` (`0x481448`). - The 8×8 YUV-to-RGB16 store `HNM6_StoreBlockRGB16` (`0x47f814`) has its row step changed and its copy loop rewritten without FPU moves. - CryoLib keeps two identical copies of each top-level loop; …
FUNC	a7cd0	HNM6_DecodeIntraBlock4x2	undefined HNM6_DecodeIntraBlock4x2(void)	[NAME] Descriptive name. Intra 4x2 sub-block. Sources: WINDREAM.EXE 004818a0 HNM6_DecodeIntraBlock4x2 via match_functions (code 1.00, callees 0/0). Facts (tools/check_names.py): caller:000a7ae4.\n\n[DOCS_SYNC]\n[docs/cryolib.md > The game carries CryoLib's HNM6 decoder **[verified]**] Their data operands point to byte-identical tables, with two exceptions, both explained: - The jump tables of `HNM6_DecodeCoefficients`: all 348 entries land at the same offset inside the paired function. - The dispatch table of `HNM6_DecodeIntraBlock4x2` (`0x4818a0`): it points to the game's block-copy handlers, which are rebuilt for the wider row (`[esi+0x400]` → `[esi+0x500]`).\n\n[docs/cryolib.md > The game carries CryoLib's HNM6 decoder **[verified]**] | `0x4818a0` `HNM6_DecodeIntraBlock4x2` | `0x10032b30` | byte-identical | descriptive: intra 4×2 sub-block decoder, called from `0x4816b4` |
FUNC	a7da8	HNM6_DecodeIntraBlock2x4	undefined HNM6_DecodeIntraBlock2x4(void)	[NAME] Descriptive name. Intra 2x4 sub-block. Sources: WINDREAM.EXE 00481978 HNM6_DecodeIntraBlock2x4 via match_functions (code 1.00, callees 0/0). Facts (tools/check_names.py): caller:000a7ae4.\n\n[DOCS_SYNC]\n[docs/cryolib.md > The game carries CryoLib's HNM6 decoder **[verified]**] | `0x481978` `HNM6_DecodeIntraBlock2x4` | `0x10032c08` | instruction-identical | descriptive: intra 2×4 sub-block decoder, called from `0x4816b4` |
FUNC	ab64b	sbrk_	void * sbrk_(int __increment)	Watcom 10.6 runtime: sbrk_ (module sbrk386, 192 bytes, full match; dreamsfx.csv).
FUNC	ab713	__brk_	void * __brk_(uint __new_brk_value)	Watcom 10.6 runtime: __brk_ (module sbrk386, 192 bytes, full match; dreamsfx.csv).
FUNC	ab7f0	_expand_	void * _expand_(void * __ptr, size_t __size)	Watcom 10.6 runtime: _expand_ (module nexpand, 56 bytes, full match; dreamsfx.csv).
FUNC	ab828	__HeapManager_expand_	undefined __HeapManager_expand_(void)	Watcom 10.6 runtime: __HeapManager_expand_ (module nexpand, 192 bytes, full match; dreamsfx.csv).
FUNC	aba20	__qread_	undefined __qread_(void)	Watcom 10.6 runtime: __qread_ (module qread, 31 bytes, full match; dreamsfx.csv).
FUNC	aba3f	fgetc_	int fgetc_(FILE * __fp)	Watcom 10.6 runtime: fgetc_ (module fgetc, 137 bytes, full match; dreamsfx.csv).
FUNC	abac8	__filbuf_	undefined __filbuf_(void)	Watcom 10.6 runtime: __filbuf_ (module fgetc, 47 bytes, full match; dreamsfx.csv).
FUNC	abaf7	__fill_buffer_	undefined __fill_buffer_(void)	Watcom 10.6 runtime: __fill_buffer_ (module fgetc, 172 bytes, full match; dreamsfx.csv).
FUNC	abba3	unlink_	int unlink_(char * __path)	Watcom 10.6 runtime: unlink_ (module unlnk, 33 bytes, full match; dreamsfx.csv).
FUNC	abbc4	ungetc_	int ungetc_(int __c, FILE * __fp)	Watcom 10.6 runtime: ungetc_ (module ungetc, 130 bytes, full match; dreamsfx.csv).
FUNC	abc55	__scnf_	undefined __scnf_(void)	Watcom 10.6 runtime: __scnf_ (module scnf, 192 bytes, full match; dreamsfx.csv).
FUNC	ac878	modf_	undefined modf_(void)	Watcom 10.6 runtime: modf_ (module modf387, 25 bytes, full match; dreamsfx.csv).
FUNC	ac894	__loadme	void __loadme(void)	
FUNC	ac990	_Not_Enough_Memory_	undefined _Not_Enough_Memory_(void)	Watcom 10.6 runtime: _Not_Enough_Memory_ (module nomem, 18 bytes, full match; dreamsfx.csv).
FUNC	ac9c7	ultoa_	char * ultoa_(ulong __value, char * __buf, int __radix)	Watcom 10.6 runtime: ultoa_, utoa_ (module itoa, 74 bytes, core match; dreamsfx.csv).
FUNC	aca11	_itoa_	char * _itoa_(int __value, char * __buf, int __radix)	Watcom 10.6 runtime: _itoa_, _ltoa_ (module itoa, 27 bytes, full match; dreamsfx.csv).
FUNC	aca3a	__InitFiles_	undefined __InitFiles_(void)	Watcom 10.6 runtime: __InitFiles_ (module initfile, 119 bytes, full match; dreamsfx.csv).
FUNC	acabd	fcloseall_	int fcloseall_(void)	Watcom 10.6 runtime: fcloseall_ (module ioexit, 93 bytes, full match; dreamsfx.csv).
FUNC	acb1a	__CommonInit_	undefined __CommonInit_(void)	Watcom 10.6 runtime: __CommonInit_ (module cinit, 105 bytes, full match; dreamsfx.csv).
FUNC	acb83	_EFG_Format_	undefined _EFG_Format_(void)	Watcom 10.6 runtime: _EFG_Format_ (module efgfmt, 192 bytes, full match; dreamsfx.csv).
FUNC	ad054	__int7_pl3	undefined __int7_pl3(void)	Watcom 10.6 runtime: __int7_pl3 (module emu387, 36 bytes, full match; dreamsfx.csv).
FUNC	ad078	__int7_X32VM	undefined __int7_X32VM(void)	Watcom 10.6 runtime: __int7_X32VM (module emu387, 76 bytes, full match; dreamsfx.csv).
FUNC	ad0c4	__int7	undefined __int7(void)	Watcom 10.6 runtime: __int7 (module emu387, 192 bytes, full match; dreamsfx.csv).
FUNC	adc1c	caseD_2	undefined caseD_2(void)	
FUNC	adc4e	caseD_0	undefined caseD_0(void)	
FUNC	ae2db	caseD_3	undefined caseD_3(void)	
FUNC	ae80c	__FLDA	undefined __FLDA(void)	Watcom 10.6 runtime: __FLDA (module 386flda, 42 bytes, full match; dreamsfx.csv).
FUNC	ae836	__FLDAC	undefined __FLDAC(void)	Watcom 10.6 runtime: __FLDAC (module 386flda, 48 bytes, full match; dreamsfx.csv).
FUNC	aea6b	__FLDD	undefined __FLDD(void)	Watcom 10.6 runtime: __FLDD, __FLDM (module 386fldd, 42 bytes, full match; dreamsfx.csv).
FUNC	aec40	__FLDD	undefined __FLDD(void)	Watcom 10.6 runtime: __FLDD, __FLDM (module 386fldd, 42 bytes, full match; dreamsfx.csv).
FUNC	aff02	__hook387	undefined __hook387(void)	Watcom 10.6 runtime: __hook387 (module hook387, 192 bytes, full match; dreamsfx.csv).
FUNC	affd6	__unhook387	undefined __unhook387(void)	Watcom 10.6 runtime: __unhook387 (module hook387, 89 bytes, full match; dreamsfx.csv).
FUNC	b0030	__init_80x87	undefined __init_80x87(void)	Watcom 10.6 runtime: __init_80x87 (module ini87386, 39 bytes, full match; dreamsfx.csv).
FUNC	b0058	IF@DATAN	undefined IF@DATAN(void)	Watcom 10.6 runtime: IF@DATAN (module atan387, 21 bytes, full match; dreamsfx.csv).
FUNC	b006d	IF@DATAN2	undefined IF@DATAN2(void)	Watcom 10.6 runtime: IF@DATAN2 (module atan387, 21 bytes, full match; dreamsfx.csv).
FUNC	b008e	atan2_	undefined atan2_(void)	Watcom 10.6 runtime: atan2_ (module atan387, 16 bytes, full match; dreamsfx.csv).
FUNC	b009e	sqrt_	undefined sqrt_(void)	Watcom 10.6 runtime: sqrt_ (module sqrt387, 48 bytes, full match; dreamsfx.csv).
FUNC	b00d0	__@DSQRT	undefined __@DSQRT(void)	Watcom 10.6 runtime: __@DSQRT (module sqrt387, 53 bytes, full match; dreamsfx.csv).
FUNC	b0106	__pow87_err_	undefined __pow87_err_(void)	Watcom 10.6 runtime: __pow87_err_ (module pow87e, 137 bytes, full match; dreamsfx.csv).
FUNC	b019a	__@DEXP	undefined __@DEXP(void)	Watcom 10.6 runtime: __@DEXP (module exp387, 96 bytes, full match; dreamsfx.csv).
FUNC	b031f	__fdiv_fpr	undefined __fdiv_fpr(void)	Watcom 10.6 runtime: __fdiv_fpr (module chipd32, 192 bytes, full match; dreamsfx.csv).
FUNC	b07bb	__fdivp_sti_st	undefined __fdivp_sti_st(void)	Library Function - Single Match\n __fdivp_sti_st\n\nLibrary: Visual Studio
FUNC	b07e1	__fdiv_chk	undefined __fdiv_chk(void)	Watcom 10.6 runtime: __fdiv_chk (module chipd32, 19 bytes, full match; dreamsfx.csv).
FUNC	b07f4	__fdiv_m32	undefined __fdiv_m32(void)	Watcom 10.6 runtime: __fdiv_m32 (module chipd32, 76 bytes, full match; dreamsfx.csv).
FUNC	b0840	__fdiv_m64	undefined __fdiv_m64(void)	Library Function - Single Match\n __adj_fdiv_m64\n\nLibraries: Visual Studio 1998 Debug, Visual Studio 1998 Release, Visual Studio 2003 Debug, Visual Studio 2003 Release\n\nWatcom 10.6 runtime: __fdiv_m64 (module chipd32, 76 bytes, full match; dreamsfx.csv).
FUNC	b088c	__fdiv_m32r	undefined __fdiv_m32r(void)	Watcom 10.6 runtime: __fdiv_m32r (module chipd32, 76 bytes, full match; dreamsfx.csv).
FUNC	b08d8	__fdiv_m64r	undefined __fdiv_m64r(void)	Watcom 10.6 runtime: __fdiv_m64r (module chipd32, 76 bytes, full match; dreamsfx.csv).
FUNC	b0924	_mbgetcode_	undefined _mbgetcode_(void)	Watcom 10.6 runtime: _mbgetcode_ (module mbsinc, 109 bytes, full match; dreamsfx.csv).
FUNC	b0991	_mbsnextc_	undefined _mbsnextc_(void)	Watcom 10.6 runtime: _mbsnextc_ (module mbsinc, 82 bytes, full match; dreamsfx.csv).
FUNC	b09e3	_mbsinc_	undefined _mbsinc_(void)	Watcom 10.6 runtime: _mbsinc_ (module mbsinc, 70 bytes, full match; dreamsfx.csv).
FUNC	b0a29	_mbsdec_	undefined _mbsdec_(void)	Watcom 10.6 runtime: _mbsdec_ (module mbsinc, 134 bytes, full match; dreamsfx.csv).
FUNC	b0aaf	strncat_	char * strncat_(char * __s1, char * __s2, size_t __n)	Watcom 10.6 runtime: strncat_ (module strncat, 63 bytes, full match; dreamsfx.csv).
FUNC	b0c1f	_SysMonType_	undefined _SysMonType_(void)	Watcom 10.6 runtime: _SysMonType_ (module sysmtyper, 192 bytes, full match; dreamsfx.csv).
FUNC	b0ed8	_InitSegments_	undefined _InitSegments_(void)	Watcom 10.6 runtime: _InitSegments_ (module seginitr, 192 bytes, full match; dreamsfx.csv).
FUNC	b0fcc	_L1SLine_	undefined _L1SLine_(void)	Watcom 10.6 runtime: _L1SLine_ (module l1liner, 65 bytes, full match; dreamsfx.csv).
FUNC	b100d	_L1Line_	undefined _L1Line_(void)	Watcom 10.6 runtime: _L1Line_ (module l1liner, 192 bytes, full match; dreamsfx.csv).
FUNC	b118e	_L1Fill_	undefined _L1Fill_(void)	Watcom 10.6 runtime: _L1Fill_ (module l1fillr, 192 bytes, full match; dreamsfx.csv).
FUNC	b1264	_L1ClipFill_	undefined _L1ClipFill_(void)	Watcom 10.6 runtime: _L1ClipFill_ (module l1fillr, 69 bytes, full match; dreamsfx.csv).
FUNC	b12aa	_GR_strnicmp_	undefined _GR_strnicmp_(void)	Watcom 10.6 runtime: _GR_strnicmp_, _strnicmp_ (module strnicmp, 83 bytes, full match; dreamsfx.csv).
FUNC	b12fd	__getctime_	undefined __getctime_(void)	Watcom 10.6 runtime: __getctime_ (module gtctm, 192 bytes, full match; dreamsfx.csv).
FUNC	b13c0	mktime_	time_t mktime_(tm * __timeptr)	Watcom 10.6 runtime: mktime_ (module mktime, 192 bytes, full match; dreamsfx.csv).
FUNC	b1514	__CacheOSTZ_	int __CacheOSTZ_(int __new_flag)	Watcom 10.6 runtime: __CacheOSTZ_ (module tzset, 108 bytes, full match; dreamsfx.csv).
FUNC	b158e	__parse_tz_	undefined __parse_tz_(void)	Watcom 10.6 runtime: __parse_tz_ (module tzset, 192 bytes, full match; dreamsfx.csv).
FUNC	b18e4	__brktime_	undefined __brktime_(void)	Watcom 10.6 runtime: __brktime_ (module gmtime, 192 bytes, full match; dreamsfx.csv).
FUNC	b19f9	_gmtime_	tm * _gmtime_(time_t * __timer, tm * __tmbuf)	Watcom 10.6 runtime: _gmtime_ (module gmtime, 30 bytes, full match; dreamsfx.csv).
FUNC	b1a24	__leapyear_	undefined __leapyear_(void)	Watcom 10.6 runtime: __leapyear_ (module timeutil, 192 bytes, full match; dreamsfx.csv).
FUNC	b1b78	__isindst_	undefined __isindst_(void)	Watcom 10.6 runtime: __isindst_ (module timeutil, 192 bytes, full match; dreamsfx.csv).
FUNC	b3f2f	__EnterWVIDEO_	undefined __EnterWVIDEO_(void)	Watcom 10.6 runtime: __EnterWVIDEO_ (module enterdb, 38 bytes, full match; dreamsfx.csv).
FUNC	b3f55	getche_	int getche_(void)	Watcom 10.6 runtime: getche_ (module gtche, 29 bytes, full match; dreamsfx.csv).
FUNC	b3f72	_GR__FDFS	undefined _GR__FDFS(void)	Watcom 10.6 runtime: _GR__FDFS, __FDFS (module fdfs386, 76 bytes, full match; dreamsfx.csv).
FUNC	b4fb1	__DPMI_hosted_	undefined __DPMI_hosted_(void)	Watcom 10.6 runtime: __DPMI_hosted_ (module sigsy, 148 bytes, full match; dreamsfx.csv).
FUNC	b5045	__restore_int23_	undefined __restore_int23_(void)	Watcom 10.6 runtime: __restore_int23_ (module sigsy, 192 bytes, full match; dreamsfx.csv).
FUNC	b51fb	__restore_int_ctrl_break_	undefined __restore_int_ctrl_break_(void)	Watcom 10.6 runtime: __restore_int_ctrl_break_ (module sigsy, 56 bytes, full match; dreamsfx.csv).
FUNC	b5233	__grab_int23_	undefined __grab_int23_(void)	Watcom 10.6 runtime: __grab_int23_, __grab_int_ctrl_break_ (module sigsy, 192 bytes, full match; dreamsfx.csv).
FUNC	b5469	_SetMaxPrec_	undefined _SetMaxPrec_(void)	Watcom 10.6 runtime: _SetMaxPrec_ (module ftos, 192 bytes, full match; dreamsfx.csv).
FUNC	b55e6	_FtoS_	undefined _FtoS_(void)	Watcom 10.6 runtime: _FtoS_ (module ftos, 192 bytes, full match; dreamsfx.csv).
FUNC	b5820	strtod_	undefined strtod_(void)	Watcom 10.6 runtime: strtod_ (module strtod, 192 bytes, full match; dreamsfx.csv).
FUNC	b5a13	_dos_setvect_	void _dos_setvect_(int __intnum, __handler * __handler)	Watcom 10.6 runtime: _dos_setvect_ (module d_setvec, 45 bytes, full match; dreamsfx.csv).
FUNC	b5a40	__fpatan_wrap	undefined __fpatan_wrap(void)	Watcom 10.6 runtime: __fpatan_wrap (module chipw32, 52 bytes, full match; dreamsfx.csv).
FUNC	b5a74	__math87_err_	undefined __math87_err_(void)	Watcom 10.6 runtime: __math87_err_ (module math87e, 123 bytes, full match; dreamsfx.csv).
FUNC	b5aef	verify_pentium_fdiv_bug_	undefined verify_pentium_fdiv_bug_(void)	Watcom 10.6 runtime: verify_pentium_fdiv_bug_ (module chipbug, 85 bytes, full match; dreamsfx.csv).
FUNC	b5b4e	__math2err_	undefined __math2err_(void)	Watcom 10.6 runtime: __math2err_ (module math2err, 192 bytes, full match; dreamsfx.csv).
FUNC	b5c29	_SuperVGAType_	undefined _SuperVGAType_(void)	Watcom 10.6 runtime: _SuperVGAType_ (module svgainfor, 192 bytes, full match; dreamsfx.csv).
FUNC	b606a	_FastMap_	undefined _FastMap_(void)	Watcom 10.6 runtime: _FastMap_ (module fast256r, 169 bytes, full match; dreamsfx.csv).
FUNC	b6113	_RMAlloc_	undefined _RMAlloc_(void)	Watcom 10.6 runtime: _RMAlloc_ (module fast256r, 134 bytes, full match; dreamsfx.csv).
FUNC	b6199	_RMFree_	undefined _RMFree_(void)	Watcom 10.6 runtime: _RMFree_ (module fast256r, 47 bytes, full match; dreamsfx.csv).
FUNC	b61c8	_RMInterrupt_	undefined _RMInterrupt_(void)	Watcom 10.6 runtime: _RMInterrupt_ (module fast256r, 185 bytes, full match; dreamsfx.csv).
FUNC	b6281	_RMInterrupt2_	undefined _RMInterrupt2_(void)	Watcom 10.6 runtime: _RMInterrupt2_ (module fast256r, 141 bytes, full match; dreamsfx.csv).
FUNC	b630e	_L1OutCode_	undefined _L1OutCode_(void)	Watcom 10.6 runtime: _L1OutCode_ (module l1clipr, 167 bytes, full match; dreamsfx.csv).
FUNC	b63b5	_L0LineClip_	undefined _L0LineClip_(void)	Watcom 10.6 runtime: _L0LineClip_ (module l1clipr, 192 bytes, full match; dreamsfx.csv).
FUNC	b65a3	_L0BlockClip_	undefined _L0BlockClip_(void)	Watcom 10.6 runtime: _L0BlockClip_ (module l1clipr, 125 bytes, full match; dreamsfx.csv).
FUNC	b6620	_L0DrawLine_	undefined _L0DrawLine_(void)	Watcom 10.6 runtime: _L0DrawLine_ (module l0drwlinr, 192 bytes, full match; dreamsfx.csv).
FUNC	b67dd	__setenvp_	undefined __setenvp_(void)	Watcom 10.6 runtime: __setenvp_ (module setenvp, 192 bytes, full match; dreamsfx.csv).
FUNC	b68b2	_access_	int _access_(char * __path, int __mode)	Watcom 10.6 runtime: _access_ (module accss, 59 bytes, full match; dreamsfx.csv).
FUNC	b68ed	strrchr_	char * strrchr_(char * __s, int __c)	Watcom 10.6 runtime: strrchr_ (module strrchr, 26 bytes, full match; dreamsfx.csv).
FUNC	b6907	_searchenv_	void _searchenv_(char * __name, char * __env_var, char * __buf)	Watcom 10.6 runtime: _searchenv_ (module searchen, 192 bytes, full match; dreamsfx.csv).
FUNC	b6a05	__sigfpe_handler_	undefined __sigfpe_handler_(void)	Watcom 10.6 runtime: __sigfpe_handler_ (module signl, 53 bytes, full match; dreamsfx.csv).
FUNC	b6a3a	signal_	void signal_(int param_1)	Watcom 10.6 runtime: signal_ (module signl, 181 bytes, full match; dreamsfx.csv).
FUNC	b6aef	raise_	int raise_(int __sig)	Watcom 10.6 runtime: raise_ (module signl, 192 bytes, full match; dreamsfx.csv).
FUNC	b6bb2	_chain_intr_	void _chain_intr_(__handler * __handler)	Watcom 10.6 runtime: _chain_intr_ (module chint386, 25 bytes, full match; dreamsfx.csv).
FUNC	b6bcb	_dos_getvect_	void _dos_getvect_(void)	Watcom 10.6 runtime: _dos_getvect_ (module d_getvec, 50 bytes, full match; dreamsfx.csv).
FUNC	b6bfd	__Nan_Inf_	undefined __Nan_Inf_(void)	Watcom 10.6 runtime: __Nan_Inf_ (module nan_inf, 146 bytes, full match; dreamsfx.csv).
FUNC	b6c90	IF@DLOG	undefined IF@DLOG(void)	Watcom 10.6 runtime: IF@DLOG (module log387, 67 bytes, full match; dreamsfx.csv).
FUNC	b6cff	_Scale_	undefined _Scale_(void)	Watcom 10.6 runtime: _Scale_ (module scale, 65 bytes, full match; dreamsfx.csv).
FUNC	b6d40	_Scale10V_	undefined _Scale10V_(void)	Watcom 10.6 runtime: _Scale10V_ (module scale, 192 bytes, full match; dreamsfx.csv).
FUNC	b6e5d	__cvt_	undefined __cvt_(void)	Watcom 10.6 runtime: __cvt_ (module cvt, 192 bytes, full match; dreamsfx.csv).
FUNC	b703a	__ModF	undefined __ModF(void)	Watcom 10.6 runtime: __ModF (module amodf386, 144 bytes, full match; dreamsfx.csv).
FUNC	b70ca	__ZBuf2F	undefined __ZBuf2F(void)	Watcom 10.6 runtime: __ZBuf2F (module amodf386, 156 bytes, full match; dreamsfx.csv).
FUNC	b7170	__fpatan_chk	undefined __fpatan_chk(void)	Watcom 10.6 runtime: __fpatan_chk (module chipa32, 192 bytes, full match; dreamsfx.csv).
FUNC	b7376	__rterrmsg_	undefined __rterrmsg_(void)	Watcom 10.6 runtime: __rterrmsg_ (module _matherr, 72 bytes, full match; dreamsfx.csv).
FUNC	b73be	_matherr_	undefined _matherr_(void)	Watcom 10.6 runtime: _matherr_ (module _matherr, 47 bytes, full match; dreamsfx.csv).
FUNC	b73f3	__Init_Argv_	undefined __Init_Argv_(void)	Watcom 10.6 runtime: __Init_Argv_ (module initargv, 192 bytes, full match; dreamsfx.csv).
FUNC	b75c3	getcwd_	char * getcwd_(char * __buf, uint __size)	Watcom 10.6 runtime: getcwd_ (module gtcwd, 136 bytes, full match; dreamsfx.csv).
FUNC	b764b	strlen_	size_t strlen_(char * __s)	Watcom 10.6 runtime: strlen_ (module strlen, 25 bytes, full match; dreamsfx.csv).
FUNC	b7664	strcpy_	char * strcpy_(char * __s1, char * __s2)	Watcom 10.6 runtime: strcpy_ (module strcpy, 31 bytes, full match; dreamsfx.csv).
FUNC	b7683	strcat_	char * strcat_(char * __s1, char * __s2)	Watcom 10.6 runtime: strcat_ (module strcat, 51 bytes, full match; dreamsfx.csv).
FUNC	b76bc	__terminate_	undefined __terminate_(void)	Watcom 10.6 runtime: __terminate_ (module abort, 18 bytes, full match; dreamsfx.csv).
FUNC	b76d3	__log87_err_	undefined __log87_err_(void)	Watcom 10.6 runtime: __log87_err_ (module log87e, 60 bytes, full match; dreamsfx.csv).
FUNC	b7710	__CmpBigInt	undefined __CmpBigInt(void)	Watcom 10.6 runtime: __CmpBigInt (module i64ts386, 58 bytes, full match; dreamsfx.csv).
FUNC	b774a	__Rnd2Int	undefined __Rnd2Int(void)	Watcom 10.6 runtime: __Rnd2Int (module i64ts386, 107 bytes, full match; dreamsfx.csv).
FUNC	b77b5	__Bin2String	undefined __Bin2String(void)	Watcom 10.6 runtime: __Bin2String (module i64ts386, 192 bytes, full match; dreamsfx.csv).
FUNC	b78d6	frexp_	undefined frexp_(void)	Watcom 10.6 runtime: frexp_ (module frexp, 111 bytes, full match; dreamsfx.csv).
FUNC	b794b	__get_std_stream_	undefined __get_std_stream_(void)	Watcom 10.6 runtime: __get_std_stream_ (module iobaddr, 31 bytes, full match; dreamsfx.csv).
FUNC	b796a	fputs_	int fputs_(char * __s, FILE * __fp)	Watcom 10.6 runtime: fputs_ (module fputs, 123 bytes, full match; dreamsfx.csv).
FUNC	b79e5	__GrabFP87_	undefined __GrabFP87_(void)	Watcom 10.6 runtime: __GrabFP87_ (module grabfp87, 49 bytes, full match; dreamsfx.csv).
FUNC	b7a1a	__Init_FPE_handler_	undefined __Init_FPE_handler_(void)	Watcom 10.6 runtime: __Init_FPE_handler_ (module fpe387, 93 bytes, full match; dreamsfx.csv).
FUNC	b7a77	__Fini_FPE_handler_	undefined __Fini_FPE_handler_(void)	Watcom 10.6 runtime: __Fini_FPE_handler_ (module fpe387, 92 bytes, full match; dreamsfx.csv).
FUNC	b7ad4	__Enable_FPE_	undefined __Enable_FPE_(void)	Watcom 10.6 runtime: __Enable_FPE_ (module fpeinth, 21 bytes, full match; dreamsfx.csv).
FUNC	b7af6	__FPE2Handler_	undefined __FPE2Handler_(void)	Watcom 10.6 runtime: __FPE2Handler_ (module fpeinth, 192 bytes, full match; dreamsfx.csv).
FUNC	b7d34	__Phar_hook_init_	undefined __Phar_hook_init_(void)	Watcom 10.6 runtime: __Phar_hook_init_ (module fpephar, 192 bytes, full match; dreamsfx.csv).
FUNC	b7df7	__Phar_hook_fini_	undefined __Phar_hook_fini_(void)	Watcom 10.6 runtime: __Phar_hook_fini_ (module fpephar, 45 bytes, full match; dreamsfx.csv).
FUNC	b7e24	__DOS4G_hook_init_	undefined __DOS4G_hook_init_(void)	Watcom 10.6 runtime: __DOS4G_hook_init_ (module fpedos4g, 45 bytes, full match; dreamsfx.csv).
FUNC	b7e51	__DOS4G_hook_fini_	undefined __DOS4G_hook_fini_(void)	Watcom 10.6 runtime: __DOS4G_hook_fini_, __Ergo_hook_fini_ (module fpedos4g, 25 bytes, full match; dreamsfx.csv).
FUNC	b7e6a	__Ergo_hook_init_	undefined __Ergo_hook_init_(void)	Watcom 10.6 runtime: __Ergo_hook_init_ (module fpeergo, 62 bytes, full match; dreamsfx.csv).
FUNC	b7ea8	__DOS4G_hook_fini_	undefined __DOS4G_hook_fini_(void)	Watcom 10.6 runtime: __DOS4G_hook_fini_, __Ergo_hook_fini_ (module fpedos4g, 25 bytes, full match; dreamsfx.csv).
FUNC	b7ec2	__Intel_hook_init_	undefined __Intel_hook_init_(void)	Watcom 10.6 runtime: __Intel_hook_init_ (module fpeintel, 88 bytes, full match; dreamsfx.csv).
FUNC	b898c	grAADrawLine	void grAADrawLine(GrVertex * v1, GrVertex * v2)	Glide 2 import thunk for _GRAADRAWLINE@8 (glimport.asm); patched to glide2x.ovl by __loadme on first call.
FUNC	b8991	grAADrawPoint	void grAADrawPoint(GrVertex * pt)	Glide 2 import thunk for _GRAADRAWPOINT@4 (glimport.asm); patched to glide2x.ovl by __loadme on first call.
FUNC	b8996	grAADrawPolygon	void grAADrawPolygon(int nverts, int * ilist, GrVertex * vlist)	Glide 2 import thunk for _GRAADRAWPOLYGON@12 (glimport.asm); patched to glide2x.ovl by __loadme on first call.
FUNC	b899b	grAADrawPolygonVertexList	void grAADrawPolygonVertexList(int nverts, GrVertex * vlist)	Glide 2 import thunk for _GRAADRAWPOLYGONVERTEXLIST@8 (glimport.asm); patched to glide2x.ovl by __loadme on first call.
FUNC	b89a0	grAADrawTriangle	void grAADrawTriangle(GrVertex * a, GrVertex * b, GrVertex * c, FxBool ab_antialias, FxBool bc_antialias, FxBool ca_antialias)	Glide 2 import thunk for _GRAADRAWTRIANGLE@24 (glimport.asm); patched to glide2x.ovl by __loadme on first call.
FUNC	b89a5	grAlphaBlendFunction	void grAlphaBlendFunction(GrAlphaBlendFnc_t rgb_sf, GrAlphaBlendFnc_t rgb_df, GrAlphaBlendFnc_t alpha_sf, GrAlphaBlendFnc_t alpha_df)	Glide 2 import thunk for _GRALPHABLENDFUNCTION@16 (glimport.asm); patched to glide2x.ovl by __loadme on first call.
FUNC	b89aa	grAlphaCombine	void grAlphaCombine(GrCombineFunction_t function, GrCombineFactor_t factor, GrCombineLocal_t local, GrCombineOther_t other, FxBool invert)	Glide 2 import thunk for _GRALPHACOMBINE@20 (glimport.asm); patched to glide2x.ovl by __loadme on first call.
FUNC	b89af	grAlphaControlsITRGBLighting	void grAlphaControlsITRGBLighting(FxBool enable)	Glide 2 import thunk for _GRALPHACONTROLSITRGBLIGHTING@4 (glimport.asm); patched to glide2x.ovl by __loadme on first call.
FUNC	b89b4	grAlphaTestFunction	void grAlphaTestFunction(GrCmpFnc_t function)	Glide 2 import thunk for _GRALPHATESTFUNCTION@4 (glimport.asm); patched to glide2x.ovl by __loadme on first call.
FUNC	b89b9	grAlphaTestReferenceValue	void grAlphaTestReferenceValue(GrAlpha_t value)	Glide 2 import thunk for _GRALPHATESTREFERENCEVALUE@4 (glimport.asm); patched to glide2x.ovl by __loadme on first call.
FUNC	b89be	grBufferClear	void grBufferClear(GrColor_t color, GrAlpha_t alpha, FxU16 depth)	Glide 2 import thunk for _GRBUFFERCLEAR@12 (glimport.asm); patched to glide2x.ovl by __loadme on first call.
FUNC	b89c3	grBufferNumPending	int grBufferNumPending(void)	Glide 2 import thunk for _GRBUFFERNUMPENDING@0 (glimport.asm); patched to glide2x.ovl by __loadme on first call.
FUNC	b89c8	grBufferSwap	void grBufferSwap(int swap_interval)	Glide 2 import thunk for _GRBUFFERSWAP@4 (glimport.asm); patched to glide2x.ovl by __loadme on first call.
FUNC	b89cd	grCheckForRoom	void grCheckForRoom(FxI32 n)	Glide 2 import thunk for _GRCHECKFORROOM@4 (glimport.asm); patched to glide2x.ovl by __loadme on first call.
FUNC	b89d2	grChromakeyMode	void grChromakeyMode(GrChromakeyMode_t mode)	Glide 2 import thunk for _GRCHROMAKEYMODE@4 (glimport.asm); patched to glide2x.ovl by __loadme on first call.
FUNC	b89d7	grChromakeyValue	void grChromakeyValue(GrColor_t value)	Glide 2 import thunk for _GRCHROMAKEYVALUE@4 (glimport.asm); patched to glide2x.ovl by __loadme on first call.
FUNC	b89dc	grClipWindow	void grClipWindow(FxU32 minx, FxU32 miny, FxU32 maxx, FxU32 maxy)	Glide 2 import thunk for _GRCLIPWINDOW@16 (glimport.asm); patched to glide2x.ovl by __loadme on first call.
FUNC	b89e1	grColorCombine	void grColorCombine(GrCombineFunction_t function, GrCombineFactor_t factor, GrCombineLocal_t local, GrCombineOther_t other, FxBool invert)	Glide 2 import thunk for _GRCOLORCOMBINE@20 (glimport.asm); patched to glide2x.ovl by __loadme on first call.
FUNC	b89e6	grColorMask	void grColorMask(FxBool rgb, FxBool a)	Glide 2 import thunk for _GRCOLORMASK@8 (glimport.asm); patched to glide2x.ovl by __loadme on first call.
FUNC	b89eb	grConstantColorValue4	void grConstantColorValue4(float a, float r, float g, float b)	Glide 2 import thunk for _GRCONSTANTCOLORVALUE4@16 (glimport.asm); patched to glide2x.ovl by __loadme on first call.
FUNC	b89f0	grConstantColorValue	void grConstantColorValue(GrColor_t value)	Glide 2 import thunk for _GRCONSTANTCOLORVALUE@4 (glimport.asm); patched to glide2x.ovl by __loadme on first call.
FUNC	b89f5	grCullMode	void grCullMode(GrCullMode_t mode)	Glide 2 import thunk for _GRCULLMODE@4 (glimport.asm); patched to glide2x.ovl by __loadme on first call.
FUNC	b89fa	grDepthBiasLevel	void grDepthBiasLevel(FxI16 level)	Glide 2 import thunk for _GRDEPTHBIASLEVEL@4 (glimport.asm); patched to glide2x.ovl by __loadme on first call.
FUNC	b89ff	grDepthBufferFunction	void grDepthBufferFunction(GrCmpFnc_t function)	Glide 2 import thunk for _GRDEPTHBUFFERFUNCTION@4 (glimport.asm); patched to glide2x.ovl by __loadme on first call.
FUNC	b8a04	grDepthBufferMode	void grDepthBufferMode(GrDepthBufferMode_t mode)	Glide 2 import thunk for _GRDEPTHBUFFERMODE@4 (glimport.asm); patched to glide2x.ovl by __loadme on first call.
FUNC	b8a09	grDepthMask	void grDepthMask(FxBool mask)	Glide 2 import thunk for _GRDEPTHMASK@4 (glimport.asm); patched to glide2x.ovl by __loadme on first call.
FUNC	b8a0e	grDisableAllEffects	void grDisableAllEffects(void)	Glide 2 import thunk for _GRDISABLEALLEFFECTS@0 (glimport.asm); patched to glide2x.ovl by __loadme on first call.
FUNC	b8a13	grDitherMode	void grDitherMode(GrDitherMode_t mode)	Glide 2 import thunk for _GRDITHERMODE@4 (glimport.asm); patched to glide2x.ovl by __loadme on first call.
FUNC	b8a18	grDrawLine	void grDrawLine(GrVertex * v1, GrVertex * v2)	Glide 2 import thunk for _GRDRAWLINE@8 (glimport.asm); patched to glide2x.ovl by __loadme on first call.
FUNC	b8a1d	grDrawPlanarPolygon	void grDrawPlanarPolygon(int nverts, int * ilist, GrVertex * vlist)	Glide 2 import thunk for _GRDRAWPLANARPOLYGON@12 (glimport.asm); patched to glide2x.ovl by __loadme on first call.
FUNC	b8a22	grDrawPlanarPolygonVertexList	void grDrawPlanarPolygonVertexList(int nverts, GrVertex * vlist)	Glide 2 import thunk for _GRDRAWPLANARPOLYGONVERTEXLIST@8 (glimport.asm); patched to glide2x.ovl by __loadme on first call.
FUNC	b8a27	grDrawPoint	void grDrawPoint(GrVertex * pt)	Glide 2 import thunk for _GRDRAWPOINT@4 (glimport.asm); patched to glide2x.ovl by __loadme on first call.
FUNC	b8a2c	grDrawPolygon	void grDrawPolygon(int nverts, int * ilist, GrVertex * vlist)	Glide 2 import thunk for _GRDRAWPOLYGON@12 (glimport.asm); patched to glide2x.ovl by __loadme on first call.
FUNC	b8a31	grDrawPolygonVertexList	void grDrawPolygonVertexList(int nverts, GrVertex * vlist)	Glide 2 import thunk for _GRDRAWPOLYGONVERTEXLIST@8 (glimport.asm); patched to glide2x.ovl by __loadme on first call.
FUNC	b8a36	grDrawTriangle	void grDrawTriangle(GrVertex * a, GrVertex * b, GrVertex * c)	Glide 2 import thunk for _GRDRAWTRIANGLE@12 (glimport.asm); patched to glide2x.ovl by __loadme on first call.
FUNC	b8a3b	grErrorSetCallback	void grErrorSetCallback(GrErrorCallbackFnc_t fnc)	Glide 2 import thunk for _GRERRORSETCALLBACK@4 (glimport.asm); patched to glide2x.ovl by __loadme on first call.
FUNC	b8a40	grFogColorValue	void grFogColorValue(GrColor_t fogcolor)	Glide 2 import thunk for _GRFOGCOLORVALUE@4 (glimport.asm); patched to glide2x.ovl by __loadme on first call.
FUNC	b8a45	grFogMode	void grFogMode(GrFogMode_t mode)	Glide 2 import thunk for _GRFOGMODE@4 (glimport.asm); patched to glide2x.ovl by __loadme on first call.
FUNC	b8a4a	grFogTable	void grFogTable(GrFog_t * ft)	Glide 2 import thunk for _GRFOGTABLE@4 (glimport.asm); patched to glide2x.ovl by __loadme on first call.
FUNC	b8a4f	grGammaCorrectionValue	void grGammaCorrectionValue(float value)	Glide 2 import thunk for _GRGAMMACORRECTIONVALUE@4 (glimport.asm); patched to glide2x.ovl by __loadme on first call.
FUNC	b8a54	grGlideGetState	void grGlideGetState(GrState * state)	Glide 2 import thunk for _GRGLIDEGETSTATE@4 (glimport.asm); patched to glide2x.ovl by __loadme on first call.
FUNC	b8a59	grGlideGetVersion	void grGlideGetVersion(char[80] version)	Glide 2 import thunk for _GRGLIDEGETVERSION@4 (glimport.asm); patched to glide2x.ovl by __loadme on first call.
FUNC	b8a5e	grGlideInit	void grGlideInit(void)	Glide 2 import thunk for _GRGLIDEINIT@0 (glimport.asm); patched to glide2x.ovl by __loadme on first call.
FUNC	b8a63	grGlideSetState	void grGlideSetState(GrState * state)	Glide 2 import thunk for _GRGLIDESETSTATE@4 (glimport.asm); patched to glide2x.ovl by __loadme on first call.
FUNC	b8a68	grGlideShamelessPlug	void grGlideShamelessPlug(FxBool on)	Glide 2 import thunk for _GRGLIDESHAMELESSPLUG@4 (glimport.asm); patched to glide2x.ovl by __loadme on first call.
FUNC	b8a6d	grGlideShutdown	void grGlideShutdown(void)	Glide 2 import thunk for _GRGLIDESHUTDOWN@0 (glimport.asm); patched to glide2x.ovl by __loadme on first call.
FUNC	b8a72	grHints	void grHints(GrHint_t hintType, FxU32 hintMask)	Glide 2 import thunk for _GRHINTS@8 (glimport.asm); patched to glide2x.ovl by __loadme on first call.
FUNC	b8a77	grLfbConstantAlpha	void grLfbConstantAlpha(GrAlpha_t alpha)	Glide 2 import thunk for _GRLFBCONSTANTALPHA@4 (glimport.asm); patched to glide2x.ovl by __loadme on first call.
FUNC	b8a7c	grLfbConstantDepth	void grLfbConstantDepth(FxU16 depth)	Glide 2 import thunk for _GRLFBCONSTANTDEPTH@4 (glimport.asm); patched to glide2x.ovl by __loadme on first call.
FUNC	b8a81	grLfbLock	FxBool grLfbLock(GrLock_t type, GrBuffer_t buffer, GrLfbWriteMode_t writeMode, GrOriginLocation_t origin, FxBool pixelPipeline, GrLfbInfo_t * info)	Glide 2 import thunk for _GRLFBLOCK@24 (glimport.asm); patched to glide2x.ovl by __loadme on first call.
FUNC	b8a86	grLfbReadRegion	FxBool grLfbReadRegion(GrBuffer_t src_buffer, FxU32 src_x, FxU32 src_y, FxU32 src_width, FxU32 src_height, FxU32 dst_stride, void * dst_data)	Glide 2 import thunk for _GRLFBREADREGION@28 (glimport.asm); patched to glide2x.ovl by __loadme on first call.
FUNC	b8a8b	grLfbWriteRegion	FxBool grLfbWriteRegion(GrBuffer_t dst_buffer, FxU32 dst_x, FxU32 dst_y, GrLfbSrcFmt_t src_format, FxU32 src_width, FxU32 src_height, FxI32 src_stride, void * src_data)	Glide 2 import thunk for _GRLFBWRITEREGION@32 (glimport.asm); patched to glide2x.ovl by __loadme on first call.
FUNC	b8a90	grLfbUnlock	FxBool grLfbUnlock(GrLock_t type, GrBuffer_t buffer)	Glide 2 import thunk for _GRLFBUNLOCK@8 (glimport.asm); patched to glide2x.ovl by __loadme on first call.
FUNC	b8a95	grLfbWriteColorFormat	void grLfbWriteColorFormat(GrColorFormat_t colorFormat)	Glide 2 import thunk for _GRLFBWRITECOLORFORMAT@4 (glimport.asm); patched to glide2x.ovl by __loadme on first call.
FUNC	b8a9a	grLfbWriteColorSwizzle	void grLfbWriteColorSwizzle(FxBool swizzleBytes, FxBool swapWords)	Glide 2 import thunk for _GRLFBWRITECOLORSWIZZLE@8 (glimport.asm); patched to glide2x.ovl by __loadme on first call.
FUNC	b8a9f	grRenderBuffer	void grRenderBuffer(GrBuffer_t buffer)	Glide 2 import thunk for _GRRENDERBUFFER@4 (glimport.asm); patched to glide2x.ovl by __loadme on first call.
FUNC	b8aa4	grResetTriStats	void grResetTriStats(void)	Glide 2 import thunk for _GRRESETTRISTATS@0 (glimport.asm); patched to glide2x.ovl by __loadme on first call.
FUNC	b8aa9	grSplash	void grSplash(float x, float y, float width, float height, FxU32 frame)	Glide 2 import thunk for _GRSPLASH@20 (glimport.asm); patched to glide2x.ovl by __loadme on first call.
FUNC	b8aae	GRSSTCONFIGPIPELINE_12	undefined GRSSTCONFIGPIPELINE_12(void)	Glide 2 import thunk for _GRSSTCONFIGPIPELINE@12 (glimport.asm); patched to glide2x.ovl by __loadme on first call.
FUNC	b8ab3	grSstControl	FxBool grSstControl(FxU32 code)	Glide 2 import thunk for _GRSSTCONTROL@4 (glimport.asm); patched to glide2x.ovl by __loadme on first call.
FUNC	b8ab8	grSstIdle	void grSstIdle(void)	Glide 2 import thunk for _GRSSTIDLE@0 (glimport.asm); patched to glide2x.ovl by __loadme on first call.
FUNC	b8abd	grSstIsBusy	FxBool grSstIsBusy(void)	Glide 2 import thunk for _GRSSTISBUSY@0 (glimport.asm); patched to glide2x.ovl by __loadme on first call.
FUNC	b8ac2	grSstOrigin	void grSstOrigin(GrOriginLocation_t origin)	Glide 2 import thunk for _GRSSTORIGIN@4 (glimport.asm); patched to glide2x.ovl by __loadme on first call.
FUNC	b8ac7	grSstPerfStats	void grSstPerfStats(GrSstPerfStats_t * pStats)	Glide 2 import thunk for _GRSSTPERFSTATS@4 (glimport.asm); patched to glide2x.ovl by __loadme on first call.
FUNC	b8acc	grSstQueryBoards	FxBool grSstQueryBoards(GrHwConfiguration * hwconfig)	Glide 2 import thunk for _GRSSTQUERYBOARDS@4 (glimport.asm); patched to glide2x.ovl by __loadme on first call.
FUNC	b8ad1	grSstQueryHardware	FxBool grSstQueryHardware(GrHwConfiguration * hwconfig)	Glide 2 import thunk for _GRSSTQUERYHARDWARE@4 (glimport.asm); patched to glide2x.ovl by __loadme on first call.
FUNC	b8ad6	grSstResetPerfStats	void grSstResetPerfStats(void)	Glide 2 import thunk for _GRSSTRESETPERFSTATS@0 (glimport.asm); patched to glide2x.ovl by __loadme on first call.
FUNC	b8adb	grSstScreenHeight	FxU32 grSstScreenHeight(void)	Glide 2 import thunk for _GRSSTSCREENHEIGHT@0 (glimport.asm); patched to glide2x.ovl by __loadme on first call.
FUNC	b8ae0	grSstScreenWidth	FxU32 grSstScreenWidth(void)	Glide 2 import thunk for _GRSSTSCREENWIDTH@0 (glimport.asm); patched to glide2x.ovl by __loadme on first call.
FUNC	b8ae5	grSstSelect	void grSstSelect(int which_sst)	Glide 2 import thunk for _GRSSTSELECT@4 (glimport.asm); patched to glide2x.ovl by __loadme on first call.
FUNC	b8aea	grSstStatus	FxU32 grSstStatus(void)	Glide 2 import thunk for _GRSSTSTATUS@0 (glimport.asm); patched to glide2x.ovl by __loadme on first call.
FUNC	b8aef	grSstVideoLine	FxU32 grSstVideoLine(void)	Glide 2 import thunk for _GRSSTVIDEOLINE@0 (glimport.asm); patched to glide2x.ovl by __loadme on first call.
FUNC	b8af4	GRSSTVIDMODE_8	undefined GRSSTVIDMODE_8(void)	Glide 2 import thunk for _GRSSTVIDMODE@8 (glimport.asm); patched to glide2x.ovl by __loadme on first call.
FUNC	b8af9	grSstVRetraceOn	FxBool grSstVRetraceOn(void)	Glide 2 import thunk for _GRSSTVRETRACEON@0 (glimport.asm); patched to glide2x.ovl by __loadme on first call.
FUNC	b8afe	grSstWinClose	void grSstWinClose(void)	Glide 2 import thunk for _GRSSTWINCLOSE@0 (glimport.asm); patched to glide2x.ovl by __loadme on first call.
FUNC	b8b03	grSstWinOpen	FxBool grSstWinOpen(FxU32 hWnd, GrScreenResolution_t screen_resolution, GrScreenRefresh_t refresh_rate, GrColorFormat_t color_format, GrOriginLocation_t origin_location, int nColBuffers, int nAuxBuffers)	Glide 2 import thunk for _GRSSTWINOPEN@28 (glimport.asm); patched to glide2x.ovl by __loadme on first call.
FUNC	b8b08	grTexCalcMemRequired	FxU32 grTexCalcMemRequired(GrLOD_t lodmin, GrLOD_t lodmax, GrAspectRatio_t aspect, GrTextureFormat_t fmt)	Glide 2 import thunk for _GRTEXCALCMEMREQUIRED@16 (glimport.asm); patched to glide2x.ovl by __loadme on first call.
FUNC	b8b0d	grTexClampMode	void grTexClampMode(GrChipID_t tmu, GrTextureClampMode_t s_clampmode, GrTextureClampMode_t t_clampmode)	Glide 2 import thunk for _GRTEXCLAMPMODE@12 (glimport.asm); patched to glide2x.ovl by __loadme on first call.
FUNC	b8b12	grTexCombine	void grTexCombine(GrChipID_t tmu, GrCombineFunction_t rgb_function, GrCombineFactor_t rgb_factor, GrCombineFunction_t alpha_function, GrCombineFactor_t alpha_factor, FxBool rgb_invert, FxBool alpha_invert)	Glide 2 import thunk for _GRTEXCOMBINE@28 (glimport.asm); patched to glide2x.ovl by __loadme on first call.
FUNC	b8b17	grTexCombineFunction	void grTexCombineFunction(GrChipID_t tmu, GrTextureCombineFnc_t fnc)	Glide 2 import thunk for _GRTEXCOMBINEFUNCTION@8 (glimport.asm); patched to glide2x.ovl by __loadme on first call.
FUNC	b8b1c	grTexDetailControl	void grTexDetailControl(GrChipID_t tmu, int lod_bias, FxU8 detail_scale, float detail_max)	Glide 2 import thunk for _GRTEXDETAILCONTROL@16 (glimport.asm); patched to glide2x.ovl by __loadme on first call.
FUNC	b8b21	grTexDownloadMipMap	void grTexDownloadMipMap(GrChipID_t tmu, FxU32 startAddress, FxU32 evenOdd, GrTexInfo * info)	Glide 2 import thunk for _GRTEXDOWNLOADMIPMAP@16 (glimport.asm); patched to glide2x.ovl by __loadme on first call.
FUNC	b8b26	grTexDownloadMipMapLevel	void grTexDownloadMipMapLevel(GrChipID_t tmu, FxU32 startAddress, GrLOD_t thisLod, GrLOD_t largeLod, GrAspectRatio_t aspectRatio, GrTextureFormat_t format, FxU32 evenOdd, void * data)	Glide 2 import thunk for _GRTEXDOWNLOADMIPMAPLEVEL@32 (glimport.asm); patched to glide2x.ovl by __loadme on first call.
FUNC	b8b2b	grTexDownloadMipMapLevelPartial	void grTexDownloadMipMapLevelPartial(GrChipID_t tmu, FxU32 startAddress, GrLOD_t thisLod, GrLOD_t largeLod, GrAspectRatio_t aspectRatio, GrTextureFormat_t format, FxU32 evenOdd, void * data, int start, int end)	Glide 2 import thunk for _GRTEXDOWNLOADMIPMAPLEVELPARTIAL@40 (glimport.asm); patched to glide2x.ovl by __loadme on first call.
FUNC	b8b30	grTexDownloadTable	void grTexDownloadTable(GrChipID_t tmu, GrTexTable_t type, void * data)	Glide 2 import thunk for _GRTEXDOWNLOADTABLE@12 (glimport.asm); patched to glide2x.ovl by __loadme on first call.
FUNC	b8b35	grTexDownloadTablePartial	void grTexDownloadTablePartial(GrChipID_t tmu, GrTexTable_t type, void * data, int start, int end)	Glide 2 import thunk for _GRTEXDOWNLOADTABLEPARTIAL@20 (glimport.asm); patched to glide2x.ovl by __loadme on first call.
FUNC	b8b3a	grTexFilterMode	void grTexFilterMode(GrChipID_t tmu, GrTextureFilterMode_t minfilter_mode, GrTextureFilterMode_t magfilter_mode)	Glide 2 import thunk for _GRTEXFILTERMODE@12 (glimport.asm); patched to glide2x.ovl by __loadme on first call.
FUNC	b8b3f	grTexLodBiasValue	void grTexLodBiasValue(GrChipID_t tmu, float bias)	Glide 2 import thunk for _GRTEXLODBIASVALUE@8 (glimport.asm); patched to glide2x.ovl by __loadme on first call.
FUNC	b8b44	grTexMaxAddress	FxU32 grTexMaxAddress(GrChipID_t tmu)	Glide 2 import thunk for _GRTEXMAXADDRESS@4 (glimport.asm); patched to glide2x.ovl by __loadme on first call.
FUNC	b8b49	grTexMinAddress	FxU32 grTexMinAddress(GrChipID_t tmu)	Glide 2 import thunk for _GRTEXMINADDRESS@4 (glimport.asm); patched to glide2x.ovl by __loadme on first call.
FUNC	b8b4e	grTexMipMapMode	void grTexMipMapMode(GrChipID_t tmu, GrMipMapMode_t mode, FxBool lodBlend)	Glide 2 import thunk for _GRTEXMIPMAPMODE@12 (glimport.asm); patched to glide2x.ovl by __loadme on first call.
FUNC	b8b53	grTexMultibase	void grTexMultibase(GrChipID_t tmu, FxBool enable)	Glide 2 import thunk for _GRTEXMULTIBASE@8 (glimport.asm); patched to glide2x.ovl by __loadme on first call.
FUNC	b8b58	grTexMultibaseAddress	void grTexMultibaseAddress(GrChipID_t tmu, GrTexBaseRange_t range, FxU32 startAddress, FxU32 evenOdd, GrTexInfo * info)	Glide 2 import thunk for _GRTEXMULTIBASEADDRESS@20 (glimport.asm); patched to glide2x.ovl by __loadme on first call.
FUNC	b8b5d	grTexNCCTable	void grTexNCCTable(GrChipID_t tmu, GrNCCTable_t table)	Glide 2 import thunk for _GRTEXNCCTABLE@8 (glimport.asm); patched to glide2x.ovl by __loadme on first call.
FUNC	b8b62	grTexSource	void grTexSource(GrChipID_t tmu, FxU32 startAddress, FxU32 evenOdd, GrTexInfo * info)	Glide 2 import thunk for _GRTEXSOURCE@16 (glimport.asm); patched to glide2x.ovl by __loadme on first call.
FUNC	b8b67	grTexTextureMemRequired	FxU32 grTexTextureMemRequired(FxU32 evenOdd, GrTexInfo * info)	Glide 2 import thunk for _GRTEXTEXTUREMEMREQUIRED@8 (glimport.asm); patched to glide2x.ovl by __loadme on first call.
FUNC	b8b6c	grTriStats	void grTriStats(FxU32 * trisProcessed, FxU32 * trisDrawn)	Glide 2 import thunk for _GRTRISTATS@8 (glimport.asm); patched to glide2x.ovl by __loadme on first call.
FUNC	b8b71	gu3dfGetInfo	FxBool gu3dfGetInfo(char * filename, Gu3dfInfo * info)	Glide 2 import thunk for _GU3DFGETINFO@8 (glimport.asm); patched to glide2x.ovl by __loadme on first call.
FUNC	b8b76	gu3dfLoad	FxBool gu3dfLoad(char * filename, Gu3dfInfo * data)	Glide 2 import thunk for _GU3DFLOAD@8 (glimport.asm); patched to glide2x.ovl by __loadme on first call.
FUNC	b8b7b	guAADrawTriangleWithClip	void guAADrawTriangleWithClip(GrVertex * a, GrVertex * b, GrVertex * c)	Glide 2 import thunk for _GUAADRAWTRIANGLEWITHCLIP@12 (glimport.asm); patched to glide2x.ovl by __loadme on first call.
FUNC	b8b80	guAlphaSource	void guAlphaSource(GrAlphaSource_t mode)	Glide 2 import thunk for _GUALPHASOURCE@4 (glimport.asm); patched to glide2x.ovl by __loadme on first call.
FUNC	b8b85	guColorCombineFunction	void guColorCombineFunction(GrColorCombineFnc_t fnc)	Glide 2 import thunk for _GUCOLORCOMBINEFUNCTION@4 (glimport.asm); patched to glide2x.ovl by __loadme on first call.
FUNC	b8b8a	guDrawPolygonVertexListWithClip	void guDrawPolygonVertexListWithClip(int nverts, GrVertex * vlist)	Glide 2 import thunk for _GUDRAWPOLYGONVERTEXLISTWITHCLIP@8 (glimport.asm); patched to glide2x.ovl by __loadme on first call.
FUNC	b8b8f	guDrawTriangleWithClip	void guDrawTriangleWithClip(GrVertex * a, GrVertex * b, GrVertex * c)	Glide 2 import thunk for _GUDRAWTRIANGLEWITHCLIP@12 (glimport.asm); patched to glide2x.ovl by __loadme on first call.
FUNC	b8b94	guEncodeRLE16	int guEncodeRLE16(void * dst, void * src, FxU32 width, FxU32 height)	Glide 2 import thunk for _GUENCODERLE16@16 (glimport.asm); patched to glide2x.ovl by __loadme on first call.
FUNC	b8b99	guEndianSwapBytes	FxU16 guEndianSwapBytes(FxU16 value)	Glide 2 import thunk for _GUENDIANSWAPBYTES@4 (glimport.asm); patched to glide2x.ovl by __loadme on first call.
FUNC	b8b9e	guEndianSwapWords	FxU32 guEndianSwapWords(FxU32 value)	Glide 2 import thunk for _GUENDIANSWAPWORDS@4 (glimport.asm); patched to glide2x.ovl by __loadme on first call.
FUNC	b8ba3	guFogGenerateExp2	void guFogGenerateExp2(GrFog_t * fogtable, float density)	Glide 2 import thunk for _GUFOGGENERATEEXP2@8 (glimport.asm); patched to glide2x.ovl by __loadme on first call.
FUNC	b8ba8	guFogGenerateExp	void guFogGenerateExp(GrFog_t * fogtable, float density)	Glide 2 import thunk for _GUFOGGENERATEEXP@8 (glimport.asm); patched to glide2x.ovl by __loadme on first call.
FUNC	b8bad	guFogGenerateLinear	void guFogGenerateLinear(GrFog_t * fogtable, float nearZ, float farZ)	Glide 2 import thunk for _GUFOGGENERATELINEAR@12 (glimport.asm); patched to glide2x.ovl by __loadme on first call.
FUNC	b8bb2	guFogTableIndexToW	float guFogTableIndexToW(int i)	Glide 2 import thunk for _GUFOGTABLEINDEXTOW@4 (glimport.asm); patched to glide2x.ovl by __loadme on first call.
FUNC	b8bb7	GUMOVIESETNAME_4	undefined GUMOVIESETNAME_4(void)	Glide 2 import thunk for _GUMOVIESETNAME@4 (glimport.asm); patched to glide2x.ovl by __loadme on first call.
FUNC	b8bbc	GUMOVIESTART_0	undefined GUMOVIESTART_0(void)	Glide 2 import thunk for _GUMOVIESTART@0 (glimport.asm); patched to glide2x.ovl by __loadme on first call.
FUNC	b8bc1	GUMOVIESTOP_0	undefined GUMOVIESTOP_0(void)	Glide 2 import thunk for _GUMOVIESTOP@0 (glimport.asm); patched to glide2x.ovl by __loadme on first call.
FUNC	b8bc6	GUMPDRAWTRIANGLE_12	undefined GUMPDRAWTRIANGLE_12(void)	Glide 2 import thunk for _GUMPDRAWTRIANGLE@12 (glimport.asm); patched to glide2x.ovl by __loadme on first call.
FUNC	b8bcb	GUMPINIT_0	undefined GUMPINIT_0(void)	Glide 2 import thunk for _GUMPINIT@0 (glimport.asm); patched to glide2x.ovl by __loadme on first call.
FUNC	b8bd0	GUMPTEXCOMBINEFUNCTION_4	undefined GUMPTEXCOMBINEFUNCTION_4(void)	Glide 2 import thunk for _GUMPTEXCOMBINEFUNCTION@4 (glimport.asm); patched to glide2x.ovl by __loadme on first call.
FUNC	b8bd5	GUMPTEXSOURCE_8	undefined GUMPTEXSOURCE_8(void)	Glide 2 import thunk for _GUMPTEXSOURCE@8 (glimport.asm); patched to glide2x.ovl by __loadme on first call.
FUNC	b8bda	guTexAllocateMemory	GrMipMapId_t guTexAllocateMemory(GrChipID_t tmu, FxU8 odd_even_mask, int width, int height, GrTextureFormat_t fmt, GrMipMapMode_t mm_mode, GrLOD_t smallest_lod, GrLOD_t largest_lod, GrAspectRatio_t aspect, GrTextureClampMode_t s_clamp_mode, GrTextureClampMode_t t_clamp_mode, GrTextureFilterMode_t minfilter_mode, GrTextureFilterMode_t magfilter_mode, float lod_bias, FxBool trilinear)	Glide 2 import thunk for _GUTEXALLOCATEMEMORY@60 (glimport.asm); patched to glide2x.ovl by __loadme on first call.
FUNC	b8bdf	guTexChangeAttributes	FxBool guTexChangeAttributes(GrMipMapId_t mmid, int width, int height, GrTextureFormat_t fmt, GrMipMapMode_t mm_mode, GrLOD_t smallest_lod, GrLOD_t largest_lod, GrAspectRatio_t aspect, GrTextureClampMode_t s_clamp_mode, GrTextureClampMode_t t_clamp_mode, GrTextureFilterMode_t minFilterMode, GrTextureFilterMode_t magFilterMode)	Glide 2 import thunk for _GUTEXCHANGEATTRIBUTES@48 (glimport.asm); patched to glide2x.ovl by __loadme on first call.
FUNC	b8be4	guTexCombineFunction	void guTexCombineFunction(GrChipID_t tmu, GrTextureCombineFnc_t fnc)	Glide 2 import thunk for _GUTEXCOMBINEFUNCTION@8 (glimport.asm); patched to glide2x.ovl by __loadme on first call.
FUNC	b8be9	guTexCreateColorMipMap	FxU16 * guTexCreateColorMipMap(void)	Glide 2 import thunk for _GUTEXCREATECOLORMIPMAP@0 (glimport.asm); patched to glide2x.ovl by __loadme on first call.
FUNC	b8bee	guTexDownloadMipMap	void guTexDownloadMipMap(GrMipMapId_t mmid, void * src, GuNccTable * table)	Glide 2 import thunk for _GUTEXDOWNLOADMIPMAP@12 (glimport.asm); patched to glide2x.ovl by __loadme on first call.
FUNC	b8bf3	guTexDownloadMipMapLevel	void guTexDownloadMipMapLevel(GrMipMapId_t mmid, GrLOD_t lod, void * * src)	Glide 2 import thunk for _GUTEXDOWNLOADMIPMAPLEVEL@12 (glimport.asm); patched to glide2x.ovl by __loadme on first call.
FUNC	b8bf8	guTexGetCurrentMipMap	GrMipMapId_t guTexGetCurrentMipMap(GrChipID_t tmu)	Glide 2 import thunk for _GUTEXGETCURRENTMIPMAP@4 (glimport.asm); patched to glide2x.ovl by __loadme on first call.
FUNC	b8bfd	guTexGetMipMapInfo	GrMipMapInfo * guTexGetMipMapInfo(GrMipMapId_t mmid)	Glide 2 import thunk for _GUTEXGETMIPMAPINFO@4 (glimport.asm); patched to glide2x.ovl by __loadme on first call.
FUNC	b8c02	guTexMemQueryAvail	FxU32 guTexMemQueryAvail(GrChipID_t tmu)	Glide 2 import thunk for _GUTEXMEMQUERYAVAIL@4 (glimport.asm); patched to glide2x.ovl by __loadme on first call.
FUNC	b8c07	guTexMemReset	void guTexMemReset(void)	Glide 2 import thunk for _GUTEXMEMRESET@0 (glimport.asm); patched to glide2x.ovl by __loadme on first call.
FUNC	b8c0c	guTexSource	void guTexSource(GrMipMapId_t id)	Glide 2 import thunk for _GUTEXSOURCE@4 (glimport.asm); patched to glide2x.ovl by __loadme on first call.
FUNC	b8c11	ConvertAndDownloadRle	void ConvertAndDownloadRle(GrChipID_t tmu, FxU32 startAddress, GrLOD_t thisLod, GrLOD_t largeLod, GrAspectRatio_t aspectRatio, GrTextureFormat_t format, FxU32 evenOdd, FxU8 * bm_data, long bm_h, FxU32 u0, FxU32 v0, FxU32 width, FxU32 height, FxU32 dest_width, FxU32 dest_height, FxU16 * tlut)	Glide 2 import thunk for _CONVERTANDDOWNLOADRLE@64 (glimport.asm); patched to glide2x.ovl by __loadme on first call.
FUNC	c0000	LZ_Unpack	undefined LZ_Unpack(void)	[NAME] Descriptive name. Cryo LZ77 decompressor, hand-written asm with stack arguments (src, dst): 32-bit tag word with sentinel; 1 = literal, 01 = long match (13-bit offset, 3-bit length, extension byte, 0 ends), 00 = short match. Returns the output size. Sources: WINDREAM.EXE 0049afd1 LZ_Unpack via match_functions (callee 0.98, callees 0/0). Facts (tools/check_names.py): caller:00056b78.\n\n[DOCS_SYNC]\n[docs/dsn-loader.md > The Body Unpackers and Call Hierarchy **[verified]**] 1. **`DSN_LoadMaterialsAndFaces` (`0x4177f5`)**: Verifies tag `\x01`, reads the packed length $L$, seeks past chunk padding, calls `LZ_Unpack` (`0x49afd1`), Cryo's LZ77 decompressor (hand-written asm, stack arguments), to unpack the LZ stream into the arena directory, materials table, scene-graph nodes, and face records.\n\n[docs/dsn-loader.md > The Body Unpackers and Call Hierarchy **[verified]**] 2. **`DSN_LoadVertexPool` (`0x4178fe`)**: Verifies tag `\x02`, reads length $L$, and unpacks the LZ stream via `LZ_Unpack` into the shared vertex pool at `+0x30`.\n\n[docs/models.md > Animation names and runtime IDs] The engine's loader at `DAN_OpenArchive` (`0x40fff7`) / `DAN_Load3DA` (`0x4105eb`) opens the DANF archive, finds each `.3DA` name in its 13-byte directory and decompresses the Tag 3 chunk via Cryo's LZ decompressor (`LZ_Unpack` (`0x49afd1`)) into runtime skeletal animation tracks.
CMT	20058	plate	[NAME] Descriptive name. One-time startup: CD drive and paths, DREAMS.DAT, the 0x172000 MEM stack, the 0x57800 stream, fonts hi640/480/320, sour.alp, dialog.drd, UI icons. Failures are fatal. Sources: WINDREAM.EXE 004156bf GAME_Init via match_functions (strings 1.00, callees 9/9). Facts (tools/check_names.py): str:hi640.spr; str:sour.alp; str:dialog.drd; call:00031a54; call:000639a0.\n\n[DOCS_SYNC]\n[docs/boot-sequence.md > Function map (boot path)] | `GAME_Init` (`0x4156bf`) | one-time asset init: CD drive and paths, heaps, the `0x57800`-byte stream (`STRM_Create` (`0x415201`)), DREAMS.DAT parse, fonts `hi640/480/320.spr`, cursor `sour_alp`, `icones.bf`, `DIALOG.DRD` check |\n\n[docs/dsn-loader.md > Stream context layout] The stream is built once, by `STRM_Create` (`0x415201`): `GAME_Init` (`0x4156bf`) calls it as `0x5df47c = STRM_Create(0x57800, 0x57800, 0x8000)`.\n\n[docs/engine.md > What the game reads from the renderer **[verified]**] The per-node box records built after the scene walk (`0x460de0`, called per node by the tree walk `0x4610e8` from `REND_DrawFrame`) are read only by box-collision routines (`0x4616ac`–`0x464188`) that nothing calls, except `PHYS_InitBoxPairs` (`0x464188`), which `GAME_Init` calls to allocate their tables (2026-09-26 caller sweep).
CMT	206a4	plate	[NAME] Descriptive name. Game-side start-up: event queue, INPUT_Init, main handler, sound, audio CD, optional intro. Sources: WINDREAM.EXE 00415f00 GAME_InitSubsystems via match_functions (string 0.57, callees 2/2). Facts (tools/check_names.py): str:data\hnm\; str:\hnm\; str:Dreams Internal Error : ; call:0003c2c8.\n\n[DOCS_SYNC]\n[docs/animation-timing.md > Clock to frame counter] | `00415fd8`–`00415fe7` (in `GAME_InitSubsystems`, `00415f00`) | Calls dispatcher command `0x0c` with `EDX=200`, `EBX=15`. |\n\n[docs/boot-sequence.md > Function map (boot path)] | `GAME_InitSubsystems` (`0x415f00`) | system init: MGM message queue, `INPUT_Init` (`0x43a169`), 200 Hz timer, master frame handler `0x416d45`, sound, audio CD, optional intro |\n\n[docs/engine.md > How the original computes Δt] The master frame handler (`0x416d45`, installed by `GAME_InitSubsystems` (`0x415f00`); named `GAME_TickFrame`, a defined function since `CreateWatcomFunctions.java`) runs one frame as: `DEMO_RecordFrame` (`0x40d833`) or `DEMO_PlayFrame` (`0x40e4ed`), `GAME_Tick` (`0x4240ba`), UI, then the **delta for the next frame** (`0x4170a6`–`0x4172a2`):
CMT	221dc	plate	[NAME] Descriptive name. Loads an entity's clips: claims one of 16 family banks, lists an???.3da from the DAN archive or data\3dc\, atoi_ on the AN### suffix, RES_Load into slot[n]; fills gaps up to 64; sets obj+0x158 and obj+0xa9 bit 4. Sources: WINDREAM.EXE 00404d98 ANIM_LoadEntitySet via match_functions (slot 0.48, callees 4/4). Facts (tools/check_names.py): str:data\3dc\; str:\3dc\; str:an???.3da; call:00071318.\n\n[DOCS_SYNC]\n[docs/ai-animation-runtime.md > Project54 `IBI.DAN`: firing path] `ANIM_LoadEntitySet` (`0x404d98`) backfills missing slots from the nearest earlier loaded clip, so all four requests resolve to `IBIAN016` (82 frames).\n\n[docs/ai-animation-runtime.md > Per-model action table] - `ANIM_LoadEntitySet` (`0x404d98`) loads a model's `.DAN` directory, parses each `AN###` suffix, and installs the clip handle at that numeric slot in the model's family bank.\n\n[docs/ai-animation-runtime.md > Player movement] `SCENE_InitLevel` (`0x41f42e`), which `SCENE_LoadLevel` (`0x41f9db`) runs on every level load, loads the player bank from `XH_.DAN` (or `MHE.DAN` for the alternate character) through `ENT_LoadObject` (`0x41d624`) and `ANIM_LoadEntitySet`, requests state 0, and enters the same resolver.\n\n[docs/ai-animation-runtime.md > Reproduce the binary trace] The pointer table and rules are at `WINDREAM.EXE:0x0049d5a0`; the action table is initialized at `ANIM_InitStateTable` (`0x40484d`) and populated at `ANIM_LoadEntitySet` (`0x404d98`).\n\n[docs/asset-access.md > Project records and contextual resources] `ANIM_LoadEntitySet` (`0x00404d98`) maps clip labels to runtime slots.\n\n[docs/dsn-loader.md > The Body Unpackers and Call Hierarchy **[verified]**] 5. **`ENT_LoadModel` (`0x41da7d`)**: Loads one actor's model (DSN, DAN, `.3DC`, `.3DI`, anim set) for `ENT_InstantiateFromObjet`; it is not a scene-wide loader. Caller of `DSN_LoadHeader` (`0x4175bc`). Dispatches model geometry loading, then invokes `ANIM_LoadEntitySet` (`0x404d98`) / `ANIM_RequestState` (`0x405118`) / `ANIM_ApplyPendingState` (`0x4058d5`) for entity initialization if flag bit 1 is set.\n\n[docs/models.md > Animation names and runtime IDs] `WINDREAM.EXE` at `ANIM_LoadEntitySet` (`0x404d98`) reads the `.DAN` clip directory (or searches `an???.3da` files when there is no container), parses each numeric suffix via `atoi_` (`0x4551b5`), and installs the loaded clip in that numbered runtime slot.
CMT	22550	plate	[NAME] Name recovered. Original module: C:\DREAMS\src\ANIM.C. No prototype or owner review inferred. Sources: July 1997 DREAMS.EXE original debug symbol; literal-byte match; re/reviews/wip-dos-byte-matches.tsv; tools/check_wip_names.py. Facts (tools/check_names.py): size:40.
CMT	22bc4	plate	[NAME] Descriptive name. Commits +0x160 to +0x15c, looks up the clip in 0x4f7728, starts a blend; picks idle after one-shots. Sources: WINDREAM.EXE 004058d5 ANIM_ApplyPendingState via match_functions (callee 0.68, callees 2/2). Facts (tools/check_names.py): caller:000246f4.\n\n[DOCS_SYNC]\n[docs/ai-animation-runtime.md > Per-model action table] - `ANIM_ApplyPendingState` (`0x4058d5`) resolves the requested action in `+0x160` as a slot within the actor's family, commits it as the current action at `+0x15c`, and starts a transition if the resolved clip changes.\n\n[docs/ai-animation-runtime.md > Player movement] For runtime class 1, `ANIM_ApplyPendingState` (`0x4058d5`) selects an action from actor `+0x240` divided by frame delta.\n\n[docs/ai-animation-runtime.md > Update order] 3. `ANIM_ApplyPendingState` (`0x4058d5`) (commit the requested action), action sounds, then `ANIM_TickClip` (`0x4068be`) (or `ANIM_TickBlend` (`0x405f1f`)/`ANIM_TickSeamlessSwitch` (`0x4062ad`) during a transition, which call `PHYS_TickEntity` (`0x43d83e`)), and head tracking (`ENT_TrackTarget` (`0x4071bb`): the head node turns toward the current target, clamped to ±45°). A new action's clip starts at frame 1 (`ANIM_StartClip` (`0x4067a2`)).\n\n[docs/animation-timing.md > Actor and state modifiers] `ANIM_ApplyPendingState` (`004058d5`) selects or transitions animation actions and writes float **1.0** to actor `+0x178` at `00405afa`, `00405b6f`, and `00405d8a`.\n\n[docs/dsn-loader.md > The Body Unpackers and Call Hierarchy **[verified]**] 5. **`ENT_LoadModel` (`0x41da7d`)**: Loads one actor's model (DSN, DAN, `.3DC`, `.3DI`, anim set) for `ENT_InstantiateFromObjet`; it is not a scene-wide loader. Caller of `DSN_LoadHeader` (`0x4175bc`). Dispatches model geometry loading, then invokes `ANIM_LoadEntitySet` (`0x404d98`) / `ANIM_RequestState` (`0x405118`) / `ANIM_ApplyPendingState` (`0x4058d5`) for entity initialization if flag bit 1 is set.
CMT	2305c	plate	[NAME] Descriptive name. Cross-fade step between old and new clip, raises weight +0x164, finishes at 0x100. Sources: WINDREAM.EXE 00405f1f ANIM_TickBlend via match_functions (caller 0.58, callees 9/9). Facts (tools/check_names.py): call:00040ba4; caller:000246f4.\n\n[DOCS_SYNC]\n[docs/ai-animation-runtime.md > Update order] 3. `ANIM_ApplyPendingState` (`0x4058d5`) (commit the requested action), action sounds, then `ANIM_TickClip` (`0x4068be`) (or `ANIM_TickBlend` (`0x405f1f`)/`ANIM_TickSeamlessSwitch` (`0x4062ad`) during a transition, which call `PHYS_TickEntity` (`0x43d83e`)), and head tracking (`ENT_TrackTarget` (`0x4071bb`): the head node turns toward the current target, clamped to ±45°). A new action's clip starts at frame 1 (`ANIM_StartClip` (`0x4067a2`)).\n\n[docs/animation-root-blending.md > Original blend path [verified common case]] In `ANIM_TickBlend` (`00405f1f`), the incoming frame at actor `+0x174` is set to 1 on each transition update; the outgoing frame at `+0x170` is held.\n\n[docs/animation-timing.md > Actor and state modifiers] `ENT_TickEntity` (`00407b51`) runs one of three per-tick animation routines: the cross-fade step `ANIM_TickBlend` (`00405f1f`); `ANIM_TickSeamlessSwitch` (`004062ad`), the same-pair switch path that poses, feeds root motion to velocity and finishes the blend at once; or the normal clip tick `ANIM_TickClip` (`004068be`).\n\n[docs/file-formats.md > Project Header fields (0x200 bytes) **[verified]**] - `+0x0A0` `i32`: Player movement scale, copied as a float to actor `+0x104` (the animation step scale `ANIM_TickBlend` (`0x405f1f`) and `ANIM_TickClip` (`0x4068be`) multiply by). **Not** a near clip. **[verified]**
CMT	233b0	plate	[NAME] Descriptive name. Same-pair switch: poses, root motion to velocity, finishes the blend at once. Sources: WINDREAM.EXE 004062ad ANIM_TickSeamlessSwitch via match_functions (slot 0.46, callees 13/13). Facts (tools/check_names.py): call:0007201c; call:00040ba4.\n\n[DOCS_SYNC]\n[docs/ai-animation-runtime.md > Update order] 3. `ANIM_ApplyPendingState` (`0x4058d5`) (commit the requested action), action sounds, then `ANIM_TickClip` (`0x4068be`) (or `ANIM_TickBlend` (`0x405f1f`)/`ANIM_TickSeamlessSwitch` (`0x4062ad`) during a transition, which call `PHYS_TickEntity` (`0x43d83e`)), and head tracking (`ENT_TrackTarget` (`0x4071bb`): the head node turns toward the current target, clamped to ±45°). A new action's clip starts at frame 1 (`ANIM_StartClip` (`0x4067a2`)).\n\n[docs/animation-root-blending.md > Root displacement and physics [verified flow; integration pending]] `ANIM_TickSeamlessSwitch` (`004062ad`) and `ANIM_TickClip` (`004068be`) save the previous root position at actor `+0x128`, read the newly evaluated position into `+0x11c` via `MDL_GetNodePosition` (`00457a04`), and subtract them using `MATH_SubVec3` (`0045b98c`).\n\n[docs/animation-timing.md > Actor and state modifiers] `ENT_TickEntity` (`00407b51`) runs one of three per-tick animation routines: the cross-fade step `ANIM_TickBlend` (`00405f1f`); `ANIM_TickSeamlessSwitch` (`004062ad`), the same-pair switch path that poses, feeds root motion to velocity and finishes the blend at once; or the normal clip tick `ANIM_TickClip` (`004068be`).
CMT	237e0	plate	[NAME] Descriptive name. Starts the current action's clip: frame 1.0, pose the model, then advance by speed x dt; run when an action begins. Sources: WINDREAM.EXE 004067a2 ANIM_StartClip via match_functions (slot 0.49, callees 4/4). Facts (tools/check_names.py): call:0007201c; caller:00022bc4; caller:000246f4.\n\n[DOCS_SYNC]\n[docs/ai-animation-runtime.md > Update order] 3. `ANIM_ApplyPendingState` (`0x4058d5`) (commit the requested action), action sounds, then `ANIM_TickClip` (`0x4068be`) (or `ANIM_TickBlend` (`0x405f1f`)/`ANIM_TickSeamlessSwitch` (`0x4062ad`) during a transition, which call `PHYS_TickEntity` (`0x43d83e`)), and head tracking (`ENT_TrackTarget` (`0x4071bb`): the head node turns toward the current target, clamped to ±45°). A new action's clip starts at frame 1 (`ANIM_StartClip` (`0x4067a2`)).
CMT	23894	plate	[NAME] Descriptive name. Normal anim tick: pose current frame, root motion to velocity with speed flags, advance time, one-shot end. Sources: WINDREAM.EXE 004068be ANIM_TickClip via match_functions (slot 0.44, callees 13/13). Facts (tools/check_names.py): call:0007201c; call:00040ba4.\n\n[DOCS_SYNC]\n[docs/ai-animation-runtime.md > Update order] 3. `ANIM_ApplyPendingState` (`0x4058d5`) (commit the requested action), action sounds, then `ANIM_TickClip` (`0x4068be`) (or `ANIM_TickBlend` (`0x405f1f`)/`ANIM_TickSeamlessSwitch` (`0x4062ad`) during a transition, which call `PHYS_TickEntity` (`0x43d83e`)), and head tracking (`ENT_TrackTarget` (`0x4071bb`): the head node turns toward the current target, clamped to ±45°). A new action's clip starts at frame 1 (`ANIM_StartClip` (`0x4067a2`)).\n\n[docs/animation-root-blending.md > Root displacement and physics [verified flow; integration pending]] `ANIM_TickSeamlessSwitch` (`004062ad`) and `ANIM_TickClip` (`004068be`) save the previous root position at actor `+0x128`, read the newly evaluated position into `+0x11c` via `MDL_GetNodePosition` (`00457a04`), and subtract them using `MATH_SubVec3` (`0045b98c`).\n\n[docs/animation-timing.md > Actor and state modifiers] `ENT_TickEntity` (`00407b51`) runs one of three per-tick animation routines: the cross-fade step `ANIM_TickBlend` (`00405f1f`); `ANIM_TickSeamlessSwitch` (`004062ad`), the same-pair switch path that poses, feeds root motion to velocity and finishes the blend at once; or the normal clip tick `ANIM_TickClip` (`004068be`).\n\n[docs/animation-timing.md > Actor and state modifiers] - Actor `+0x44`, when nonzero, can multiply playback speed. In `ANIM_TickClip` (`004068be`) this multiplier is gated for action IDs 0–8 unless flag `+0xad & 8` is set.\n\n[docs/file-formats.md > Project Header fields (0x200 bytes) **[verified]**] - `+0x0A0` `i32`: Player movement scale, copied as a float to actor `+0x104` (the animation step scale `ANIM_TickBlend` (`0x405f1f`) and `ANIM_TickClip` (`0x4068be`) multiply by). **Not** a near clip. **[verified]**
CMT	23e60	plate	[NAME] Descriptive name. Per-frame pass over the entity pools (16 at 0x630db8, 32 at 0x4fb7a8 stride 0x2d0) Sources: WINDREAM.EXE 00407089 ENT_TickAll via match_functions (slot 0.55, callees 5/5). Facts (tools/check_names.py): call:00044710; call:000246f4.\n\n[DOCS_SYNC]\n[docs/ai-animation-runtime.md > Project54 `IBI.DAN`: firing path] `ENT_TickAttackObject` (`0x444b8f`) is the per-tick update of an attack object, called from `ENT_TickAll` (`0x407089`), and includes its collision test; for class `0x14`, `ENT_ApplyAttackHit` (`0x4440aa`) calls `ENT_ApplyDamage` (`0x443619`) to reduce the target's health at `+0x38` by 10 and request its hit/death state.\n\n[docs/ai-animation-runtime.md > Update order] `ENT_TickAll` (`0x407089`), once per frame from `GAME_Tick` (`0x4240ba`): the 16 transient objects at `0x630db8` (free objects `+0xa9 & 8`; attack objects `+0xaa & 1` move and test hits through `ENT_MoveAttackObject` (`0x442e0d`)/`ENT_TickAttackObject` (`0x444b8f`)); the platform owner and `PHYS_UpdatePlatforms` (`0x43e115`); then the 32 actors at `0x4fb7a8` (0x2d0 bytes each) with `+0xa9 & 4`, through `ENT_TickEntity` (`0x407b51`).\n\n[docs/engine.md > Frame order] `GAME_Tick` (`0x4240ba`): player input (`0x423767`) → `CAM_CompCameraPos` (`0x4099d2`) → AI squads → `ENT_TickAll` (`0x407089`) (animation, then `PHYS_TickEntity` (`0x43d83e`) integrates each entity) → level exits → `0x423f60`: **`PHYS_ResolveCollisions` (`0x40bff8`)** → `REND_DrawFrame` (`0x459320`).
CMT	23f20	plate	[NAME] Descriptive name. Turns the head (and turret) sub-nodes toward the current target, clamped to +-45 degrees, and back to rest out of range. Sources: WINDREAM.EXE 004071bb ENT_TrackTarget via match_functions (slot 0.50, callees 6/6). Facts (tools/check_names.py): caller:000246f4.\n\n[DOCS_SYNC]\n[docs/ai-animation-runtime.md > Update order] 3. `ANIM_ApplyPendingState` (`0x4058d5`) (commit the requested action), action sounds, then `ANIM_TickClip` (`0x4068be`) (or `ANIM_TickBlend` (`0x405f1f`)/`ANIM_TickSeamlessSwitch` (`0x4062ad`) during a transition, which call `PHYS_TickEntity` (`0x43d83e`)), and head tracking (`ENT_TrackTarget` (`0x4071bb`): the head node turns toward the current target, clamped to ±45°). A new action's clip starts at frame 1 (`ANIM_StartClip` (`0x4067a2`)).
CMT	246f4	plate	[NAME] Descriptive name. Per-entity update: angles, timed events, pending state, then blend/switch/normal anim tick. Sources: WINDREAM.EXE 00407b51 ENT_TickEntity via match_functions (caller 0.69, callees 12/12). Facts (tools/check_names.py): call:00022bc4.\n\n[DOCS_SYNC]\n[docs/ai-animation-runtime.md > Project54 `IBI.DAN`: firing path] `ENT_TickEntity` (`0x407b51`) calls `ENT_SpawnAttackObject` (`0x442944`) when the attack state's frame threshold is crossed.\n\n[docs/ai-animation-runtime.md > Player controls **[verified]**] Each request adds `step · 12 / 32` (scaled by the frame) to the yaw rate `+0x60`, capped at `±100 · Δt`, and `ENT_TickEntity` (`0x407b51`) adds the rate to the heading `+0x5c` every frame (4096 per turn).\n\n[docs/ai-animation-runtime.md > Player controls **[verified]**] The generic actor updater `ENT_TickEntity` (`0x407b51`) advances animation and movement together.\n\n[docs/ai-animation-runtime.md > Update order] `ENT_TickAll` (`0x407089`), once per frame from `GAME_Tick` (`0x4240ba`): the 16 transient objects at `0x630db8` (free objects `+0xa9 & 8`; attack objects `+0xaa & 1` move and test hits through `ENT_MoveAttackObject` (`0x442e0d`)/`ENT_TickAttackObject` (`0x444b8f`)); the platform owner and `PHYS_UpdatePlatforms` (`0x43e115`); then the 32 actors at `0x4fb7a8` (0x2d0 bytes each) with `+0xa9 & 4`, through `ENT_TickEntity` (`0x407b51`).\n\n[docs/ai-animation-runtime.md > Update order] `ENT_TickEntity` (`0x407b51`), per actor:\n\n[docs/ai-animation-runtime.md > Firing animation: IBI sequence and remaining effect identity] **[verified control flow]** For the IBI actor in Project54, all four requested states resolve to `IBIAN016`, then `ENT_TickEntity` (`0x407b51`) triggers the moving effect through `ENT_SpawnAttackObject` (`0x442944`) / `ENT_PlaceAtFacingOffset` (`0x442786`) / `ENT_MoveAttackObject` (`0x442e0d`); the collision path applies damage through `ENT_TickAttackObject` (`0x444b8f`) / `ENT_ApplyAttackHit` (`0x4440aa`) / `ENT_ApplyDamage` (`0x443619`).\n\n[docs/animation-timing.md > Actor and state modifiers] `ENT_TickEntity` (`00407b51`) runs one of three per-tick animation routines: the cross-fade step `ANIM_TickBlend` (`00405f1f`); `ANIM_TickSeamlessSwitch` (`004062ad`), the same-pair switch path that poses, feeds root motion to velocity and finishes the blend at once; or the normal clip tick `ANIM_TickClip` (`004068be`).
CMT	26834	plate	[NAME] Descriptive name. File loader behind RES_Load: routes to DSN/DAN readers or reads the raw body. Sources: WINDREAM.EXE 0041c666 RES_ReadFile via match_functions (strings 1.00, callees 14/14). Facts (tools/check_names.py): caller:00071318; str:%s%s; str:.3DA.\n\nName matched from WINDREAM.EXE 0041c666 (strings, 1.00; tools/match_functions.py).\n\n[DOCS_SYNC]\n[docs/asset-access.md > Project records and contextual resources] `RES_Load` (`0x00456e24`) allocates an engine handle, calls `RES_ReadFile` (`0x0041c666`), and relocates the result.\n\n[docs/asset-access.md > Project records and contextual resources] `RES_ReadFile` changes meaning with its active container:\n\n[docs/asset-access.md > Project records and contextual resources] | no matching container route | physical path | raw branch of `RES_ReadFile` | Source file path, independent of the logical names above |\n\n[docs/assets.md > Textures — the honest position] They are the same **texture bank** as `.DAN` tag 2: after two u32s that `RES_ReadFile` (`0x41c666`) skips, 98,324 bytes of a 20-byte header, a 32-row × 256-entry RGB565 palette ramp (the ramp *is* the shading: the rasterizer picks row `31 − shade`) and a 256×256 8-bit page, which `MDL_LoadMaterials` (`0x456038`) binds at `+0x8014`.\n\n[docs/dsn-loader.md > The Body Unpackers and Call Hierarchy **[verified]**] 4. **`RES_ReadFile` (`0x41c666`)**: The file reader behind `RES_Load` (`0x456e24`). Routes by extension: `DSN_LoadMaterialsAndFaces` (`0x4177f5`) (`.3DC`), `DSN_LoadVertexPool` (`0x4178fe`) (`.3DI`), `DSN_Create3DM` (`0x417a07`) (`.3DM`) and `DAN_Load3DA` (`0x4105eb`) (`.3DA`); anything else is read as a raw body. In DSN mode `DSN_Create3DM` builds the `.3DM` texture in memory rather than reading a file: it copies the 20-byte header template from the DSN table, zeroes a 0x8000 palette block and a 0x10000 page, and `DSN_LoadTextures` fills it later.\n\n[docs/file-formats.md > `.3DM` — texture bank **[verified]**] `RES_ReadFile` (`0x41c666`) skips the first eight bytes; `MDL_LoadMaterials` (`0x456038`) binds the page at bank `+0x8014`.\n\n[docs/re-setup.md > First results — the parsers are located] String anchors additionally implicate `RES_ReadFile` (`0x41c666`) (4 xrefs), `MDL_LoadMaterials` (`0x456038`), `CD_FindDrive` (`0x427f11`), `DAN_Read3DC` (`0x41020f`) and `FSB_Load` (`0x426143`): the resource-file reader, the `.3DM` material loader, the CD drive search, the DAN chunk reader and the FSB bank loader.\n\n[docs/scene-geometry.md > The engine's view (2026-09-26) — read this first] **Tag 1 is the renderable scene graph; tag 2 is the collision mesh.** The engine loads tag 1 as `.3DC`, resource type 1, and tag 2 as `.3DI`, resource type 5 (`RES_ReadFile` (`0x41c666`) routes both to the DSN readers; `RES_Relocate` (`0x456368`) relocates type 5 with `MDL_RelocCollision` (`0x455fb4`), which walks 96-byte triangles and relocates their `+0x00/+0x04/+0x08` vertex pointers, the `+0x0c` normal pointer and a pointer at `+0x44`).
CMT	2724c	plate	[NAME] Descriptive name. Finds the scene's CIEL (sky) node and hides or shows it by the level's far-plane override. Sources: WINDREAM.EXE 0041d2cf SCENE_FindSkyNode via match_functions (strings 1.00, callees 5/5). Facts (tools/check_names.py): str:CIEL; caller:0002935c.
CMT	274f4	plate	[NAME] Descriptive name. Places an actor at the level's player spawn. Sources: WINDREAM.EXE 0041d581 ENT_MoveToPlayerSpawn via match_functions (slot 0.51, callees 2/2). Facts (tools/check_names.py): call:000720c4; caller:0002756c.\n\n[DOCS_SYNC]\n[docs/models.md > Addresses, and the 220] `ENT_MoveToPlayerSpawn` then places the model root at the recorded player spawn, rather than adding the authored root offset to it.
CMT	2756c	plate	[NAME] Descriptive name. Takes a free slot of 32 (stride 0x2d0) and loads a 3D object: its .DAN if any, the model via RES_Load, then its properties from the current DREAMS.DAT record. Sources: WINDREAM.EXE 0041d624 ENT_LoadObject via match_functions (strings 1.00, callees 7/7). Facts (tools/check_names.py): str:can't find DAN file; str:%sdata/3dc/%s; call:00056908; call:00071318.\n\n[DOCS_SYNC]\n[docs/ai-animation-runtime.md > Player movement] `SCENE_InitLevel` (`0x41f42e`), which `SCENE_LoadLevel` (`0x41f9db`) runs on every level load, loads the player bank from `XH_.DAN` (or `MHE.DAN` for the alternate character) through `ENT_LoadObject` (`0x41d624`) and `ANIM_LoadEntitySet`, requests state 0, and enters the same resolver.\n\n[docs/file-formats.md > Project Header fields (0x200 bytes) **[verified]**] - `+0x09C` `i32`: Player movement mode, copied to actor `+0x34` by `ENT_LoadObject` (`0x41d624`) when non-zero (4 → 3, 5 → 1 flying, 6 → 3 flying). **Not** a camera projection mode. **[verified]**\n\n[docs/re-status.md > Field corrections to carry into the port] | Project `+0x9c`, `+0xa0`, `+0xa4` | Player movement-mode selector, movement scale, turn step | `ENT_LoadObject`, `ANIM_RequestState`; [engine.md](engine.md#camera-and-projection-verified) |
CMT	27964	plate	[NAME] Descriptive name. Loads one actor's model (DSN, DAN, .3DC, .3DI, anim set) Sources: WINDREAM.EXE 0041da7d ENT_LoadModel via match_functions (strings 1.00, callees 11/11). Facts (tools/check_names.py): str:can't find DSN file; str:No 3di file; call:00056908; call:00051374; caller:00027d50.\n\nName matched from WINDREAM.EXE 0041da7d (strings, 1.00; tools/match_functions.py).\n\n[DOCS_SYNC]\n[docs/asset-access.md > Project records and contextual resources] `ENT_LoadModel` (`0x0041da7d`) probes the stem of a requested object under `DATA\3DC` for `.DSN` and `.DAN`.\n\n[docs/dsn-loader.md > The Body Unpackers and Call Hierarchy **[verified]**] 5. **`ENT_LoadModel` (`0x41da7d`)**: Loads one actor's model (DSN, DAN, `.3DC`, `.3DI`, anim set) for `ENT_InstantiateFromObjet`; it is not a scene-wide loader. Caller of `DSN_LoadHeader` (`0x4175bc`). Dispatches model geometry loading, then invokes `ANIM_LoadEntitySet` (`0x404d98`) / `ANIM_RequestState` (`0x405118`) / `ANIM_ApplyPendingState` (`0x4058d5`) for entity initialization if flag bit 1 is set.
CMT	27d50	plate	[NAME] Descriptive name. Spawns an actor from a scene object definition. Sources: WINDREAM.EXE 0041deb8 ENT_InstantiateFromObjet via match_functions (strings 1.00, callees 9/9). Facts (tools/check_names.py): call:00027964; call:00027c90; caller:0002935c; str:data/3dc/.\n\nName matched from WINDREAM.EXE 0041deb8 (strings, 1.00; tools/match_functions.py).\n\n[DOCS_SYNC]\n[docs/ai-animation-runtime.md > Project54 `IBI.DAN`: firing path] `ENT_InstantiateFromObjet` (`0x41deb8`) remaps selector 5 to runtime class 1 and sets actor flag `+0xad & 0x20`; it also copies the three parameters to actor `+0x10c`, `+0x118`, and `+0x194`.\n\n[docs/ai-animation-runtime.md > `OBJET` fields: verified runtime use and limits] `ENT_InstantiateFromObjet` (`0x41deb8`) creates an actor from a project's `OBJET` record.\n\n[docs/dsn-loader.md > The Body Unpackers and Call Hierarchy **[verified]**] 5. **`ENT_LoadModel` (`0x41da7d`)**: Loads one actor's model (DSN, DAN, `.3DC`, `.3DI`, anim set) for `ENT_InstantiateFromObjet`; it is not a scene-wide loader. Caller of `DSN_LoadHeader` (`0x4175bc`). Dispatches model geometry loading, then invokes `ANIM_LoadEntitySet` (`0x404d98`) / `ANIM_RequestState` (`0x405118`) / `ANIM_ApplyPendingState` (`0x4058d5`) for entity initialization if flag bit 1 is set.\n\n[docs/dsn-loader.md > The Body Unpackers and Call Hierarchy **[verified]**] 6. **`ENT_InstantiateFromObjet` (`0x41deb8`)**: Converts an `OBJET` record from `DREAMS.DAT` into a live in-game entity struct.\n\n[docs/file-formats.md > Project Header fields (0x200 bytes) **[verified]**] Decompiled from `SCENE_LoadLevel` (`0x41f9db`) and `ENT_InstantiateFromObjet` (`0x41deb8`) in `WINDREAM.EXE`: - `+0x000` `char[16]`: project identifier (e.g.\n\n[docs/file-formats.md > `OBJET` fields (0xC0 bytes) **[verified]**] Decompiled from `ENT_InstantiateFromObjet` (`0x41deb8`) (entity instantiation) and `DBG_DrawObjectInfo` (`0x416606`) (the engine's developer debug HUD): - `+0x00` `char[12]`: slot name (`OBJET0` ..
CMT	28800	plate	[NAME] Descriptive name. Puts an actor back at its spawn record's position and heading, with its spawn health (default 100). Sources: WINDREAM.EXE 0041ec38 ENT_ResetToSpawn via match_functions (caller 0.55, callees 4/4). Facts (tools/check_names.py): call:00072058; call:000720c4.
CMT	28df8	plate	[NAME] Descriptive name. Scene start-up after loading: world state, per-level settings, player avatar and anims, module inits, camera. Sources: WINDREAM.EXE 0041f42e SCENE_InitLevel via match_functions (strings 1.00, callees 27/27). Facts (tools/check_names.py): call:0002756c; call:0003d45c.\n\n[DOCS_SYNC]\n[docs/ai-animation-runtime.md > Player movement] `SCENE_InitLevel` (`0x41f42e`), which `SCENE_LoadLevel` (`0x41f9db`) runs on every level load, loads the player bank from `XH_.DAN` (or `MHE.DAN` for the alternate character) through `ENT_LoadObject` (`0x41d624`) and `ANIM_LoadEntitySet`, requests state 0, and enters the same resolver.\n\n[docs/animation-timing.md > Actor and state modifiers] Duncan's initialization in the level start-up routine `SCENE_InitLevel` (`0041f42e`), run on every level load, selects action 0 and invokes this transition path.\n\n[docs/boot-sequence.md > The event sequence, as the player sees it] | 5 | **Black** (no transition) | `BOOT_Run` closes the generic movie, presents one more menu frame and clears both pages to black. The 15.0 timer is never counted down on New Game: `GAME_Tick` checks the loading state at `0x4240d5` and takes the load branch, and `SCENE_InitLevel` zeroes the timer (`0x41f45e`). The palette-shift countdown with a white or black fill applies only to level exits and save loads. | no asset |\n\n[docs/engine.md > Projection] - **FOV is a constant, 76.36° horizontal** (float `0x4298b852`), passed by every caller of `REND_SetViewportFov` (`0x456b94`): `SCENE_InitLevel` (`0x41f42e`), `VID_SetResolution` (`0x41592c`), the icon renderer `0x40fd54`. The level record's `+0xa4` is **not** the FOV (see *Corrections* in [research-log.md](research-log.md)).
CMT	29288	plate	[NAME] Descriptive name. Descriptive role independently reviewed. packs current fog inputs and calls the Glide fog-state wrapper. Sources: docs/glide-renderer.md; independent stripped-code review re/reviews/renderer-gaps-20260926.md. Facts (tools/check_names.py): size:209; caller:0002935c; call:000671d0.\n\n[DOCS_SYNC]\n[docs/glide-renderer.md > Device state and fog] `SCENE_SetFog` (`0x29288`) has three branches, using the current project record:\n\n[PORT_MAP] adapted | partial\nopendreams/shared/port/fog.cpp :: od::port::SCENE_SetFog\nRemaining: Full ABI closure, natural water-level corpus and zero-density hardware behavior remain partial; controlled project/water/exit routes pass\nOwner reviewed: no
CMT	2935c	plate	[NAME] Descriptive name. Level loader when the pending-load flag is set. Sources: WINDREAM.EXE 0041f9db SCENE_LoadLevel via match_functions (caller 0.73, callees 16/16). Facts (tools/check_names.py): call:00063e78; call:00027d50; call:000517a8.\n\nName matched from WINDREAM.EXE 0041f9db (caller, 0.73; tools/match_functions.py).\n\n[DOCS_SYNC]\n[docs/ai-animation-runtime.md > Player movement] `SCENE_InitLevel` (`0x41f42e`), which `SCENE_LoadLevel` (`0x41f9db`) runs on every level load, loads the player bank from `XH_.DAN` (or `MHE.DAN` for the alternate character) through `ENT_LoadObject` (`0x41d624`) and `ANIM_LoadEntitySet`, requests state 0, and enters the same resolver.\n\n[docs/boot-sequence.md > The event sequence, as the player sees it] | 7 | **Loading / CD-swap screen** | `SCENE_LoadLevel 0x41f9db` → `CD_PrepareLevel` (`0x427d64`): if the needed disc is not mounted shows *Please change to CD no %d*; with hard-disk caching it draws *Please wait while loading ...* and copies the files the level manifest lists to `X:\CRYO\DREAMS\` | `LISTL1.TXT` for Project 0 |\n\n[docs/boot-sequence.md > The ETE offset — an inert filename after the terminator] Its one-shot branch starts that movie and returns; the next loading tick after playback calls `SCENE_LoadLevel`.\n\n[docs/boot-sequence.md > Level entry, end to end] 1. `GAME_Tick 0x4240ba`, state = loading, project = `Project0`, latch on: stop music → start `TETE_E~1.HNM` → return. After playback, the next loading tick calls `SCENE_LoadLevel 0x41f9db`.\n\n[docs/boot-sequence.md > Function map (boot path)] | `0x41f9db` | `SCENE_LoadLevel` — level load when the pending-load flag is set: `CD_PrepareLevel`, DSN textures, lights/fog, OBJET entity spawns |\n\n[docs/dsn-loader.md > The Body Unpackers and Call Hierarchy **[verified]**] 3. **`DSN_LoadTextures` (`0x417afd`)**: Called progressively (32 iterations) by `SCENE_LoadLevel` (`0x41f9db`) and the per-frame `GAME_Tick` (`0x4240ba`), so the load is spread over frames:\n\n[docs/dsn-loader.md > The Body Unpackers and Call Hierarchy **[verified]**] 7. **`SCENE_LoadLevel` (`0x41f9db`)**: The level loader, run when the pending-load flag is set: `CD_PrepareLevel` (`0x427d64`) and the loading screen, DSN textures via `DSN_LoadTextures`, ambient and directional lights, fog, clear color, then a loop through `OBJET1` .. `OBJET15` to spawn active entities. Spawning is one part of the level load.\n\n[docs/file-formats.md > Project Header fields (0x200 bytes) **[verified]**] Decompiled from `SCENE_LoadLevel` (`0x41f9db`) and `ENT_InstantiateFromObjet` (`0x41deb8`) in `WINDREAM.EXE`: - `+0x000` `char[16]`: project identifier (e.g.
CMT	2a66c	plate	[NAME] Descriptive name. Checks up to 8 exit zones, loads the target scene; player death restart via Project0. Sources: WINDREAM.EXE 00420b60 SCENE_CheckExits via match_functions (strings 1.00, callees 7/7). Facts (tools/check_names.py): str:Project0; str:\hnm\; call:00032578.\n\n[DOCS_SYNC]\n[docs/ai-animation-runtime.md > Player controls **[verified]**] **Level exits** (`SCENE_CheckExits` (`0x420b60`), eight LINK records, file-formats.md): a link fires when the player (or any actor, flag `0x80`) is inside its box — or at once when the box is empty — and its conditions hold: flag 2 no living enemy of the other faction, 4 the actor's `+0x1d4` partner flagged `+0xac & 0x10`, `0x10` the level's trigger-completion flag, `0x20` Ctrl pressed, and a named object held (or, with flag 8, not held).\n\n[docs/file-formats.md > `LINK` fields (0x80 bytes) **[verified]**] `Project134`). - `+0x18` `u8`: flags, read by `SCENE_CheckExits` (`0x420b60`): 1 enabled (set in all 242 used links), 2 no living enemy left, 4 a partner condition, 8 invert the item test, `0x10` the level's trigger-completion flag, `0x20` Ctrl pressed, `0x40` no volume test, `0x80` any actor may take it (else the player only).\n\n[docs/sprites-ui-dialog.md > Separate menu loops] `SCENE_CheckExits` (`0x420b60`) is a separate handler that tests up to eight scene exit zones; it loads the target scene by queuing UI event `0x42` with the target name, can start a configured cutscene video, and restarts through `Project0` on player death.\n\n[docs/sprites-ui-dialog.md > The HUD message queue **[verified]** (2026-09-26)] | `0x42` | player controllers, `SCENE_CheckExits` (`0x420b60`) | show the nearby object's or exit's icon, and flag whether the pending target matches one of eight 0x510-byte records at `0x5e3008` (role open) |
CMT	2b074	plate	[NAME] Descriptive name. Finds the first collectable actor within 200 units of the player (skipping walkers and removed ones) and returns it. Sources: WINDREAM.EXE 0042153a ENT_FindNearbyPickup via match_functions (slot 0.49, callees 3/3). Facts (tools/check_names.py): size:395.
CMT	2b200	plate	[NAME] Descriptive name. Ground controller: landing damage and knock-down from the last fall speed, slot keys 1/2/3 (select, cast), pick-up, jumps, take-off into flight, walking, stepping back, and the combat-stance attack chains. Sources: WINDREAM.EXE 00421717 ENT_TickPlayerGround via match_functions (caller 0.70, callees 13/13). Facts (tools/check_names.py): call:00042a20.\n\n[DOCS_SYNC]\n[docs/ai-animation-runtime.md > Player controls **[verified]**] It then runs one controller by movement mode `+0x34`: ground (1) `ENT_TickPlayerGround` (`0x421717`), swimming (2) `ENT_TickPlayerSwimming` (`0x422af2`), flying (3) `ENT_TickPlayerFlying` (`0x422cd7`).
CMT	2c3bc	plate	[NAME] Descriptive name. Swimming controller: arrows 0x24/0x26/0x3d/0x3c, Alt picks up and plays 6 or 7, flight-capable forms fire with Ctrl. Sources: WINDREAM.EXE 00422af2 ENT_TickPlayerSwimming via match_functions (caller 0.77, callees 7/7). Facts (tools/check_names.py): call:00042a20.\n\n[DOCS_SYNC]\n[docs/ai-animation-runtime.md > Player controls **[verified]**] It then runs one controller by movement mode `+0x34`: ground (1) `ENT_TickPlayerGround` (`0x421717`), swimming (2) `ENT_TickPlayerSwimming` (`0x422af2`), flying (3) `ENT_TickPlayerFlying` (`0x422cd7`).
CMT	2c54c	plate	[NAME] Descriptive name. Flying controller: drains magic by 0.04 per frame-time unit; out of magic or on a hard impact requests 0xe, which ends the flight (mode 1, airborne, state 0x19, downward speed 20/dt); arrows 0x24/0x26/0x3d/0x3c. Sources: WINDREAM.EXE 00422cd7 ENT_TickPlayerFlying via match_functions (caller 0.68, callees 6/6). Facts (tools/check_names.py): size:949.\n\n[DOCS_SYNC]\n[docs/ai-animation-runtime.md > Player controls **[verified]**] It then runs one controller by movement mode `+0x34`: ground (1) `ENT_TickPlayerGround` (`0x421717`), swimming (2) `ENT_TickPlayerSwimming` (`0x422af2`), flying (3) `ENT_TickPlayerFlying` (`0x422cd7`).
CMT	2c970	plate	[NAME] Descriptive name. Per-actor water update: swim state, splash, air refill, bubbles. Sources: WINDREAM.EXE 004231f0 ENT_UpdateSwimming via match_functions (caller 0.65, callees 5/5). Facts (tools/check_names.py): call:000555f4; caller:000246f4.\n\n[DOCS_SYNC]\n[docs/sprites-ui-dialog.md > Player pyramid HUD] `ENT_UpdateSwimming` (`0x4231f0`) restores it to 100 in the safe water-height band, and `ENT_TickPlayerStatus` (`0x423399`) caps it at 100.
CMT	2ce0c	plate	[NAME] Descriptive name. Per-frame player control: enemy scan and combat stance (800/1500/2500 by weapon, 60-unit hold), then the ground, swimming or flying controller by mode +0x34; with Insert held the arrows become look keys. Sources: WINDREAM.EXE 00423767 ENT_TickPlayerControl via match_functions (caller 0.57, callees 5/5). Facts (tools/check_names.py): caller:0002d620.\n\n[DOCS_SYNC]\n[docs/ai-animation-runtime.md > Player controls **[verified]**] **Per frame** (`ENT_TickPlayerControl` (`0x423767`), from `GAME_Tick` (`0x4240ba`)): the player scans for enemies within 800 units (1,500 or 2,500 with a drawn weapon; there are three weapons, tested by `ENT_IsSwordDrawn` (`0x441160`), `ENT_IsBowDrawn` (`0x441726`) and `ENT_IsGunDrawn` (`0x441cb2`)); an enemy in range sets the **combat stance** `+0xac & 0x20` for at least 60 Δt units.
CMT	2d620	plate	[NAME] Descriptive name. Per-frame game tick. Sources: WINDREAM.EXE 004240ba GAME_Tick via match_functions (string 0.58, callees 22/23). Facts (tools/check_names.py): str:END.DSN; str:Pause; str:tete_e~1.hnm; call:MGM_SendMessage.\n\nName matched from WINDREAM.EXE 004240ba (string, 0.58; tools/match_functions.py).\n\n[DOCS_SYNC]\n[docs/ai-animation-runtime.md > Per-frame scheduler] `GAME_Tick` (`0x4240ba`) calls `AI_TickSquads` (`0x415109`).\n\n[docs/ai-animation-runtime.md > Per-frame scheduler] `AI_BuildSquads` (`0x4115a1`) builds the lists on scene load, and it is re-run from `GAME_Tick` (`0x4240ba`), `0x41e5af`, the trigger tick `SCENE_TickTriggers` (`0x429061`), and the hit resolver `ENT_ApplyAttackHit` (`0x4440aa`).\n\n[docs/ai-animation-runtime.md > Player controls **[verified]**] **Per frame** (`ENT_TickPlayerControl` (`0x423767`), from `GAME_Tick` (`0x4240ba`)): the player scans for enemies within 800 units (1,500 or 2,500 with a drawn weapon; there are three weapons, tested by `ENT_IsSwordDrawn` (`0x441160`), `ENT_IsBowDrawn` (`0x441726`) and `ENT_IsGunDrawn` (`0x441cb2`)); an enemy in range sets the **combat stance** `+0xac & 0x20` for at least 60 Δt units.\n\n[docs/ai-animation-runtime.md > Update order] `ENT_TickAll` (`0x407089`), once per frame from `GAME_Tick` (`0x4240ba`): the 16 transient objects at `0x630db8` (free objects `+0xa9 & 8`; attack objects `+0xaa & 1` move and test hits through `ENT_MoveAttackObject` (`0x442e0d`)/`ENT_TickAttackObject` (`0x444b8f`)); the platform owner and `PHYS_UpdatePlatforms` (`0x43e115`); then the 32 actors at `0x4fb7a8` (0x2d0 bytes each) with `+0xa9 & 4`, through `ENT_TickEntity` (`0x407b51`).\n\n[docs/boot-sequence.md > The event sequence, as the player sees it] | 5 | **Black** (no transition) | `BOOT_Run` closes the generic movie, presents one more menu frame and clears both pages to black. The 15.0 timer is never counted down on New Game: `GAME_Tick` checks the loading state at `0x4240d5` and takes the load branch, and `SCENE_InitLevel` zeroes the timer (`0x41f45e`). The palette-shift countdown with a white or black fill applies only to level exits and save loads. | no asset |\n\n[docs/boot-sequence.md > The event sequence, as the player sees it] | 6 | **Talking-head animation** (~21 s) | `GAME_Tick` state=loading: current project is `Project0` and one-shot latch `DAT_0049da28` is set → stop music (event `0x1f`), start the video and return. A later tick after playback calls the level loader. | `DATA\HNM\TETE_E~1.HNM` — 313 frames; an elderly white-bearded man speaking. |\n\n[docs/boot-sequence.md > The ETE offset — an inert filename after the terminator] `GAME_Tick 0x4240ba` separately names `data\hnm\tete_e~1.hnm` (string at `0x4c493e`).\n\n[docs/boot-sequence.md > Level entry, end to end] 1. `GAME_Tick 0x4240ba`, state = loading, project = `Project0`, latch on: stop music → start `TETE_E~1.HNM` → return. After playback, the next loading tick calls `SCENE_LoadLevel 0x41f9db`.
CMT	2dc20	plate	[NAME] Descriptive name. Mixes one colour channel by alpha via the 32x32 product table. Sources: WINDREAM.EXE 004014d0 SPR_BlendChannel via match_functions (code 1.00, callees 0/0). Facts (tools/check_names.py): caller:0002dc74.\n\n[DOCS_SYNC]\n[docs/file-formats.md > Menu `TABLE` bundles — `.ALP` and menu `.SPR` — **fully decoded**] `SPR_InitMulTables` (`0x424f7e`) fills two multiply lookup tables, 32×32 and 64×64; the 32×32 one is used by `SPR_BlendChannel` (`0x4014d0`), confirming the weight formula.\n\n[docs/sprites-ui-dialog.md > Correct pixel interpretation] `SPR_InitMulTables` (`0x424f7e`) fills two multiplication lookup tables, 32×32 and 64×64; `SPR_BlendChannel` (`0x4014d0`) uses the 32×32 one, confirming the weights.
CMT	2dc74	plate	[NAME] Descriptive name. Blends two 565/555 pixels by the global alpha. Sources: WINDREAM.EXE 00401524 SPR_BlendPixel via match_functions (code 1.00, callees 1/1). Facts (tools/check_names.py): call:0002dc20.\n\n[DOCS_SYNC]\n[docs/file-formats.md > `DATA\FONT\` — `HI320` / `HI480` / `HI640` (3 files)] `TEXT_BlitGlyphFaded` (`0x403bcd`) blits each nonzero glyph index through the palette and blends the whole glyph with one alpha through `SPR_BlendPixel` (`0x401524`); it is reached from `TEXT_PrintFaded` (`0x425f07`) via `0x425e74`.\n\n[docs/file-formats.md > Menu `TABLE` bundles — `.ALP` and menu `.SPR` — **fully decoded**] For coverage 1–62, `SPR_BlendPixel` (`0x401524`) uses `weight = coverage >> 1` and blends each packed channel as `((31-weight)*destination + weight*source) >> 5`.\n\n[docs/sprites-ui-dialog.md > Correct pixel interpretation] It skips coverage 0, copies coverage `>=63` as opaque, and blends values 1–62 through `SPR_BlendPixel` (`0x401524`).\n\n[docs/sprites-ui-dialog.md > Fonts and text] `TEXT_PrintFaded` (`0x425f07`), the alpha-blended twin of `TEXT_Print` (`0x426073`), formats and lays out the string; its glyph path (`0x425e74` → `TEXT_BlitGlyphFaded` (`0x403bcd`)) blits nonzero palette indices and blends the whole glyph with one alpha through `SPR_BlendPixel`.
CMT	2e085	plate	[NAME] Descriptive name. Core clipped sprite blit into g_frameBuffer; flags opaque/50%/per-pixel alpha, half scale, darken. Sources: WINDREAM.EXE 00401935 SPR_BlitSprite via match_functions (caller 0.98, callees 1/1). Facts (tools/check_names.py): call:0002dc74.\n\n[DOCS_SYNC]\n[docs/file-formats.md > Menu `TABLE` bundles — `.ALP` and menu `.SPR` — **fully decoded**] The retail evidence is the loader `SPR_LoadIconBanks` (`0x426c46`) plus its renderer `SPR_BlitSprite` (`0x401935`): the loader binds the RGB555 palette to each descriptor and copies the two-byte texel stream unchanged; the two-byte draw path uses the first byte to select a palette word and the second as its blend amount.\n\n[docs/sprites-ui-dialog.md > Correct pixel interpretation] `SPR_Draw` (`0x4274b0`) selects a bank and slot; `SPR_BlitSprite` (`0x401935`) performs the screen blit.\n\n[docs/sprites-ui-dialog.md > Correct pixel interpretation] `SPR_BlitSprite` (`0x401935`) maps that to `DAT_0049D126=1`; the branch at `0x401C04` jumps to `0x401DAD`, which reads the two-byte texel and uses the second byte directly.\n\n[docs/sprites-ui-dialog.md > Fonts and text] `TEXT_Print` instead goes through `0x425fd7` → `SPR_BlitSprite` with style flags.
CMT	2fdfc	plate	[NAME] Descriptive name. Draws the HUD pyramid gauge, replacing marker bytes 0xff/0xfe/0xfd with fill texels below each level. Sources: WINDREAM.EXE 0040368b UI_DrawPyramidGauge via match_functions (caller 0.98, callees 1/1). Facts (tools/check_names.py): call:0002dc74.\n\n[DOCS_SYNC]\n[docs/file-formats.md > Menu `TABLE` bundles — `.ALP` and menu `.SPR` — **fully decoded**] `UI_DrawPyramidGauge` (`0x40368b`) resolves them during the animated pyramid UI.\n\n[docs/sprites-ui-dialog.md > Correct pixel interpretation] `UI_DrawPyramidGauge` (`0x40368b`), called from `UI_UpdatePyramidGauge` (`0x427859`), resolves `0xff` through linked descriptor 3 and `0xfe` through descriptor 4, subject to animation bounds.\n\n[docs/sprites-ui-dialog.md > Correct pixel interpretation] `UI_DrawPyramidGauge` (`0x40368b`) composes those dynamically masked layers with the marker-bearing base image; `SPR_Draw` (`0x4274b0`) draws the cursor separately.\n\n[docs/sprites-ui-dialog.md > Player pyramid HUD] `UI_DrawPyramidGauge` (`0x40368b`) composites `pyrambo`'s `0xff`, `0xfe`, and `0xfd` texel commands from linked sprites, clipping substitutions by row thresholds.
CMT	302d8	plate	[NAME] Descriptive name. Advances the 64x84 fire-noise buffer one step. Sources: WINDREAM.EXE 00403b60 UI_TickGaugeFire via match_functions (code 1.00, callees 0/0). Facts (tools/check_names.py): caller:0005a7f8.\n\n[DOCS_SYNC]\n[docs/sprites-ui-dialog.md > Correct pixel interpretation] `UI_TickGaugeFire` (`0x403b60`) treats BSS storage at `0x5DFB8C` as an 84×64 byte field.\n\n[docs/sprites-ui-dialog.md > Player pyramid HUD] `UI_TickGaugeFire` (`0x403b60`) generates an 84×64 noise field and `UI_CopyFireToGauge` (`0x427ae9`) copies two 84×32 windows into the mask sprites' texel coverage bytes.
CMT	30345	plate	[NAME] Descriptive name. Glyph blit with one alpha for the whole glyph. Sources: WINDREAM.EXE 00403bcd TEXT_BlitGlyphFaded via match_functions (caller 0.99, callees 1/1). Facts (tools/check_names.py): call:0002dc74.\n\n[DOCS_SYNC]\n[docs/file-formats.md > `DATA\FONT\` — `HI320` / `HI480` / `HI640` (3 files)] `TEXT_BlitGlyphFaded` (`0x403bcd`) blits each nonzero glyph index through the palette and blends the whole glyph with one alpha through `SPR_BlendPixel` (`0x401524`); it is reached from `TEXT_PrintFaded` (`0x425f07`) via `0x425e74`.\n\n[docs/sprites-ui-dialog.md > Fonts and text] `TEXT_PrintFaded` (`0x425f07`), the alpha-blended twin of `TEXT_Print` (`0x426073`), formats and lays out the string; its glyph path (`0x425e74` → `TEXT_BlitGlyphFaded` (`0x403bcd`)) blits nonzero palette indices and blends the whole glyph with one alpha through `SPR_BlendPixel`.
CMT	319ac	plate	[NAME] Name recovered. Original module: C:\DREAMS\src\WORKS.C. No prototype or owner review inferred. Sources: July 1997 DREAMS.EXE original debug symbol; literal-byte match; re/reviews/wip-dos-byte-matches.tsv; tools/check_wip_names.py. Facts (tools/check_names.py): size:87.
CMT	31a54	plate	[NAME] Descriptive name. Loads dreams.dat (0x25400 bytes) and unpacks the current record; fills an "EMPTY" default table when the file is missing. Sources: WINDREAM.EXE 00448f5f DDAT_Load via match_functions (strings 1.00, callees 3/3). Facts (tools/check_names.py): str:dreams.dat; caller:00020058.\n\n[DOCS_SYNC]\n[docs/asset-access.md > Project records and contextual resources] `DDAT_Load` (`0x00448f5f`) opens `DREAMS.DAT`; `DDAT_LoadRecord` (`0x00449bf9`) selects one of 150 `ProjectN` records and calls `RLE_UnpackZeros` (`0x00448e25`) to obtain its 0x2200-byte record.\n\n[docs/boot-sequence.md > The event sequence, as the player sees it] | 4 | **New game** | on confirm (item 0) `MENU_Tick` writes an empty C string at the active record's `+0x3c`, then exits the menu; `BOOT_Run` resets level state and inventory. `DDAT_Load` sets the loading state (`0x661e08 = 1`, `0x448ff7`). `BOOT_Run` then writes 15.0 to the transition timer `_DAT_005e5480` (`0x4367b5`), but nothing counts it down (step 5). The optional project-movie branch sees the empty string and does not call open. | The Project 0 record contains inert `ETE_E~1.HNM` bytes starting at `+0x3d`, after the NUL at `+0x3c`; see the offset note below. |
CMT	32578	plate	[NAME] Descriptive name. Finds a named record among the 150 DREAMS.DAT entries (unless "EMPTY") and RLE_UnpackZeros it into 0x65b344; falls back to the previous name. Sources: WINDREAM.EXE 00449bf9 DDAT_LoadRecord via match_functions (caller 0.62, callees 2/2). Facts (tools/check_names.py): str:EMPTY.\n\n[DOCS_SYNC]\n[docs/asset-access.md > Project records and contextual resources] `DDAT_Load` (`0x00448f5f`) opens `DREAMS.DAT`; `DDAT_LoadRecord` (`0x00449bf9`) selects one of 150 `ProjectN` records and calls `RLE_UnpackZeros` (`0x00448e25`) to obtain its 0x2200-byte record.\n\n[docs/file-formats.md > The record codec and layout **[verified]**] That is the engine's own loop, `RLE_UnpackZeros` (`0x448e25`) in `WINDREAM.EXE`, applied per record by `DDAT_LoadRecord` (`0x449bf9`).\n\n[docs/game-content.md > Save format **[verified]** (2026-09-26)] Loading reads the same fields, then **re-reads the level record from `DREAMS.DAT` by name** (`DDAT_LoadRecord` (`0x449bf9`)) into the working copy, reattaches the inventory to the player, restores the hotkey icons and sets the pending-load flag with a 15-frame fade.
CMT	39f50	plate	[NAME] Name recovered. Original module: C:\DREAMS\src\DMS_EVIL.C. No prototype or owner review inferred. Sources: July 1997 DREAMS.EXE original debug symbol; literal-byte match; re/reviews/wip-dos-byte-matches.tsv; tools/check_wip_names.py. Facts (tools/check_names.py): size:52.
CMT	3acf4	plate	[NAME] Descriptive name. Squad order dispatcher. Sources: WINDREAM.EXE 00413b3b AI_DispatchSquadOrders via match_functions (caller 0.61, callees 8/8). Facts (tools/check_names.py): call:0003ab30.\n\n[DOCS_SYNC]\n[docs/ai-animation-runtime.md > Per-frame scheduler] | `0x005df3ac` | `0x005df470` | `AI_DispatchSquadOrders` (`0x413b3b`) | Update linked or grouped AI actors. |\n\n[docs/ai-animation-runtime.md > Per-frame scheduler] `AI_DispatchSquadOrders` (`0x413b3b`) applies mode changes across an actor's linked members.
CMT	3b564	plate	[NAME] Descriptive name. Per-member melee combat decision. Sources: WINDREAM.EXE 00414646 AI_TickCombat via match_functions (caller 0.61, callees 4/4). Facts (tools/check_names.py): size:1022.\n\n[DOCS_SYNC]\n[docs/ai-animation-runtime.md > Direct answers] - **AI layer:** in `WINDREAM.EXE`, the per-frame dispatcher is `AI_TickSquads` (`0x415109`); target collection and decisions run in `AI_ScanNearbyActors` (`0x4131a4`), `AI_UpdateMemberStatus` (`0x414d61`), and `AI_TickCombat` (`0x414646`).\n\n[docs/ai-animation-runtime.md > Per-frame scheduler] `AI_RunMemberOrders` (`0x414b24`) selects work from bits in the mode word: bit `0x10` runs the look/steering path, bit `0x02` runs the general behavior path, and bit `0x04` runs the target action selector `AI_TickCombat` (`0x414646`).\n\n[docs/ai-animation-runtime.md > Target selection and attack-like actions] `AI_TickCombat` (`0x414646`) uses the selected target, distance, facing, and a random threshold to request numbered actions.\n\n[docs/ai-animation-runtime.md > Firing animation: IBI sequence and remaining effect identity] 3. `AI_TickCombat` (`0x414646`) checks target distance, facing, and a random threshold.\n\n[docs/engine.md > What the game reads from the renderer **[verified]**] | `0x4145c3` | `AI_TickCombat` | line of sight: converts back to world space with the current camera (`0x457c3c`), tests the segment against collision planes |\n\n[docs/north-star.md > The renderer is free] Three ported systems read it, one tick late: positional sound (distance to volume, x to pan), the AI line-of-sight check in `AI_TickCombat`, and the attack-object line-of-sight check in `ENT_TickAttackObject`; the last two convert it back to world space with the *current* camera, so their "world position" drifts while the camera moves.
CMT	3bc7c	plate	[NAME] Name recovered. Original module: C:\DREAMS\src\DMS_EVIL.C. No prototype or owner review inferred. Sources: July 1997 DREAMS.EXE original debug symbol; literal-byte match; re/reviews/wip-dos-byte-matches.tsv; tools/check_wip_names.py. Facts (tools/check_names.py): size:282.
CMT	3c2c8	plate	[NAME] Name recovered. Raises "Dreams Internal Error : unknown message type in MGM_SendMessage". Sources: WINDREAM.EXE 0043a306 MGM_SendMessage via match_functions (strings 1.00, callees 3/3). Facts (tools/check_names.py): str:unknown message type in MGM_SendMessage.\n\nRaises "unknown message type in MGM_SendMessage".\n\n[DOCS_SYNC]\n[docs/animation-timing.md > Clock to frame counter] | `0043a306` (`MGM_SendMessage`), command `0x0c` | Calls `SYS_SetTimerRates` (`00424b4f`), which forwards to timer initialization `SYS_InitTimer` (`00440802`). |\n\n[docs/animation-timing.md > Clock to frame counter] | `0043a306` (`MGM_SendMessage`), command `0x11` | Updates the timer and returns `006309e0`. |\n\n[docs/boot-sequence.md > Message dispatcher (`0x43a306`, `MGM_SendMessage`)] Screens and subsystems talk through a numbered-message dispatcher at `MGM_SendMessage` (`0x43a306`).\n\n[docs/boot-sequence.md > Message dispatcher (`0x43a306`, `MGM_SendMessage`)] Its own error string names it: *unknown message type in MGM_SendMessage* **[verified]**.\n\n[docs/boot-sequence.md > Message dispatcher (`0x43a306`, `MGM_SendMessage`)] The complete command set of `MGM_SendMessage` (`0x43a306`), from its switch (2026-09-26, **[verified]**; any other command is a fatal error).\n\n[docs/boot-sequence.md > Function map (boot path)] | `0x43a306` | `MGM_SendMessage` — message dispatcher (not `CTRL_Dispatcher`, which is `0x40e75c`) |\n\n[docs/engine.md > Presentation and 2D — Glide mapped onto DirectDraw/GDI **[verified]**] The same pairing turned up five real function names in error strings (*unknown message type in X*): `MGM_SendMessage`, `MGM_DispatchMessages`, `CTRL_Dispatcher`, `MENJ_Dispatcher`, `CAM_CompCameraPos`, identical in both builds.\n\n[docs/engine.md > Joystick path **[verified]**] 3. **Enable flags.** In the dispatcher `MGM_SendMessage` (`0x43a306`), commands 7/8 set/clear `0x5e54bb` (via `JOY_EnablePov` (`0x424c5f`)/`JOY_DisablePov` (`0x424c87`)) and commands 10/11 set/clear `0x5e54ba` (`JOY_Enable` (`0x424caf`)/`JOY_Disable` (`0x424cd7`)). Both enables are gated on `0x626f70`, set during startup detection.
CMT	3c658	plate	[NAME] Name recovered. Raises "Dreams Internal Error : unknown message type in MGM_DispatchMessages". Sources: WINDREAM.EXE 0043a64c MGM_DispatchMessages via match_functions (strings 1.00, callees 2/2). Facts (tools/check_names.py): str:unknown message type in MGM_DispatchMessages.\n\nRaises "unknown message type in MGM_DispatchMessages".\n\n[DOCS_SYNC]\n[docs/boot-sequence.md > Message dispatcher (`0x43a306`, `MGM_SendMessage`)] The frame pump below is `MGM_DispatchMessages` (`0x43a64c`) by the same evidence.\n\n[docs/boot-sequence.md > Function map (boot path)] | `0x43a64c` | `MGM_DispatchMessages` — frame pump: Windows messages, event queues, standing handler call |\n\n[docs/engine.md > Presentation and 2D — Glide mapped onto DirectDraw/GDI **[verified]**] The same pairing turned up five real function names in error strings (*unknown message type in X*): `MGM_SendMessage`, `MGM_DispatchMessages`, `CTRL_Dispatcher`, `MENJ_Dispatcher`, `CAM_CompCameraPos`, identical in both builds.\n\n[docs/engine.md > Input — no mouse anywhere, polled keyboard **[verified]**] - The keyboard is **polled**: `INPUT_PollKeyboard` (`0x440757`) calls `GetAsyncKeyState(0..255)` once per frame into a 256-byte state array at `0x6308d8` (bit 0 = held, bit 1 = press edge, bit 2 = release edge); `INPUT_PostEvents` (`0x42493b`) (called from the frame pump before the event queues) posts each new key press as event `0x33` (it also posts `0x3b` and `0x3d`). Posting goes through `MGM_PostMessage` (`0x43b31a`), which pushes a 12-byte `{u8 type, u32, u32}` message onto a ring queue (count/capacity at `+0x10`/`+0x14`) that `MGM_DispatchMessages` drains.\n\n[docs/sprites-ui-dialog.md > Caption timing **[verified]** (2026-09-26)] `MENJ_PlayVoiceCaptions` (`0x436ab6`) takes over the frame loop until the entry ends (it pumps `MGM_DispatchMessages` (`0x43a64c`) itself, with `CTRL_Init` (`0x40eb4f`) installing the input callback):
CMT	3d45c	plate	[NAME] Name recovered. Raises "Dreams Internal Error : unknown event in CAM_CompCameraPos". Sources: WINDREAM.EXE 004099d2 CAM_CompCameraPos via match_functions (strings 1.00, callees 0/3). Facts (tools/check_names.py): str:unknown event in CAM_CompCameraPos.\n\nRaises "unknown event in CAM_CompCameraPos".\n\n[DOCS_SYNC]\n[docs/engine.md > What the game reads from the renderer **[verified]**] Both line-of-sight checks run in `GAME_Tick` before this tick's render, so they see the previous frame's value after `CAM_CompCameraPos` has moved the camera; their reconstructed world position drifts while the camera moves.\n\n[docs/engine.md > What the game reads from the renderer **[verified]**] `CAM_CompCameraPos` works in world space and uses no renderer output.\n\n[docs/engine.md > Presentation and 2D — Glide mapped onto DirectDraw/GDI **[verified]**] The same pairing turned up five real function names in error strings (*unknown message type in X*): `MGM_SendMessage`, `MGM_DispatchMessages`, `CTRL_Dispatcher`, `MENJ_Dispatcher`, `CAM_CompCameraPos`, identical in both builds.\n\n[docs/engine.md > The camera is node 0, driven by messages] `CAM_CompCameraPos` (`0x4099d2`) runs **once per frame** from `GAME_Tick` (`0x4240ba`) (and once at level start).\n\n[docs/engine.md > Frame order] `GAME_Tick` (`0x4240ba`): player input (`0x423767`) → `CAM_CompCameraPos` (`0x4099d2`) → AI squads → `ENT_TickAll` (`0x407089`) (animation, then `PHYS_TickEntity` (`0x43d83e`) integrates each entity) → level exits → `0x423f60`: **`PHYS_ResolveCollisions` (`0x40bff8`)** → `REND_DrawFrame` (`0x459320`).\n\n[docs/north-star.md > Milestones] 4. **Runtime front end and first playable level.** [Spec 004](specs/004-runtime-boot-menu/spec.md) brings ODRuntime through the original intro, menu and Project 0 level-load handoff, including basic controller operation. The first playable level adds the original camera (`CAM_CompCameraPos`), player movement from the original tables, collision, physics, level exits and the HUD. Fixed-step loop at 30 Hz with Δt = 1.0; the renderer draws the latest completed step. Optional motion interpolation belongs to milestone 7.
CMT	3e1ec	plate	[NAME] Descriptive name. Sets follow distances from the preset (averages of the two eye and two lead values) and picks the ground or orbit chase by actor mode (+0x34) and action (+0x15c), with per-mode distance and height offsets. Sources: WINDREAM.EXE 0040a866 CAM_UpdateFollowPos via match_functions (caller 0.62, callees 1/1). Facts (tools/check_names.py): size:615.\n\n[DOCS_SYNC]\n[docs/engine.md > Follow mode (mode 0)] Each frame (`CAM_UpdateFollowPos` (`0x40a866`)):
CMT	3e454	plate	[NAME] Descriptive name. Orients camera node 0 along target minus eye with a smoothed roll: swaying while swimming, banking with actor +0x64 while flying, zero otherwise. Sources: WINDREAM.EXE 0040ab4b CAM_ApplyLookAt via match_functions (caller 0.56, callees 5/5). Facts (tools/check_names.py): caller:0003d45c.\n\n[DOCS_SYNC]\n[docs/engine.md > Follow mode (mode 0)] **Orientation** (`CAM_ApplyLookAt` (`0x40ab4b`)): direction = normalise(target − eye), then `MATH_BuildOrientMatrix` (`0x45b2d0`)`(dir, 0xfff − roll)`.
CMT	3f290	plate	[NAME] Descriptive name. Binds project +0x4c to its lighting slot (flag 1), targets the HNM4 page (0x159fe8), opens data\anim\<+0x5c> and marks the texture animated. Sources: @R research-animtex.md (twin of WINDREAM 0x42dae2); blind review (high); adjudicated AGREE. Facts (tools/check_names.py): str:%sdata\anim\%s; call:MGM_SendMessage; call:00066be0; ref:00159fe8; const:4c; const:5c; caller:000402b8.\n\n[PORT_MAP] adapted | partial\nopendreams/shared/port/level_materials.cpp :: od::port::bind_anim_texture_0x42dae2\nRemaining: The DREAMSFX slot bookkeeping and 0x159fe8 target follow the WINDREAM reading and were not audited separately\nOwner reviewed: no
CMT	3fca4	plate	[NAME] Descriptive name. 3dfx variant: rebuilds a slot's 32 palette rows from current RGB or, with flag 0x10, the actor's RGB. Sources: @R research-lighting.md 1.4 (WIN 0x42e8b1, FX 0x3fca4); blind review (high, callers mirror WINDREAM init/tick/PL); adjudicated AGREE. Facts (tools/check_names.py): caller:0003f078; caller:0003fa84; caller:0003ffc0; call:0002f933; const:c8; const:4400; size:665.\n\n[DOCS_SYNC]\n[docs/engine.md > Lighting inputs (2026-09-26)] - `DSN_LoadTextures` (`0x417afd`) installs the source palette in row 15. `REND_UpdatePaletteRows` (`0x42e8b1`) rebuilds rows using global RGB or a bound actor's offsets; `REND_ApplyPaletteOffsets` (`0x4031c3`) saturates and packs them. The full/rolling update paths use different row-step indices.\n\n[docs/lighting.md > Texture-bank preparation] `REND_UpdatePaletteRows` (`0x42e8b1`) uses those actor RGB offsets for flag-0x10 slots and the current global RGB state for other slots.\n\n[PORT_MAP] adapted | partial\nopendreams/shared/port/palette_lighting.cpp :: od::port::REND_UpdatePaletteRows\nRemaining: Effect-light and exit-countdown branches are ported but unreachable (effect lights, DSN streaming 0x5df49c and 0x5e5480 are not driven)\nOwner reviewed: no
CMT	409f4	plate	[NAME] Descriptive name. Level-load physics setup: position, zero velocity and force, mass 1.0 (10.0 for free objects), damping factor 1.0; walkers get an actor collider, free objects an object collider, platform sets their platforms. Sources: WINDREAM.EXE 0043d62c PHYS_InitEntity via match_functions (slot 0.50, callees 4/4). Facts (tools/check_names.py): caller:0002935c.\n\n[DOCS_SYNC]\n[docs/engine.md > Colliders and radii] Every entity gets one sphere at level load (`PHYS_InitEntity` (`0x43d62c`)):\n\n[docs/scene-placement.md > The eleven former fallbacks] `PHYS_InitEntity` (`0x43d62c`) then invokes `PHYS_BuildPlatforms` (`0x43df1f`) on that entity's model children.
CMT	40ba4	plate	[NAME] Descriptive name. Per-entity physics tick by mode. Sources: WINDREAM.EXE 0043d83e PHYS_TickEntity via match_functions (strings 1.00, callees 5/5). Facts (tools/check_names.py): str:physics mode unknown.\n\n[DOCS_SYNC]\n[docs/ai-animation-runtime.md > Update order] 3. `ANIM_ApplyPendingState` (`0x4058d5`) (commit the requested action), action sounds, then `ANIM_TickClip` (`0x4068be`) (or `ANIM_TickBlend` (`0x405f1f`)/`ANIM_TickSeamlessSwitch` (`0x4062ad`) during a transition, which call `PHYS_TickEntity` (`0x43d83e`)), and head tracking (`ENT_TrackTarget` (`0x4071bb`): the head node turns toward the current target, clamped to ±45°). A new action's clip starts at frame 1 (`ANIM_StartClip` (`0x4067a2`)).\n\n[docs/animation-root-blending.md > Root displacement and physics [verified flow; integration pending]] The movement/collision path at `PHYS_TickEntity` (`0043d83e`) subsequently writes the resolved actor position back through `MDL_SetNodePosition` (`00457aa0`).\n\n[docs/engine.md > Frame order] `GAME_Tick` (`0x4240ba`): player input (`0x423767`) → `CAM_CompCameraPos` (`0x4099d2`) → AI squads → `ENT_TickAll` (`0x407089`) (animation, then `PHYS_TickEntity` (`0x43d83e`) integrates each entity) → level exits → `0x423f60`: **`PHYS_ResolveCollisions` (`0x40bff8`)** → `REND_DrawFrame` (`0x459320`).
CMT	41024	plate	[NAME] Name recovered. Original module: C:\DREAMS\src\PHYSIQUE.C. No prototype or owner review inferred. Sources: July 1997 DREAMS.EXE original debug symbol; literal-byte match; re/reviews/wip-dos-byte-matches.tsv; tools/check_wip_names.py. Facts (tools/check_names.py): size:38.
CMT	412c8	plate	[NAME] Name recovered. Original module: C:\DREAMS\src\WEAPON.C. No prototype or owner review inferred. Sources: July 1997 DREAMS.EXE original debug symbol; literal-byte match; re/reviews/wip-dos-byte-matches.tsv; tools/check_wip_names.py. Facts (tools/check_names.py): size:32.
CMT	41804	plate	[NAME] Name recovered. Original module: C:\DREAMS\src\WEAPON.C. No prototype or owner review inferred. Sources: July 1997 DREAMS.EXE original debug symbol; literal-byte match; re/reviews/wip-dos-byte-matches.tsv; tools/check_wip_names.py. Facts (tools/check_names.py): size:32.
CMT	41cd0	plate	[NAME] Name recovered. Original module: C:\DREAMS\src\WEAPON.C. No prototype or owner review inferred. Sources: July 1997 DREAMS.EXE original debug symbol; literal-byte match; re/reviews/wip-dos-byte-matches.tsv; tools/check_wip_names.py. Facts (tools/check_names.py): size:32.
CMT	42a20	plate	[NAME] Descriptive name. Spawns an attack object from the 16-slot pool. Sources: WINDREAM.EXE 00442944 ENT_SpawnAttackObject via match_functions (caller 0.66, callees 8/8). Facts (tools/check_names.py): call:00057a5c.\n\n[DOCS_SYNC]\n[docs/ai-animation-runtime.md > Project54 `IBI.DAN`: firing path] `ENT_TickEntity` (`0x407b51`) calls `ENT_SpawnAttackObject` (`0x442944`) when the attack state's frame threshold is crossed.\n\n[docs/ai-animation-runtime.md > Player controls **[verified]**] In combat stance Alt attacks chain `0x10 → 0x12 → 0x14` (and `0x16 → 0x15 → 0x11` with Ctrl) when the current clip is far enough along, weapons swap in `0x36`/`0x37`/`0x3a`, ↑ is `0x17`, ↓ `0x2e`, and the flight-capable form fires (`5`, `ENT_SpawnAttackObject` (`0x442944`)) at a magic cost of `0.05 · Δt` per frame.\n\n[docs/ai-animation-runtime.md > Action events] When the current clip passes a fixed fraction of its frames, the action spawns its hit object (`ENT_SpawnAttackObject` (`0x442944`)) with a sound id:\n\n[docs/ai-animation-runtime.md > Firing animation: IBI sequence and remaining effect identity] **[verified control flow]** For the IBI actor in Project54, all four requested states resolve to `IBIAN016`, then `ENT_TickEntity` (`0x407b51`) triggers the moving effect through `ENT_SpawnAttackObject` (`0x442944`) / `ENT_PlaceAtFacingOffset` (`0x442786`) / `ENT_MoveAttackObject` (`0x442e0d`); the collision path applies damage through `ENT_TickAttackObject` (`0x444b8f`) / `ENT_ApplyAttackHit` (`0x4440aa`) / `ENT_ApplyDamage` (`0x443619`).
CMT	42da4	plate	[NAME] Descriptive name. Moves/homes an attack object. Sources: WINDREAM.EXE 00442e0d ENT_MoveAttackObject via match_functions (slot 0.47, callees 4/4). Facts (tools/check_names.py): caller:00042a20.\n\n[DOCS_SYNC]\n[docs/ai-animation-runtime.md > Project54 `IBI.DAN`: firing path] `ENT_MoveAttackObject` (`0x442e0d`) advances effect classes other than `0x10` by their velocity.\n\n[docs/ai-animation-runtime.md > Update order] `ENT_TickAll` (`0x407089`), once per frame from `GAME_Tick` (`0x4240ba`): the 16 transient objects at `0x630db8` (free objects `+0xa9 & 8`; attack objects `+0xaa & 1` move and test hits through `ENT_MoveAttackObject` (`0x442e0d`)/`ENT_TickAttackObject` (`0x444b8f`)); the platform owner and `PHYS_UpdatePlatforms` (`0x43e115`); then the 32 actors at `0x4fb7a8` (0x2d0 bytes each) with `+0xa9 & 4`, through `ENT_TickEntity` (`0x407b51`).\n\n[docs/ai-animation-runtime.md > Firing animation: IBI sequence and remaining effect identity] **[verified control flow]** For the IBI actor in Project54, all four requested states resolve to `IBIAN016`, then `ENT_TickEntity` (`0x407b51`) triggers the moving effect through `ENT_SpawnAttackObject` (`0x442944`) / `ENT_PlaceAtFacingOffset` (`0x442786`) / `ENT_MoveAttackObject` (`0x442e0d`); the collision path applies damage through `ENT_TickAttackObject` (`0x444b8f`) / `ENT_ApplyAttackHit` (`0x4440aa`) / `ENT_ApplyDamage` (`0x443619`).
CMT	43500	plate	[NAME] Descriptive name. Applies damage (victim EAX, attacker EDX, amount EBX) Sources: WINDREAM.EXE 00443619 ENT_ApplyDamage via match_functions (caller 0.70, callees 4/4). Facts (tools/check_names.py): caller:00043d10.\n\n[DOCS_SYNC]\n[docs/ai-animation-runtime.md > Project54 `IBI.DAN`: firing path] `ENT_TickAttackObject` (`0x444b8f`) is the per-tick update of an attack object, called from `ENT_TickAll` (`0x407089`), and includes its collision test; for class `0x14`, `ENT_ApplyAttackHit` (`0x4440aa`) calls `ENT_ApplyDamage` (`0x443619`) to reduce the target's health at `+0x38` by 10 and request its hit/death state.\n\n[docs/ai-animation-runtime.md > Firing animation: IBI sequence and remaining effect identity] **[verified control flow]** For the IBI actor in Project54, all four requested states resolve to `IBIAN016`, then `ENT_TickEntity` (`0x407b51`) triggers the moving effect through `ENT_SpawnAttackObject` (`0x442944`) / `ENT_PlaceAtFacingOffset` (`0x442786`) / `ENT_MoveAttackObject` (`0x442e0d`); the collision path applies damage through `ENT_TickAttackObject` (`0x444b8f`) / `ENT_ApplyAttackHit` (`0x4440aa`) / `ENT_ApplyDamage` (`0x443619`).\n\n[docs/sprites-ui-dialog.md > Player pyramid HUD] Its current vitality is read at `+0x38` (the damage handler `ENT_ApplyDamage` (`0x443619`) also changes this field), current magic is read at `+0x3c`, and current oxygen at `+0x40`.
CMT	436d0	plate	[NAME] Descriptive name. Subtracts a float amount from health (+0x38; scaled when the action is 0x2b), spawns four hit particles, plays a sound, sets the 50,000 hurt timer (+0x114); at zero requests death (0x33 swimming, else 0x32). Sources: WINDREAM.EXE 00443853 ENT_TakeDamage via match_functions (callee 0.61, callees 3/3). Facts (tools/check_names.py): caller:00043d10; caller:0004fd3c.\n\n[DOCS_SYNC]\n[docs/engine.md > Damage that depends on Δt] Damage goes through `ENT_TakeDamage` (`0x443853`) / `ENT_TakeDamageQuiet` (`0x443948`) (health `+0x38` −= amount; death at 0).
CMT	43794	plate	[NAME] Descriptive name. ENT_TakeDamage without the hit particles; used for the two lightest landing damages. Sources: WINDREAM.EXE 00443948 ENT_TakeDamageQuiet via match_functions (caller 0.56, callees 2/2). Facts (tools/check_names.py): size:149.\n\n[DOCS_SYNC]\n[docs/engine.md > Damage that depends on Δt] Damage goes through `ENT_TakeDamage` (`0x443853`) / `ENT_TakeDamageQuiet` (`0x443948`) (health `+0x38` −= amount; death at 0).
CMT	43d10	plate	[NAME] Descriptive name. Resolves an attack object's hit by type. Sources: WINDREAM.EXE 004440aa ENT_ApplyAttackHit via match_functions (strings 1.00, callees 11/11). Facts (tools/check_names.py): str:Project10; call:00032578; call:0003c2c8; call:00043500.\n\n[DOCS_SYNC]\n[docs/ai-animation-runtime.md > Per-frame scheduler] `AI_BuildSquads` (`0x4115a1`) builds the lists on scene load, and it is re-run from `GAME_Tick` (`0x4240ba`), `0x41e5af`, the trigger tick `SCENE_TickTriggers` (`0x429061`), and the hit resolver `ENT_ApplyAttackHit` (`0x4440aa`).\n\n[docs/ai-animation-runtime.md > Project54 `IBI.DAN`: firing path] `ENT_TickAttackObject` (`0x444b8f`) is the per-tick update of an attack object, called from `ENT_TickAll` (`0x407089`), and includes its collision test; for class `0x14`, `ENT_ApplyAttackHit` (`0x4440aa`) calls `ENT_ApplyDamage` (`0x443619`) to reduce the target's health at `+0x38` by 10 and request its hit/death state.\n\n[docs/ai-animation-runtime.md > Firing animation: IBI sequence and remaining effect identity] **[verified control flow]** For the IBI actor in Project54, all four requested states resolve to `IBIAN016`, then `ENT_TickEntity` (`0x407b51`) triggers the moving effect through `ENT_SpawnAttackObject` (`0x442944`) / `ENT_PlaceAtFacingOffset` (`0x442786`) / `ENT_MoveAttackObject` (`0x442e0d`); the collision path applies damage through `ENT_TickAttackObject` (`0x444b8f`) / `ENT_ApplyAttackHit` (`0x4440aa`) / `ENT_ApplyDamage` (`0x443619`).
CMT	446a4	plate	[NAME] Descriptive name. True when no collision triangle blocks the segment between two actors' nodes, 50 units below their origins. Sources: WINDREAM.EXE 00444b04 ENT_HasLineOfSight via match_functions (slot 0.43, callees 3/3). Facts (tools/check_names.py): caller:00044710.
CMT	44710	plate	[NAME] Descriptive name. Per-tick update of an attack object. Sources: WINDREAM.EXE 00444b8f ENT_TickAttackObject via match_functions (caller 0.61, callees 9/10). Facts (tools/check_names.py): call:00043d10.\n\n[DOCS_SYNC]\n[docs/ai-animation-runtime.md > Project54 `IBI.DAN`: firing path] `ENT_TickAttackObject` (`0x444b8f`) is the per-tick update of an attack object, called from `ENT_TickAll` (`0x407089`), and includes its collision test; for class `0x14`, `ENT_ApplyAttackHit` (`0x4440aa`) calls `ENT_ApplyDamage` (`0x443619`) to reduce the target's health at `+0x38` by 10 and request its hit/death state.\n\n[docs/ai-animation-runtime.md > Update order] `ENT_TickAll` (`0x407089`), once per frame from `GAME_Tick` (`0x4240ba`): the 16 transient objects at `0x630db8` (free objects `+0xa9 & 8`; attack objects `+0xaa & 1` move and test hits through `ENT_MoveAttackObject` (`0x442e0d`)/`ENT_TickAttackObject` (`0x444b8f`)); the platform owner and `PHYS_UpdatePlatforms` (`0x43e115`); then the 32 actors at `0x4fb7a8` (0x2d0 bytes each) with `+0xa9 & 4`, through `ENT_TickEntity` (`0x407b51`).\n\n[docs/ai-animation-runtime.md > Firing animation: IBI sequence and remaining effect identity] **[verified control flow]** For the IBI actor in Project54, all four requested states resolve to `IBIAN016`, then `ENT_TickEntity` (`0x407b51`) triggers the moving effect through `ENT_SpawnAttackObject` (`0x442944`) / `ENT_PlaceAtFacingOffset` (`0x442786`) / `ENT_MoveAttackObject` (`0x442e0d`); the collision path applies damage through `ENT_TickAttackObject` (`0x444b8f`) / `ENT_ApplyAttackHit` (`0x4440aa`) / `ENT_ApplyDamage` (`0x443619`).\n\n[docs/engine.md > What the game reads from the renderer **[verified]**] | `0x444b04` | `ENT_TickAttackObject` | same line-of-sight check |\n\n[docs/north-star.md > The renderer is free] Three ported systems read it, one tick late: positional sound (distance to volume, x to pan), the AI line-of-sight check in `AI_TickCombat`, and the attack-object line-of-sight check in `ENT_TickAttackObject`; the last two convert it back to world space with the *current* camera, so their "world position" drifts while the camera moves.
CMT	44df0	plate	[NAME] Descriptive name. HNM5 IV chunk decoder. Sources: WINDREAM.EXE 0044e9b0 HNM5_DecodeFrame640 via match_functions (global 0.98, callees 0/0). Facts (tools/check_names.py): size:25939.\n\n[DOCS_SYNC]\n[docs/cryolib.md > The game carries CryoLib's HNM6 decoder **[verified]**] The game's `IV` chunk decoder `HNM5_DecodeFrame640` (`0x44e9b0`) and `0x1002276c`, the 640-wide branch of `GL_dcpt_one_frame_ubb`, both have 7,428 instructions. 906 differ, in operand order and in reading their arguments from globals instead of the stack.\n\n[PORT_MAP] adapted | unverified\nopendreams/shared/port/hnm5.cpp :: od::port::Hnm5Decoder::decode\nRemaining: Audit all retail body branches and full UBB2/UBS2 corpus.\nOwner reviewed: no
CMT	4b678	plate	[NAME] Descriptive name. Decodes an IX payload then copies 640x300 RGB565 pixels to the locked Glide LFB at screen row 90. Sources: docs/specs/003-level-load-preview/spec.md; comment-stripped Decompile.java review 2026-09-27. Facts (tools/check_names.py): size:258; call:00068028; call:00090040; caller:0004d174.\n\n[DOCS_SYNC]\n[docs/cryolib.md > The game carries CryoLib's HNM6 decoder **[verified]**] The game calls them: its frame routine `VID_BlitHnm6Frame` (`0x4268ac`) runs `HNM6_DecompressFrame`, then copies the 640×304×2 (`0x5F000`) frame into `g_frameBuffer`.\n\n[PORT_MAP] adapted | partial\nopendreams/shared/render/video_preview.cpp :: od::VideoPreview::present\nRemaining: Original conditional deferred swap for captions and all non-640x480 modes remain.\nOwner reviewed: no
CMT	4b8dc	plate	[NAME] Descriptive name. Locks, clears, expands and presents an HNM5 indexed movie frame through the Glide LFB. Sources: docs/specs/003-level-load-preview/spec.md; comment-stripped Decompile.java review 2026-09-27. Facts (tools/check_names.py): size:143; call:00068028; caller:0004cf2c.\n\n[PORT_MAP] adapted | partial\nopendreams/shared/render/video_preview.cpp :: od::VideoPreview::present\nRemaining: Original mode-6 converter variants and deferred swap branches remain.\nOwner reviewed: no
CMT	4d77c	plate	[NAME] Descriptive name. read_, fatal "Read file Error" on failure. Sources: WINDREAM.EXE 00424e68 FILE_ReadOrDie via match_functions (callee 0.66, callees 1/1). Facts (tools/check_names.py): str:Read file Error.
CMT	4d7ac	plate	[NAME] Descriptive name. lseek_, fatal "Seek file Error" on failure. Sources: WINDREAM.EXE 00424eca FILE_SeekOrDie via match_functions (callee 0.66, callees 0/0). Facts (tools/check_names.py): str:Dreams Internal Error : ; caller:0004dabc.
CMT	4dabc	plate	[NAME] Descriptive name. General sprite-set loader into slot EDX: 512-byte palette, 0x1c00-byte table of 256 descriptors at end - 0x1c04, pixels 16-bit when the name has .ALP. Fonts (via 0x425c61) and sour.alp load through it. Sources: WINDREAM.EXE 00425254 SPR_LoadSet via match_functions (strings 1.00, callees 4/5). Facts (tools/check_names.py): str:.ALP; str:Error SprSet; call:0004d77c; caller:00020058.\n\n[DOCS_SYNC]\n[docs/file-formats.md > `DATA\FONT\` — `HI320` / `HI480` / `HI640` (3 files)] `TEXT_LoadFont` (`0x425c61`) loads each font through the general sprite-set loader `SPR_LoadSet` (`0x425254`), which indexes all 256 records.\n\n[docs/file-formats.md > Menu `TABLE` bundles — `.ALP` and menu `.SPR` — **fully decoded**] Loaders in `WINDREAM.EXE`: `SPR_LoadIconBanks` (`0x426c46`) for the five `ICONES.BF` banks, and the general sprite-set loader `SPR_LoadSet` (`0x425254`) for `SOUR.ALP` (and the fonts).
CMT	4de34	plate	Draws one character and advances x.
CMT	4ded4	plate	Pixel width of a string in a font.
CMT	4e20c	plate	Twin of WINDREAM Text_PrintCentered without the internal lock (callers lock with Glide_LockBackBuffer).
CMT	4e688	plate	Twin of WINDREAM Text_Print (0x426073).
CMT	4eba0	plate	[NAME] Descriptive name. Shows every removed actor again and resets it to its spawn. Sources: WINDREAM.EXE 00428f5d ENT_RestoreRemoved via match_functions (callee 0.56, callees 2/2). Facts (tools/check_names.py): caller:0004fd3c.
CMT	4fd3c	plate	[NAME] Descriptive name. Evaluates the 16 scene triggers each frame. Sources: WINDREAM.EXE 00429061 SCENE_TickTriggers via match_functions (caller 0.66, callees 12/12). Facts (tools/check_names.py): call:000436d0.\n\n[DOCS_SYNC]\n[docs/ai-animation-runtime.md > Per-frame scheduler] `AI_BuildSquads` (`0x4115a1`) builds the lists on scene load, and it is re-run from `GAME_Tick` (`0x4240ba`), `0x41e5af`, the trigger tick `SCENE_TickTriggers` (`0x429061`), and the hit resolver `ENT_ApplyAttackHit` (`0x4440aa`).\n\n[docs/ai-animation-runtime.md > Project54 `IBI.DAN`: firing path] `ENT_PlaceAtFacingOffset` (`0x442786`) writes the owner's facing vector scaled by `+0x10c` (IBI's value 585) into the effect's `+0x18`/`+0x1c`/`+0x20` and sets the effect's position to the owner's position plus that vector (with a constant Y offset from `0x4c585c`); it is a general helper that `0x419a3e` and `SCENE_TickTriggers` (`0x429061`) also call.\n\n[docs/engine.md > Follow mode (mode 0)] Open: the exact float expressions hidden behind `__CHP` in the orbit mode; the free camera's key map; which triggers post `0x2c`-`0x2f` and with what payloads (they come from the level scripts, `SCENE_TickTriggers` (`0x429061`) and entity code).\n\n[docs/sprites-ui-dialog.md > Separate menu loops] When its proximity/interaction conditions pass, `SCENE_TickTriggers` (`0x429061`) queues `0x40` with the value minus one as the zero-based entry index.\n\n[docs/sprites-ui-dialog.md > The HUD message queue **[verified]** (2026-09-26)] | `0x40` | `SCENE_TickTriggers` (`0x429061`) | dialogue entry: `DRD_SelectEntry` (`0x410cd6`), then the caption loop above |
CMT	4fdf4	plate	[NAME] Descriptive name. Adds a named object to the actor's 32-slot inventory (+0x30): counts a repeat, else takes the first empty slot; posts UI message 0x41. Sources: WINDREAM.EXE 0042a182 ENT_AddInventoryItem via match_functions (callee 0.61, callees 2/2). Facts (tools/check_names.py): caller:0004fd3c.\n\n[DOCS_SYNC]\n[docs/ai-animation-runtime.md > Spells and items] **Inventory** (`ENT_AddInventoryItem` (`0x42a182`), `ENT_HasInventoryItem` (`0x42a3a3`), `ENT_ResetInventory` (`0x42a448`)): the actor's `+0x30` points to a 32-slot inventory of 16-byte object names (`+0x04`) with counts (`+0x314`); picking an object up adds or counts it and posts UI message `0x41`.\n\n[docs/sprites-ui-dialog.md > The HUD message queue **[verified]** (2026-09-26)] | `0x41` | `ENT_AddInventoryItem` (`0x42a182`) | show the picked-up object's icon; a usable object (type 1) also goes into the first free hotkey slot and flashes for 15 ticks |
CMT	51374	plate	[NAME] Descriptive name. Opens a DSN container: magic, map names and records. Sources: WINDREAM.EXE 004175bc DSN_LoadHeader via match_functions (strings 1.00, callees 5/6). Facts (tools/check_names.py): str:DSNF; str:.3DI; caller:00027964.\n\nName matched from WINDREAM.EXE 004175bc (strings, 1.00; tools/match_functions.py).\n\n[DOCS_SYNC]\n[docs/dsn-loader.md > The `.DSN` loader in `WINDREAM.EXE`] Decompilation of `DSN_LoadHeader` (`0x4175bc`) and the stream helpers it uses.\n\n[docs/dsn-loader.md > The Body Unpackers and Call Hierarchy **[verified]**] 5. **`ENT_LoadModel` (`0x41da7d`)**: Loads one actor's model (DSN, DAN, `.3DC`, `.3DI`, anim set) for `ENT_InstantiateFromObjet`; it is not a scene-wide loader. Caller of `DSN_LoadHeader` (`0x4175bc`). Dispatches model geometry loading, then invokes `ANIM_LoadEntitySet` (`0x404d98`) / `ANIM_RequestState` (`0x405118`) / `ANIM_ApplyPendingState` (`0x4058d5`) for entity initialization if flag bit 1 is set.\n\n[docs/file-formats.md > `.DSN` — scene (`DSNF`)] `DSN_LoadHeader` (`0x4175bc`) in `WINDREAM.EXE` peeks 9, then 5, then 2 bytes of header, then `B * 0xb` for the name table and `B * 0x14` for the records — **back to back, with no gap**.\n\n[docs/re-setup.md > First results — the parsers are located] | `DSNF` | `0x004c421e` | **`DSN_LoadHeader` (`0x4175bc`)** (2 xrefs) | **scene loader — top target** |\n\n[docs/re-setup.md > Suggested order of attack] 2. ~~**Decompile `DSN_LoadHeader` (`0x4175bc`).**~~ **Done** — it is the `.DSN` header reader, and the body is now fully decoded. See [scene-geometry.md](scene-geometry.md). Kept for context: 157 MB of packed level geometry and textures sits behind it, and it is the top open question in [research-log.md](research-log.md).
CMT	515c0	plate	Name matched from WINDREAM.EXE 004177f5 (slot, 0.46; tools/match_functions.py).
CMT	51654	plate	Name matched from WINDREAM.EXE 004178fe (slot, 0.46; tools/match_functions.py).
CMT	516e8	plate	[NAME] Descriptive name. In DSN mode a .3DM texture is built, not read: finds the name in the DSN 11-byte table, copies the 20-byte header template, zeroes a 0x8000 palette block and a 0x10000 page at +0x8014, returns 0x18014. DSN_LoadTextures fills it. Sources: WINDREAM.EXE 00417a07 DSN_Create3DM via match_functions (slot 0.50, callees 3/3). Facts (tools/check_names.py): caller:00026834.\n\n[DOCS_SYNC]\n[docs/asset-access.md > Project records and contextual resources] | DSN | named `.3DM` | `DSN_Create3DM` (`0x00417a07`), later `DSN_LoadTextures` (`0x00417afd`) | Names in the DSN's fixed 11-byte map directory; no standalone texture file |\n\n[docs/dsn-loader.md > Globals it populates] `.3DM` is a separate resource produced in memory by `DSN_Create3DM`; it is not one of these two derived paths.\n\n[docs/dsn-loader.md > The Body Unpackers and Call Hierarchy **[verified]**] 4. **`RES_ReadFile` (`0x41c666`)**: The file reader behind `RES_Load` (`0x456e24`). Routes by extension: `DSN_LoadMaterialsAndFaces` (`0x4177f5`) (`.3DC`), `DSN_LoadVertexPool` (`0x4178fe`) (`.3DI`), `DSN_Create3DM` (`0x417a07`) (`.3DM`) and `DAN_Load3DA` (`0x4105eb`) (`.3DA`); anything else is read as a raw body. In DSN mode `DSN_Create3DM` builds the `.3DM` texture in memory rather than reading a file: it copies the 20-byte header template from the DSN table, zeroes a 0x8000 palette block and a 0x10000 page, and `DSN_LoadTextures` fills it later.\n\n[docs/lighting.md > Texture-bank preparation] `DSN_Create3DM` (`0x417a07`) copies a 20-byte scene template, clears 0x8000 palette bytes and 0x10000 page bytes.\n\n[docs/models.md > UVs — solved **[verified]**] `SAR 0x10` is the division by 65536, and the `OR` builds a 256-byte-pitch index into the `0x10000`-byte page allocated at `DSN_Create3DM` (`0x417a07`) — so `page[v*256 + u]`, exactly.
CMT	517a8	plate	[NAME] Descriptive name. Streams the texture maps in 32 steps (type 3 palettes, type 4 slices) Sources: WINDREAM.EXE 00417afd DSN_LoadTextures via match_functions (strings 1.00, callees 4/5). Facts (tools/check_names.py): str:map %s not used.\n\nName matched from WINDREAM.EXE 00417afd (strings, 1.00; tools/match_functions.py).\n\n[DOCS_SYNC]\n[docs/asset-access.md > Project records and contextual resources] | DSN | named `.3DM` | `DSN_Create3DM` (`0x00417a07`), later `DSN_LoadTextures` (`0x00417afd`) | Names in the DSN's fixed 11-byte map directory; no standalone texture file |\n\n[docs/dsn-loader.md > The Body Unpackers and Call Hierarchy **[verified]**] 3. **`DSN_LoadTextures` (`0x417afd`)**: Called progressively (32 iterations) by `SCENE_LoadLevel` (`0x41f9db`) and the per-frame `GAME_Tick` (`0x4240ba`), so the load is spread over frames:\n\n[docs/dsn-loader.md > The Body Unpackers and Call Hierarchy **[verified]**] 4. **`RES_ReadFile` (`0x41c666`)**: The file reader behind `RES_Load` (`0x456e24`). Routes by extension: `DSN_LoadMaterialsAndFaces` (`0x4177f5`) (`.3DC`), `DSN_LoadVertexPool` (`0x4178fe`) (`.3DI`), `DSN_Create3DM` (`0x417a07`) (`.3DM`) and `DAN_Load3DA` (`0x4105eb`) (`.3DA`); anything else is read as a raw body. In DSN mode `DSN_Create3DM` builds the `.3DM` texture in memory rather than reading a file: it copies the 20-byte header template from the DSN table, zeroes a 0x8000 palette block and a 0x10000 page, and `DSN_LoadTextures` fills it later.\n\n[docs/dsn-loader.md > The Body Unpackers and Call Hierarchy **[verified]**] 7. **`SCENE_LoadLevel` (`0x41f9db`)**: The level loader, run when the pending-load flag is set: `CD_PrepareLevel` (`0x427d64`) and the loading screen, DSN textures via `DSN_LoadTextures`, ambient and directional lights, fog, clear color, then a loop through `OBJET1` .. `OBJET15` to spawn active entities. Spawning is one part of the level load.\n\n[docs/engine.md > Lighting inputs (2026-09-26)] - `DSN_LoadTextures` (`0x417afd`) installs the source palette in row 15. `REND_UpdatePaletteRows` (`0x42e8b1`) rebuilds rows using global RGB or a bound actor's offsets; `REND_ApplyPaletteOffsets` (`0x4031c3`) saturates and packs them. The full/rolling update paths use different row-step indices.\n\n[docs/file-formats.md > The body is a chain of tagged records] The grammar came from `DSN_LoadTextures` (`0x417afd`) in `WINDREAM.EXE`, which checks the tag, takes the `u32`, then hands each object `0x400` bytes of the payload.\n\n[docs/lighting.md > Texture-bank preparation] `DSN_LoadTextures` (`0x417afd`) copies tag 3 into **row 15**, then writes two tag-4 planes per call for 32 calls.
CMT	51a98	plate	[NAME] Descriptive name. Opens a file on the 0x2c-byte ring-buffer stream: closes the old fd, _uopen_, resets positions, allocates twice the buffer size from the MEM stack at 0x5df484. Returns 1/0. Sources: WINDREAM.EXE 004152f2 STRM_Open via match_functions (caller 0.59, callees 2/2). Facts (tools/check_names.py): caller:00051374.\n\n[DOCS_SYNC]\n[docs/dsn-loader.md > But `DSN_LoadHeader` (`0x4175bc`) is the header reader, not the unpacker] It opens the file (`STRM_Open` (`0x4152f2`)), validates the tag, extracts three header fields into globals, memcpy's two blocks, sets a "loaded" flag and returns.\n\n[docs/dsn-loader.md > Stream context layout] The 0x2c-byte descriptor it allocates matches the struct `STRM_Open` uses (`+0x14` size, `+0x10` set equal to `+0x14`, cursors `+0x4`/`+0x8`/`+0xc` zeroed, `+0x20` alignment, `+0x24` open flag).\n\n[docs/dsn-loader.md > Stream context layout] `STRM_Open` closes the previous file, opens the new one with `_uopen_`, resets the positions and allocates twice the buffer size from the MEM stack at `0x5df484`.
CMT	51b1c	plate	[NAME] Descriptive name. Reads one chunk into the ring buffer when there is room (else flags it full); closes the stream at end of file. Sources: WINDREAM.EXE 004153fe STRM_Fill via match_functions (callee 0.61, callees 1/1). Facts (tools/check_names.py): caller:00051374; caller:000517a8.
CMT	51bb0	plate	[NAME] Descriptive name. Returns a pointer to N (EDX) contiguous buffered bytes without consuming them; copies wrapped bytes into the slack area; exits if even the slack is too small. Sources: WINDREAM.EXE 004154db STRM_Peek via match_functions (caller 0.61, callees 2/2). Facts (tools/check_names.py): caller:00051374.\n\n[DOCS_SYNC]\n[docs/dsn-loader.md > The stream abstraction] | `STRM_Peek` (`0x4154db`) | **peek(stream, n)** — ensure n bytes buffered | Cryo code |\n\n[docs/dsn-loader.md > The stream abstraction] | `exit_` (`0x460d82`) | **`exit_`** — `STRM_Peek` calls it when even the slack area is too small | runtime, identified by behaviour |\n\n[docs/dsn-loader.md > Stream context layout] Recovered from the field offsets in `STRM_Peek` (`0x4154db`) and `STRM_Commit` (`0x4155a2`):\n\n[docs/dsn-loader.md > The blocker: wrong calling convention] Likewise `peek()` takes its length in `EDX` — which is why `STRM_Peek` appears to take no arguments while comparing against `extraout_EDX` internally.
CMT	51c1c	plate	[NAME] Descriptive name. Consumes the count set by STRM_Peek: advances the read position with wrap, updates available/free, clears flag bit 1 (& 0xfd). Sources: WINDREAM.EXE 004155a2 STRM_Commit via match_functions (callee 0.63, callees 0/0). Facts (tools/check_names.py): caller:00051374.\n\n[DOCS_SYNC]\n[docs/dsn-loader.md > The stream abstraction] | `STRM_Commit` (`0x4155a2`) | **commit(stream)** — advance past the last peek | Cryo code |\n\n[docs/dsn-loader.md > Stream context layout] Recovered from the field offsets in `STRM_Peek` (`0x4154db`) and `STRM_Commit` (`0x4155a2`):
CMT	52944	plate	[NAME] Name recovered. Original module: C:\DREAMS\src\SYMBOLE.C. No prototype or owner review inferred. Sources: July 1997 DREAMS.EXE original debug symbol; literal-byte match; re/reviews/wip-dos-byte-matches.tsv; tools/check_wip_names.py. Facts (tools/check_names.py): size:208.
CMT	52c60	plate	[NAME] Descriptive name. Appends a (collider, entity) pair to the 30-entry list at 0x52c880. Sources: WINDREAM.EXE 0040bd2b PHYS_RegisterCollider via match_functions (strings 1.00, callees 0/0). Facts (tools/check_names.py): str:Dreams Internal Error : .\n\n[DOCS_SYNC]\n[docs/engine.md > Colliders and radii] At most 30 registered (`PHYS_RegisterCollider` (`0x40bd2b`)), 255 per world.
CMT	52d08	plate	[NAME] Descriptive name. Gives a free object a two-sided collision sphere of radius 50 at its node. Sources: WINDREAM.EXE 0040be46 PHYS_AttachObjectCollider via match_functions (caller 0.71, callees 5/5). Facts (tools/check_names.py): str:Dreams Internal Error : ; call:0007201c.\n\n[DOCS_SYNC]\n[docs/engine.md > Colliders and radii] - **free objects** (`+0xa9 & 8`): `PHYS_AttachObjectCollider` (`0x40be46`), radius **50**, mass 10;
CMT	52d68	plate	[NAME] Descriptive name. Gives a walker a collision sphere of radius +0x10c; its ZZZZZ child node is the foot marker (+0x84); ZZZZZ and BASSIN01 nodes are hidden. Sources: WINDREAM.EXE 0040bedb PHYS_AttachActorCollider via match_functions (strings 1.00, callees 10/10). Facts (tools/check_names.py): str:Dreams Internal Error : ; str:ZZZZZ; str:BASSIN01; call:0007201c.\n\n[DOCS_SYNC]\n[docs/ai-animation-runtime.md > `OBJET` fields: verified runtime use and limits] | `+0x70` | Copied to actor `+0x10c`: the walker's **collision-sphere radius** (`PHYS_AttachActorCollider` (`0x40bedb`)), also used as the facing-offset magnitude for attack effects by `ENT_PlaceAtFacingOffset` (`0x442786`). |\n\n[docs/engine.md > Colliders and radii] - **walkers** (`+0xa9 & 2`): `PHYS_AttachActorCollider` (`0x40bedb`), both sides, radius actor `+0x10c`; the model's `ZZZZZ` node is the foot marker (`+0x84`) and is hidden along with `BASSIN01`;\n\n[docs/file-formats.md > `OBJET` fields (0xC0 bytes) **[verified]**] This alone does not establish faction or friendliness; see [ai-animation-runtime.md](ai-animation-runtime.md). - `+0x68` `i32`: movement scale, converted to float at actor `+0x104` (default 16). - `+0x6C` `i32`: turn step at actor `+0x108`, used by `ANIM_RequestState`. - `+0x70` `i32`: actor `+0x10C`, the walker collision-sphere radius used by `PHYS_AttachActorCollider` (`0x40bedb`), also the attack facing-offset magnitude in `ENT_PlaceAtFacingOffset` (`0x442786`).\n\n[docs/re-status.md > Field corrections to carry into the port] | `OBJET +0x70` → actor `+0x10c` | Walker collision-sphere radius; also an attack placement offset | `PHYS_AttachActorCollider`, `ENT_PlaceAtFacingOffset` |
CMT	53654	plate	[NAME] Descriptive name. Moves a collider from its last position in steps no longer than its radius, testing candidate triangles by priority (front face, front edge, back face, back edge); returns the contact flags and push. Sources: WINDREAM.EXE 0040ca00 PHYS_SweepCollider via match_functions (slot 0.47, callees 7/7). Facts (tools/check_names.py): size:1117.\n\n[DOCS_SYNC]\n[docs/engine.md > Collision response (`PHYS_ResolveCollisions` (`0x40bff8`), once per frame)] 1. **Walkers** (`PHYS_MoveWalker` (`0x40c42c`)): `PHYS_SweepCollider` (`0x40ca00`) moves the sphere from last frame's position (`+0x2ac`) to the new one in steps no longer than its radius, gathering contacts by priority (front face, front edge, back face, back edge) and summing one push-out per distinct normal (`PHYS_AccumulatePush` (`0x40c8c8`): radius − distance along the normal). The push is subtracted from the position: that is the **wall slide** — only the component into the wall is removed. On contact X/Z velocity halves (`0.5`), vertical velocity is zeroed if grounded, and `+0x278` bit…
CMT	54050	plate	[NAME] Descriptive name. Sweeps a collision sphere (radius 0x49d2dc) from the old to the new eye; if the push-out is small enough, moves the eye and camera node out of the geometry. Sources: WINDREAM.EXE 0040d5e4 CAM_CollideEye via match_functions (caller 0.66, callees 8/8). Facts (tools/check_names.py): str:Dreams Internal Error : .\n\n[DOCS_SYNC]\n[docs/engine.md > Follow mode (mode 0)] 8. **Collision** (`CAM_CollideEye` (`0x40d5e4`), when `0x52c84c` is set by `CAM_EnableCollision` (`0x40b6d3`)): a sphere (radius `0x49d2dc`) swept from the previous eye; if the push-out is below √`0x49d2e4` the eye is moved out.\n\n[docs/engine.md > Colliders and radii] - the camera eye gets its own (`CAM_CollideEye` (`0x40d5e4`), radius `0x49d2dc` = 100).
CMT	555f4	plate	[NAME] Descriptive name. Emits one or two particles into the 64-entry trail ring from the actor's position and velocity (lifetime 1000). Sources: WINDREAM.EXE 00419f02 ENT_SpawnTrailParticles via match_functions (caller 0.60, callees 3/3). Facts (tools/check_names.py): caller:0002c970.
CMT	55d58	plate	[NAME] Descriptive name. Takes a slot in the 16-entry hit-particle ring and places it at the actor with random jitter scaled by its radius. Sources: WINDREAM.EXE 0041a7e0 ENT_SpawnHitParticle via match_functions (caller 0.65, callees 2/2). Facts (tools/check_names.py): caller:00043d10.
CMT	564b0	plate	[NAME] Descriptive name. Loads a "DREAMS FSB  " bank: 12-byte magic, count N, N sizes into a (pointer, size) table, then the blob. The meaning of FSB is unknown. Sources: WINDREAM.EXE 00426143 FSB_Load via match_functions (string 0.67, callees 4/4). Facts (tools/check_names.py): str:DREAMS FSB.\n\n[DOCS_SYNC]\n[docs/asset-access.md > Dialogue and sound banks] `FSB_Load` (`0x00426143`) opens `DATA\SOUND\FSB.DAT`, checks the 12-byte `DREAMS FSB ` marker, reads the clip count and size table, then reads the contiguous WAVE blob.\n\n[docs/boot-sequence.md > Message dispatcher (`0x43a306`, `MGM_SendMessage`)] | `0x12` | sound on: load `data\sound\fsb.dat` (`FSB_Load`) | `0x100` |\n\n[docs/re-setup.md > First results — the parsers are located] String anchors additionally implicate `RES_ReadFile` (`0x41c666`) (4 xrefs), `MDL_LoadMaterials` (`0x456038`), `CD_FindDrive` (`0x427f11`), `DAN_Read3DC` (`0x41020f`) and `FSB_Load` (`0x426143`): the resource-file reader, the `.3DM` material loader, the CD drive search, the DAN chunk reader and the FSB bank loader.
CMT	56908	plate	[NAME] Descriptive name. Opens a DANF animation pack: magic, 5-byte block, two u16-counted directories (11- and 13-byte entries), 0x96000 work buffer. Its error text says DAN_Load3DC, as does DAN_Read3DC's; neither is proven to be the function of that name. Sources: WINDREAM.EXE 0040fff7 DAN_OpenArchive via match_functions (strings 1.00, callees 5/6). Facts (tools/check_names.py): str:DANF; str:not enough memory in DAN_Load3DC.\n\n[DOCS_SYNC]\n[docs/asset-access.md > Project records and contextual resources] `DAN_OpenArchive` (`0x0040fff7`) reads its two name directories, and `DAN_ReadAnimChunks` (`0x00410435`) reads the type-3 animation chunks.\n\n[docs/engine.md > Presentation and 2D — Glide mapped onto DirectDraw/GDI **[verified]**] Two different functions both report *in DAN_Load3DC* (`DAN_OpenArchive` (`0x40fff7`), `DAN_Read3DC` (`0x41020f`)), so that name is left unassigned.\n\n[docs/file-formats.md > `.DAN` — character and prop models (`DANF`)] The `DAN_Load3DC` name is real — it appears in the error text of both `DAN_OpenArchive` (`0x40fff7`) and `DAN_Read3DC` (`0x41020f`), neither proven to be the function of that name — so the association must be made at runtime rather than stored in the asset.\n\n[docs/file-formats.md > `.3DC` — object/material directory] Its error strings name `DAN_Load3DC` (see [engine.md](engine.md)); that text appears in both `DAN_OpenArchive` (`0x40fff7`) and `DAN_Read3DC` (`0x41020f`), and neither is proven to be the function of that name.\n\n[docs/models.md > Animation names and runtime IDs] The engine's loader at `DAN_OpenArchive` (`0x40fff7`) / `DAN_Load3DA` (`0x4105eb`) opens the DANF archive, finds each `.3DA` name in its 13-byte directory and decompresses the Tag 3 chunk via Cryo's LZ decompressor (`LZ_Unpack` (`0x49afd1`)) into runtime skeletal animation tracks.\n\n[docs/re-setup.md > First results — the parsers are located] | `DANF` | `0x004c39f1` | `DAN_OpenArchive` (`0x40fff7`) | animation loader |
CMT	56b78	plate	[NAME] Descriptive name. Reads one type-1 compressed chunk (at most 0x96000 bytes) from the open DAN file and LZ_Unpacks it. Sources: WINDREAM.EXE 0041020f DAN_Read3DC via match_functions (strings 1.00, callees 6/6). Facts (tools/check_names.py): str:Debordement dans DAN_Load3DC; caller:00026834.\n\n[DOCS_SYNC]\n[docs/asset-access.md > Project records and contextual resources] | DAN | `.3DC` | `DAN_Read3DC` (`0x0041020f`) | Type-1 model chunk |\n\n[docs/engine.md > Presentation and 2D — Glide mapped onto DirectDraw/GDI **[verified]**] Two different functions both report *in DAN_Load3DC* (`DAN_OpenArchive` (`0x40fff7`), `DAN_Read3DC` (`0x41020f`)), so that name is left unassigned.\n\n[docs/file-formats.md > `.DAN` — character and prop models (`DANF`)] The `DAN_Load3DC` name is real — it appears in the error text of both `DAN_OpenArchive` (`0x40fff7`) and `DAN_Read3DC` (`0x41020f`), neither proven to be the function of that name — so the association must be made at runtime rather than stored in the asset.\n\n[docs/file-formats.md > `.3DC` — object/material directory] Its error strings name `DAN_Load3DC` (see [engine.md](engine.md)); that text appears in both `DAN_OpenArchive` (`0x40fff7`) and `DAN_Read3DC` (`0x41020f`), and neither is proven to be the function of that name.\n\n[docs/re-setup.md > First results — the parsers are located] String anchors additionally implicate `RES_ReadFile` (`0x41c666`) (4 xrefs), `MDL_LoadMaterials` (`0x456038`), `CD_FindDrive` (`0x427f11`), `DAN_Read3DC` (`0x41020f`) and `FSB_Load` (`0x426143`): the resource-file reader, the `.3DM` material loader, the CD drive search, the DAN chunk reader and the FSB bank loader.
CMT	56e0c	plate	[NAME] Descriptive name. Finds a .3DM name in the archive's directory and LZ-unpacks its texture bank. Sources: WINDREAM.EXE 0041053e DAN_Load3DM via match_functions (slot 0.45, callees 3/3). Facts (tools/check_names.py): call:000c0000; caller:00026834.\n\n[DOCS_SYNC]\n[docs/asset-access.md > Project records and contextual resources] | DAN | named `.3DM` | `DAN_Load3DM` (`0x0041053e`) | Names in the DAN's 11-byte directory |
CMT	56e7c	plate	[NAME] Descriptive name. Finds a .3DA name in the open DAN archive's 13-byte directory and LZ_Unpacks it; RES_ReadFile routes .3DA here. Sources: WINDREAM.EXE 004105eb DAN_Load3DA via match_functions (slot 0.48, callees 3/3). Facts (tools/check_names.py): caller:00026834.\n\n[DOCS_SYNC]\n[docs/asset-access.md > Project records and contextual resources] | DAN | named `.3DA` | `DAN_Load3DA` (`0x004105eb`) | Labels in its 13-byte animation directory; no shipped physical `.3DA` files |\n\n[docs/dsn-loader.md > The Body Unpackers and Call Hierarchy **[verified]**] 4. **`RES_ReadFile` (`0x41c666`)**: The file reader behind `RES_Load` (`0x456e24`). Routes by extension: `DSN_LoadMaterialsAndFaces` (`0x4177f5`) (`.3DC`), `DSN_LoadVertexPool` (`0x4178fe`) (`.3DI`), `DSN_Create3DM` (`0x417a07`) (`.3DM`) and `DAN_Load3DA` (`0x4105eb`) (`.3DA`); anything else is read as a raw body. In DSN mode `DSN_Create3DM` builds the `.3DM` texture in memory rather than reading a file: it copies the 20-byte header template from the DSN table, zeroes a 0x8000 palette block and a 0x10000 page, and `DSN_LoadTextures` fills it later.\n\n[docs/models.md > Animation names and runtime IDs] The engine's loader at `DAN_OpenArchive` (`0x40fff7`) / `DAN_Load3DA` (`0x4105eb`) opens the DANF archive, finds each `.3DA` name in its 13-byte directory and decompresses the Tag 3 chunk via Cryo's LZ decompressor (`LZ_Unpack` (`0x49afd1`)) into runtime skeletal animation tracks.
CMT	56f20	plate	[NAME] Descriptive name. Loads data\3dc\ombre.3dc and ombre2.3dc (ombre = shadow) and makes 16 instances of each in the 0x48-byte shadow table at 0x62b51c. Sources: WINDREAM.EXE 0043e55c ENT_InitShadows via match_functions (strings 1.00, callees 9/9). Facts (tools/check_names.py): str:Dreams Internal Error : ; str:data\3dc\ombre.3dc; str:data\3dc\ombre2.3dc; call:00071318.\n\n[DOCS_SYNC]\n[docs/engine.md > Collision response (`PHYS_ResolveCollisions` (`0x40bff8`), once per frame)] Shadows are blobs from `ombre.3dc`/`ombre2.3dc` (`ENT_InitShadows` (`0x43e55c`)), placed 10 units above the floor Y and aligned to the floor triangle (`ENT_UpdateShadow` (`0x43e9aa`)).
CMT	57204	plate	[NAME] Descriptive name. Places the actor's shadow (slot +0x2c4) 10 units above the floor Y (+0x88), aligned to the floor triangle's normal and the heading. Sources: WINDREAM.EXE 0043e9aa ENT_UpdateShadow via match_functions (callee 0.58, callees 10/10). Facts (tools/check_names.py): call:0007201c; caller:00040ba4.\n\n[DOCS_SYNC]\n[docs/engine.md > What the game reads from the renderer **[verified]**] Open: whether the shadow render (`ENT_RenderShadowTexture` `0x43eb67`, a second camera at `0x62b9a4`; called only by `ENT_UpdateShadow`, so not a portrait render) can re-parent an entity; and whether the pan call in `0x4477d9` overwrites the volume, since both use the `SetVolume` slot (`+0x3c`).\n\n[docs/engine.md > Collision response (`PHYS_ResolveCollisions` (`0x40bff8`), once per frame)] Shadows are blobs from `ombre.3dc`/`ombre2.3dc` (`ENT_InitShadows` (`0x43e55c`)), placed 10 units above the floor Y and aligned to the floor triangle (`ENT_UpdateShadow` (`0x43e9aa`)).
CMT	57b68	plate	[NAME] Descriptive name. At level load finds the walker named F27, hides it and sets it up as the player's alternate form (scale 400, radius 220). Sources: WINDREAM.EXE 0042cd33 ENT_InitTransformForm via match_functions (caller 0.66, callees 3/3). Facts (tools/check_names.py): caller:0002935c.
CMT	57e48	plate	[NAME] Descriptive name. Starts the transformation (alternate actor takes over) Sources: WINDREAM.EXE 0042d0ae ENT_BeginTransform via match_functions (caller 0.65, callees 6/6). Facts (tools/check_names.py): size:396.\n\n[DOCS_SYNC]\n[docs/sprites-ui-dialog.md > Player pyramid HUD] Actor `+0x50` (fallback `0x004fbac8`) is the transformation meter; `ENT_TickTransform` (`0x42ce4a`) adjusts it with state-dependent frame-time rates and a 200-unit bound and, while the alternate actor at `0x6159b8` exists, uses it to start the transformation through `ENT_BeginTransform` (`0x42d0ae`) or end it through `0x42d239`.\n\n[docs/sprites-ui-dialog.md > Player pyramid HUD] `ENT_BeginTransform` (`0x42d0ae`) copies the player's current vitality and magic (`0x004fbab0`/`0x004fbab4`) into the alternate actor at `0x6159b8`, then hands control to it: it becomes the active actor `DAT_004fbb48`, takes the player's position and state, gets a 2,000,000 timer, and camera event `0x2b` is sent.
CMT	57fd4	plate	[NAME] Descriptive name. Swaps the player back in for the F27 form at its position and heading, costs damage, and returns the camera to follow. Sources: WINDREAM.EXE 0042d239 ENT_EndTransform via match_functions (caller 0.61, callees 7/7). Facts (tools/check_names.py): call:000436d0; call:000720c4.
CMT	58170	plate	[NAME] Descriptive name. For an entity flagged +0xad bit 8, makes each child node a platform (at most 64) with half-extents from its vertices and a radius. Sources: WINDREAM.EXE 0043df1f PHYS_BuildPlatforms via match_functions (strings 1.00, callees 6/7). Facts (tools/check_names.py): str:Dreams Internal Error : ; call:0007201c.\n\n[DOCS_SYNC]\n[docs/engine.md > Collision response (`PHYS_ResolveCollisions` (`0x40bff8`), once per frame)] 5. **Platforms** (`PHYS_CollidePlatforms` (`0x43e32e`)): an entity flagged `+0xad & 8` turns each child node into a platform (at most 64, "too many PLT"; `PHYS_BuildPlatforms` (`0x43df1f`)). A walker inside a platform's box rides it (`+0x278` bit 0x40; the platform's frame delta is added and its top becomes the floor); otherwise it is pushed out of the platform's cylinder by the overlap + 5.\n\n[docs/scene-placement.md > The eleven former fallbacks] `PHYS_InitEntity` (`0x43d62c`) then invokes `PHYS_BuildPlatforms` (`0x43df1f`) on that entity's model children.
CMT	58338	plate	[NAME] Descriptive name. Per tick: moves the platform root, then for each platform its world position, frame delta (+0x14), top and box (+-half-extent in X/Z, +-200 in Y). Sources: WINDREAM.EXE 0043e115 PHYS_UpdatePlatforms via match_functions (caller 0.62, callees 7/7). Facts (tools/check_names.py): call:0007201c.\n\n[DOCS_SYNC]\n[docs/ai-animation-runtime.md > Update order] `ENT_TickAll` (`0x407089`), once per frame from `GAME_Tick` (`0x4240ba`): the 16 transient objects at `0x630db8` (free objects `+0xa9 & 8`; attack objects `+0xaa & 1` move and test hits through `ENT_MoveAttackObject` (`0x442e0d`)/`ENT_TickAttackObject` (`0x444b8f`)); the platform owner and `PHYS_UpdatePlatforms` (`0x43e115`); then the 32 actors at `0x4fb7a8` (0x2d0 bytes each) with `+0xa9 & 4`, through `ENT_TickEntity` (`0x407b51`).\n\n[docs/scene-placement.md > The eleven former fallbacks] `PHYS_UpdatePlatforms` (`0x43e115`) updates their positions, deltas and bounds; `PHYS_CollidePlatforms` (`0x43e32e`) uses them for walker contact.
CMT	586a8	plate	[NAME] Name recovered. Original module: C:\DREAMS\src\MMSYSTEM.C. No prototype or owner review inferred. Sources: July 1997 DREAMS.EXE original debug symbol; literal-byte match; re/reviews/wip-dos-byte-matches.tsv; tools/check_wip_names.py. Facts (tools/check_names.py): size:47.
CMT	58740	plate	[NAME] Descriptive name. Opens from disk with _uopen_; failing that (read-only modes), looks the name up in the mounted .BF directory and returns -(index+1), seeking the archive to the entry. Sources: WINDREAM.EXE 00409304 VFS_Open via match_functions (caller 0.64, callees 3/3). Facts (tools/check_names.py): str:Open file Error; call:00058940.\n\n[DOCS_SYNC]\n[docs/asset-access.md > UBIK member access] `VFS_Open` (`0x00409304`) tries an OS file first and only falls back to a registered member on an eligible failed read-only open; the member handle is `-(index + 1)`.
CMT	587c4	plate	[NAME] Descriptive name. Read for VFS handles: a negative handle reads from its archive entry (clamped to the entry size); otherwise read_. Fatal on error. Sources: WINDREAM.EXE 004093f0 VFS_Read via match_functions (callee 0.61, callees 3/3). Facts (tools/check_names.py): str:Read file Error.\n\n[DOCS_SYNC]\n[docs/asset-access.md > UBIK member access] `VFS_Read` (`0x004093f0`) clamps member reads to the declared length, and `VFS_Seek` (`0x00409634`) maintains a member-relative cursor and seeks the shared backing descriptor.
CMT	58940	plate	[NAME] Descriptive name. Seek (whence 0/1/2) for VFS handles: archive entries clamped to [0, size-1]; otherwise lseek_. Fatal on error. Sources: WINDREAM.EXE 00409634 VFS_Seek via match_functions (callee 0.60, callees 1/1). Facts (tools/check_names.py): str:Seek file Error.\n\n[DOCS_SYNC]\n[docs/asset-access.md > UBIK member access] `VFS_Read` (`0x004093f0`) clamps member reads to the declared length, and `VFS_Seek` (`0x00409634`) maintains a member-relative cursor and seeks the shared backing descriptor.
CMT	58b8c	plate	[NAME] Descriptive name. Merges a batch of 0x11c-byte .BF directory entries into the global table (0x4a2f94, count 0x4a2f98): copy on first call, then replace same-name entries or grow. Sources: WINDREAM.EXE 0043ac08 VFS_AddArchiveEntries via match_functions (strings 1.00, callees 1/2). Facts (tools/check_names.py): str:Nom: %s; caller:00058cc0.\n\n[DOCS_SYNC]\n[docs/asset-access.md > UBIK member access] `VFS_AddArchiveEntries` (`0x0043ac08`) adds members to a process-global table.
CMT	58cc0	plate	[NAME] Descriptive name. Mounts a UBIK .BF archive: 16-byte header, directory of 0x103-byte names + offset + size into 0x11c-byte records added to the VFS table. Sources: WINDREAM.EXE 0043ad40 BF_Mount via match_functions (strings 1.00, callees 5/5). Facts (tools/check_names.py): str:UBIK; str:is not a valid file; call:00058740; call:000587c4; call:00058b8c.\n\n[DOCS_SYNC]\n[docs/asset-access.md > UBIK member access] `UI_InitIcons` (`0x004341eb`) calls `BF_Mount` (`0x0043ad40`) on `DATA\ICONE\ICONES.BF`, then `SPR_LoadIconBanks` (`0x00426c46`) loads five fixed member names.\n\n[docs/asset-access.md > UBIK member access] `BF_Mount` checks `UBIK`, reads a table offset and count from its 16-byte header, then reads 267-byte rows: 259 name bytes, `u32` payload offset and `u32` payload length.\n\n[docs/re-setup.md > First results — the parsers are located] | `UBIK` | `0x004c5511` | `BF_Mount` (`0x43ad40`) | named-file archive (`.BF`) |
CMT	58ec4	plate	[NAME] Descriptive name. Uppercases the request, compares the member name with a 0x103-byte bound (exact for shorter NUL-terminated names), marks the match usable and resets its cursor; returns its index or -1. It does not mount a .BF file. Sources: WINDREAM.EXE 0043af27 cross-build match; independent blind DOS x86 review in docs/reviews/002-dos-vfs-followup.md. Facts (tools/check_names.py): caller:00058740; const:103; const:11c.\n\n[DOCS_SYNC]\n[docs/asset-access.md > UBIK member access] `VFS_OpenMember` (`0x0043af27`) uppercases a requested name and compares it with a 0x103-byte bound, then resets that member's logical cursor.\n\n[docs/asset-access.md > Validation and remaining limits] The corresponding DOS/3dfx `DREAMSFX.EXE` function at `0x00058ec4` was checked separately in the [blind DOS review](reviews/002-dos-vfs-followup.md): instructions `0x58ed9`–`0x58eed` set `EBX=0x103` and call `strncmp_`, then `0x58efb`/`0x58f0b` set the member-open flag and zero its cursor.\n\n[docs/asset-access.md > Validation and remaining limits] Its checked name is also `VFS_OpenMember`.
CMT	58f80	plate	[NAME] Descriptive name. Loads the five ICONES.BF banks named at 0x49dacc (magie.alp ..., stride 13) through the VFS; same TABLE format as SPR_LoadSet. Sources: WINDREAM.EXE 00426c46 SPR_LoadIconBanks via match_functions (strings 1.00, callees 4/4). Facts (tools/check_names.py): str:magie.alp; str:Read Icone Error; call:00058740; call:000587c4; caller:0005a500.\n\n[DOCS_SYNC]\n[docs/asset-access.md > UBIK member access] `UI_InitIcons` (`0x004341eb`) calls `BF_Mount` (`0x0043ad40`) on `DATA\ICONE\ICONES.BF`, then `SPR_LoadIconBanks` (`0x00426c46`) loads five fixed member names.\n\n[docs/file-formats.md > Menu `TABLE` bundles — `.ALP` and menu `.SPR` — **fully decoded**] Loaders in `WINDREAM.EXE`: `SPR_LoadIconBanks` (`0x426c46`) for the five `ICONES.BF` banks, and the general sprite-set loader `SPR_LoadSet` (`0x425254`) for `SOUR.ALP` (and the fonts).\n\n[docs/file-formats.md > Menu `TABLE` bundles — `.ALP` and menu `.SPR` — **fully decoded**] The retail evidence is the loader `SPR_LoadIconBanks` (`0x426c46`) plus its renderer `SPR_BlitSprite` (`0x401935`): the loader binds the RGB555 palette to each descriptor and copies the two-byte texel stream unchanged; the two-byte draw path uses the first byte to select a palette word and the second as its blend amount.\n\n[docs/sprites-ui-dialog.md > Correct pixel interpretation] `SPR_LoadIconBanks` (`0x426c46`) binds that palette to each sprite descriptor, converts palette words from 5:5:5 to 5:6:5 when the display is 16-bit, and copies the pixel bytes without converting them.
CMT	59228	plate	[NAME] Descriptive name. Builds the picture sprite 0x49ff26 from a TABLE blob in memory. Sources: WINDREAM.EXE 00427020 SPR_LoadPortrait via match_functions (caller 0.56, callees 2/2). Facts (tools/check_names.py): size:435.\n\n[DOCS_SYNC]\n[docs/sprites-ui-dialog.md > `DIALOG.DRD`: entry event to voice and captions] The engine's `SPR_LoadPortrait` (`0x427020`) copies the palette and first descriptor into a runtime sprite; `SPR_DrawPortrait` (`0x427432`) draws it at `(16/sx,64/sy)`.
CMT	59468	plate	[NAME] Descriptive name. Looks up the pyramid gauge icons. Sources: WINDREAM.EXE 00427315 UI_InitPyramidIcons via match_functions (strings 1.00, callees 1/1). Facts (tools/check_names.py): str:pyrambo; str:pyrcurs; caller:0005a500.\n\n[DOCS_SYNC]\n[docs/sprites-ui-dialog.md > Player pyramid HUD] `UI_InitPyramidIcons` (`0x427315`) binds `pyrambo`, `pyramvi`, `pyramma`, `pyramox`, `pyrafvi`, `pyrafma`, and `pyrcurs`.\n\n[docs/sprites-ui-dialog.md > Separate menu loops] `UI_InitPyramidIcons` (`0x427315`) resolves seven named `PYRAM` assets during UI initialization.
CMT	595f4	plate	Twin of WINDREAM Sprite_Draw (0x4274b0).
CMT	5a500	plate	[NAME] Descriptive name. Mounts data\icone\icones.bf, loads the icon banks, binds about 20 named icons (nothing, infosne, block, mcombat, joy_*) through ICON_FindByName. Sources: WINDREAM.EXE 004341eb UI_InitIcons via match_functions (strings 1.00, callees 5/5). Facts (tools/check_names.py): str:icones.bf; str:mcombat; call:00058cc0; call:00058f80; caller:00020058.\n\n[DOCS_SYNC]\n[docs/asset-access.md > UBIK member access] `UI_InitIcons` (`0x004341eb`) calls `BF_Mount` (`0x0043ad40`) on `DATA\ICONE\ICONES.BF`, then `SPR_LoadIconBanks` (`0x00426c46`) loads five fixed member names.\n\n[docs/boot-sequence.md > Main menu (`BOOT_Run` menu loop, tick `MENU_Tick` (`0x435fae`))] * Background: the code tries to load `data\tga\menu.tga` (helper in the `0x43a0e2` region) — but **no such file exists on either disc** (`DATA\TGA\` is empty on disc 1, holds only reference JPEGs on disc 2), so the menu background is effectively the looping `GENERIC.HNM` warp video plus the sprite overlays. The `data\icone\icones.bf` icon bank (bound at init, `UI_InitIcons` (`0x4341eb`)) supplies the corner markers and other UI sprites. Disc 2 also contains gold/red title images in `TITRES.SPR`; this menu's labels come from the executable string table and are rendered by font routine `TEXT_Pr…\n\n[docs/boot-sequence.md > Function map (boot path)] | `UI_InitIcons` (`0x4341eb`) | UI/icon init (`icones.bf`, icon-name bindings) |\n\n[docs/game-content.md > The English build never reads this file **[verified]** (2026-09-26)] The loader `TEXT_LoadLanguageIni` (`0x433cfa`, called from `UI_InitIcons`) is **dead code**: an unconditional `jmp` at `0x433d27` goes straight to its epilogue (`0x4341e2`), and nothing outside the body branches into it (checked over every `call`/`jmp` in the code block).\n\n[docs/sprites-ui-dialog.md > UI asset path] During initialization, `UI_InitIcons` (`0x4341eb`) loads `DATA\ICONE\ICONES.BF` and binds the menu assets.
CMT	5a7f8	plate	[NAME] Descriptive name. Per-frame in-game HUD draw. Sources: WINDREAM.EXE 00434596 UI_DrawHud via match_functions (caller 0.72, callees 8/10). Facts (tools/check_names.py): call:0005b930; call:000302d8.\n\n[DOCS_SYNC]\n[docs/sprites-ui-dialog.md > Correct pixel interpretation] During UI updates, `UI_DrawHud` (`0x434596`) calls it after the viewport layout helper leaves the screen-height quotient in EAX (1 for the common 400/480-line modes).\n\n[docs/sprites-ui-dialog.md > Player pyramid HUD] The render tick `UI_DrawHud` (`0x434596`) calls `UI_UpdatePyramidGauge` (`0x427859`) with the primary frame's top-left at `x = 20 / sx`, `y = (H - 90) / sy`, where `H` is the logical height computed by `UI_ComputeHudScale` (`0x4344ae`).\n\n[docs/sprites-ui-dialog.md > The HUD message queue **[verified]** (2026-09-26)] `MENJ_Dispatcher` (`0x435896`), run from `UI_DrawHud` (`0x434596`), drains the game's UI queue (`0x626f2c`, 12-byte messages):
CMT	5b930	plate	[NAME] Name recovered. Raises "Dreams Internal Error : unknown message type in MENJ_Dispatcher". Sources: WINDREAM.EXE 00435896 MENJ_Dispatcher via match_functions (strings 1.00, callees 4/4). Facts (tools/check_names.py): str:unknown message type in MENJ_Dispatcher.\n\nRaises "unknown message type in MENJ_Dispatcher".\n\n[DOCS_SYNC]\n[docs/engine.md > Presentation and 2D — Glide mapped onto DirectDraw/GDI **[verified]**] The same pairing turned up five real function names in error strings (*unknown message type in X*): `MGM_SendMessage`, `MGM_DispatchMessages`, `CTRL_Dispatcher`, `MENJ_Dispatcher`, `CAM_CompCameraPos`, identical in both builds.\n\n[docs/re-setup.md > Source-file blocks: `find_modules.py`] For example, the `DDRAW_*` and `VID_Present` functions form one block, `MGM_SendMessage` sits with `INPUT_Init`, and `MENJ_Dispatcher` with `MENU_*`.\n\n[docs/sprites-ui-dialog.md > Separate menu loops] Another cyclic UI-message handler, `MENJ_Dispatcher` (`0x435896`, named by its own error string), consumes 12-byte events; event `0x40` selects the voice/caption entry described below.\n\n[docs/sprites-ui-dialog.md > The HUD message queue **[verified]** (2026-09-26)] `MENJ_Dispatcher` (`0x435896`), run from `UI_DrawHud` (`0x434596`), drains the game's UI queue (`0x626f2c`, 12-byte messages):
CMT	5bbf8	plate	[NAME] Descriptive name. Looks up UpLf/UpRg/DnLf/DnRg (NA and lit variants) and places them on a 2x2 grid scaled by the display factors. Sources: WINDREAM.EXE 00435c2b MENU_PlaceCornerIcons via match_functions (strings 1.00, callees 1/1). Facts (tools/check_names.py): str:UpLfNA; str:DnRg.\n\n[DOCS_SYNC]\n[docs/boot-sequence.md > The event sequence, as the player sees it] | 2 | **Short warp animation** (the "loading animation", ~7 s) | same function, second event `0x17` with `generic.hnm`; then loads the menu corner-marker sprites (`MENU_PlaceCornerIcons` (`0x435c2b`)) and enters the menu loop | `DATA\HNM\GENERIC.HNM` — 101 frames ≈ 6.7 s, light-speed tunnel; runs under/behind the menu |\n\n[docs/boot-sequence.md > Main menu (`BOOT_Run` menu loop, tick `MENU_Tick` (`0x435fae`))] * Navigation is a 2×2 grid (up/down cycles 0→2→3→1), highlighted by the four corner-marker sprites loaded by `MENU_PlaceCornerIcons` (`0x435c2b`) — `UpLfNA/UpRgNA/DnLfNA/DnRgNA` (inactive) and `UpLf/UpRg/DnLf/DnRg` (active) — placed on a 2×2 grid with per-resolution scaling.\n\n[docs/boot-sequence.md > Function map (boot path)] | `MENU_PlaceCornerIcons` (`0x435c2b`) | load + place menu corner-marker sprites |\n\n[docs/sprites-ui-dialog.md > Separate menu loops] `MENU_PlaceCornerIcons` (`0x435c2b`) resolves the active and inactive corner names and places them at resolution-scaled positions; `MENU_Draw` (`0x435ea0`) draws the four corners and menu text; `MENU_Tick` (`0x435fae`) handles navigation and confirm.
CMT	5bdb4	plate	Four menu items, selected one highlighted, then the NEW GAME/... label.
CMT	5be94	plate	Name matched from WINDREAM.EXE 00435fae (caller, 0.65; tools/match_functions.py).
CMT	5c218	plate	[NAME] Descriptive name. Per-frame boot/menu step, 40 ms ticks. Sources: WINDREAM.EXE 004363c8 BOOT_TickFrame via match_functions (caller 0.70, callees 1/1). Facts (tools/check_names.py): call:0003c2c8.\n\n[DOCS_SYNC]\n[docs/boot-sequence.md > Main menu (`BOOT_Run` menu loop, tick `MENU_Tick` (`0x435fae`))] * The per-frame boot/menu step `BOOT_TickFrame` (`0x4363c8`) redraws the menu (`MENU_Draw` (`0x435ea0`)) when dirty flag `0x4a2f31` is set, swaps, and counts steps of `0x28` ticks of the 200 Hz MGM timer (about 200 ms each). `BOOT_Run` calls this after a menu selection has exited the selection loop; after 3 steps it sets exit flag `0x626f00` and finalizes that branch. This call path supports a short post-selection hold, not an attract-mode claim. `CTRL_Dispatcher` handles video-end event `0x3f` by reopening `generic.hnm`, which explains the menu background loop. **[verified]**\n\n[docs/boot-sequence.md > Function map (boot path)] | `BOOT_TickFrame` (`0x4363c8`) | per-frame boot/menu step: redraw when dirty, swap, exit after 3 × 200 ms steps |
CMT	5c73c	plate	[NAME] Descriptive name. Voice message with synchronized captions and portrait; Again/exit. Sources: WINDREAM.EXE 00436ab6 MENJ_PlayVoiceCaptions via match_functions (strings 1.00, callees 6/6). Facts (tools/check_names.py): str:Again; call:0003c2c8.\n\n[DOCS_SYNC]\n[docs/binary-edition-comparison.md > Which function differences look real?] Among same-layout functions, one clear changed operand is shared across all three later editions: `MENJ_PlayVoiceCaptions` subtracts `0x7d` (125) where Europe subtracts `0x69` (105) before scaling a UI coordinate for `TEXT_PrintFaded`.\n\n[docs/sprites-ui-dialog.md > Caption timing **[verified]** (2026-09-26)] `MENJ_PlayVoiceCaptions` (`0x436ab6`) takes over the frame loop until the entry ends (it pumps `MGM_DispatchMessages` (`0x43a64c`) itself, with `CTRL_Init` (`0x40eb4f`) installing the input callback):\n\n[docs/sprites-ui-dialog.md > The HUD message queue **[verified]** (2026-09-26)] `MENJ_PlayVoiceCaptions` (`0x436ab6`) places timed text at `(150/sx, 90/sy)`, with 20/sy vertical spacing for successive rows.
CMT	5d0c0	plate	[NAME] Descriptive name. Save and load slot list: select, name, protect (at most five), load or save, Esc to close. Sources: WINDREAM.EXE 004373a7 MENU_HandleSaveSlotInput via match_functions (slot 0.50, callees 4/4). Facts (tools/check_names.py): call:00065ac0; call:000664f0.
CMT	5d898	plate	[NAME] Descriptive name. Draws the 10-slot save/load list. Sources: WINDREAM.EXE 00437c01 MENU_DrawSaveSlots via match_functions (strings 1.00, callees 2/2). Facts (tools/check_names.py): str:Empty; str:*%d. %s; caller:0005be94.\n\n[DOCS_SYNC]\n[docs/boot-sequence.md > Main menu (`BOOT_Run` menu loop, tick `MENU_Tick` (`0x435fae`))] * Confirm on item 0 (new game) sets the exit flag with load/quit flags cleared; item 1 opens the save browser (`MENU_InitSaveSlotSelect` (`0x437aa2`) picks the default slot — most recent for load, most recent unprotected for save — and loads its thumbnail; `MENU_DrawSaveSlots` (`0x437c01`) draws the list); item 2 sets the options submenu state `0x4a2eed = 1` and calls `MENU_UpdateResolutionIndex` (`0x4314ec`), which only maps the current width/height/scale to resolution index 0–5 (`0x4a2f01`); item 3 quits (`DAT_004a4780 = 1` → controller loop exits).\n\n[docs/sprites-ui-dialog.md > Separate menu loops] The save/load view is drawn by `MENU_DrawSaveSlots` (`0x437c01`).
CMT	5eb7c	plate	[NAME] Descriptive name. Object (category 2) detail panel of the pause menu: large icon from the 9-byte name table at 0x49db12 and three text lines; called from the object grid MENU_DrawObjectPage. Byte-identical code to MENU_DrawSpellInfo. Sources: WINDREAM.EXE 0042f246 MENU_DrawObjectInfo via match_functions (callee 0.77, callees 3/3). Facts (tools/check_names.py): str:Fire ball; caller:0005f014.\n\n[DOCS_SYNC]\n[docs/sprites-ui-dialog.md > Separate menu loops] The selected icon and its three description lines go through `MENU_DrawObjectInfo` (`0x42f246`) or `MENU_DrawSpellInfo` (`0x42fd30`).
CMT	5ecb8	plate	[NAME] Descriptive name. Object-page input: moves the cursor 0x4a1004 over the grid (count 0x4a1008, built by MENU_BuildObjectList), plays menu sounds, stores the chosen object in 0x615410. Sources: WINDREAM.EXE 0042f38b MENU_HandleObjectInput via match_functions (caller 0.64, callees 2/2). Facts (tools/check_names.py): caller:0006009c.\n\n[DOCS_SYNC]\n[docs/sprites-ui-dialog.md > Separate menu loops] `MENU_HandleGameMenuInput` (`0x4318d0`) handles directional and confirm input; `MENU_HandleSpellInput` (`0x42fe75`) and `MENU_HandleObjectInput` (`0x42f38b`) navigate the two item grids.
CMT	5f014	plate	[NAME] Descriptive name. Draws the object page of the pause menu: equipped-object icon, grid of up to 16 objects, then MENU_DrawObjectInfo. Sources: WINDREAM.EXE 0042f72e MENU_DrawObjectPage via match_functions (callee 0.67, callees 2/2). Facts (tools/check_names.py): call:0005eb7c; caller:00061034.\n\n[DOCS_SYNC]\n[docs/sprites-ui-dialog.md > Separate menu loops] | 1 | flag 2, 16 entries | Inventory/quest objects; 4×4 icon grid in `MENU_DrawObjectPage` (`0x42f72e`) |
CMT	5f83c	plate	[NAME] Descriptive name. Sets up the game menu: tab icons, labels, positions. Sources: WINDREAM.EXE 00430e46 MENU_InitGameMenu via match_functions (strings 1.00, callees 1/1). Facts (tools/check_names.py): str:UpLfNA; str:DnRg; str:Desc1.\n\n[DOCS_SYNC]\n[docs/sprites-ui-dialog.md > Separate menu loops] On entry, `MENU_InitGameMenu` (`0x430e46`) resolves the four active/inactive corner markers, four description panels, and two ribbons from `INTERF`.
CMT	5fb30	plate	[NAME] Descriptive name. Three-line help text for entry n. Sources: WINDREAM.EXE 0043126a MENU_DrawHelpText via match_functions (strings 1.00, callees 1/1). Facts (tools/check_names.py): str:Reload and play again; caller:00061034.\n\n[DOCS_SYNC]\n[docs/sprites-ui-dialog.md > Separate menu loops] For action 1 (Save), `MENU_DrawHelpText` (`0x43126a`) with argument 1 indexes the text block at `0x004a102c + 1*0x63 = 0x004a108f`, beginning `Save the game`, followed by `in progress...`.
CMT	5fde4	plate	[NAME] Descriptive name. System page of the in-game menu: load, save, options (resolution) and quit, and the slot list while it is open. Sources: WINDREAM.EXE 00431603 MENU_HandleSystemPageInput via match_functions (slot 0.55, callees 3/3). Facts (tools/check_names.py): call:00065ac0; caller:0006009c.
CMT	6009c	plate	[NAME] Descriptive name. Per-frame game-menu input. Sources: WINDREAM.EXE 004318d0 MENU_HandleGameMenuInput via match_functions (caller 0.61, callees 5/5). Facts (tools/check_names.py): call:00063068; call:0005ecb8.\n\n[DOCS_SYNC]\n[docs/sprites-ui-dialog.md > Separate menu loops] `MENU_HandleGameMenuInput` (`0x4318d0`) handles directional and confirm input; `MENU_HandleSpellInput` (`0x42fe75`) and `MENU_HandleObjectInput` (`0x42f38b`) navigate the two item grids.
CMT	61034	plate	[NAME] Descriptive name. Draws the game menu. Sources: WINDREAM.EXE 00432b45 MENU_DrawGameMenu via match_functions (strings 1.00, callees 8/8). Facts (tools/check_names.py): str:Options; str:Quit; call:0005d898; call:0005fb30.\n\n[DOCS_SYNC]\n[docs/binary-edition-comparison.md > Which function differences look real?] The Dutch `MENU_DrawGameMenu` linear-disassembly difference falls in apparent inline data; it is not yet evidence of a behavior change.\n\n[docs/boot-sequence.md > In-game pause menu (different code, for contrast)] `MENU_RunGameMenu` (`0x4337c0`) → `MENU_DrawGameMenu` (`0x432b45`) renders the **lowercase** `Load` / `Options` / `Quit` items (`0x4c519e…`) — the ESC overlay during play, not the boot menu.\n\n[docs/sprites-ui-dialog.md > Separate menu loops] The in-game inventory/pause overlay is a separate controller (`MENU_RunGameMenu` (`0x4337c0`) → `MENU_DrawGameMenu` (`0x432b45`)), with its own item and options states.\n\n[docs/sprites-ui-dialog.md > Separate menu loops] `MENU_DrawGameMenu` (`0x432b45`) draws four top-level states:
CMT	61b18	plate	[NAME] Descriptive name. Main loop of the game menu. Sources: WINDREAM.EXE 004337c0 MENU_RunGameMenu via match_functions (slot 0.38, callees 6/6). Facts (tools/check_names.py): call:0005f83c; call:0003c2c8.\n\n[DOCS_SYNC]\n[docs/ai-animation-runtime.md > Action events] | `0x18` after Esc | its own time | — | opens the game menu (`MENU_RunGameMenu` (`0x4337c0`)) |\n\n[docs/boot-sequence.md > In-game pause menu (different code, for contrast)] `MENU_RunGameMenu` (`0x4337c0`) → `MENU_DrawGameMenu` (`0x432b45`) renders the **lowercase** `Load` / `Options` / `Quit` items (`0x4c519e…`) — the ESC overlay during play, not the boot menu.\n\n[docs/sprites-ui-dialog.md > Separate menu loops] The in-game inventory/pause overlay is a separate controller (`MENU_RunGameMenu` (`0x4337c0`) → `MENU_DrawGameMenu` (`0x432b45`)), with its own item and options states.
CMT	62f2c	plate	[NAME] Descriptive name. Spell detail panel, called by the spell grid MENU_DrawSpellPage; byte-identical code to MENU_DrawObjectInfo. Sources: WINDREAM.EXE 0042fd30 MENU_DrawSpellInfo via match_functions (caller 0.77, callees 3/3). Facts (tools/check_names.py): str:Fire ball.\n\n[DOCS_SYNC]\n[docs/sprites-ui-dialog.md > Separate menu loops] The selected icon and its three description lines go through `MENU_DrawObjectInfo` (`0x42f246`) or `MENU_DrawSpellInfo` (`0x42fd30`).
CMT	63068	plate	[NAME] Descriptive name. Spell tab input: 4x4 grid, assign to three quick slots. Sources: WINDREAM.EXE 0042fe75 MENU_HandleSpellInput via match_functions (caller 0.60, callees 2/2). Facts (tools/check_names.py): caller:0006009c.\n\n[DOCS_SYNC]\n[docs/sprites-ui-dialog.md > Separate menu loops] `MENU_HandleGameMenuInput` (`0x4318d0`) handles directional and confirm input; `MENU_HandleSpellInput` (`0x42fe75`) and `MENU_HandleObjectInput` (`0x42f38b`) navigate the two item grids.
CMT	635ac	plate	[NAME] Descriptive name. Draws the spell tab. Sources: WINDREAM.EXE 00430494 MENU_DrawSpellPage via match_functions (callee 0.58, callees 2/2). Facts (tools/check_names.py): call:00062f2c; caller:00061034.\n\n[DOCS_SYNC]\n[docs/sprites-ui-dialog.md > Player pyramid HUD] `MENU_DrawSpellPage` (`0x430494`) lays them out column-major at `x=(W/2-30)/sx + 80*column/sx`, `y=41/sy + 50*row/sy`, with `column=id/4` and `row=id%4`:\n\n[docs/sprites-ui-dialog.md > Separate menu loops] | 0 | flag 1, 14 entries | Spells and abilities; 4×4 icon grid in `MENU_DrawSpellPage` (`0x430494`) |
CMT	639a0	plate	[NAME] Descriptive name. Opens DRDF (DIALOG.DRD): 16-byte header, entry offset table, entry buffer sized from the header; current entry = -1. Sources: WINDREAM.EXE 0041072c DRD_Open via match_functions (strings 1.00, callees 5/5). Facts (tools/check_names.py): str:DRDF; caller:00020058.\n\n[DOCS_SYNC]\n[docs/asset-access.md > Dialogue and sound banks] `DRD_Open` (`0x0041072c`) opens `DATA\3DC\DIALOG.DRD`, checks `DRDF`, and keeps its offset table.\n\n[docs/re-setup.md > First results — the parsers are located] | `DRDF` | `0x004c3a48` | `DRD_Open` (`0x41072c`) | dialogue bank |\n\n[docs/sprites-ui-dialog.md > `DIALOG.DRD`: entry event to voice and captions] The file is not all loaded into memory at startup: `DRD_Open` (`0x41072c`) opens it, keeps the entry offset table, and allocates a reusable entry buffer.
CMT	63e78	plate	[NAME] Descriptive name. Level from the save record +0x1fc; asks for CD (level+1)>>1 if needed; with hard-disk caching copies the files listed in ListL<n>.txt / ListL0.txt to X:\CRYO\DREAMS\ behind "Please wait while loading ...". Sources: WINDREAM.EXE 00427d64 CD_PrepareLevel via match_functions (strings 1.00, callees 7/7). Facts (tools/check_names.py): str:Please wait while loading; str:ListL%d.txt; call:000642f4.\n\n[DOCS_SYNC]\n[docs/asset-access.md > The boundary: game file access and disc images] `CD_PrepareLevel` (`0x00427d64`) checks the disc requested by a level and may copy a selective set of files listed in `ListL<n>.txt` and `ListL0.txt` to the install cache through `CD_CopyFileList` (`0x00428356`) and `FILE_CopyIfMissing` (`0x00428404`).\n\n[docs/boot-sequence.md > The event sequence, as the player sees it] | 7 | **Loading / CD-swap screen** | `SCENE_LoadLevel 0x41f9db` → `CD_PrepareLevel` (`0x427d64`): if the needed disc is not mounted shows *Please change to CD no %d*; with hard-disk caching it draws *Please wait while loading ...* and copies the files the level manifest lists to `X:\CRYO\DREAMS\` | `LISTL1.TXT` for Project 0 |\n\n[docs/boot-sequence.md > Level entry, end to end] 2. `CD_PrepareLevel` (`0x427d64`) CD check (`DATA\1CD.ID` / `DATA\2CD.ID` / `DATA\FULL.ID` sentinel files; *Please change to CD no %d* from `CD_PromptSwap` (`0x428626`)), then, with hard-disk caching, the loading screen (*Please wait while loading ...*, `0x4c4c1c`).\n\n[docs/boot-sequence.md > Function map (boot path)] | `0x41f9db` | `SCENE_LoadLevel` — level load when the pending-load flag is set: `CD_PrepareLevel`, DSN textures, lights/fog, OBJET entity spawns |\n\n[docs/boot-sequence.md > Function map (boot path)] | `CD_PrepareLevel` (`0x427d64`) | CD-swap prompt; hard-disk cache copy behind the loading screen |\n\n[docs/disc-layout.md > Observed installed tree versus the discs] `DATA\LEVEL.ID` is the four-byte current-level cache marker written by `CD_PrepareLevel`; the `GAME1`/`GAME2` files are local save slots.\n\n[docs/dsn-loader.md > The Body Unpackers and Call Hierarchy **[verified]**] 7. **`SCENE_LoadLevel` (`0x41f9db`)**: The level loader, run when the pending-load flag is set: `CD_PrepareLevel` (`0x427d64`) and the loading screen, DSN textures via `DSN_LoadTextures`, ambient and directional lights, fog, clear color, then a loop through `OBJET1` .. `OBJET15` to spawn active entities. Spawning is one part of the level load.\n\n[docs/file-formats.md > Text manifests] With hard-disk caching, `CD_PrepareLevel` (`0x427d64`) copies the files listed in `ListL<n>.txt` / `ListL0.txt` to `X:\CRYO\DREAMS\` behind "Please wait while loading ..." (`CD_CopyFileList` (`0x428356`)).
CMT	63f9c	plate	[NAME] Descriptive name. Tries drives Z down to C for X:\DATA\1CD.ID / 2CD.ID and stores the letter in 0x49ff2c; fatal error if none. Sources: WINDREAM.EXE 00427f11 CD_FindDrive via match_functions (strings 1.00, callees 2/2). Facts (tools/check_names.py): str:1CD.ID; str:2CD.ID; str:your CDROM does not contain a CD of DREAMS.\n\n[DOCS_SYNC]\n[docs/asset-access.md > The boundary: game file access and disc images] `CD_FindDrive` (`0x00427f11`) searches `Z:` through `C:` for `DATA\1CD.ID` or `DATA\2CD.ID`; `CD_FindCacheDrive` (`0x00427fc7`) separately finds `X:\CRYO\DREAMS\DATA\HD.ID`.\n\n[docs/disc-layout.md > Disc check] `CD_FindDrive` (`0x427f11`) tries drives `Z` down to `C` for `X:\DATA\1CD.ID` / `2CD.ID` and stops with a fatal error if none has either.\n\n[docs/re-setup.md > First results — the parsers are located] String anchors additionally implicate `RES_ReadFile` (`0x41c666`) (4 xrefs), `MDL_LoadMaterials` (`0x456038`), `CD_FindDrive` (`0x427f11`), `DAN_Read3DC` (`0x41020f`) and `FSB_Load` (`0x426143`): the resource-file reader, the `.3DM` material loader, the CD drive search, the DAN chunk reader and the FSB bank loader.
CMT	64024	plate	[NAME] Descriptive name. Finds the drive holding X:\CRYO\DREAMS\DATA\HD.ID (the hard-disk cache) and patches it into the cache path. Sources: WINDREAM.EXE 00427fc7 CD_FindCacheDrive via match_functions (strings 1.00, callees 2/2). Facts (tools/check_names.py): str:X:\CRYO\DREAMS\DATA\HD.I; str:RYO\DREAMS\DATA\HD.ID; str:X:\CRYO\DREAMS\.\n\n[DOCS_SYNC]\n[docs/asset-access.md > The boundary: game file access and disc images] `CD_FindDrive` (`0x00427f11`) searches `Z:` through `C:` for `DATA\1CD.ID` or `DATA\2CD.ID`; `CD_FindCacheDrive` (`0x00427fc7`) separately finds `X:\CRYO\DREAMS\DATA\HD.ID`.
CMT	640b4	plate	[NAME] Descriptive name. Reads the level number cached in DATA\LEVEL.ID (0 when absent). Sources: WINDREAM.EXE 00428097 CD_ReadCacheLevelId via match_functions (slot 0.60, callees 4/4). Facts (tools/check_names.py): str:X:\CRYO\DREAMS\; str:%s\DATA\LEVEL.ID.
CMT	64118	plate	[NAME] Descriptive name. Writes the cached level number to DATA\LEVEL.ID. Sources: WINDREAM.EXE 0042811b CD_WriteCacheLevelId via match_functions (slot 0.63, callees 4/4). Facts (tools/check_names.py): str:X:\CRYO\DREAMS\; str:%s\DATA\LEVEL.ID.
CMT	641a8	plate	[NAME] Descriptive name. Deletes the cached .dsn, .dan and .hnm files. Sources: WINDREAM.EXE 004281d9 CD_PurgeCache via match_functions (strings 1.00, callees 1/1). Facts (tools/check_names.py): str:X:\CRYO\DREAMS\; str:%s\DATA\3DC\*.dsn; str:%s\DATA\3DC\%s.
CMT	642f4	plate	[NAME] Descriptive name. Reads a list file and copies each file to the hard disk in 0x8000-byte chunks; on failure deletes the copied .dsn/.dan/.hnm and LEVEL.ID, then a fatal error. Sources: WINDREAM.EXE 00428356 CD_CopyFileList via match_functions (strings 1.00, callees 5/5). Facts (tools/check_names.py): str:error occurred while copying files to the hard; caller:00063e78.\n\n[DOCS_SYNC]\n[docs/asset-access.md > The boundary: game file access and disc images] `CD_PrepareLevel` (`0x00427d64`) checks the disc requested by a level and may copy a selective set of files listed in `ListL<n>.txt` and `ListL0.txt` to the install cache through `CD_CopyFileList` (`0x00428356`) and `FILE_CopyIfMissing` (`0x00428404`).\n\n[docs/boot-sequence.md > Level entry, end to end] 3. Manifest `%sListL%d.txt` (string `0x4c4c3a`) is read line by line and `CD_CopyFileList` (`0x428356`) copies each listed file to `X:\CRYO\DREAMS\`; `LISTL0.TXT` is the always-resident universe (`H03PAQUE.DSN` night scene, `CH0.DAN`, `HOLO.DAN`, `XH_.DAN`, `MHE.DAN`, `H03AN001.HNM`), and `LISTL1.TXT` opens with `H18ANGKR.DSN` — Project 0, *Ile d'Angkor*, plus `F84.DAN`, four `F07BLEU.DAN`, `CH0.DAN`, `MINE.DAN` and the rest of the disc-1 level set (44 `.DSN` lines, see [level-map.md](level-map.md)).\n\n[docs/file-formats.md > Text manifests] With hard-disk caching, `CD_PrepareLevel` (`0x427d64`) copies the files listed in `ListL<n>.txt` / `ListL0.txt` to `X:\CRYO\DREAMS\` behind "Please wait while loading ..." (`CD_CopyFileList` (`0x428356`)).
CMT	64368	plate	[NAME] Descriptive name. Copies a file to the cache in 32 KB blocks unless the destination exists. Sources: WINDREAM.EXE 00428404 FILE_CopyIfMissing via match_functions (strings 1.00, callees 7/7). Facts (tools/check_names.py): str:%s\%s; caller:000642f4.\n\n[DOCS_SYNC]\n[docs/asset-access.md > The boundary: game file access and disc images] `CD_PrepareLevel` (`0x00427d64`) checks the disc requested by a level and may copy a selective set of files listed in `ListL<n>.txt` and `ListL0.txt` to the install cache through `CD_CopyFileList` (`0x00428356`) and `FILE_CopyIfMissing` (`0x00428404`).
CMT	644c0	plate	[NAME] Descriptive name. Shows "Please change to CD no %d" and polls until DATA\1CD.ID or DATA\2CD.ID opens. Sources: WINDREAM.EXE 00428626 CD_PromptSwap via match_functions (slot 0.51, callees 4/4). Facts (tools/check_names.py): str:Please change to CD no %; str:DATA\1CD.ID; str:DATA\2CD.ID; call:0003c2c8.\n\n[DOCS_SYNC]\n[docs/binary-edition-comparison.md > Which function differences look real?] - `CD_PromptSwap`: after finding the replacement disc, Europe sends MGM message `0x23` (`CD_ResumeAudio`). Later builds call `CD_SetTimeFormat` directly; that routine stops playback, selects the MCI TMSF format and refreshes the CD track count. This may address stale audio state after a swap, but author intent is unknown. **[verified for calls; inferred for purpose]**\n\n[docs/boot-sequence.md > Level entry, end to end] 2. `CD_PrepareLevel` (`0x427d64`) CD check (`DATA\1CD.ID` / `DATA\2CD.ID` / `DATA\FULL.ID` sentinel files; *Please change to CD no %d* from `CD_PromptSwap` (`0x428626`)), then, with hard-disk caching, the loading screen (*Please wait while loading ...*, `0x4c4c1c`).
CMT	65180	plate	Raises "unknown message type in CTRL_Dispatcher" (reference at 0x65364).
CMT	65ac0	plate	[NAME] Descriptive name. Sorts the slot table and writes data\game\game.dat: 10 x 22-byte names, then the status, recency and file-number arrays (10 ints each). Sources: WINDREAM.EXE 0040f202 GAME_SaveIndex via match_functions (slot 0.39, callees 2/2). Facts (tools/check_names.py): str:data\game\game.dat; str:ta\game\game.dat; str:ata\game\game.dat.\n\n[DOCS_SYNC]\n[docs/game-content.md > Save format **[verified]** (2026-09-26)] Traced from `GAME_SaveIndex` (`0x40f202`) / `GAME_LoadIndex` (`0x40f3aa`) and `GAME_SaveGame` (`0x40f542`) / `GAME_LoadGame` (`0x40f94a`), all under the install root:
CMT	65e20	plate	[NAME] Descriptive name. Writes data\game\game<n>.dat for a named slot: 0x2880-byte world block, level index and name, player health and magic, inventory, hotkey icons. Sources: WINDREAM.EXE 0040f542 GAME_SaveGame via match_functions (caller 0.62, callees 5/5). Facts (tools/check_names.py): str:data\game\game%d.dat.\n\n[DOCS_SYNC]\n[docs/game-content.md > Save format **[verified]** (2026-09-26)] Traced from `GAME_SaveIndex` (`0x40f202`) / `GAME_LoadIndex` (`0x40f3aa`) and `GAME_SaveGame` (`0x40f542`) / `GAME_LoadGame` (`0x40f94a`), all under the install root:
CMT	66204	plate	[NAME] Descriptive name. Reads a slot back, reloads its level record from DREAMS.DAT by name, reattaches the inventory to the player and starts the level load with a 15-frame fade. Sources: WINDREAM.EXE 0040f94a GAME_LoadGame via match_functions (caller 0.65, callees 7/7). Facts (tools/check_names.py): str:data\game\game%d.dat; call:00032578.\n\n[DOCS_SYNC]\n[docs/game-content.md > Save format **[verified]** (2026-09-26)] Traced from `GAME_SaveIndex` (`0x40f202`) / `GAME_LoadIndex` (`0x40f3aa`) and `GAME_SaveGame` (`0x40f542`) / `GAME_LoadGame` (`0x40f94a`), all under the install root:
CMT	664f0	plate	[NAME] Descriptive name. Looks the slot up in a 10-entry table and loads data\game\game%d.ico (0x2000 bytes) into 0x5d8b98; zeroes it on failure. Sources: WINDREAM.EXE 0040fc1f GAME_LoadSaveIcon via match_functions (caller 0.63, callees 5/5). Facts (tools/check_names.py): str:data\game\game%d.ico.
CMT	66638	plate	[NAME] Descriptive name. Renders a 64x64 frame of the scene and writes it as data\game\game<n>.ico, then restores the viewport. Sources: WINDREAM.EXE 0040fd54 GAME_SaveThumbnail via match_functions (caller 0.68, callees 8/8). Facts (tools/check_names.py): str:data\game\game%d.ico.\n\n[DOCS_SYNC]\n[docs/game-content.md > Save format **[verified]** (2026-09-26)] data\game\game<n>.ico 64x64 RGB 2-byte thumbnail, 0x2000 bytes (GAME_SaveThumbnail (0x40fd54)) ```
CMT	668d0	plate	Watcom 10.6 runtime: printf_ (module printf, 34 bytes, full match; dreamsfx.csv).
CMT	66ac8	plate	[NAME] Descriptive name. Refreshes one TMU texture descriptor, subsampling the 256-wide source for positive LOD. Sources: docs/glide-renderer.md; independent stripped-code review re/reviews/renderer-gaps-20260926.md. Facts (tools/check_names.py): size:277; call:00085354; call:000b8b26; call:000852d2; ref:002adad0; ref:002adae0.\n\ngrTexDownloadMipMapLevel (called by Glide_BindTexture).\n\n[DOCS_SYNC]\n[docs/engine.md > Presentation and 2D — Glide mapped onto DirectDraw/GDI **[verified]**] | texture upload | `GLIDE_BindTexture` `0x672a8`, `GLIDE_UploadTexture` `0x66ac8`, `GLIDE_AllocTexture` `0x66d58`, `GLIDE_UploadAllTextures` `0x66f24` | none: the rasterizer reads textures from RAM |\n\n[docs/glide-call-inventory.md > Texture allocation, upload and sampling calls] These sit behind `GLIDE_AllocTexture`, `GLIDE_UploadTexture`, `GLIDE_UploadAllTextures`, `GLIDE_BindTexture` and face submission.\n\n[docs/glide-call-inventory.md > Texture allocation, upload and sampling calls] | `grTexDownloadMipMapLevel` `0xb8b26` | `GLIDE_UploadTexture` `0x66b92`, `0x66bcf`; `GLIDE_AllocTexture` `0x66ec2`, `0x66eff`; `GLIDE_UploadAllTextures` `0x67015`, `0x67050` | Upload/refresh a material texture level; `sg_make_image`/`sg_update_image`, retaining retail 128×128 subsampling where selected. |\n\n[docs/glide-renderer.md > Textures and palette cache] `GLIDE_UploadTexture` (`0x66ac8`) refreshes a slot; `GLIDE_UploadAllTextures` (`0x66f24`) visits populated slots after level loading.\n\n[PORT_MAP] replaced | partial\nopendreams/shared/render/model_preview.cpp :: od::ModelPreview::update_material_pixels\nRemaining: Viewer DSN 256 LOD policy remains distinct from the recomp 128 material LOD; complete animated source/caller corpus remains\nOwner reviewed: no
CMT	66be0	plate	[NAME] Descriptive name. Sets texture-descriptor +0x1c for each cache entry with the name; GLIDE_BindTexture re-uploads such textures once per frame. Sources: @R research-animtex.md (proposed GLIDE_MarkAnimated); blind review (high); adjudicated PARTIAL. Facts (tools/check_names.py): ref:002adaec; call:strcmp_; caller:0003f290; caller:0003f508; caller:0003f5bc; size:104.\n\n[PORT_MAP] replaced | partial\nopendreams/shared/render/model_preview.cpp :: od::ModelPreview::update_material_pixels\nRemaining: Viewer DSN 256 LOD policy remains distinct from the recomp 128 material LOD; complete animated source/caller corpus remains\nOwner reviewed: no
CMT	66c54	plate	[NAME] Descriptive name. Descriptive role independently reviewed. helper clears texture allocation, palette-page, and upload state. Sources: docs/glide-renderer.md; independent stripped-code review re/reviews/renderer-gaps-20260926.md. Facts (tools/check_names.py): size:89; caller:00070d04.\n\n[DOCS_SYNC]\n[docs/glide-renderer.md > Textures and palette cache] `GLIDE_ResetTextureState` (`0x66c54`) clears the cache and allocation state; `GLIDE_Swap` (`0x674c0`) clears only per-slot update flags.
CMT	66cb0	plate	[NAME] Descriptive name. Descriptive role independently reviewed. helper converts the selected 256-entry palette row for Glide. Sources: docs/glide-renderer.md; independent stripped-code review re/reviews/renderer-gaps-20260926.md. Facts (tools/check_names.py): size:125; caller:000672a8; const:100.\n\n[DOCS_SYNC]\n[docs/glide-renderer.md > Textures and palette cache] `GLIDE_ConvertPalette` (`0x66cb0`) reads 256 entries at `page - 0x8000 + row*0x400`, taking the high RGB565 word of each four-byte slot.\n\n[PORT_MAP] replaced | partial\nopendreams/shared/render/model_preview.cpp :: od::ModelPreview::texture\nRemaining: Full mutable palette/caller corpus and native-platform visual validation remain\nOwner reviewed: no
CMT	66d58	plate	[NAME] Descriptive name. Allocates TMU memory and uploads a material texture; model descriptors select 128x128 P8 from every second source texel. Sources: docs/glide-renderer.md; independent stripped-code review re/reviews/renderer-gaps-20260926.md. Facts (tools/check_names.py): size:457; call:000b8b67; call:000b8b44; call:00086379; ref:002adad0; ref:002adad4.\n\ngrTexTextureMemRequired, grTexMaxAddress, grTexDownloadMipMapLevel.\n\n[DOCS_SYNC]\n[docs/engine.md > Presentation and 2D — Glide mapped onto DirectDraw/GDI **[verified]**] | texture upload | `GLIDE_BindTexture` `0x672a8`, `GLIDE_UploadTexture` `0x66ac8`, `GLIDE_AllocTexture` `0x66d58`, `GLIDE_UploadAllTextures` `0x66f24` | none: the rasterizer reads textures from RAM |\n\n[docs/glide-call-inventory.md > Texture allocation, upload and sampling calls] These sit behind `GLIDE_AllocTexture`, `GLIDE_UploadTexture`, `GLIDE_UploadAllTextures`, `GLIDE_BindTexture` and face submission.\n\n[docs/glide-call-inventory.md > Texture allocation, upload and sampling calls] | `grTexTextureMemRequired` `0xb8b67` | `GLIDE_AllocTexture` `0x66da5` | Measure TMU allocation; size/check an `sg_image` instead of TMU addresses. |\n\n[docs/glide-call-inventory.md > Texture allocation, upload and sampling calls] | `grTexMaxAddress` `0xb8b44` | `GLIDE_AllocTexture` `0x66dba`, `0x66dd3` | Bound TMU memory addresses; use GPU resource limits/allocations. |\n\n[docs/glide-call-inventory.md > Texture allocation, upload and sampling calls] | `grTexDownloadMipMapLevel` `0xb8b26` | `GLIDE_UploadTexture` `0x66b92`, `0x66bcf`; `GLIDE_AllocTexture` `0x66ec2`, `0x66eff`; `GLIDE_UploadAllTextures` `0x67015`, `0x67050` | Upload/refresh a material texture level; `sg_make_image`/`sg_update_image`, retaining retail 128×128 subsampling where selected. |\n\n[docs/glide-renderer.md > Textures and palette cache] `GLIDE_AllocTexture` (`0x66d58`) allocates TMU memory and samples every second texel from the source 256×256 page for that upload.\n\n[PORT_MAP] adapted | partial\nopendreams/shared/port/glide_model.cpp :: od::port::model_texture_lod\nRemaining: Port general Glide descriptor formats, TMU address allocation, upload flags and dynamic texture refresh.\nOwner reviewed: no
CMT	66f24	plate	[NAME] Descriptive name. Uploads populated descriptor slots after scene loading and marks their update flags. Sources: docs/glide-renderer.md; independent stripped-code review re/reviews/renderer-gaps-20260926.md. Facts (tools/check_names.py): size:327; call:00085354; call:000b8b26; call:000852d2; ref:002adb14; ref:002adaf0.\n\ngrTexDownloadMipMapLevel; only caller is the scene spawner.\n\n[DOCS_SYNC]\n[docs/engine.md > Presentation and 2D — Glide mapped onto DirectDraw/GDI **[verified]**] | texture upload | `GLIDE_BindTexture` `0x672a8`, `GLIDE_UploadTexture` `0x66ac8`, `GLIDE_AllocTexture` `0x66d58`, `GLIDE_UploadAllTextures` `0x66f24` | none: the rasterizer reads textures from RAM |\n\n[docs/glide-call-inventory.md > Texture allocation, upload and sampling calls] These sit behind `GLIDE_AllocTexture`, `GLIDE_UploadTexture`, `GLIDE_UploadAllTextures`, `GLIDE_BindTexture` and face submission.\n\n[docs/glide-call-inventory.md > Texture allocation, upload and sampling calls] | `grTexDownloadMipMapLevel` `0xb8b26` | `GLIDE_UploadTexture` `0x66b92`, `0x66bcf`; `GLIDE_AllocTexture` `0x66ec2`, `0x66eff`; `GLIDE_UploadAllTextures` `0x67015`, `0x67050` | Upload/refresh a material texture level; `sg_make_image`/`sg_update_image`, retaining retail 128×128 subsampling where selected. |\n\n[docs/glide-renderer.md > Textures and palette cache] `GLIDE_UploadTexture` (`0x66ac8`) refreshes a slot; `GLIDE_UploadAllTextures` (`0x66f24`) visits populated slots after level loading.
CMT	670f0	plate	[NAME] Descriptive name. Initializes SST0 at 640x480/60 Hz, two color buffers and one aux, bilinear min/mag and gamma 0.8. Sources: docs/glide-renderer.md; independent stripped-code review re/reviews/renderer-gaps-20260926.md. Facts (tools/check_names.py): size:224; call:000b8a5e; call:000b8ad1; call:000739fa; ref:002b02ec; ref:00103cf0.\n\n[DOCS_SYNC]\n[docs/engine.md > 3dfx path — Glide 2 in `DREAMSFX.EXE` **[verified]**] - **`GLIDE_Open`** (`0x670f0`): `grGlideInit`, `grSstQueryHardware`, `grSstSelect(0)`, `grSstWinOpen(0, GR_RESOLUTION_640x480, GR_REFRESH_60Hz, GR_COLORFORMAT_ARGB, GR_ORIGIN_UPPER_LEFT, 2, 1)` (double buffer plus one aux buffer for depth), then `grTexFilterMode(GR_TMU0, BILINEAR, BILINEAR)` and `grGammaCorrectionValue(0.8)`. The 640x480 lock is this call.\n\n[docs/engine.md > Presentation and 2D — Glide mapped onto DirectDraw/GDI **[verified]**] | init | `GLIDE_Open` `0x670f0`: 640x480, 60 Hz, 2 colour + 1 aux buffer, bilinear, gamma 0.8 | `VID_Init` `0x446019`: 640x480, mode flag `0x633b18`; `DDRAW_SetMode` `0x4455ad` or `GDI_CreateDIB` `0x445c84` |\n\n[docs/glide-call-inventory.md > Device and shared state calls] | `grGlideInit` `0xb8a5e` | `GLIDE_Open` `0x670f7` | Initialize Glide; SDL3 window and sokol backend setup. |\n\n[docs/glide-call-inventory.md > Device and shared state calls] | `grSstQueryHardware` `0xb8ad1` | `GLIDE_Open` `0x67101` | Detect Voodoo hardware; replaced by backend/device capability discovery. |\n\n[docs/glide-call-inventory.md > Device and shared state calls] | `grSstSelect` `0xb8ae5` | `GLIDE_Open` `0x6712d` | Select SST0; replaced by selected graphics backend. |\n\n[docs/glide-call-inventory.md > Device and shared state calls] | `grSstWinOpen` `0xb8b03` | `GLIDE_Open` `0x67160` | Open 640×480/60 Hz, two color buffers and one depth auxiliary buffer; shell window, swapchain and depth attachment. |\n\n[docs/glide-call-inventory.md > Device and shared state calls] | `grTexFilterMode` `0xb8b3a` | `GLIDE_Open` `0x67190` | Bilinear min/mag on TMU0; sokol sampler filtering. Not a movie decoder call. |\n\n[docs/glide-call-inventory.md > Device and shared state calls] | `grGammaCorrectionValue` `0xb8a4f` | `GLIDE_Open` `0x6719a` | Gamma 0.8; renderer output transform/parity work, not movie parsing. |
CMT	671d0	plate	[NAME] Descriptive name. Sets table fog/color and builds the exponential table. Density is a stack argument omitted by the current decompiler prototype. Sources: docs/glide-renderer.md; independent stripped-code review re/reviews/renderer-gaps-20260926.md. Facts (tools/check_names.py): size:51; call:000b8a45; call:000b8a40; call:000b8ba8; ref:002ada90.\n\ngrFogMode, grFogColorValue, guFogGenerateExp, grFogTable.\n\n[DOCS_SYNC]\n[docs/engine.md > Presentation and 2D — Glide mapped onto DirectDraw/GDI **[verified]**] | fog, depth, clip | `GLIDE_SetFog` `0x671d0`, `GLIDE_SetDepthWrite` `0x67500`, `GLIDE_SetClipWindow` `0x67204` | no counterpart at these call sites |\n\n[docs/glide-call-inventory.md > Scene color, transparency, depth and fog calls] | `grFogMode` `0xb8a45` | `GLIDE_SetFog` `0x671da` | Table fog enable; shader fog mode. |\n\n[docs/glide-call-inventory.md > Scene color, transparency, depth and fog calls] | `grFogColorValue` `0xb8a40` | `GLIDE_SetFog` `0x671e0` | Packed fog color; shader uniform. |\n\n[docs/glide-call-inventory.md > Scene color, transparency, depth and fog calls] | `guFogGenerateExp` `0xb8ba8` | `GLIDE_SetFog` `0x671ed` | Build exponential fog table; CPU LUT or equivalent shader function. |\n\n[docs/glide-call-inventory.md > Scene color, transparency, depth and fog calls] | `grFogTable` `0xb8a4a` | `GLIDE_SetFog` `0x671f7` | Load 64-entry fog table; shader LUT/uniform data. |\n\n[docs/glide-renderer.md > Device state and fog] - `GLIDE_SetFog` (`0x671d0`): table fog, packed color, a 64-entry exponential table at `0x2ada90`. The density is a stack argument omitted from the C decompiler's displayed prototype; the following rules come from instructions.\n\n[PORT_MAP] replaced | partial\nopendreams/shared/port/fog.cpp :: od::port::GLIDE_SetFog\nRemaining: Zero-density NaN table policy lacks hardware confirmation; broader natural-level and hardware visual corpus remain\nOwner reviewed: no
CMT	67204	plate	[NAME] Descriptive name. Passes four bounds to grClipWindow. Sources: docs/glide-renderer.md; independent stripped-code review re/reviews/renderer-gaps-20260926.md. Facts (tools/check_names.py): size:14; call:000b89dc.\n\ngrClipWindow.\n\n[DOCS_SYNC]\n[docs/engine.md > Presentation and 2D — Glide mapped onto DirectDraw/GDI **[verified]**] | fog, depth, clip | `GLIDE_SetFog` `0x671d0`, `GLIDE_SetDepthWrite` `0x67500`, `GLIDE_SetClipWindow` `0x67204` | no counterpart at these call sites |\n\n[docs/glide-call-inventory.md > Calls reachable from HNM5/HNM6 movie frames] | `grClipWindow` `0xb89dc` | `GLIDE_SetClipWindow` `0x6720b` | Movie helpers pass `(0, 0, 640, 480)`. | Clip the video quad/canvas to its ImGui area or render-pass scissor. |\n\n[PORT_MAP] adapted | partial\nopendreams/shared/render/glide_compat.cpp :: od::GlideCompat::grClipWindow\nRemaining: General scene clipping and hardware state outside movie presentation remain.\nOwner reviewed: no
CMT	672a8	plate	[NAME] Descriptive name. Binds resident texture; updates animated upload flags; caches P8 palette by page pointer only, with entry zero as chroma-key color. Sources: docs/glide-renderer.md; independent stripped-code review re/reviews/renderer-gaps-20260926.md. Facts (tools/check_names.py): size:243; call:00066ac8; call:000b8b62; call:00066cb0; ref:002adae8; ref:002adad0.\n\ngrTexSource, grChromakeyValue, grTexDownloadTable; uploads through Glide_TexUpload.\n\n[DOCS_SYNC]\n[docs/engine.md > Presentation and 2D — Glide mapped onto DirectDraw/GDI **[verified]**] | texture upload | `GLIDE_BindTexture` `0x672a8`, `GLIDE_UploadTexture` `0x66ac8`, `GLIDE_AllocTexture` `0x66d58`, `GLIDE_UploadAllTextures` `0x66f24` | none: the rasterizer reads textures from RAM |\n\n[docs/glide-call-inventory.md > Calls reachable from HNM5/HNM6 movie frames] Neither frame walker reaches `grTexSource`, a texture download API, or `GLIDE_BindTexture`.\n\n[docs/glide-call-inventory.md > Texture allocation, upload and sampling calls] These sit behind `GLIDE_AllocTexture`, `GLIDE_UploadTexture`, `GLIDE_UploadAllTextures`, `GLIDE_BindTexture` and face submission.\n\n[docs/glide-call-inventory.md > Texture allocation, upload and sampling calls] | `grTexDownloadTable` `0xb8b30` | `GLIDE_BindTexture` `0x67383` | Upload P8 palette row; portable palette expansion/shader palette resource, retaining cache semantics. |\n\n[docs/glide-call-inventory.md > Texture allocation, upload and sampling calls] | `grTexSource` `0xb8b62` | `GLIDE_BindTexture` `0x67340` | Bind a resident TMU texture; sokol texture view/binding. |\n\n[docs/glide-call-inventory.md > Scene color, transparency, depth and fog calls] | `grChromakeyValue` `0xb89d7` | `GLIDE_BindTexture` `0x67373` | Palette entry zero as key color; material palette/alpha handling. |\n\n[docs/glide-call-inventory.md > Triangle submission calls] Replacing those five at the presentation boundary does not imply that the other 30 have been ported, or that `GLIDE_BindTexture` belongs inside movie decoding.\n\n[docs/glide-renderer.md > Textures and palette cache] `GLIDE_BindTexture` (`0x672a8`) binds the descriptor and, for P8, downloads a palette when the **page pointer** changes.\n\n[PORT_MAP] replaced | partial\nopendreams/shared/render/model_preview.cpp :: od::ModelPreview::texture\nRemaining: Exact TMU filter quantization and broad material mutation/alias corpus remain; page-keyed row retention and rebind tests pass\nOwner reviewed: no
CMT	67474	plate	[NAME] Descriptive name. Calls grGlideShutdown. Sources: docs/glide-renderer.md; independent stripped-code review re/reviews/renderer-gaps-20260926.md. Facts (tools/check_names.py): size:14; call:000b8a6d.\n\n[DOCS_SYNC]\n[docs/engine.md > 3dfx path — Glide 2 in `DREAMSFX.EXE` **[verified]**] - `GLIDE_Clear`, `GLIDE_ClearToBackground` (`grBufferClear`), `GLIDE_Swap` (`grBufferSwap`) and `GLIDE_Close` (`grGlideShutdown`).\n\n[docs/engine.md > Presentation and 2D — Glide mapped onto DirectDraw/GDI **[verified]**] | shutdown | `GLIDE_Close` `0x67474` | `VID_ReleaseSurfaces` `0x4453ec` |\n\n[docs/glide-call-inventory.md > Device and shared state calls] | `grGlideShutdown` `0xb8a6d` | `GLIDE_Open` failure paths `0x6711c`, `0x6717b`; `GLIDE_Close` `0x67479` | Release Glide; shell/backend shutdown and failed-init cleanup. |
CMT	67490	plate	[NAME] Descriptive name. Clears color, alpha and depth; color global 0x102dc8 is zero with no static writer. Sources: docs/glide-renderer.md; independent stripped-code review re/reviews/renderer-gaps-20260926.md. Facts (tools/check_names.py): size:25; call:000b89be; ref:00102dc8.\n\n[DOCS_SYNC]\n[docs/engine.md > 3dfx path — Glide 2 in `DREAMSFX.EXE` **[verified]**] - `GLIDE_Clear`, `GLIDE_ClearToBackground` (`grBufferClear`), `GLIDE_Swap` (`grBufferSwap`) and `GLIDE_Close` (`grGlideShutdown`).\n\n[docs/engine.md > Presentation and 2D — Glide mapped onto DirectDraw/GDI **[verified]**] | background | `GLIDE_ClearToBackground` `0x67490` (`grBufferClear`) | `VID_RestoreBackground` `0x417fe7`: copy the saved background (w×h×2) into the framebuffer |\n\n[docs/glide-call-inventory.md > Calls reachable from HNM5/HNM6 movie frames] | `grBufferClear` `0xb89be` | `GLIDE_Clear` `0x674b6`; `GLIDE_ClearToBackground` `0x674a0`; `GLIDE_SetDepthWrite` `0x6754c` | Movie helper uses `GLIDE_Clear(0)`: black color, alpha zero, depth zero. Other callers clear background/depth. | Clear a black preview canvas; use normal sokol pass clears for scene depth. |\n\n[docs/glide-renderer.md > Device state and fog] - `GLIDE_SetDepthWrite` (`0x67500`): Z buffer, `GREATER`; argument 1 enables writes and other values disable writes. Both branches retain depth testing and clear. `GLIDE_ClearToBackground` (`0x67490`) clears color/alpha/depth to zero: its color global `0x102dc8` is initialized zero with no static writer.
CMT	674ac	plate	[NAME] Descriptive name. Passes the movie's black clear color to grBufferClear with alpha and depth zero. Sources: docs/glide-call-inventory.md; comment-stripped Decompile.java review 2026-09-27. Facts (tools/check_names.py): size:15; call:000b89be; caller:0004b678.\n\n[DOCS_SYNC]\n[docs/engine.md > 3dfx path — Glide 2 in `DREAMSFX.EXE` **[verified]**] - `GLIDE_Clear`, `GLIDE_ClearToBackground` (`grBufferClear`), `GLIDE_Swap` (`grBufferSwap`) and `GLIDE_Close` (`grGlideShutdown`).\n\n[docs/glide-call-inventory.md > Calls reachable from HNM5/HNM6 movie frames] | `grBufferClear` `0xb89be` | `GLIDE_Clear` `0x674b6`; `GLIDE_ClearToBackground` `0x674a0`; `GLIDE_SetDepthWrite` `0x6754c` | Movie helper uses `GLIDE_Clear(0)`: black color, alpha zero, depth zero. Other callers clear background/depth. | Clear a black preview canvas; use normal sokol pass clears for scene depth. |\n\n[PORT_MAP] adapted | partial\nopendreams/shared/render/glide_compat.cpp :: od::GlideCompat::grBufferClear\nRemaining: Glide alpha and depth clear behavior for scene rendering remains.\nOwner reviewed: no
CMT	674c0	plate	[NAME] Descriptive name. Swaps the buffer and clears 256 texture upload flags. Full body includes the previously unowned reset tail. Sources: docs/glide-renderer.md; independent stripped-code review re/reviews/renderer-gaps-20260926.md. Facts (tools/check_names.py): size:61; call:000b89c8; ref:002adaf0; ref:002adb14.\n\n[DOCS_SYNC]\n[docs/engine.md > 3dfx path — Glide 2 in `DREAMSFX.EXE` **[verified]**] - `GLIDE_Clear`, `GLIDE_ClearToBackground` (`grBufferClear`), `GLIDE_Swap` (`grBufferSwap`) and `GLIDE_Close` (`grGlideShutdown`).\n\n[docs/engine.md > Renderer backends — a link-time choice with one hook **[verified]**] | after the scene | direct `GLIDE_Swap` etc. | `(*0x4aa708)()`: `SW_FlushSpans` `0x4768cc` or `SW_FlushSpansScaled` `0x476dec`, chosen by `SW_SelectFlush` `0x4592e0` from a caller argument |\n\n[docs/engine.md > Presentation and 2D — Glide mapped onto DirectDraw/GDI **[verified]**] | present | `GLIDE_Swap` `0x674c0` (`grBufferSwap`) | `VID_Swap` `0x4158e2`: toggle buffer index, `VID_Present` `0x44549b` → `DDRAW_Present` `0x445a57` (Lock back surface, copy the software frame by pitch, Unlock, `Flip`; `Restore` on `DDERR_SURFACELOST`) or `GDI_Present` `0x4458bb` (`StretchBlt`, `SRCCOPY`) |\n\n[docs/glide-call-inventory.md > Calls reachable from HNM5/HNM6 movie frames] | `grBufferSwap` `0xb89c8` | `GLIDE_Swap` `0x674c7` | Movie path calls `GLIDE_Swap(0)` when the frame can present; wrapper also resets 256 texture update flags. Captions/outer callbacks can defer the swap. | Shell's `sg_commit`/platform present; explicit frame-ready event. Scene texture update flags stay in renderer state. |\n\n[docs/glide-renderer.md > Textures and palette cache] `GLIDE_ResetTextureState` (`0x66c54`) clears the cache and allocation state; `GLIDE_Swap` (`0x674c0`) clears only per-slot update flags.\n\n[PORT_MAP] adapted | partial\nopendreams/shared/render/glide_compat.cpp :: od::GlideCompat::grBufferSwap\nRemaining: Retail texture upload-flag reset and non-movie swap modes remain.\nOwner reviewed: no
CMT	67500	plate	[NAME] Descriptive name. Sets ZBUFFER/GREATER, enables writes only for argument 1, then clears; the other branch still depth-tests. Sources: docs/glide-renderer.md; independent stripped-code review re/reviews/renderer-gaps-20260926.md. Facts (tools/check_names.py): size:86; call:000b8a04; call:000b89ff; call:000b8a09; ref:00102dc8.\n\ngrDepthBufferMode/Function/Mask, then grBufferClear.\n\n[DOCS_SYNC]\n[docs/engine.md > Presentation and 2D — Glide mapped onto DirectDraw/GDI **[verified]**] | fog, depth, clip | `GLIDE_SetFog` `0x671d0`, `GLIDE_SetDepthWrite` `0x67500`, `GLIDE_SetClipWindow` `0x67204` | no counterpart at these call sites |\n\n[docs/glide-call-inventory.md > Calls reachable from HNM5/HNM6 movie frames] | `grBufferClear` `0xb89be` | `GLIDE_Clear` `0x674b6`; `GLIDE_ClearToBackground` `0x674a0`; `GLIDE_SetDepthWrite` `0x6754c` | Movie helper uses `GLIDE_Clear(0)`: black color, alpha zero, depth zero. Other callers clear background/depth. | Clear a black preview canvas; use normal sokol pass clears for scene depth. |\n\n[docs/glide-call-inventory.md > Scene color, transparency, depth and fog calls] | `grDepthBufferMode` `0xb8a04` | `GLIDE_SetDepthWrite` `0x6750c`, `0x6752e` | Z-buffer mode; depth attachment/pipeline. |\n\n[docs/glide-call-inventory.md > Scene color, transparency, depth and fog calls] | `grDepthBufferFunction` `0xb89ff` | `GLIDE_SetDepthWrite` `0x67513`, `0x67535` | `GREATER` test; depth compare state. |\n\n[docs/glide-call-inventory.md > Scene color, transparency, depth and fog calls] | `grDepthMask` `0xb8a09` | `GLIDE_SetDepthWrite` `0x6751a`, `0x6753c` | Depth write enable/disable; pipeline depth state. |\n\n[docs/glide-renderer.md > Device state and fog] - `GLIDE_SetDepthWrite` (`0x67500`): Z buffer, `GREATER`; argument 1 enables writes and other values disable writes. Both branches retain depth testing and clear. `GLIDE_ClearToBackground` (`0x67490`) clears color/alpha/depth to zero: its color global `0x102dc8` is initialized zero with no static writer.
CMT	67568	plate	[NAME] Descriptive name. Submits three-vertex faces by signed block type; queues -7/-4/-3; keyed -6/-5; clamped 2/3 and 22..24; wrapped 9. No quad splitting. Sources: docs/glide-renderer.md; independent stripped-code review re/reviews/renderer-gaps-20260926.md. Facts (tools/check_names.py): size:2699; call:000b89e1; call:000b89f0; call:000b8b8f; ref:000f3145; ref:000f3149.\n\n[DOCS_SYNC]\n[docs/engine.md > 3dfx path — Glide 2 in `DREAMSFX.EXE` **[verified]**] - **`GLIDE_DrawObjectFaces`** (`0x67568`) is the object hook (see *Renderer backends*). It walks the object's face list, fills three `GrVertex` per triangle and calls `grDrawTriangle`, or `guDrawTriangleWithClip` when clipping is needed. Its modes: `guColorCombineFunction(GR_COLORCOMBINE_DECAL_TEXTURE)` with `grChromakeyMode(ENABLE)` for key-colour transparency; texture × iterated RGB (`grColorCombine(SCALE_OTHER, LOCAL, ITERATED, TEXTURE)`, i.e. Gouraud-lit textures); flat constant colour (`grColorCombine(LOCAL, ZERO, CONSTANT, CONSTANT)`); texture clamp toggled per face (`grTexClampMode`).\n\n[docs/engine.md > Renderer backends — a link-time choice with one hook **[verified]**] | hook during a frame | `GLIDE_DrawObjectFaces`, second hook `NULL` | `SW_DrawObjectFaces` `0x473014`, `SW_DrawObjectFacesPost` `0x4731b8` |\n\n[docs/engine.md > Renderer backends — a link-time choice with one hook **[verified]**] - **Glide:** the frame function points the hook at `GLIDE_DrawObjectFaces` and clears the second hook; the Voodoo rasterizes. Clear, swap, open and close are direct calls, not dispatched. `DREAMSFX.EXE` still carries the software hooks: the hook's initialised value is `SW_DrawObjectFaces` (`0x81258`), overwritten every frame.\n\n[docs/engine.md > Presentation and 2D — Glide mapped onto DirectDraw/GDI **[verified]**] | 3D faces | `GLIDE_DrawObjectFaces` `0x67568` | `SW_DrawObjectFaces` `0x473014` + `SW_FlushSpans` `0x4768cc` |\n\n[docs/glide-call-inventory.md > Texture allocation, upload and sampling calls] | `grTexClampMode` `0xb8b0d` | `GLIDE_DrawObjectFaces` `0x6774f`, `0x67770`, `0x6777b`, `0x67970`, `0x67b6f`, `0x67dbc`; `GLIDE_DrawTranslucentFaces` `0x6818d` | Per-block wrap/clamp; choose matching sokol sampler. |\n\n[docs/glide-call-inventory.md > Texture allocation, upload and sampling calls] | `grTexCombineFunction` `0xb8b17` | `GLIDE_DrawObjectFaces` `0x67744`, `0x67965`, `0x67b64`; `GLIDE_DrawTranslucentFaces` `0x68182` | Texture combine mode; material shader/pipeline variant. |\n\n[docs/glide-call-inventory.md > Scene color, transparency, depth and fog calls] | `grChromakeyMode` `0xb89d2` | `GLIDE_DrawObjectFaces` `0x67b76`, `0x67ba4`, `0x67d66` | Enable/disable keyed P8 blocks; shader discard/alpha mask. |\n\n[docs/glide-call-inventory.md > Scene color, transparency, depth and fog calls] | `grColorCombine` `0xb89e1` | `GLIDE_DrawObjectFaces` `0x675ff`, `0x67765`, `0x67db1` | Flat, texture and lit color combiners; shader variant. |\n\n[PORT_MAP] adapted | partial\nopendreams/shared/render/model_preview.cpp :: od::ModelPreview::draw\nRemaining: ModelPreview type-1 integration; 0x16-0x18 grayscale, per-object lighting, exact clipping/diagnostic numbering across near splits and deferred hardware-state closure. Direct type-1 controlled tests pass but full culling equivalence remains partial. Preserve culled-head shade history in lit block palette binding.\nOwner reviewed: no
CMT	6801c	plate	[NAME] Descriptive name. Reads GrLfbInfo+8 byte pitch; Ghidra's current return-zero decompilation is wrong. Sources: docs/specs/003-level-load-preview/spec.md; raw instruction and comment-stripped Decompile.java review 2026-09-27. Facts (tools/check_names.py): size:10; caller:0004b678.\n\n[PORT_MAP] adapted | complete\nopendreams/shared/render/glide_compat.cpp :: od::GlideCompat::lfb_pitch_bytes\nOwner reviewed: no
CMT	68028	plate	[NAME] Descriptive name. Locks the back-buffer LFB for RGB565 write-only access. Sources: docs/glide-renderer.md; independent stripped-code review re/reviews/renderer-gaps-20260926.md. Facts (tools/check_names.py): size:49; call:000b8a81; ref:002b02d0; ref:002b02d4.\n\ngrLfbLock(WRITE_ONLY, BACKBUFFER, 565, UPPER_LEFT).\n\n[DOCS_SYNC]\n[docs/engine.md > Presentation and 2D — Glide mapped onto DirectDraw/GDI **[verified]**] | framebuffer access | `GLIDE_LockBackBuffer` `0x68028` (`grLfbLock` write-only, back buffer, 565), `GLIDE_UnlockBackBuffer` `0x6805c`, around the call | `VID_Lock` `0x445bf2` (`IDirectDrawSurface::Lock`, `DDLOCK_WAIT \| DDLOCK_WRITEONLY`), `VID_Unlock` `0x445c3f`, inside the drawing routine; both no-ops in GDI mode |\n\n[docs/glide-call-inventory.md > Calls reachable from HNM5/HNM6 movie frames] | `grLfbLock` `0xb8a81` | `GLIDE_LockBackBuffer` `0x68047` | `WRITE_ONLY`, `BACKBUFFER`, RGB565, upper-left origin, pixel pipeline off, `GrLfbInfo*`. On success, wrapper loads the returned pixel pointer from `GrLfbInfo+4`. | Keep decoded pixels in owned CPU memory; upload a dynamic `sg_image`. |\n\n[docs/glide-call-inventory.md > Calls reachable from HNM5/HNM6 movie frames] `GLIDE_LockBackBuffer` writes `GrLfbInfo.size = 0x14`, calls `grLfbLock`, returns the pointer in EAX, and `0x6801c` reads the **pitch in bytes** from `GrLfbInfo+8` (`0x2b02d8`).\n\n[docs/glide-renderer.md > Device state and fog] - `GLIDE_LockBackBuffer` / `GLIDE_UnlockBackBuffer` (`0x68028` / `0x6805c`): write-only back-buffer LFB access, RGB565, upper-left origin.\n\n[PORT_MAP] adapted | partial\nopendreams/shared/render/glide_compat.cpp :: od::GlideCompat::grLfbLock\nRemaining: Hardware LFB lock flags and general GPU/CPU composition outside movie use remain.\nOwner reviewed: no
CMT	6805c	plate	[NAME] Descriptive name. Unlocks the back-buffer LFB. Sources: docs/glide-renderer.md; independent stripped-code review re/reviews/renderer-gaps-20260926.md. Facts (tools/check_names.py): size:18; call:000b8a90.\n\ngrLfbUnlock(WRITE_ONLY, BACKBUFFER).\n\n[DOCS_SYNC]\n[docs/engine.md > Presentation and 2D — Glide mapped onto DirectDraw/GDI **[verified]**] | framebuffer access | `GLIDE_LockBackBuffer` `0x68028` (`grLfbLock` write-only, back buffer, 565), `GLIDE_UnlockBackBuffer` `0x6805c`, around the call | `VID_Lock` `0x445bf2` (`IDirectDrawSurface::Lock`, `DDLOCK_WAIT \| DDLOCK_WRITEONLY`), `VID_Unlock` `0x445c3f`, inside the drawing routine; both no-ops in GDI mode |\n\n[docs/glide-call-inventory.md > Calls reachable from HNM5/HNM6 movie frames] | `grLfbUnlock` `0xb8a90` | `GLIDE_UnlockBackBuffer` `0x68065` | Unlocks write-only back buffer. | End the CPU frame update; no hardware LFB lifetime in the portable path. |\n\n[docs/glide-renderer.md > Device state and fog] - `GLIDE_LockBackBuffer` / `GLIDE_UnlockBackBuffer` (`0x68028` / `0x6805c`): write-only back-buffer LFB access, RGB565, upper-left origin.\n\n[PORT_MAP] adapted | complete\nopendreams/shared/render/glide_compat.cpp :: od::GlideCompat::grLfbUnlock\nOwner reviewed: no
CMT	68128	plate	[NAME] Descriptive name. Draws queued -7/-4/-3 blocks in insertion order, alpha128 source-alpha blend, retaining depth writes; clears the queue. Sources: docs/glide-renderer.md; independent stripped-code review re/reviews/renderer-gaps-20260926.md. Facts (tools/check_names.py): size:615; call:000b8b85; call:000b8b17; call:000b8b0d; ref:002afed0; ref:000f314d.\n\nDeferred pass after the scene: face types -7/-4/-3, decal texture, alpha 128, SRC_ALPHA/ONE_MINUS_SRC_ALPHA.\n\n[DOCS_SYNC]\n[docs/engine.md > Presentation and 2D — Glide mapped onto DirectDraw/GDI **[verified]**] | translucent faces | `GLIDE_DrawTranslucentFaces` `0x68128`, deferred after the scene: face types −7/−4/−3, decal texture, alpha 128, `SRC_ALPHA`/`ONE_MINUS_SRC_ALPHA` | inside the software rasterizer (no separate pass) |\n\n[docs/glide-call-inventory.md > Texture allocation, upload and sampling calls] | `grTexClampMode` `0xb8b0d` | `GLIDE_DrawObjectFaces` `0x6774f`, `0x67770`, `0x6777b`, `0x67970`, `0x67b6f`, `0x67dbc`; `GLIDE_DrawTranslucentFaces` `0x6818d` | Per-block wrap/clamp; choose matching sokol sampler. |\n\n[docs/glide-call-inventory.md > Texture allocation, upload and sampling calls] | `grTexCombineFunction` `0xb8b17` | `GLIDE_DrawObjectFaces` `0x67744`, `0x67965`, `0x67b64`; `GLIDE_DrawTranslucentFaces` `0x68182` | Texture combine mode; material shader/pipeline variant. |\n\n[docs/glide-call-inventory.md > Scene color, transparency, depth and fog calls] | `guColorCombineFunction` `0xb8b85` | `GLIDE_DrawObjectFaces` `0x6773b`, `0x67756`, `0x6795c`, `0x67b5b`, `0x67da2`; `GLIDE_DrawTranslucentFaces` `0x68179` | Utility color combine selection; shader variant. |\n\n[docs/glide-call-inventory.md > Scene color, transparency, depth and fog calls] | `grAlphaBlendFunction` `0xb89a5` | `GLIDE_DrawTranslucentFaces` `0x681a1`, `0x68368` | Alpha blend state and restoration; sokol blend pipeline. |\n\n[docs/glide-call-inventory.md > Scene color, transparency, depth and fog calls] | `guAlphaSource` `0xb8b80` | `GLIDE_DrawTranslucentFaces` `0x68194` | Iterated alpha source; vertex/shader alpha. |\n\n[docs/glide-call-inventory.md > Triangle submission calls] | `grDrawTriangle` `0xb8a36` | `GLIDE_DrawObjectFaces` `0x6792f`, `0x67b2e`, `0x67d3f`, `0x67fb6`; `GLIDE_DrawTranslucentFaces` `0x6833f` | Draw un-clipped triangles; sokol vertex/index buffers and pipeline draw. |\n\n[docs/glide-call-inventory.md > Triangle submission calls] | `guDrawTriangleWithClip` `0xb8b8f` | `GLIDE_DrawObjectFaces` `0x67724`, `0x67945`, `0x67b44`, `0x67d55`, `0x67fcc`; `GLIDE_DrawTranslucentFaces` `0x68352` | Draw clipped triangles; modern GPU clip stage with equivalent coordinates. |
CMT	68750	plate	[NAME] Descriptive name. Adds each triangle's min and max endpoints to the three per-axis sorted arrays and re-sorts them. Sources: WINDREAM.EXE 0045cf2c PHYS_InsertMeshTriangles via match_functions (caller 0.66, callees 2/2). Facts (tools/check_names.py): size:254.\n\n[DOCS_SYNC]\n[docs/engine.md > The level collision mesh] **Broadphase.** `PHYS_InsertMeshTriangles` (`0x45cf2c`) puts each triangle's min and max into three per-axis sorted endpoint arrays; `PHYS_SweepAxis` (`0x45d420`) is an incremental sweep-and-prune that moves each collider's `centre ± radius` interval through them and keeps two candidate lists per collider (walls `+0x30`, floors `+0x34`).
CMT	68bf8	plate	[NAME] Descriptive name. Incremental sweep-and-prune on one axis: moves the collider's interval (centre +-radius) through the sorted triangle bounds (+0x48 min, +0x54 max), adding and removing candidates. Sources: WINDREAM.EXE 0045d420 PHYS_SweepAxis via match_functions (callee 0.61, callees 2/2). Facts (tools/check_names.py): size:1402.\n\n[DOCS_SYNC]\n[docs/engine.md > The level collision mesh] **Broadphase.** `PHYS_InsertMeshTriangles` (`0x45cf2c`) puts each triangle's min and max into three per-axis sorted endpoint arrays; `PHYS_SweepAxis` (`0x45d420`) is an incremental sweep-and-prune that moves each collider's `centre ± radius` interval through them and keeps two candidate lists per collider (walls `+0x30`, floors `+0x34`).
CMT	69174	plate	[NAME] Descriptive name. Allocates and initialises a 0x38-byte collider, at most 255 per world. Sources: WINDREAM.EXE 0045dc48 PHYS_AllocCollider via match_functions (caller 0.77, callees 2/2). Facts (tools/check_names.py): size:68.
CMT	6932c	plate	[NAME] Descriptive name. Signed distance of a point from triangle edge plane i (normal +0x14 + 12i, constant +0x38 + 4i). Sources: WINDREAM.EXE 0045ddec PHYS_GetEdgeDistance via match_functions (callee 0.88, callees 0/0). Facts (tools/check_names.py): size:122.\n\n[DOCS_SYNC]\n[docs/engine.md > The level collision mesh] **Narrow phase.** `PHYS_CollideSphereTriangle` (`0x45e724`): signed plane distance `n·c >> 15 − d` (filtered by the collider's side flags: 1 front, 2 back), then the three edge distances (`PHYS_GetEdgeDistance` (`0x45ddec`)); inside all three is a face contact (closest point = projection, returns ±2), otherwise the closest point on an edge or vertex (`PHYS_FindClosestOnSegment` (`0x45e260`), returns ±1) within the radius.
CMT	694c8	plate	[NAME] Descriptive name. Closest point for a face contact: the point projected onto the triangle plane. Sources: WINDREAM.EXE 0045df78 PHYS_ProjectOntoPlane via match_functions (caller 0.72, callees 1/1). Facts (tools/check_names.py): size:289.
CMT	69780	plate	[NAME] Descriptive name. Closest point on an edge segment, clamped to its ends. Sources: WINDREAM.EXE 0045e260 PHYS_FindClosestOnSegment via match_functions (caller 0.57, callees 3/3). Facts (tools/check_names.py): size:416.\n\n[DOCS_SYNC]\n[docs/engine.md > The level collision mesh] **Narrow phase.** `PHYS_CollideSphereTriangle` (`0x45e724`): signed plane distance `n·c >> 15 − d` (filtered by the collider's side flags: 1 front, 2 back), then the three edge distances (`PHYS_GetEdgeDistance` (`0x45ddec`)); inside all three is a face contact (closest point = projection, returns ±2), otherwise the closest point on an edge or vertex (`PHYS_FindClosestOnSegment` (`0x45e260`), returns ±1) within the radius.
CMT	69920	plate	[NAME] Descriptive name. Floor test: side filter, point-in-triangle in XZ, rejects walls (normal Y 0); returns the plane point under the centre, 1 above or -1 below. Sources: WINDREAM.EXE 0045e458 PHYS_TestTriangleVertical via match_functions (caller 0.65, callees 1/1). Facts (tools/check_names.py): size:543.
CMT	69b5c	plate	[NAME] Descriptive name. Sphere vs triangle: plane band by side flags, edge planes classify face, edge or vertex; returns +-2 face, +-1 edge or vertex (sign = side). Sources: WINDREAM.EXE 0045e724 PHYS_CollideSphereTriangle via match_functions (caller 0.67, callees 5/5). Facts (tools/check_names.py): size:450.\n\n[DOCS_SYNC]\n[docs/engine.md > The level collision mesh] **Narrow phase.** `PHYS_CollideSphereTriangle` (`0x45e724`): signed plane distance `n·c >> 15 − d` (filtered by the collider's side flags: 1 front, 2 back), then the three edge distances (`PHYS_GetEdgeDistance` (`0x45ddec`)); inside all three is a face contact (closest point = projection, returns ±2), otherwise the closest point on an edge or vertex (`PHYS_FindClosestOnSegment` (`0x45e260`), returns ±1) within the radius.
CMT	6a740	plate	[NAME] Descriptive name. Creates a collider (sphere) in the collision world with a side-flags byte. Sources: WINDREAM.EXE 0045f490 PHYS_CreateCollider via match_functions (callee 0.63, callees 1/1). Facts (tools/check_names.py): size:21.
CMT	6a758	plate	[NAME] Descriptive name. Removes a collider from the collision world. Sources: WINDREAM.EXE 0045f4a4 PHYS_DestroyCollider via match_functions (callee 0.73, callees 1/1). Facts (tools/check_names.py): size:21.
CMT	6a770	plate	[NAME] Descriptive name. Runs the sweep-and-prune update on all three axes and resets the candidate iterators. Sources: WINDREAM.EXE 0045f4b8 PHYS_UpdateCollider via match_functions (callee 0.63, callees 1/1). Facts (tools/check_names.py): size:117.
CMT	6a7f4	plate	[NAME] Descriptive name. Sets a collider's radius (+0xc) when positive. Sources: WINDREAM.EXE 0045f520 PHYS_SetColliderRadius via match_functions (callee 0.72, callees 0/0). Facts (tools/check_names.py): size:14.
CMT	6a964	plate	[NAME] Descriptive name. Copies a triangle's vertices and normal; returns +0x18 of the mesh it belongs to. Sources: WINDREAM.EXE 0045f600 PHYS_GetTriangle via match_functions (callee 0.63, callees 1/1). Facts (tools/check_names.py): size:81.
CMT	6a9b8	plate	[NAME] Descriptive name. Returns a collider's centre, radius and flags. Sources: WINDREAM.EXE 0045f638 PHYS_GetCollider via match_functions (caller 0.90, callees 1/1). Facts (tools/check_names.py): size:32.
CMT	6f800	plate	[NAME] Descriptive name. Descriptive role independently reviewed. helper walks typed blocks and binds their material slots by name. Sources: docs/glide-renderer.md; independent stripped-code review re/reviews/renderer-gaps-20260926.md. Facts (tools/check_names.py): size:416; caller:00070278.\n\n[DOCS_SYNC]\n[docs/models.md > Two pages, not two copies] The original's binding is now traced: `MDL_LoadMaterials` (`0x456038`) fills the material cache, and `MDL_BindFaceMaterials` (`0x4554e0`) selects the entry matching the face block's name.\n\n[docs/scene-geometry.md > The records, from the code that reads them] `MDL_BindTreeMaterials` (`0x455ed8`) walks the node tree and `MDL_BindFaceMaterials` (`0x4554e0`) stores, in each face block's `+0x08`, the slot whose material name equals the block name, or the material's colour word for flat-colour block types.
CMT	6fa58	plate	[NAME] Descriptive name. Relocates a linked list of typed primitive blocks; element records stride 0x44 (0x38 for types -2, 1, 4, 0x11, 0x1b). Sources: WINDREAM.EXE 00455700 MDL_RelocPrimitives via match_functions (callee 0.79, callees 0/0). Facts (tools/check_names.py): caller:00070100.
CMT	70100	plate	[NAME] Descriptive name. Adds the relocation delta to a node's pointers (+0x10..+0x18 links, +0x80..+0xa8), then relocates its primitive lists. Sources: WINDREAM.EXE 00455d6c MDL_RelocNode via match_functions (callee 0.96, callees 2/2). Facts (tools/check_names.py): caller:000701d8.\n\n[DOCS_SYNC]\n[docs/models.md > Addresses, and the 220] `MDL_RelocNode` (`0x455d6c`) rebases every nonzero parent pointer.
CMT	701d8	plate	[NAME] Descriptive name. Iterative depth-first walk (parent +0x10, child +0x14, sibling +0x18) calling MDL_RelocNode on each node. Sources: WINDREAM.EXE 00455e48 MDL_RelocNodeTree via match_functions (callee 0.80, callees 2/2). Facts (tools/check_names.py): call:00070100; caller:000707ac.\n\n[DOCS_SYNC]\n[docs/scene-placement.md > Why all 95 scenes use tag 1] `RES_Relocate` (`0x456368`) routes type 1 through `MDL_RelocNodeTree` (`0x455e48`) and type 5 through `MDL_RelocCollision` (`0x455fb4`).
CMT	70278	plate	[NAME] Descriptive name. Walks the node tree (child +0x14, sibling +0x18, parent +0x10) and binds each node's face-block list (+0xa4) to the material cache. Sources: WINDREAM.EXE 00455ed8 MDL_BindTreeMaterials via match_functions (callee 0.76, callees 2/2). Facts (tools/check_names.py): caller:0007040c.\n\n[DOCS_SYNC]\n[docs/scene-geometry.md > The records, from the code that reads them] `MDL_BindTreeMaterials` (`0x455ed8`) walks the node tree and `MDL_BindFaceMaterials` (`0x4554e0`) stores, in each face block's `+0x08`, the slot whose material name equals the block name, or the material's colour word for flat-colour block types.
CMT	70380	plate	[NAME] Descriptive name. Relocates the .3DI collision mesh (resource type 5): header pointers +4/+0xc/+0x14, then each 0x60-byte triangle's +0/+4/+8 vertex, +0xc normal and +0x44 pointers. Sources: WINDREAM.EXE 00455fb4 MDL_RelocCollision via match_functions (callee 0.77, callees 0/0). Facts (tools/check_names.py): caller:000707ac.\n\n[DOCS_SYNC]\n[docs/scene-geometry.md > The engine's view (2026-09-26) — read this first] **Tag 1 is the renderable scene graph; tag 2 is the collision mesh.** The engine loads tag 1 as `.3DC`, resource type 1, and tag 2 as `.3DI`, resource type 5 (`RES_ReadFile` (`0x41c666`) routes both to the DSN readers; `RES_Relocate` (`0x456368`) relocates type 5 with `MDL_RelocCollision` (`0x455fb4`), which walks 96-byte triangles and relocates their `+0x00/+0x04/+0x08` vertex pointers, the `+0x0c` normal pointer and a pointer at `+0x44`).\n\n[docs/scene-placement.md > Why all 95 scenes use tag 1] `RES_Relocate` (`0x456368`) routes type 1 through `MDL_RelocNodeTree` (`0x455e48`) and type 5 through `MDL_RelocCollision` (`0x455fb4`).
CMT	7040c	plate	[NAME] Descriptive name. Resolves a model's 44-byte material names through a refcounted texture cache; a miss loads <dir><name>.3DM with RES_Load and caches the page at +0x8014. Sources: WINDREAM.EXE 00456038 MDL_LoadMaterials via match_functions (strings 1.00, callees 3/3). Facts (tools/check_names.py): str:.3DM; call:00071318; caller:000707ac.\n\n[DOCS_SYNC]\n[docs/assets.md > Textures — the honest position] They are the same **texture bank** as `.DAN` tag 2: after two u32s that `RES_ReadFile` (`0x41c666`) skips, 98,324 bytes of a 20-byte header, a 32-row × 256-entry RGB565 palette ramp (the ramp *is* the shading: the rasterizer picks row `31 − shade`) and a 256×256 8-bit page, which `MDL_LoadMaterials` (`0x456038`) binds at `+0x8014`.\n\n[docs/file-formats.md > `.3DM` — texture bank **[verified]**] `RES_ReadFile` (`0x41c666`) skips the first eight bytes; `MDL_LoadMaterials` (`0x456038`) binds the page at bank `+0x8014`.\n\n[docs/models.md > Two pages, not two copies] The original's binding is now traced: `MDL_LoadMaterials` (`0x456038`) fills the material cache, and `MDL_BindFaceMaterials` (`0x4554e0`) selects the entry matching the face block's name.\n\n[docs/re-setup.md > First results — the parsers are located] String anchors additionally implicate `RES_ReadFile` (`0x41c666`) (4 xrefs), `MDL_LoadMaterials` (`0x456038`), `CD_FindDrive` (`0x427f11`), `DAN_Read3DC` (`0x41020f`) and `FSB_Load` (`0x426143`): the resource-file reader, the `.3DM` material loader, the CD drive search, the DAN chunk reader and the FSB bank loader.\n\n[docs/scene-geometry.md > The records, from the code that reads them] **Materials bind by name.** `MDL_LoadMaterials` (`0x456038`) reads the 44-byte entries after the node table into a 60-byte cache (refcount, resource handle, texture page at resource `+0x8014`, then the entry).
CMT	707ac	plate	[NAME] Descriptive name. Registers a loaded resource (handle, size, type, list links at 0x661e3c) and turns its offsets into pointers by type; type 1 (model) also relocates the node tree and loads its .3DM materials. Sources: WINDREAM.EXE 00456368 RES_Relocate via match_functions (caller 0.76, callees 5/5). Facts (tools/check_names.py): call:000701d8; call:0007040c; caller:00071318.\n\n[DOCS_SYNC]\n[docs/scene-geometry.md > The engine's view (2026-09-26) — read this first] **Tag 1 is the renderable scene graph; tag 2 is the collision mesh.** The engine loads tag 1 as `.3DC`, resource type 1, and tag 2 as `.3DI`, resource type 5 (`RES_ReadFile` (`0x41c666`) routes both to the DSN readers; `RES_Relocate` (`0x456368`) relocates type 5 with `MDL_RelocCollision` (`0x455fb4`), which walks 96-byte triangles and relocates their `+0x00/+0x04/+0x08` vertex pointers, the `+0x0c` normal pointer and a pointer at `+0x44`).\n\n[docs/scene-placement.md > Why all 95 scenes use tag 1] `RES_Relocate` (`0x456368`) routes type 1 through `MDL_RelocNodeTree` (`0x455e48`) and type 5 through `MDL_RelocCollision` (`0x455fb4`).
CMT	70f40	plate	[NAME] Descriptive name. Builds and normalises the four side-plane normals (0x661e54/68/74/84) from the focal lengths and viewport, plus the depth scale terms 0x661e60/64. Sources: WINDREAM.EXE 00456cd4 REND_UpdateFrustum via match_functions (caller 0.63, callees 2/2). Facts (tools/check_names.py): size:306.\n\n[DOCS_SYNC]\n[docs/engine.md > Projection] - **Near plane 140** (`REND_SetNearPlane` (`0x456cc4`)`(0x8c)`, twice, at level start and on resolution change; the viewport setters first reset it to 128). **Far plane `0xfffff`** unless the level record's `+0xcc` is non-zero (`REND_SetFarPlane` (`0x456ccc`)); the setters' own default is 65,000. `REND_UpdateFrustum` (`0x456cd4`) derives the four side planes from K and the viewport.
CMT	71088	plate	[NAME] Descriptive name. Viewport with an explicit focal length scaled by w/640 (the portrait render), centre, near 128, far 65000. Sources: WINDREAM.EXE 00456a58 REND_SetViewportFocal via match_functions (caller 0.67, callees 2/2). Facts (tools/check_names.py): size:300.\n\n[DOCS_SYNC]\n[docs/engine.md > Projection] - The shadow render `ENT_RenderShadowTexture` (`0x43eb67`) uses `REND_SetViewportFocal` (`0x456a58`) instead: an explicit focal length scaled by `w/640`.
CMT	711b4	plate	[NAME] Descriptive name. Viewport from a horizontal FOV: focal K = 0.5 + (w/2)/tan(fov/2); centre (x + w/2, y + h/2); near 128, far 65000. The game always passes 76.36 degrees. Sources: WINDREAM.EXE 00456b94 REND_SetViewportFov via match_functions (callee 0.71, callees 2/2). Facts (tools/check_names.py): caller:00028df8.\n\n[DOCS_SYNC]\n[docs/engine.md > Projection] - **FOV is a constant, 76.36° horizontal** (float `0x4298b852`), passed by every caller of `REND_SetViewportFov` (`0x456b94`): `SCENE_InitLevel` (`0x41f42e`), `VID_SetResolution` (`0x41592c`), the icon renderer `0x40fd54`. The level record's `+0xa4` is **not** the FOV (see *Corrections* in [research-log.md](research-log.md)).
CMT	71318	plate	[NAME] Descriptive name. Reads a resource file into the arena (capped at the free space - 0x14), advances the arena top, then RES_Relocate. Returns a handle (index << 16) or -1. Sources: WINDREAM.EXE 00456e24 RES_Load via match_functions (caller 0.84, callees 3/3). Facts (tools/check_names.py): call:00026834; call:000707ac; caller:0002756c.\n\n[DOCS_SYNC]\n[docs/asset-access.md > Project records and contextual resources] `RES_Load` (`0x00456e24`) allocates an engine handle, calls `RES_ReadFile` (`0x0041c666`), and relocates the result.\n\n[docs/dsn-loader.md > The Body Unpackers and Call Hierarchy **[verified]**] 4. **`RES_ReadFile` (`0x41c666`)**: The file reader behind `RES_Load` (`0x456e24`). Routes by extension: `DSN_LoadMaterialsAndFaces` (`0x4177f5`) (`.3DC`), `DSN_LoadVertexPool` (`0x4178fe`) (`.3DI`), `DSN_Create3DM` (`0x417a07`) (`.3DM`) and `DAN_Load3DA` (`0x4105eb`) (`.3DA`); anything else is read as a raw body. In DSN mode `DSN_Create3DM` builds the `.3DM` texture in memory rather than reading a file: it copies the 20-byte header template from the DSN table, zeroes a 0x8000 palette block and a 0x10000 page, and `DSN_LoadTextures` fills it later.
CMT	7201c	plate	[NAME] Descriptive name. Copies a node's position (+0x1c) by handle (group<<16|node) Sources: WINDREAM.EXE 00457a04 MDL_GetNodePosition via match_functions (callee 0.85, callees 1/1). Facts (tools/check_names.py): caller:00040ba4.\n\n[DOCS_SYNC]\n[docs/animation-root-blending.md > Root displacement and physics [verified flow; integration pending]] `ANIM_TickSeamlessSwitch` (`004062ad`) and `ANIM_TickClip` (`004068be`) save the previous root position at actor `+0x128`, read the newly evaluated position into `+0x11c` via `MDL_GetNodePosition` (`00457a04`), and subtract them using `MATH_SubVec3` (`0045b98c`).
CMT	72058	plate	[NAME] Descriptive name. Looks up a node by handle and copies a 3x3 Q15 matrix into its local rotation (+0x28); handle 0 is the camera. Sources: WINDREAM.EXE 00457a38 MDL_SetNodeRotation via match_functions (callee 0.73, callees 4/4). Facts (tools/check_names.py): caller:00028df8.\n\n[DOCS_SYNC]\n[docs/engine.md > The camera is node 0, driven by messages] Every mode ends by writing **scene-graph node 0**: position with `MDL_SetNodePosition` (`0x457aa0`), rotation with `MDL_SetNodeRotation` (`0x457a38`).
CMT	720c4	plate	[NAME] Descriptive name. Sets node position; camera nodes also recompute the inverse translation. Sources: WINDREAM.EXE 00457aa0 MDL_SetNodePosition via match_functions (callee 0.69, callees 3/3). Facts (tools/check_names.py): caller:00028df8; caller:0002d620.\n\n[DOCS_SYNC]\n[docs/animation-root-blending.md > Root displacement and physics [verified flow; integration pending]] The movement/collision path at `PHYS_TickEntity` (`0043d83e`) subsequently writes the resolved actor position back through `MDL_SetNodePosition` (`00457aa0`).\n\n[docs/engine.md > The camera is node 0, driven by messages] Every mode ends by writing **scene-graph node 0**: position with `MDL_SetNodePosition` (`0x457aa0`), rotation with `MDL_SetNodeRotation` (`0x457a38`).
CMT	739ca	plate	Watcom 10.6 runtime: sprintf_ (module sprintf, 48 bytes, full match; dreamsfx.csv).
CMT	739fa	plate	Watcom 10.6 runtime: fprintf_, fscanf_, sscanf_ (module sscanf, 33 bytes, full match; dreamsfx.csv).
CMT	73a1c	plate	Watcom 10.6 runtime: __CHP (module fchop, 29 bytes, full match; dreamsfx.csv).
CMT	73a5e	plate	Watcom 10.6 runtime: ultoa_, utoa_ (module itoa, 74 bytes, full match; dreamsfx.csv).
CMT	73aa8	plate	Watcom 10.6 runtime: _itoa_, _ltoa_ (module itoa, 27 bytes, full match; dreamsfx.csv).
CMT	73ad0	plate	Watcom 10.6 runtime: memset_ (module set386, 24 bytes, full match; dreamsfx.csv).
CMT	73d79	plate	Watcom 10.6 runtime: __do_exit_with_msg__ (module cstrt386, 59 bytes, full match; dreamsfx.csv).
CMT	73dca	plate	Watcom 10.6 runtime: _dos_findfirst_ (module find386, 29 bytes, full match; dreamsfx.csv).
CMT	73de7	plate	Watcom 10.6 runtime: _dos_findnext_ (module find386, 28 bytes, full match; dreamsfx.csv).
CMT	73e03	plate	Watcom 10.6 runtime: _dos_findclose_ (module find386, 73 bytes, full match; dreamsfx.csv).
CMT	73e4c	plate	Watcom 10.6 runtime: strncpy_ (module strncpy, 37 bytes, full match; dreamsfx.csv).
CMT	73e71	plate	Watcom 10.6 runtime: atoi_, atol_ (module atoi, 109 bytes, full match; dreamsfx.csv).
CMT	742e8	plate	[NAME] Descriptive name. Evaluates a linear-key track: slerp rotation keys (0x14) into +0x28, lerp position keys (0x10) into +0x1c. Sources: WINDREAM.EXE 00459808 ANIM_EvalTrackLinear via match_functions (callee 0.70, callees 4/4). Facts (tools/check_names.py): call:0007694c.\n\n[DOCS_SYNC]\n[docs/animation-validation.md > Further corrections and open tests] - Track `+0x1c` is translation-key count. `+0x24` points to translations, which follow rotations. Both pointers are relative to payload `+0x14`. Engine evaluators `ANIM_EvalTrackLinear` (`00459808`) and `ANIM_EvalTrackSpline` (`0045a03c`) use rotation/translation strides 20/16 and 60/48 respectively. All 49 Duncan clips pass the harness's translation bounds and timestamps checks. Several other models have keys outside the declared duration; the strict harness reports those cases.\n\n[docs/models.md > Track Record Layout [verified]] `ANIM_EvalTrackLinear` reads `[rec+0xc]`/`[rec+0x10]`, and `ANIM_RelocLinearTracks` (`0x455f44`, resource type 4, 20-byte keys) / `ANIM_RelocSplineTracks` (`0x455f7c`, type 6, 60-byte keys) rebase exactly those two pointers **[verified]** (2026-09-26: 863 type-4 and 185 type-6 clips on the discs).\n\n[docs/models.md > Track Record Layout [verified]] These pairings agree with evaluators `ANIM_EvalTrackLinear` (`0x459808`) and `ANIM_EvalTrackSpline` (`0x45a03c`).
CMT	744b8	plate	[NAME] Descriptive name. Blends two linear-key tracks at frames fA and fB by a weight. Sources: WINDREAM.EXE 004599ec ANIM_EvalTrackBlendLinear via match_functions (callee 0.74, callees 4/4). Facts (tools/check_names.py): call:0007694c.\n\n[DOCS_SYNC]\n[docs/animation-root-blending.md > Original blend path [verified common case]] `ANIM_EvalTrackBlendLinear` (`004599ec`) handles two linear clip channels; `ANIM_EvalTrackBlendSpline` (`0045aa00`) handles two spline-layout channels.
CMT	7480c	plate	[NAME] Descriptive name. Applies a linear-key animation (or a blend of two) to every node of a model. Sources: WINDREAM.EXE 00459d60 ANIM_ApplyModelLinear via match_functions (callee 0.59, callees 2/2). Facts (tools/check_names.py): call:000742e8; call:000744b8.\n\n[DOCS_SYNC]\n[docs/animation-validation.md > Named directory [verified]] The animation evaluator `ANIM_ApplyModelLinear` (`WINDREAM.EXE:00459d60`) walks the model and clip slot tables together.
CMT	74abc	plate	[NAME] Descriptive name. Evaluates a spline (TCB/Hermite) track: rotation keys 0x3c, position keys 0x30. Sources: WINDREAM.EXE 0045a03c ANIM_EvalTrackSpline via match_functions (caller 0.56, callees 7/7). Facts (tools/check_names.py): call:0007694c.\n\n[DOCS_SYNC]\n[docs/animation-root-blending.md > Translation records [verified]] The spline evaluator `ANIM_EvalTrackSpline` (`0045a03c`), specifically `0045a2ae` and `0045a2b5`, reads the left key's outgoing tangent and the right key's incoming tangent.\n\n[docs/animation-smoothing.md > Quaternion splines [verified structure, floating-point implementation]] `ANIM_EvalTrackSpline` (`WINDREAM.EXE:0045a03c`) evaluates 60-byte rotation keys.\n\n[docs/animation-validation.md > Further corrections and open tests] - Track `+0x1c` is translation-key count. `+0x24` points to translations, which follow rotations. Both pointers are relative to payload `+0x14`. Engine evaluators `ANIM_EvalTrackLinear` (`00459808`) and `ANIM_EvalTrackSpline` (`0045a03c`) use rotation/translation strides 20/16 and 60/48 respectively. All 49 Duncan clips pass the harness's translation bounds and timestamps checks. Several other models have keys outside the declared duration; the strict harness reports those cases.\n\n[docs/models.md > Track Record Layout [verified]] These pairings agree with evaluators `ANIM_EvalTrackLinear` (`0x459808`) and `ANIM_EvalTrackSpline` (`0x45a03c`).\n\n[docs/models.md > Skeletal Pose Evaluation [partially verified]] The original spline evaluator `ANIM_EvalTrackSpline` (`0x45a03c`) additionally interpolates control quaternions and blends again (SQUAD), and evaluates translation curves.
CMT	75420	plate	[NAME] Descriptive name. Two-track blend on spline-format keys (linear interpolation) Sources: WINDREAM.EXE 0045aa00 ANIM_EvalTrackBlendSpline via match_functions (callee 0.75, callees 4/4). Facts (tools/check_names.py): call:0007694c.\n\n[DOCS_SYNC]\n[docs/animation-root-blending.md > Original blend path [verified common case]] `ANIM_EvalTrackBlendLinear` (`004599ec`) handles two linear clip channels; `ANIM_EvalTrackBlendSpline` (`0045aa00`) handles two spline-layout channels.
CMT	75ca8	plate	[NAME] Descriptive name. Builds a Q15 rotation matrix from a unit direction and a roll angle (4096-entry sine and cosine tables at 0x665ff0/0x669ff0). Sources: WINDREAM.EXE 0045b2d0 MATH_BuildOrientMatrix via match_functions (callee 0.64, callees 2/2). Facts (tools/check_names.py): size:254.\n\n[DOCS_SYNC]\n[docs/engine.md > Follow mode (mode 0)] **Orientation** (`CAM_ApplyLookAt` (`0x40ab4b`)): direction = normalise(target − eye), then `MATH_BuildOrientMatrix` (`0x45b2d0`)`(dir, 0xfff − roll)`.
CMT	76444	plate	[NAME] Descriptive name. Normalises an integer vector to Q15 length. Sources: WINDREAM.EXE 0045ba70 MATH_NormalizeVec3 via match_functions (caller 0.77, callees 2/2). Facts (tools/check_names.py): size:133.
CMT	7656c	plate	[NAME] Descriptive name. Copies three ints. Sources: WINDREAM.EXE 0045bb84 MATH_CopyVec3 via match_functions (callee 0.87, callees 0/0). Facts (tools/check_names.py): caller:0003d45c; caller:000742e8.
CMT	76630	plate	[NAME] Descriptive name. Fixed-point quaternion to Q15 3x3 matrix. Sources: WINDREAM.EXE 0045bc28 MATH_QuatToMatrix via match_functions (callee 0.94, callees 0/0). Facts (tools/check_names.py): caller:000742e8; caller:000744b8.\n\n[DOCS_SYNC]\n[docs/file-formats.md > `.DAN` — character and prop models (`DANF`)] Verified across 15,084 tracks and 142,806 keyframes in 780 clips from 159 distinct models with 0 invalid strides or nonmonotonic timestamps. - **Engine evaluation**: evaluated at runtime via Slerp (`MATH_QuatSlerp` (`0x45bf68`)) or Hermite spline, converted to local $3 \times 3$ rotation matrix (`MATH_QuatToMatrix` (`0x45bc28`)), and composed down the skeletal hierarchy (`REND_DrawObject` (`0x47e498`) via `MATH_MulMat3` (`0x45b86c`)).\n\n[docs/models.md > Engine Evaluation Math in `WINDREAM.EXE` [verified]] 1. **Quaternion to Rotation Matrix (`MATH_QuatToMatrix` (`0x45bc28`))**: Takes a Q15 quaternion `param_1` and computes a $3 \times 3$ row-major fixed-point rotation matrix at `param_2`: ```c // Diagonal terms: param_2[0] = 0x8000 - ((qy*qy + qz*qz) >> 14); param_2[4] = 0x8000 - ((qx*qx + qz*qz) >> 14); param_2[8] = 0x8000 - ((qx*qx + qy*qy) >> 14); // Off-diagonal terms: param_2[1] = (qx*qy - qz*qw) >> 14; param_2[3] = (qx*qy + qz*qw) >> 14; param_2[2] = (qx*qz + qy*qw) >> 14; param_2[6] = (qx*qz - qy*qw) >> 14; param_2[5] = (qy*qz - qx*qw) >> 14; param_2[7] = (qy*qz + qx*qw) >> 14; ``` Note …
CMT	7694c	plate	[NAME] Descriptive name. Fixed-point quaternion slerp, t 0..256, acos/sin tables. Sources: WINDREAM.EXE 0045bf68 MATH_QuatSlerp via match_functions (caller 0.77, callees 1/1). Facts (tools/check_names.py): caller:000744b8; caller:00075420.\n\n[DOCS_SYNC]\n[docs/file-formats.md > `.DAN` — character and prop models (`DANF`)] Verified across 15,084 tracks and 142,806 keyframes in 780 clips from 159 distinct models with 0 invalid strides or nonmonotonic timestamps. - **Engine evaluation**: evaluated at runtime via Slerp (`MATH_QuatSlerp` (`0x45bf68`)) or Hermite spline, converted to local $3 \times 3$ rotation matrix (`MATH_QuatToMatrix` (`0x45bc28`)), and composed down the skeletal hierarchy (`REND_DrawObject` (`0x47e498`) via `MATH_MulMat3` (`0x45b86c`)).
CMT	76b6a	plate	Watcom 10.6 runtime: strncmp_ (module strncmp, 41 bytes, full match; dreamsfx.csv).
CMT	77400	plate	Watcom 10.6 runtime: _splitpath_ (module splitpat, 192 bytes, full match; dreamsfx.csv).
CMT	774e0	plate	Watcom 10.6 runtime: strcmp_ (module cmp386, 161 bytes, full match; dreamsfx.csv).
CMT	77581	plate	Watcom 10.6 runtime: _strupr_ (module strupr, 37 bytes, full match; dreamsfx.csv).
CMT	775a6	plate	Watcom 10.6 runtime: open_ (module open, 36 bytes, full match; dreamsfx.csv).
CMT	775ca	plate	Watcom 10.6 runtime: sopen_ (module open, 192 bytes, full match; dreamsfx.csv).
CMT	777b3	plate	Watcom 10.6 runtime: __set_binary_ (module open, 101 bytes, full match; dreamsfx.csv).
CMT	77818	plate	Watcom 10.6 runtime: filelength_ (module filelen, 61 bytes, full match; dreamsfx.csv).
CMT	77855	plate	Watcom 10.6 runtime: read_ (module read, 192 bytes, full match; dreamsfx.csv).
CMT	77950	plate	Watcom 10.6 runtime: close_ (module close, 32 bytes, full match; dreamsfx.csv).
CMT	77970	plate	Watcom 10.6 runtime: int386_ (module int386, 29 bytes, full match; dreamsfx.csv).
CMT	77993	plate	[NAME] Watcom runtime, identified by behaviour. Watcom rand: thread-data seed * 0x41c64e6d + 0x3039, returns (seed >> 16) & 0x7fff. Sources: Watcom 10.6 library signature (DREAMS_WATCOM sigs/dreamsfx.csv, module rand, full match 36/32); blind review (high). Facts (tools/check_names.py): const:41c64e6d; const:3039; const:7fff; call:0007798d; size:36.\n\nWatcom 10.6 runtime: rand_ (module rand, 36 bytes, full match; dreamsfx.csv).\n\n[DOCS_SYNC]\n[docs/engine.md > Lighting inputs (2026-09-26)] - Project `+0x18/+0x24` are signed **RGB base/variation**, not light directions. `REND_TickPaletteLighting` (`0x42e5f2`) uses three original `rand_` draws per update. Preserve this state and call order on the simulation clock.\n\n[docs/lighting.md > Project fields and palette state] `REND_TickPaletteLighting` (`0x42e5f2`) consumes three calls to the original `rand_` and, per channel, computes:\n\n[docs/north-star.md > Architecture] - **The original random generator, called only by ported code.** The game calls Watcom's `rand_` from 21 functions and never seeds it, so the sequence is fixed from launch. This includes **three draws per normal palette-lighting update** (`REND_TickPaletteLighting`), despite their visual purpose. Preserve these original calls and their order on the simulation clock; renderer-only enhancements, audio and new UI effects cannot consume this stream. See [lighting.md](lighting.md). GPU application of palette state does not move the original RNG calls onto the display clock.\n\n[PORT_MAP] adapted | complete\nopendreams/shared/port/random.cpp :: od::port::rand_\nOwner reviewed: no
CMT	779b7	plate	[NAME] Watcom runtime, identified by behaviour. Watcom srand: stores the seed in the thread data. Sources: Watcom 10.6 library signature (DREAMS_WATCOM sigs/dreamsfx.csv, module rand, full match 16/12); blind review (high). Facts (tools/check_names.py): call:0007798d; size:16.\n\nWatcom 10.6 runtime: srand_ (module rand, 16 bytes, full match; dreamsfx.csv).\n\n[PORT_MAP] adapted | complete\nopendreams/shared/port/random.cpp :: od::port::srand_\nOwner reviewed: no
CMT	77f34	plate	Watcom 10.6 runtime: calloc_ (module calloc, 24 bytes, full match; dreamsfx.csv).
CMT	77f50	plate	Watcom 10.6 runtime: __STOSB (module __stos, 55 bytes, full match; dreamsfx.csv).
CMT	77f87	plate	Watcom 10.6 runtime: __STOSD (module __stos, 108 bytes, full match; dreamsfx.csv).
CMT	81258	plate	[NAME] Descriptive name. Default per-object face submitter. Sources: WINDREAM.EXE 00473014 SW_DrawObjectFaces via match_functions (callee 0.94, callees 7/7). Facts (tools/check_names.py): call:0007ede8; caller:00096178.\n\n[DOCS_SYNC]\n[docs/engine.md > Renderer backends — a link-time choice with one hook **[verified]**] | hook during a frame | `GLIDE_DrawObjectFaces`, second hook `NULL` | `SW_DrawObjectFaces` `0x473014`, `SW_DrawObjectFacesPost` `0x4731b8` |\n\n[docs/engine.md > Renderer backends — a link-time choice with one hook **[verified]**] - `REND_DrawObject` calls `(*hook)(object)` unless object flag `+0x0d & 0x10` is set. Every hook walks the object's face list at `+0xa4` and switches on the face type (`0x16`, `0x17`, `0x1c`, … and negative codes). Node `+0xc4` is the light count (`+0xc8` holds the light indices); when it is 0, `SW_DrawObjectFaces` rewrites face types `0x16`/`0x19` to `0x18`. An earlier revision called `+0xc4` and `+0xd0` vertex arrays; the vertex array is at `+0x80` (count `+0x7c`, `0x28` bytes each). Node `+0xd0` is the uniform shade used when its light count is zero; see *Lighting inputs* below.\n\n[docs/engine.md > Renderer backends — a link-time choice with one hook **[verified]**] - **Software:** `SW_DrawObjectFaces` sends each face to a per-type rasterizer that fills per-scanline edge lists (`0x66e6b8`, `0x66f6b8`, `0x6706b8`); `SW_FlushSpans` walks them scanline by scanline into the framebuffer; `SW_FlushSpansScaled` flushes through a line buffer and repeats rows (the scaled output path). The second hook, `SW_DrawObjectFacesPost`, draws the object's second face list (`+0xa8`) as a post-order hook. What selects the scaled flush is not yet known.\n\n[docs/engine.md > Renderer backends — a link-time choice with one hook **[verified]**] - **Glide:** the frame function points the hook at `GLIDE_DrawObjectFaces` and clears the second hook; the Voodoo rasterizes. Clear, swap, open and close are direct calls, not dispatched. `DREAMSFX.EXE` still carries the software hooks: the hook's initialised value is `SW_DrawObjectFaces` (`0x81258`), overwritten every frame.\n\n[docs/engine.md > Presentation and 2D — Glide mapped onto DirectDraw/GDI **[verified]**] | 3D faces | `GLIDE_DrawObjectFaces` `0x67568` | `SW_DrawObjectFaces` `0x473014` + `SW_FlushSpans` `0x4768cc` |\n\n[docs/scene-geometry.md > The engine's view (2026-09-26) — read this first] The per-object hook `SW_DrawObjectFaces` (`0x473014`) walks node `+0xa4`, a list of face blocks built from tag 1 alone.
CMT	813fc	plate	[NAME] Descriptive name. Second face list (+0xa8), post-order hook. Sources: WINDREAM.EXE 004731b8 via match_functions (callee 0.74); docs/engine.md hook table. Facts (tools/check_names.py): const:a8; const:c4; caller:000963fc.\n\n[DOCS_SYNC]\n[docs/engine.md > Renderer backends — a link-time choice with one hook **[verified]**] | hook during a frame | `GLIDE_DrawObjectFaces`, second hook `NULL` | `SW_DrawObjectFaces` `0x473014`, `SW_DrawObjectFacesPost` `0x4731b8` |\n\n[docs/engine.md > Renderer backends — a link-time choice with one hook **[verified]**] - **Software:** `SW_DrawObjectFaces` sends each face to a per-type rasterizer that fills per-scanline edge lists (`0x66e6b8`, `0x66f6b8`, `0x6706b8`); `SW_FlushSpans` walks them scanline by scanline into the framebuffer; `SW_FlushSpansScaled` flushes through a line buffer and repeats rows (the scaled output path). The second hook, `SW_DrawObjectFacesPost`, draws the object's second face list (`+0xa8`) as a post-order hook. What selects the scaled flush is not yet known.
CMT	852d2	plate	Watcom 10.6 runtime: free_ (module nfree, 130 bytes, full match; dreamsfx.csv).
CMT	85354	plate	Watcom 10.6 runtime: malloc_ (module nmalloc, 192 bytes, full match; dreamsfx.csv).
CMT	85437	plate	Watcom 10.6 runtime: __open_flags_ (module fopen, 192 bytes, full match; dreamsfx.csv).
CMT	855cc	plate	Watcom 10.6 runtime: _fsopen_ (module fopen, 57 bytes, full match; dreamsfx.csv).
CMT	85605	plate	Watcom 10.6 runtime: fopen_ (module fopen, 114 bytes, full match; dreamsfx.csv).
CMT	85677	plate	Watcom 10.6 runtime: freopen_ (module fopen, 66 bytes, full match; dreamsfx.csv).
CMT	856b9	plate	Watcom 10.6 runtime: fwrite_ (module fwrite, 192 bytes, full match; dreamsfx.csv).
CMT	85879	plate	Watcom 10.6 runtime: fclose_ (module fclose, 45 bytes, full match; dreamsfx.csv).
CMT	858a6	plate	Watcom 10.6 runtime: __shutdown_stream_ (module fclose, 33 bytes, full match; dreamsfx.csv).
CMT	858c7	plate	Watcom 10.6 runtime: __MkTmpFile_ (module fclose, 101 bytes, full match; dreamsfx.csv).
CMT	8592c	plate	Watcom 10.6 runtime: __doclose_ (module fclose, 144 bytes, full match; dreamsfx.csv).
CMT	859bc	plate	Watcom 10.6 runtime: int386x_ (module intx386, 25 bytes, full match; dreamsfx.csv).
CMT	859db	plate	Watcom 10.6 runtime: getch_ (module getch, 29 bytes, full match; dreamsfx.csv).
CMT	859f8	plate	Watcom 10.6 runtime: _gettextposition, _gettextposition_ (module textposr, 50 bytes, full match; dreamsfx.csv).
CMT	85a2a	plate	Watcom 10.6 runtime: _settextposition_ (module textposr, 152 bytes, full match; dreamsfx.csv).
CMT	85ad1	plate	Watcom 10.6 runtime: _L2clearscreen_ (module clearscrr, 192 bytes, full match; dreamsfx.csv).
CMT	85b9c	plate	Watcom 10.6 runtime: _clearscreen_ (module clearscrr, 128 bytes, full match; dreamsfx.csv).
CMT	85c1c	plate	Watcom 10.6 runtime: _GrClear_ (module clearscrr, 94 bytes, full match; dreamsfx.csv).
CMT	85c7a	plate	Watcom 10.6 runtime: _TxtClear_ (module clearscrr, 191 bytes, full match; dreamsfx.csv).
CMT	85d39	plate	Watcom 10.6 runtime: kbhit_ (module kbhit, 23 bytes, full match; dreamsfx.csv).
CMT	85dce	plate	Watcom 10.6 runtime: qsort_ (module qsort, 192 bytes, full match; dreamsfx.csv).
CMT	86379	plate	Watcom 10.6 runtime: exit_ (module exit, 24 bytes, full match; dreamsfx.csv).
CMT	86391	plate	Watcom 10.6 runtime: _exit_ (module exit, 22 bytes, full match; dreamsfx.csv).
CMT	863e0	plate	[NAME] Name recovered. Miles Sound System (AIL) API wrapper: nesting counter, optional trace, then the implementation. Sources: its Miles Sound System debug-trace string (the wrapper prints its own name and arguments); Miles public API name. Facts (tools/check_names.py): str:AIL_startup(.
CMT	88290	plate	[NAME] Name recovered. Miles Sound System (AIL) API wrapper: nesting counter, optional trace, then the implementation. Sources: its Miles Sound System debug-trace string (the wrapper prints its own name and arguments); Miles public API name. Facts (tools/check_names.py): str:AIL_redbook_set_volume(.
CMT	883a0	plate	[NAME] Name recovered. Miles Sound System (AIL) API wrapper: nesting counter, optional trace, then the implementation. Sources: its Miles Sound System debug-trace string (the wrapper prints its own name and arguments); Miles public API name. Facts (tools/check_names.py): str:AIL_redbook_volume(.
CMT	884a0	plate	[NAME] Name recovered. Miles Sound System (AIL) API wrapper: nesting counter, optional trace, then the implementation. Sources: its Miles Sound System debug-trace string (the wrapper prints its own name and arguments); Miles public API name. Facts (tools/check_names.py): str:AIL_redbook_resume(.
CMT	885a0	plate	[NAME] Name recovered. Miles Sound System (AIL) API wrapper: nesting counter, optional trace, then the implementation. Sources: its Miles Sound System debug-trace string (the wrapper prints its own name and arguments); Miles public API name. Facts (tools/check_names.py): str:AIL_redbook_pause(.
CMT	886a0	plate	[NAME] Name recovered. Miles Sound System (AIL) API wrapper: nesting counter, optional trace, then the implementation. Sources: its Miles Sound System debug-trace string (the wrapper prints its own name and arguments); Miles public API name. Facts (tools/check_names.py): str:AIL_redbook_stop(.
CMT	887a0	plate	[NAME] Name recovered. Miles Sound System (AIL) API wrapper: nesting counter, optional trace, then the implementation. Sources: its Miles Sound System debug-trace string (the wrapper prints its own name and arguments); Miles public API name. Facts (tools/check_names.py): str:AIL_redbook_play(.
CMT	889c0	plate	[NAME] Name recovered. Miles Sound System (AIL) API wrapper: nesting counter, optional trace, then the implementation. Sources: its Miles Sound System debug-trace string (the wrapper prints its own name and arguments); Miles public API name. Facts (tools/check_names.py): str:AIL_redbook_position(.
CMT	88bc0	plate	[NAME] Name recovered. Miles Sound System (AIL) API wrapper: nesting counter, optional trace, then the implementation. Sources: its Miles Sound System debug-trace string (the wrapper prints its own name and arguments); Miles public API name. Facts (tools/check_names.py): str:AIL_redbook_track_info(.
CMT	88cb0	plate	[NAME] Name recovered. Miles Sound System (AIL) API wrapper: nesting counter, optional trace, then the implementation. Sources: its Miles Sound System debug-trace string (the wrapper prints its own name and arguments); Miles public API name. Facts (tools/check_names.py): str:AIL_redbook_tracks(.
CMT	88db0	plate	[NAME] Name recovered. Miles Sound System (AIL) API wrapper: nesting counter, optional trace, then the implementation. Sources: its Miles Sound System debug-trace string (the wrapper prints its own name and arguments); Miles public API name. Facts (tools/check_names.py): str:AIL_redbook_status(.
CMT	88eb0	plate	[NAME] Name recovered. Miles Sound System (AIL) API wrapper: nesting counter, optional trace, then the implementation. Sources: its Miles Sound System debug-trace string (the wrapper prints its own name and arguments); Miles public API name. Facts (tools/check_names.py): str:AIL_redbook_retract(.
CMT	88f60	plate	[NAME] Name recovered. Miles Sound System (AIL) API wrapper: nesting counter, optional trace, then the implementation. Sources: its Miles Sound System debug-trace string (the wrapper prints its own name and arguments); Miles public API name. Facts (tools/check_names.py): str:AIL_redbook_eject(.
CMT	89010	plate	[NAME] Name recovered. Miles Sound System (AIL) API wrapper: nesting counter, optional trace, then the implementation. Sources: its Miles Sound System debug-trace string (the wrapper prints its own name and arguments); Miles public API name. Facts (tools/check_names.py): str:AIL_redbook_close(.
CMT	890c0	plate	[NAME] Name recovered. Miles Sound System (AIL) API wrapper: nesting counter, optional trace, then the implementation. Sources: its Miles Sound System debug-trace string (the wrapper prints its own name and arguments); Miles public API name. Facts (tools/check_names.py): str:AIL_redbook_open(.
CMT	8bf50	plate	[NAME] Name recovered. Miles Sound System (AIL) API wrapper: nesting counter, optional trace, then the implementation. Sources: its Miles Sound System debug-trace string (the wrapper prints its own name and arguments); Miles public API name. Facts (tools/check_names.py): str:AIL_sample_user_data(.
CMT	8c060	plate	[NAME] Name recovered. Miles Sound System (AIL) API wrapper: nesting counter, optional trace, then the implementation. Sources: its Miles Sound System debug-trace string (the wrapper prints its own name and arguments); Miles public API name. Facts (tools/check_names.py): str:AIL_set_sample_user_data(.
CMT	8c870	plate	[NAME] Name recovered. Miles Sound System (AIL) API wrapper: nesting counter, optional trace, then the implementation. Sources: its Miles Sound System debug-trace string (the wrapper prints its own name and arguments); Miles public API name. Facts (tools/check_names.py): str:AIL_load_sample_buffer(.
CMT	8c960	plate	[NAME] Name recovered. Miles Sound System (AIL) API wrapper: nesting counter, optional trace, then the implementation. Sources: its Miles Sound System debug-trace string (the wrapper prints its own name and arguments); Miles public API name. Facts (tools/check_names.py): str:AIL_sample_buffer_ready(.
CMT	8cf00	plate	[NAME] Name recovered. Miles Sound System (AIL) API wrapper: nesting counter, optional trace, then the implementation. Sources: its Miles Sound System debug-trace string (the wrapper prints its own name and arguments); Miles public API name. Facts (tools/check_names.py): str:AIL_set_digital_master_volume(.
CMT	8d3c0	plate	[NAME] Name recovered. Miles Sound System (AIL) API wrapper: nesting counter, optional trace, then the implementation. Sources: its Miles Sound System debug-trace string (the wrapper prints its own name and arguments); Miles public API name. Facts (tools/check_names.py): str:AIL_sample_status(.
CMT	8d590	plate	[NAME] Name recovered. Miles Sound System (AIL) API wrapper: nesting counter, optional trace, then the implementation. Sources: its Miles Sound System debug-trace string (the wrapper prints its own name and arguments); Miles public API name. Facts (tools/check_names.py): str:AIL_set_sample_loop_count(.
CMT	8d650	plate	[NAME] Name recovered. Miles Sound System (AIL) API wrapper: nesting counter, optional trace, then the implementation. Sources: its Miles Sound System debug-trace string (the wrapper prints its own name and arguments); Miles public API name. Facts (tools/check_names.py): str:AIL_set_sample_pan(.
CMT	8d710	plate	[NAME] Name recovered. Miles Sound System (AIL) API wrapper: nesting counter, optional trace, then the implementation. Sources: its Miles Sound System debug-trace string (the wrapper prints its own name and arguments); Miles public API name. Facts (tools/check_names.py): str:AIL_set_sample_volume(.
CMT	8d7d0	plate	[NAME] Name recovered. Miles Sound System (AIL) API wrapper: nesting counter, optional trace, then the implementation. Sources: its Miles Sound System debug-trace string (the wrapper prints its own name and arguments); Miles public API name. Facts (tools/check_names.py): str:AIL_set_sample_playback_rate(.
CMT	8d890	plate	[NAME] Name recovered. Miles Sound System (AIL) API wrapper: nesting counter, optional trace, then the implementation. Sources: its Miles Sound System debug-trace string (the wrapper prints its own name and arguments); Miles public API name. Facts (tools/check_names.py): str:AIL_end_sample(.
CMT	8daa0	plate	[NAME] Name recovered. Miles Sound System (AIL) API wrapper: nesting counter, optional trace, then the implementation. Sources: its Miles Sound System debug-trace string (the wrapper prints its own name and arguments); Miles public API name. Facts (tools/check_names.py): str:AIL_start_sample(.
CMT	8db50	plate	[NAME] Name recovered. Miles Sound System (AIL) API wrapper: nesting counter, optional trace, then the implementation. Sources: its Miles Sound System debug-trace string (the wrapper prints its own name and arguments); Miles public API name. Facts (tools/check_names.py): str:AIL_set_sample_type(.
CMT	8dc20	plate	[NAME] Name recovered. Miles Sound System (AIL) API wrapper: nesting counter, optional trace, then the implementation. Sources: its Miles Sound System debug-trace string (the wrapper prints its own name and arguments); Miles public API name. Facts (tools/check_names.py): str:AIL_set_sample_address(.
CMT	8dcf0	plate	[NAME] Name recovered. Miles Sound System (AIL) API wrapper: nesting counter, optional trace, then the implementation. Sources: its Miles Sound System debug-trace string (the wrapper prints its own name and arguments); Miles public API name. Facts (tools/check_names.py): str:AIL_set_sample_file(.
CMT	8de10	plate	[NAME] Name recovered. Miles Sound System (AIL) API wrapper: nesting counter, optional trace, then the implementation. Sources: its Miles Sound System debug-trace string (the wrapper prints its own name and arguments); Miles public API name. Facts (tools/check_names.py): str:AIL_init_sample(.
CMT	8dec0	plate	[NAME] Name recovered. Miles Sound System (AIL) API wrapper: nesting counter, optional trace, then the implementation. Sources: its Miles Sound System debug-trace string (the wrapper prints its own name and arguments); Miles public API name. Facts (tools/check_names.py): str:AIL_release_sample_handle(.
CMT	8e090	plate	[NAME] Name recovered. Miles Sound System (AIL) API wrapper: nesting counter, optional trace, then the implementation. Sources: its Miles Sound System debug-trace string (the wrapper prints its own name and arguments); Miles public API name. Facts (tools/check_names.py): str:AIL_allocate_sample_handle(.
CMT	8e240	plate	[NAME] Name recovered. Miles Sound System (AIL) API wrapper: nesting counter, optional trace, then the implementation. Sources: its Miles Sound System debug-trace string (the wrapper prints its own name and arguments); Miles public API name. Facts (tools/check_names.py): str:AIL_install_DIG_driver_file(.
CMT	8e350	plate	[NAME] Name recovered. Miles Sound System (AIL) API wrapper: nesting counter, optional trace, then the implementation. Sources: its Miles Sound System debug-trace string (the wrapper prints its own name and arguments); Miles public API name. Facts (tools/check_names.py): str:AIL_install_DIG_INI(.
CMT	8e450	plate	[NAME] Name recovered. Miles Sound System (AIL) API wrapper: nesting counter, optional trace, then the implementation. Sources: its Miles Sound System debug-trace string (the wrapper prints its own name and arguments); Miles public API name. Facts (tools/check_names.py): str:AIL_uninstall_driver(.
CMT	8e500	plate	[NAME] Name recovered. Miles Sound System (AIL) API wrapper: nesting counter, optional trace, then the implementation. Sources: its Miles Sound System debug-trace string (the wrapper prints its own name and arguments); Miles public API name. Facts (tools/check_names.py): str:AIL_install_driver(.
CMT	8e610	plate	[NAME] Name recovered. Miles Sound System (AIL) API wrapper: nesting counter, optional trace, then the implementation. Sources: its Miles Sound System debug-trace string (the wrapper prints its own name and arguments); Miles public API name. Facts (tools/check_names.py): str:AIL_get_IO_environment(.
CMT	8e710	plate	[NAME] Name recovered. Miles Sound System (AIL) API wrapper: nesting counter, optional trace, then the implementation. Sources: its Miles Sound System debug-trace string (the wrapper prints its own name and arguments); Miles public API name. Facts (tools/check_names.py): str:AIL_release_all_timers(.
CMT	8e790	plate	[NAME] Name recovered. Miles Sound System (AIL) API wrapper: nesting counter, optional trace, then the implementation. Sources: its Miles Sound System debug-trace string (the wrapper prints its own name and arguments); Miles public API name. Facts (tools/check_names.py): str:AIL_release_timer_handle(.
CMT	8e9f0	plate	[NAME] Name recovered. Miles Sound System (AIL) API wrapper: nesting counter, optional trace, then the implementation. Sources: its Miles Sound System debug-trace string (the wrapper prints its own name and arguments); Miles public API name. Facts (tools/check_names.py): str:AIL_start_timer(.
CMT	8ec40	plate	[NAME] Name recovered. Miles Sound System (AIL) API wrapper: nesting counter, optional trace, then the implementation. Sources: its Miles Sound System debug-trace string (the wrapper prints its own name and arguments); Miles public API name. Facts (tools/check_names.py): str:AIL_set_timer_frequency(.
CMT	8ed00	plate	[NAME] Name recovered. Miles Sound System (AIL) API wrapper: nesting counter, optional trace, then the implementation. Sources: its Miles Sound System debug-trace string (the wrapper prints its own name and arguments); Miles public API name. Facts (tools/check_names.py): str:AIL_set_timer_period(.
CMT	8edc0	plate	[NAME] Name recovered. Miles Sound System (AIL) API wrapper: nesting counter, optional trace, then the implementation. Sources: its Miles Sound System debug-trace string (the wrapper prints its own name and arguments); Miles public API name. Facts (tools/check_names.py): str:AIL_set_timer_user(.
CMT	8eed0	plate	[NAME] Name recovered. Miles Sound System (AIL) API wrapper: nesting counter, optional trace, then the implementation. Sources: its Miles Sound System debug-trace string (the wrapper prints its own name and arguments); Miles public API name. Facts (tools/check_names.py): str:AIL_register_timer(.
CMT	8efd0	plate	[NAME] Name recovered. Miles Sound System (AIL) API wrapper: nesting counter, optional trace, then the implementation. Sources: its Miles Sound System debug-trace string (the wrapper prints its own name and arguments); Miles public API name. Facts (tools/check_names.py): str:AIL_API_read_INI(.
CMT	8f310	plate	[NAME] Name recovered. Miles Sound System (AIL) API wrapper: nesting counter, optional trace, then the implementation. Sources: its Miles Sound System debug-trace string (the wrapper prints its own name and arguments); Miles public API name. Facts (tools/check_names.py): str:AIL_delay(.
CMT	8f3c0	plate	[NAME] Name recovered. Miles Sound System (AIL) API wrapper: nesting counter, optional trace, then the implementation. Sources: its Miles Sound System debug-trace string (the wrapper prints its own name and arguments); Miles public API name. Facts (tools/check_names.py): str:AIL_call_driver(.\n\n[DOCS_SYNC]\n[docs/engine.md > DOS builds: no joystick code **[verified]**] Its only caller, `AIL_call_driver` (`0x8f3c0`), prints the `AIL_call_driver(...)` trace string.
CMT	8f510	plate	[NAME] Name recovered. Miles Sound System (AIL) API wrapper: nesting counter, optional trace, then the implementation. Sources: its Miles Sound System debug-trace string (the wrapper prints its own name and arguments); Miles public API name. Facts (tools/check_names.py): str:AIL_restore_USE16_ISR(.
CMT	8f690	plate	[NAME] Name recovered. Miles Sound System (AIL) API wrapper: nesting counter, optional trace, then the implementation. Sources: its Miles Sound System debug-trace string (the wrapper prints its own name and arguments); Miles public API name. Facts (tools/check_names.py): str:AIL_set_real_vect(.
CMT	8f750	plate	[NAME] Name recovered. Miles Sound System (AIL) API wrapper: nesting counter, optional trace, then the implementation. Sources: its Miles Sound System debug-trace string (the wrapper prints its own name and arguments); Miles public API name. Facts (tools/check_names.py): str:AIL_get_real_vect(.
CMT	8f870	plate	[NAME] Name recovered. Miles Sound System (AIL) API wrapper: nesting counter, optional trace, then the implementation. Sources: its Miles Sound System debug-trace string (the wrapper prints its own name and arguments); Miles public API name. Facts (tools/check_names.py): str:AIL_set_preference(.
CMT	8f980	plate	[NAME] Name recovered. Miles Sound System (AIL) API wrapper: nesting counter, optional trace, then the implementation. Sources: its Miles Sound System debug-trace string (the wrapper prints its own name and arguments); Miles public API name. Facts (tools/check_names.py): str:AIL_set_driver_directory(.
CMT	8fa80	plate	[NAME] Name recovered. Miles Sound System (AIL) API wrapper: nesting counter, optional trace, then the implementation. Sources: its Miles Sound System debug-trace string (the wrapper prints its own name and arguments); Miles public API name. Facts (tools/check_names.py): str:AIL_shutdown(.
CMT	8ffda	plate	Watcom 10.6 runtime: __CHK (module stk386, 16 bytes, full match; dreamsfx.csv).
CMT	8ffed	plate	Watcom 10.6 runtime: __STK (module stk386, 30 bytes, full match; dreamsfx.csv).
CMT	90020	plate	[NAME] Name recovered. CryoLib HNM6 decoder linked into the game; see docs/cryolib.md. Sources: WINDREAM.EXE 0045c2a0 HNM6_Init_All_16 via match_functions (caller 1.00, callees 3/3). Facts (tools/check_names.py): size:16.\n\n[DOCS_SYNC]\n[docs/cryolib.md > The game carries CryoLib's HNM6 decoder **[verified]**] | `0x45c2a0` `HNM6_Init_All_16` | `0x1002abf9` | byte-identical | export `_GL_HNM6_Init_All_16@0` wraps it |
CMT	90030	plate	[NAME] Name recovered. CryoLib HNM6 decoder linked into the game; see docs/cryolib.md. Sources: WINDREAM.EXE 0045c2b0 HNM6_Init_All_15 via match_functions (caller 1.00, callees 3/3). Facts (tools/check_names.py): size:16.\n\n[DOCS_SYNC]\n[docs/cryolib.md > The game carries CryoLib's HNM6 decoder **[verified]**] | `0x45c2b0` `HNM6_Init_All_15` | `0x1002ac09` | byte-identical | export `_GL_HNM6_Init_All_15@0` wraps it |
CMT	90040	plate	[NAME] CryoLib code. CryoLib HNM6 decoder linked into the game; see docs/cryolib.md. Sources: WINDREAM.EXE 0045c2c0 HNM6_DecompressFrame via match_functions (code 1.00, callees 4/4). Facts (tools/check_names.py): call:000a66f4; call:000a7804.\n\n[DOCS_SYNC]\n[docs/cryolib.md > The game carries CryoLib's HNM6 decoder **[verified]**] The game calls them: its frame routine `VID_BlitHnm6Frame` (`0x4268ac`) runs `HNM6_DecompressFrame`, then copies the 640×304×2 (`0x5F000`) frame into `g_frameBuffer`.\n\n[docs/cryolib.md > The game carries CryoLib's HNM6 decoder **[verified]**] | `0x45c2c0` `HNM6_DecompressFrame` | `0x1002ac1c` | byte-identical | descriptive: version-6 branch of `GL_dcpt_one_frame_ubb` |\n\n[docs/hnm-video.md > Cryo's own `CM6_*x16.dll` — found **[verified]**] `HNM6_DecompressFrame` is at `0x45c2c0` in `WINDREAM.EXE`; see [cryolib.md](cryolib.md), *The game carries CryoLib's HNM6 decoder*.\n\n[PORT_MAP] adapted | unverified\nopendreams/shared/port/hnm6.cpp :: od::port::Hnm6Decoder::decode\nRemaining: Audit the DOS direct call closure and full disc corpus. Verify reduced-IDCT U low bits and optional RGB16 block-copy branch.\nOwner reviewed: no
CMT	9033a	plate	[NAME] Descriptive name. Expands SD delta codes to interleaved stereo PCM using two persistent 16-bit predictors. Sources: docs/hnm-video.md; comment-stripped Decompile.java review 2026-09-27. Facts (tools/check_names.py): size:67; caller:0004d364.\n\n[PORT_MAP] adapted | complete\nopendreams/shared/port/video_audio.cpp :: od::port::VideoDpcm::decode_sd\nOwner reviewed: no
CMT	908f0	plate	Watcom 10.6 runtime: _heapshrink_ (module nheapmin, 192 bytes, full match; dreamsfx.csv).
CMT	90a4b	plate	Watcom 10.6 runtime: __NHeapWalk_ (module nheapwal, 157 bytes, full match; dreamsfx.csv).
CMT	90ae8	plate	Watcom 10.6 runtime: _lseek_ (module lseek, 67 bytes, full match; dreamsfx.csv).
CMT	90b2b	plate	Watcom 10.6 runtime: strstr_ (module strstr, 190 bytes, full match; dreamsfx.csv).
CMT	90bfc	plate	Watcom 10.6 runtime: vsprintf_ (module vsprintf, 21 bytes, full match; dreamsfx.csv).
CMT	90c11	plate	Watcom 10.6 runtime: strcmpi_ (module stricmp, 71 bytes, full match; dreamsfx.csv).
CMT	90c58	plate	Watcom 10.6 runtime: memmove_ (module memmove, 77 bytes, full match; dreamsfx.csv).
CMT	90f7d	plate	Watcom 10.6 runtime: tell_ (module tell, 17 bytes, full match; dreamsfx.csv).
CMT	90f8e	plate	Watcom 10.6 runtime: write_ (module write, 192 bytes, full match; dreamsfx.csv).
CMT	91163	plate	Watcom 10.6 runtime: realloc_ (module nrealloc, 158 bytes, full match; dreamsfx.csv).
CMT	91243	plate	Watcom 10.6 runtime: fseek_ (module fseek, 192 bytes, full match; dreamsfx.csv).
CMT	9133f	plate	Watcom 10.6 runtime: fread_ (module fread, 192 bytes, full match; dreamsfx.csv).
CMT	9151a	plate	Watcom 10.6 runtime: chdir_ (module chdir, 33 bytes, full match; dreamsfx.csv).
CMT	9153c	plate	Watcom 10.6 runtime: _dos_getdrive_ (module drive386, 20 bytes, full match; dreamsfx.csv).
CMT	91550	plate	Watcom 10.6 runtime: _dos_setdrive_ (module drive386, 20 bytes, full match; dreamsfx.csv).
CMT	915c5	plate	Watcom 10.6 runtime: vfscanf_, vsscanf_ (module sscanf, 39 bytes, full match; dreamsfx.csv).
CMT	915ec	plate	[NAME] Watcom runtime, identified by behaviour. fscanf: calls the library-matched vfscanf_. Sources: twin of WINDREAM.EXE 00477c35 fscanf_ (match_functions callee 1.00); same fprintf_ signature collision. Facts (tools/check_names.py): call:vfscanf_; size:33.\n\nWatcom 10.6 runtime: fprintf_, fscanf_, sscanf_ (module sscanf, 33 bytes, full match; dreamsfx.csv).\n\n[DOCS_SYNC]\n[docs/toolchain.md > Recovering runtime symbol names] `fprintf_|fscanf_|sscanf_`.
CMT	9160d	plate	Watcom 10.6 runtime: ftell_ (module ftell, 66 bytes, full match; dreamsfx.csv).
CMT	9164f	plate	Watcom 10.6 runtime: floor_ (module floor, 60 bytes, full match; dreamsfx.csv).
CMT	9168b	plate	Watcom 10.6 runtime: ceil_ (module ceil, 27 bytes, full match; dreamsfx.csv).
CMT	916b7	plate	Watcom 10.6 runtime: __fprtf_ (module fprtf, 127 bytes, full match; dreamsfx.csv).
CMT	91740	plate	[NAME] Descriptive name. Tests the node's bounding sphere (+0xb0) against four frustum planes and the near/far depths; sets +0x0c bits 8 (outside), 0x20, 0x40 (crosses near/far). Sources: WINDREAM.EXE 00478980 REND_CullObjectSphere via match_functions (caller 0.79, callees 1/1). Facts (tools/check_names.py): caller:00096178.
CMT	91984	plate	[NAME] Descriptive name. Transforms vertices (+0x80, count +0x7c, stride 0x28) to camera space with clip outcodes. Sources: WINDREAM.EXE 00478c2c REND_TransformClipVertices via match_functions (caller 0.63, callees 1/1). Facts (tools/check_names.py): caller:00096178.\n\n[DOCS_SYNC]\n[docs/engine.md > What the game reads from the renderer **[verified]**] The render stage in `WINDREAM.EXE` writes, per node: composed camera-space rotation (`+0x58..+0x78`) and translation (`+0x4c..+0x54`) in `REND_DrawObject` (`0x47e498`); cull bits in `+0x0c` (`0x478980`); per-vertex camera-space xyz (`+0x10`), screen x/y (`+0x1c`/`+0x20`), `K/z` (`+0x24`) and outcode flags (`+0x00`) in `REND_TransformClipVertices` (`0x478c2c`), `REND_ProjectVertices` (`0x47b228`, the main projection of `0x40`-flagged vertices) and `REND_ProjectSharedVertices` (`0x478dac`, the parent's `0x80`-flagged shared vertices used by bridging children); clipped polygons, lighting and env…\n\n[docs/models.md > Addresses, and the 220] The `0x14` was pinned from the binary, not guessed: `REND_TransformClipVertices` (`0x478c2c`) reads the vertex count at node `+0x7c` and the array at node `+0x80` with stride `0x28`, which are exactly `+0x90` and `+0x94` of this header.\n\n[docs/models.md > Engine Evaluation Math in `WINDREAM.EXE` [verified]] - `REND_TransformClipVertices` (`0x478c2c`) rigidly transforms every vertex of the node by the node matrix (there is no skinning or deformation) into camera space, and `REND_ProjectVertices` (`0x47b228`) projects the vertices flagged `0x40` to screen (`K/z`, x, y, outcodes). `REND_ProjectSharedVertices` (`0x478dac`) does both steps for the parent's vertices flagged `0x80`, the ones bridging children borrow, using the parent's matrix. $$V_{world} = ((R_{world} \times V_{local}) \gg 15) + T_{world}$$
CMT	91b28	plate	[NAME] Descriptive name. Transforms flagged vertices and projects them to screen. Sources: WINDREAM.EXE 00478dac REND_ProjectVertices via match_functions (caller 0.77, callees 1/1). Facts (tools/check_names.py): caller:00096178.\n\n[DOCS_SYNC]\n[docs/engine.md > What the game reads from the renderer **[verified]**] The render stage in `WINDREAM.EXE` writes, per node: composed camera-space rotation (`+0x58..+0x78`) and translation (`+0x4c..+0x54`) in `REND_DrawObject` (`0x47e498`); cull bits in `+0x0c` (`0x478980`); per-vertex camera-space xyz (`+0x10`), screen x/y (`+0x1c`/`+0x20`), `K/z` (`+0x24`) and outcode flags (`+0x00`) in `REND_TransformClipVertices` (`0x478c2c`), `REND_ProjectVertices` (`0x47b228`, the main projection of `0x40`-flagged vertices) and `REND_ProjectSharedVertices` (`0x478dac`, the parent's `0x80`-flagged shared vertices used by bridging children); clipped polygons, lighting and env…\n\n[docs/models.md > Engine Evaluation Math in `WINDREAM.EXE` [verified]] - `REND_TransformClipVertices` (`0x478c2c`) rigidly transforms every vertex of the node by the node matrix (there is no skinning or deformation) into camera space, and `REND_ProjectVertices` (`0x47b228`) projects the vertices flagged `0x40` to screen (`K/z`, x, y, outcodes). `REND_ProjectSharedVertices` (`0x478dac`) does both steps for the parent's vertices flagged `0x80`, the ones bridging children borrow, using the parent's matrix. $$V_{world} = ((R_{world} \times V_{local}) \gg 15) + T_{world}$$\n\n[docs/north-star.md > The renderer is free] Glide 2 takes screen-space vertices, so the 3dfx hook received geometry already transformed, projected, lit and clipped by the engine in fixed point for a 640x480 viewport (`REND_ProjectVertices`, `0x47b228`).
CMT	91d00	plate	[NAME] Descriptive name. For each 16-byte face normal (+0x98, count +0x94) stores n . eye in its fourth word, the value REND_CullFaces compares with the face's plane distance. Sources: WINDREAM.EXE 00478f80 REND_ComputeNormalDots via match_functions (caller 0.88, callees 1/1). Facts (tools/check_names.py): caller:00096178.
CMT	9209c	plate	[NAME] Descriptive name. Splits a face with one or two vertices behind the near plane (outcode 0x10) into new faces with interpolated UVs, pushed on the block's visible list. Sources: WINDREAM.EXE 00479320 REND_ClipFaceNear via match_functions (caller 0.71, callees 3/3). Facts (tools/check_names.py): size:5848.
CMT	93774	plate	[NAME] Descriptive name. Per face block: visible list = records; back-face test (normal eye_dot - face +0x30) and outcode rejection; near-crossing faces go to REND_ClipFaceNear, the rest flag their vertices 0x40. Sources: WINDREAM.EXE 0047b0bc REND_CullFaces via match_functions (callee 0.68, callees 1/1). Facts (tools/check_names.py): caller:00096178.\n\n[DOCS_SYNC]\n[docs/scene-geometry.md > The records, from the code that reads them] | `+0x00` | flags: 1 culled, 2 skipped, 8 recompute the normal | `REND_CullFaces` (`0x47b0bc`), rasterizers |\n\n[docs/scene-geometry.md > The records, from the code that reads them] | `+0x04` | next face in the block's visible list | the "self-pointer stepping by 68"; `REND_CullFaces` walks it |
CMT	93cf0	plate	[NAME] Descriptive name. Per-object lighting: light attenuation, flat/Gouraud shades. Sources: WINDREAM.EXE 0047b7e0 REND_LightObject via match_functions (slot 0.54, callees 6/6). Facts (tools/check_names.py): caller:00096178.\n\n[DOCS_SYNC]\n[docs/lighting.md > Light records and object shading] `REND_LightObject` (`0x47b7e0`) uses face/corner normals, full strength inside the inner radius, zero at/after the outer radius and attenuation between them.\n\n[docs/localized-build-symbols.md > What survived] | `Build_Obj_Lights_` | `0047b880` | `0047c580` | `0047b7e0` | `REND_LightObject` |\n\n[docs/models.md > Textures] The row is chosen at **runtime**: `WINDREAM.EXE` selects `31 - shade`, the shade coming from lighting in `REND_LightObject` (`0x47b7e0`).
CMT	95d54	plate	[NAME] Descriptive name. Sphere environment mapping: each visible face's UVs become the view-space corner normal scaled to texels, centred on 128.0 (0x800000). Runs when node +0x0d bit 8 is set. Sources: WINDREAM.EXE 0047e094 REND_ComputeEnvMapUVs via match_functions (caller 0.69, callees 1/1). Facts (tools/check_names.py): caller:00096178.\n\n[DOCS_SYNC]\n[docs/localized-build-symbols.md > What survived] | `Build_Obj_Env_Mapping_` | `0047e134` | `0047ef00` | `0047e094` | `REND_ComputeEnvMapUVs` |
CMT	96178	plate	[NAME] Descriptive name. Per-object render step. Sources: WINDREAM.EXE 0047e498 REND_DrawObject via match_functions (caller 0.93, callees 12/12). Facts (tools/check_names.py): call:00081258; caller:000963fc.\n\n[DOCS_SYNC]\n[docs/binary-edition-comparison.md > Which function differences look real?] The heuristic also placed Spanish `REND_DrawObject` at `0047f4cf`, whereas its surviving OMF `PUBDEF` names the true entry `0047f304`.\n\n[docs/engine.md > Renderer backends — a link-time choice with one hook **[verified]**] | per-object caller | `REND_DrawObject` `0x96178` | `REND_DrawObject` `0x47e498` |\n\n[docs/engine.md > Renderer backends — a link-time choice with one hook **[verified]**] - `REND_DrawObject` calls `(*hook)(object)` unless object flag `+0x0d & 0x10` is set. Every hook walks the object's face list at `+0xa4` and switches on the face type (`0x16`, `0x17`, `0x1c`, … and negative codes). Node `+0xc4` is the light count (`+0xc8` holds the light indices); when it is 0, `SW_DrawObjectFaces` rewrites face types `0x16`/`0x19` to `0x18`. An earlier revision called `+0xc4` and `+0xd0` vertex arrays; the vertex array is at `+0x80` (count `+0x7c`, `0x28` bytes each). Node `+0xd0` is the uniform shade used when its light count is zero; see *Lighting inputs* below.\n\n[docs/engine.md > What the game reads from the renderer **[verified]**] The render stage in `WINDREAM.EXE` writes, per node: composed camera-space rotation (`+0x58..+0x78`) and translation (`+0x4c..+0x54`) in `REND_DrawObject` (`0x47e498`); cull bits in `+0x0c` (`0x478980`); per-vertex camera-space xyz (`+0x10`), screen x/y (`+0x1c`/`+0x20`), `K/z` (`+0x24`) and outcode flags (`+0x00`) in `REND_TransformClipVertices` (`0x478c2c`), `REND_ProjectVertices` (`0x47b228`, the main projection of `0x40`-flagged vertices) and `REND_ProjectSharedVertices` (`0x478dac`, the parent's `0x80`-flagged shared vertices used by bridging children); clipped polygons, lighting and env…\n\n[docs/file-formats.md > `.DAN` — character and prop models (`DANF`)] Verified across 15,084 tracks and 142,806 keyframes in 780 clips from 159 distinct models with 0 invalid strides or nonmonotonic timestamps. - **Engine evaluation**: evaluated at runtime via Slerp (`MATH_QuatSlerp` (`0x45bf68`)) or Hermite spline, converted to local $3 \times 3$ rotation matrix (`MATH_QuatToMatrix` (`0x45bc28`)), and composed down the skeletal hierarchy (`REND_DrawObject` (`0x47e498`) via `MATH_MulMat3` (`0x45b86c`)).\n\n[docs/localized-build-symbols.md > What survived] | `Process_Obj_` | `0047e538` | `0047f304` | `0047e498` | `REND_DrawObject` |\n\n[docs/models.md > World transforms] Order and rounding both come from `WINDREAM.EXE` — the multiply in `MATH_MulMat3` (`0x45b86c`) and the parent add in `REND_DrawObject` (`0x47e498`).\n\n[docs/models.md > Engine Evaluation Math in `WINDREAM.EXE` [verified]] 3. **Hierarchical Transform Composition (`REND_DrawObject` (`0x47e498`))**:
CMT	963fc	plate	[NAME] Descriptive name. Walks the object tree and draws each node. Sources: WINDREAM.EXE 0047e700 REND_DrawScene via match_functions (caller 0.64, callees 4/4). Facts (tools/check_names.py): call:00096178.\n\n[DOCS_SYNC]\n[docs/localized-build-symbols.md > What survived] | `Process_Hierarchie_` | `0047e7a0` | `0047f59c` | `0047e700` | `REND_DrawScene` |\n\n[docs/models.md > Skeletal Pose Evaluation [partially verified]] In `WINDREAM.EXE` (`REND_DrawObject` (`0x47e498`), called for each node by the scene walk `REND_DrawScene` (`0x47e700`)), the local node rotation $R_{\text{local}}$ is replaced by $R_{\text{anim}}$, and world transforms are composed down the scene-graph hierarchy: $$R_{\text{world}} = (R_{\text{parent}} \cdot R_{\text{child}}) \gg 15$$ $$T_{\text{world}} = ((R_{\text{parent}} \cdot T_{\text{child}}) \gg 15) + T_{\text{parent}}$$\n\n[docs/scene-placement.md > Why all 95 scenes use tag 1] `REND_DrawScene` / `REND_DrawObject` (`0x47e700` / `0x47e498`) compose the visual node hierarchy and submit its own faces.
CMT	96a20	plate	[NAME] Descriptive name. Collects face triangles instead of rasterizing. Sources: WINDREAM.EXE 00478800 by the hook pairing in docs/engine.md (dead branch of REND_DrawFrame, flag 0x10501c). Facts (tools/check_names.py): const:80; const:a4; size:350.\n\n[DOCS_SYNC]\n[docs/engine.md > Renderer backends — a link-time choice with one hook **[verified]**] - **Dead third branch, both builds.** The frame functions test a byte flag (`0x10501c` / `0x4ac8c8`); when set, the hook would be `SW_CollectFaceTriangles` (`0x96a20` / `0x478800`). Nothing writes either flag and both initialise to 0, which is why the decompiler drops the branch as unreachable. The hook collects face triangles into the buffer at `0x6808e4`/`0x6808e8` instead of rasterizing them.\n\n[docs/engine.md > Renderer backends — a link-time choice with one hook **[verified]**] - The build pairs above were first made by hand; `tools/match_functions.py` (see `re-setup.md`) recovers five of the six independently, including `REND_DrawFrame`/`REND_DrawFrameEx` by call-slot alignment. `SW_CollectFaceTriangles` is only ever stored as a pointer, so the call graph cannot reach it. `REND_DrawFrameEx` takes an object handle and, in `WINDREAM.EXE`, resolves it through `0x455358` before the common frame path; the 3dfx build's extra call to `0x6f634` is not yet traced.
CMT	96b7e	plate	Watcom 10.6 runtime: __prtf_ (module prtf, 192 bytes, full match; dreamsfx.csv).
CMT	9775c	plate	Watcom 10.6 runtime: __CMain (module cmain386, 79 bytes, full match; dreamsfx.csv).
CMT	977ac	plate	Watcom 10.6 runtime: __InitRtns (module inirt386, 75 bytes, full match; dreamsfx.csv).
CMT	977f7	plate	Watcom 10.6 runtime: __FiniRtns (module inirt386, 79 bytes, full match; dreamsfx.csv).
CMT	97862	plate	Watcom 10.6 runtime: __sys_init_387_emulator (module dosinite, 192 bytes, full match; dreamsfx.csv).
CMT	979e7	plate	Watcom 10.6 runtime: __sys_fini_387_emulator (module dosinite, 192 bytes, full match; dreamsfx.csv).
CMT	97ac6	plate	Watcom 10.6 runtime: __init_8087_ (module chk8087, 49 bytes, full match; dreamsfx.csv).
CMT	97b01	plate	Watcom 10.6 runtime: __chk8087_ (module chk8087, 74 bytes, full match; dreamsfx.csv).
CMT	97b4c	plate	Watcom 10.6 runtime: __doserror_ (module error386, 19 bytes, full match; dreamsfx.csv).
CMT	97b60	plate	Watcom 10.6 runtime: IF@ACOS (module acos387, 35 bytes, full match; dreamsfx.csv).
CMT	97b90	plate	Watcom 10.6 runtime: IF@POW (module pow387, 192 bytes, full match; dreamsfx.csv).
CMT	97ce6	plate	Watcom 10.6 runtime: pow_ (module pow387, 16 bytes, full match; dreamsfx.csv).
CMT	97cf6	plate	Watcom 10.6 runtime: _mbsnccnt_ (module mbncnt, 62 bytes, full match; dreamsfx.csv).
CMT	97d34	plate	Watcom 10.6 runtime: _mbsnbcnt_ (module mbncnt, 49 bytes, full match; dreamsfx.csv).
CMT	97d65	plate	Watcom 10.6 runtime: _mbsninc_ (module mbncnt, 25 bytes, full match; dreamsfx.csv).
CMT	97d7e	plate	Watcom 10.6 runtime: __mbsninc_ (module mbncnt, 69 bytes, full match; dreamsfx.csv).
CMT	97dc3	plate	Watcom 10.6 runtime: _mbscat_ (module mbscat, 81 bytes, full match; dreamsfx.csv).
CMT	97e14	plate	Watcom 10.6 runtime: _mbscpy_ (module mbscat, 31 bytes, full match; dreamsfx.csv).
CMT	97e33	plate	Watcom 10.6 runtime: _mbsdup_ (module mbscat, 65 bytes, full match; dreamsfx.csv).
CMT	97e74	plate	Watcom 10.6 runtime: _mbsncat_ (module mbscat, 93 bytes, full match; dreamsfx.csv).
CMT	97ed1	plate	Watcom 10.6 runtime: _mbsnbcat_ (module mbscat, 192 bytes, full match; dreamsfx.csv).
CMT	97fc3	plate	Watcom 10.6 runtime: _mbsncpy_ (module mbscat, 31 bytes, full match; dreamsfx.csv).
CMT	97fe2	plate	Watcom 10.6 runtime: _mbsnbcpy_ (module mbscat, 180 bytes, full match; dreamsfx.csv).
CMT	98096	plate	Watcom 10.6 runtime: _mbptov_ (module mbconv, 62 bytes, full match; dreamsfx.csv).
CMT	980d4	plate	Watcom 10.6 runtime: _mbvtop_ (module mbconv, 26 bytes, full match; dreamsfx.csv).
CMT	980ee	plate	Watcom 10.6 runtime: __mbvtop_ (module mbconv, 52 bytes, full match; dreamsfx.csv).
CMT	9825d	plate	Watcom 10.6 runtime: isatty_ (module isatt, 39 bytes, full match; dreamsfx.csv).
CMT	9829c	plate	Watcom 10.6 runtime: __set_EINVAL_ (module seterrno, 16 bytes, full match; dreamsfx.csv).
CMT	982c3	plate	Watcom 10.6 runtime: __set_errno_dos_ (module dosret, 113 bytes, full match; dreamsfx.csv).
CMT	98334	plate	Watcom 10.6 runtime: __IOMode_ (module iomode, 85 bytes, full match; dreamsfx.csv).
CMT	98389	plate	Watcom 10.6 runtime: __SetIOMode_ (module iomode, 21 bytes, full match; dreamsfx.csv).
CMT	9839e	plate	Watcom 10.6 runtime: __close_ (module _clse, 53 bytes, full match; dreamsfx.csv).
CMT	983d3	plate	Watcom 10.6 runtime: segread_ (module segread, 40 bytes, full match; dreamsfx.csv).
CMT	983fb	plate	Watcom 10.6 runtime: __flush_ (module flush, 192 bytes, full match; dreamsfx.csv).
CMT	984d9	plate	Watcom 10.6 runtime: __flushall_ (module flushall, 47 bytes, full match; dreamsfx.csv).
CMT	98884	plate	Watcom 10.6 runtime: __MemAllocator (module memalloc, 168 bytes, full match; dreamsfx.csv).
CMT	9892c	plate	Watcom 10.6 runtime: __MemFree (module memalloc, 192 bytes, full match; dreamsfx.csv).
CMT	98a88	plate	Watcom 10.6 runtime: __FreeDPMIBlocks_ (module grownear, 92 bytes, full match; dreamsfx.csv).
CMT	98ae4	plate	Watcom 10.6 runtime: __ReAllocDPMIBlock_ (module grownear, 192 bytes, full match; dreamsfx.csv).
CMT	98c57	plate	Watcom 10.6 runtime: __LastFree_ (module grownear, 192 bytes, full match; dreamsfx.csv).
CMT	98e28	plate	Watcom 10.6 runtime: __ExpandDGROUP_ (module grownear, 192 bytes, full match; dreamsfx.csv).
CMT	99002	plate	Watcom 10.6 runtime: __allocfp_ (module allocfp, 166 bytes, full match; dreamsfx.csv).
CMT	990a8	plate	Watcom 10.6 runtime: __freefp_ (module allocfp, 57 bytes, full match; dreamsfx.csv).
CMT	990e1	plate	Watcom 10.6 runtime: __purgefp_ (module allocfp, 30 bytes, full match; dreamsfx.csv).
CMT	990ff	plate	Watcom 10.6 runtime: __chktty_ (module chktty, 49 bytes, full match; dreamsfx.csv).
CMT	99130	plate	Watcom 10.6 runtime: __ioalloc_ (module ioalloc, 119 bytes, full match; dreamsfx.csv).
CMT	991a7	plate	Watcom 10.6 runtime: __qwrite_ (module qwrit, 116 bytes, full match; dreamsfx.csv).
CMT	99227	plate	Watcom 10.6 runtime: fputc_ (module fputc, 164 bytes, full match; dreamsfx.csv).
CMT	992d2	plate	Watcom 10.6 runtime: __int386x_ (module intxa386, 93 bytes, full match; dreamsfx.csv).
CMT	9932f	plate	Watcom 10.6 runtime: _DoINTR_ (module intxa386, 192 bytes, full match; dreamsfx.csv).
CMT	996b0	plate	Watcom 10.6 runtime: __delay_init_ (module delay, 50 bytes, full match; dreamsfx.csv).
CMT	996e2	plate	Watcom 10.6 runtime: __delay_ (module delay, 54 bytes, full match; dreamsfx.csv).
CMT	99718	plate	Watcom 10.6 runtime: _getvideoconfig_ (module getconfr, 34 bytes, full match; dreamsfx.csv).
CMT	9973a	plate	Watcom 10.6 runtime: _CalcNumPages_ (module getconfr, 117 bytes, full match; dreamsfx.csv).
CMT	997af	plate	Watcom 10.6 runtime: _GetState_ (module getconfr, 192 bytes, full match; dreamsfx.csv).
CMT	998db	plate	Watcom 10.6 runtime: _InitState_ (module getconfr, 137 bytes, full match; dreamsfx.csv).
CMT	99964	plate	Watcom 10.6 runtime: _GrInit_ (module getconfr, 113 bytes, full match; dreamsfx.csv).
CMT	999d5	plate	Watcom 10.6 runtime: _CursorOn_ (module cursorr, 46 bytes, full match; dreamsfx.csv).
CMT	99a03	plate	Watcom 10.6 runtime: _CursorOff_ (module cursorr, 192 bytes, full match; dreamsfx.csv).
CMT	99b30	plate	Watcom 10.6 runtime: _GraphMode, _GraphMode_ (module devutilsr, 36 bytes, full match; dreamsfx.csv).
CMT	99b54	plate	Watcom 10.6 runtime: _GrProlog, _GrProlog_ (module devutilsr, 36 bytes, full match; dreamsfx.csv).
CMT	99bc0	plate	Watcom 10.6 runtime: _getplotaction, _getplotaction_ (module plotactnr, 44 bytes, full match; dreamsfx.csv).
CMT	99bec	plate	Watcom 10.6 runtime: _setplotaction_ (module plotactnr, 81 bytes, full match; dreamsfx.csv).
CMT	99c3d	plate	Watcom 10.6 runtime: _getfillmask_ (module fillmaskr, 42 bytes, full match; dreamsfx.csv).
CMT	99c67	plate	Watcom 10.6 runtime: _setfillmask_ (module fillmaskr, 119 bytes, full match; dreamsfx.csv).
CMT	99ce5	plate	Watcom 10.6 runtime: _setcolor_ (module colorr, 30 bytes, full match; dreamsfx.csv).
CMT	99d03	plate	Watcom 10.6 runtime: _L2setcolor_ (module colorr, 30 bytes, full match; dreamsfx.csv).
CMT	99d21	plate	Watcom 10.6 runtime: _L1Block_ (module l1blockr, 73 bytes, full match; dreamsfx.csv).
CMT	99d6a	plate	Watcom 10.6 runtime: getenv_ (module getenv, 97 bytes, full match; dreamsfx.csv).
CMT	9b323	plate	[NAME] Descriptive name. Implementation of AIL_call_driver: fills a DPMI real-mode register block and calls the driver through INT 31h function 0300h on interrupt 66h (the Miles real-mode driver interrupt). Sources: its caller AIL_call_driver (0008f3c0, recovered) wraps it; Miles names its implementation layer AIL_API_* (string AIL_API_read_INI in the binary); previously AIL_CallDriver. Facts (tools/check_names.py): caller:0008f3c0; const:300; const:66.\n\n[DOCS_SYNC]\n[docs/engine.md > DOS builds: no joystick code **[verified]**] What the DOS executable does touch: PIT `0x40/0x43` and `INT 21h` vector 08 (timer), port `0x60`, `INT 16h` and vector 09 (keyboard), PIC `0x20`, VGA `0x3da` and SVGA chipset probes, `INT 2Fh` `1684/1686` (Windows/DPMI detection) and real-mode **`INT 66h`, the Miles Sound System (AIL 3) driver call**: `AIL_API_call_driver` (`0x9b323`) issues it through DPMI `INT 31h` function `0300h`.
CMT	9b77a	plate	Watcom 10.6 runtime: time_ (module time, 47 bytes, full match; dreamsfx.csv).
CMT	9b7a9	plate	Watcom 10.6 runtime: _localtime_ (module localtim, 81 bytes, full match; dreamsfx.csv).
CMT	9b83a	plate	Watcom 10.6 runtime: _asctime_ (module asctime, 192 bytes, full match; dreamsfx.csv).
CMT	9b927	plate	Watcom 10.6 runtime: _ctime_ (module asctime, 25 bytes, full match; dreamsfx.csv).
CMT	a4f7f	plate	Watcom 10.6 runtime: __fatal_runtime_error_ (module xmsg, 29 bytes, full match; dreamsfx.csv).
CMT	a4fa0	plate	[NAME] CryoLib code. CryoLib HNM6 decoder linked into the game; see docs/cryolib.md. Sources: WINDREAM.EXE 0047eb70 HNM6_InitTables via match_functions (code 1.00, callees 0/0). Facts (tools/check_names.py): size:216.\n\n[DOCS_SYNC]\n[docs/cryolib.md > The game carries CryoLib's HNM6 decoder **[verified]**] | `0x47eb70` `HNM6_InitTables` | `0x1002ad7c` | byte-identical | descriptive |
CMT	a5078	plate	[NAME] CryoLib code. CryoLib HNM6 decoder linked into the game; see docs/cryolib.md. Sources: WINDREAM.EXE 0047ec48 HNM6_InitColorTables565 via match_functions (code 1.00, callees 0/0). Facts (tools/check_names.py): size:164.\n\n[DOCS_SYNC]\n[docs/cryolib.md > The game carries CryoLib's HNM6 decoder **[verified]**] | `0x47ec48` `HNM6_InitColorTables565` | `0x1002ae54` | byte-identical | descriptive: `R<<11` |
CMT	a511c	plate	[NAME] CryoLib code. CryoLib HNM6 decoder linked into the game; see docs/cryolib.md. Sources: WINDREAM.EXE 0047ecec HNM6_InitColorTables555 via match_functions (code 1.00, callees 0/0). Facts (tools/check_names.py): size:166.\n\n[DOCS_SYNC]\n[docs/cryolib.md > The game carries CryoLib's HNM6 decoder **[verified]**] | `0x47ecec` `HNM6_InitColorTables555` | `0x1002aef8` | byte-identical | descriptive: `R<<10` |
CMT	a51c4	plate	[NAME] CryoLib code. CryoLib HNM6 decoder linked into the game; see docs/cryolib.md. Sources: WINDREAM.EXE 0047ed94 HNM6_SetQuality via match_functions (code 1.00, callees 0/0). Facts (tools/check_names.py): size:309.\n\n[DOCS_SYNC]\n[docs/cryolib.md > The game carries CryoLib's HNM6 decoder **[verified]**] | `0x47ed94` `HNM6_SetQuality` | `0x1002afa0` | byte-identical | descriptive: JPEG quality formula |\n\n[docs/cryolib.md > The game carries CryoLib's HNM6 decoder **[verified]**] `HNM6_SetQuality` scales two 64-entry quantisation tables by `q < 50 ? 5000/q : 200 − 2q`, clamped to 8–255, which is the IJG JPEG formula.
CMT	a52fc	plate	[NAME] CryoLib code. CryoLib HNM6 decoder linked into the game; see docs/cryolib.md. Sources: WINDREAM.EXE 0047eecc HNM6_UnpackNibbles via match_functions (code 1.00, callees 0/0). Facts (tools/check_names.py): size:183.\n\n[DOCS_SYNC]\n[docs/cryolib.md > The game carries CryoLib's HNM6 decoder **[verified]**] | `0x47eecc` `HNM6_UnpackNibbles` | `0x1002b0d8` | byte-identical | descriptive |
CMT	a53b3	plate	[NAME] CryoLib code. CryoLib HNM6 decoder linked into the game; see docs/cryolib.md. Sources: WINDREAM.EXE 0047ef83 HNM6_DecodeCoefficients via match_functions (code 1.00, callees 0/0). Facts (tools/check_names.py): size:2193.\n\n[DOCS_SYNC]\n[docs/cryolib.md > The game carries CryoLib's HNM6 decoder **[verified]**] Their data operands point to byte-identical tables, with two exceptions, both explained: - The jump tables of `HNM6_DecodeCoefficients`: all 348 entries land at the same offset inside the paired function. - The dispatch table of `HNM6_DecodeIntraBlock4x2` (`0x4818a0`): it points to the game's block-copy handlers, which are rebuilt for the wider row (`[esi+0x400]` → `[esi+0x500]`).\n\n[docs/cryolib.md > The game carries CryoLib's HNM6 decoder **[verified]**] | `0x47ef83` `HNM6_DecodeCoefficients` | `0x1002b18f` | byte-identical | descriptive |
CMT	a5c44	plate	[NAME] Descriptive name. 8x8 YUV to RGB16 store. Sources: WINDREAM.EXE 0047f814 HNM6_StoreBlockRGB16 via match_functions (code 1.00, callees 0/0). Facts (tools/check_names.py): caller:000a5ec4.\n\n[DOCS_SYNC]\n[docs/cryolib.md > The game carries CryoLib's HNM6 decoder **[verified]**] The routines are the two frame block loops, `HNM6_DecodeInterFrame` (`0x4802c4`) and `HNM6_DecodeIntraFrame` (`0x4813d4`); the inter block decoders `HNM6_DecodeInterBlock4x4` (`0x480d70`), `HNM6_DecodeInterBlock4x2` (`0x480fd4`), `HNM6_DecodeInterBlock2x4` (`0x481138`) and the 2×2 leaf `HNM6_DecodeInterBlock2x2` (`0x4812b8`); and the intra 8×8 block decoder `HNM6_DecodeIntraBlock8x8` (`0x481448`). - The 8×8 YUV-to-RGB16 store `HNM6_StoreBlockRGB16` (`0x47f814`) has its row step changed and its copy loop rewritten without FPU moves. - CryoLib keeps two identical copies of each top-level loop; …\n\n[PORT_MAP] adapted | partial\nopendreams/shared/port/hnm6.cpp :: od::port::HNM6_StoreBlockRGB16\nRemaining: Audit low-bit U shift and IDCT rounding against retail raw frames, 555 mode and optional duplicate-block side effects.\nOwner reviewed: no
CMT	a5ec4	plate	[NAME] CryoLib code. CryoLib HNM6 decoder linked into the game; see docs/cryolib.md. Sources: WINDREAM.EXE 0047fa94 HNM6_DecodeMacroblock via match_functions (code 1.00, callees 3/3). Facts (tools/check_names.py): call:000a5c44; caller:000a7878.\n\n[DOCS_SYNC]\n[docs/cryolib.md > The game carries CryoLib's HNM6 decoder **[verified]**] | `0x47fa94` `HNM6_DecodeMacroblock` | `0x1002bb68` | byte-identical | descriptive |
CMT	a5f50	plate	[NAME] CryoLib code. CryoLib HNM6 decoder linked into the game; see docs/cryolib.md. Sources: WINDREAM.EXE 0047fb20 HNM6_IDCT8x8 via match_functions (code 1.00, callees 0/0). Facts (tools/check_names.py): size:1695.\n\n[DOCS_SYNC]\n[docs/cryolib.md > The game carries CryoLib's HNM6 decoder **[verified]**] | `0x47fb20` `HNM6_IDCT8x8` | `0x1002bbae` | instruction-identical | descriptive |
CMT	a66f4	plate	[NAME] Descriptive name. Inter frame block loop. Sources: WINDREAM.EXE 004802c4 HNM6_DecodeInterFrame via match_functions (code 1.00, callees 1/1). Facts (tools/check_names.py): call:000a676c; caller:00090040.\n\n[DOCS_SYNC]\n[docs/cryolib.md > The game carries CryoLib's HNM6 decoder **[verified]**] The routines are the two frame block loops, `HNM6_DecodeInterFrame` (`0x4802c4`) and `HNM6_DecodeIntraFrame` (`0x4813d4`); the inter block decoders `HNM6_DecodeInterBlock4x4` (`0x480d70`), `HNM6_DecodeInterBlock4x2` (`0x480fd4`), `HNM6_DecodeInterBlock2x4` (`0x481138`) and the 2×2 leaf `HNM6_DecodeInterBlock2x2` (`0x4812b8`); and the intra 8×8 block decoder `HNM6_DecodeIntraBlock8x8` (`0x481448`). - The 8×8 YUV-to-RGB16 store `HNM6_StoreBlockRGB16` (`0x47f814`) has its row step changed and its copy loop rewritten without FPU moves. - CryoLib keeps two identical copies of each top-level loop; …
CMT	a71a0	plate	[NAME] Descriptive name. Inter 4x4 block. Sources: WINDREAM.EXE 00480d70 HNM6_DecodeInterBlock4x4 via match_functions (code 1.00, callees 3/3). Facts (tools/check_names.py): call:000a7404; call:000a7568; call:000a76e8.\n\n[DOCS_SYNC]\n[docs/cryolib.md > The game carries CryoLib's HNM6 decoder **[verified]**] The routines are the two frame block loops, `HNM6_DecodeInterFrame` (`0x4802c4`) and `HNM6_DecodeIntraFrame` (`0x4813d4`); the inter block decoders `HNM6_DecodeInterBlock4x4` (`0x480d70`), `HNM6_DecodeInterBlock4x2` (`0x480fd4`), `HNM6_DecodeInterBlock2x4` (`0x481138`) and the 2×2 leaf `HNM6_DecodeInterBlock2x2` (`0x4812b8`); and the intra 8×8 block decoder `HNM6_DecodeIntraBlock8x8` (`0x481448`). - The 8×8 YUV-to-RGB16 store `HNM6_StoreBlockRGB16` (`0x47f814`) has its row step changed and its copy loop rewritten without FPU moves. - CryoLib keeps two identical copies of each top-level loop; …
CMT	a7404	plate	[NAME] Descriptive name. Inter 4x2 block. Sources: WINDREAM.EXE 00480fd4 HNM6_DecodeInterBlock4x2 via match_functions (code 1.00, callees 1/1). Facts (tools/check_names.py): call:000a76e8; caller:000a71a0.\n\n[DOCS_SYNC]\n[docs/cryolib.md > The game carries CryoLib's HNM6 decoder **[verified]**] The routines are the two frame block loops, `HNM6_DecodeInterFrame` (`0x4802c4`) and `HNM6_DecodeIntraFrame` (`0x4813d4`); the inter block decoders `HNM6_DecodeInterBlock4x4` (`0x480d70`), `HNM6_DecodeInterBlock4x2` (`0x480fd4`), `HNM6_DecodeInterBlock2x4` (`0x481138`) and the 2×2 leaf `HNM6_DecodeInterBlock2x2` (`0x4812b8`); and the intra 8×8 block decoder `HNM6_DecodeIntraBlock8x8` (`0x481448`). - The 8×8 YUV-to-RGB16 store `HNM6_StoreBlockRGB16` (`0x47f814`) has its row step changed and its copy loop rewritten without FPU moves. - CryoLib keeps two identical copies of each top-level loop; …
CMT	a7568	plate	[NAME] Descriptive name. Inter 2x4 block. Sources: WINDREAM.EXE 00481138 HNM6_DecodeInterBlock2x4 via match_functions (code 1.00, callees 1/1). Facts (tools/check_names.py): call:000a76e8; caller:000a71a0.\n\n[DOCS_SYNC]\n[docs/cryolib.md > The game carries CryoLib's HNM6 decoder **[verified]**] The routines are the two frame block loops, `HNM6_DecodeInterFrame` (`0x4802c4`) and `HNM6_DecodeIntraFrame` (`0x4813d4`); the inter block decoders `HNM6_DecodeInterBlock4x4` (`0x480d70`), `HNM6_DecodeInterBlock4x2` (`0x480fd4`), `HNM6_DecodeInterBlock2x4` (`0x481138`) and the 2×2 leaf `HNM6_DecodeInterBlock2x2` (`0x4812b8`); and the intra 8×8 block decoder `HNM6_DecodeIntraBlock8x8` (`0x481448`). - The 8×8 YUV-to-RGB16 store `HNM6_StoreBlockRGB16` (`0x47f814`) has its row step changed and its copy loop rewritten without FPU moves. - CryoLib keeps two identical copies of each top-level loop; …
CMT	a76e8	plate	[NAME] Descriptive name. Inter 2x2 leaf. Sources: WINDREAM.EXE 004812b8 HNM6_DecodeInterBlock2x2 via match_functions (code 1.00, callees 0/0). Facts (tools/check_names.py): caller:000a7404; caller:000a7568.\n\n[DOCS_SYNC]\n[docs/cryolib.md > The game carries CryoLib's HNM6 decoder **[verified]**] The routines are the two frame block loops, `HNM6_DecodeInterFrame` (`0x4802c4`) and `HNM6_DecodeIntraFrame` (`0x4813d4`); the inter block decoders `HNM6_DecodeInterBlock4x4` (`0x480d70`), `HNM6_DecodeInterBlock4x2` (`0x480fd4`), `HNM6_DecodeInterBlock2x4` (`0x481138`) and the 2×2 leaf `HNM6_DecodeInterBlock2x2` (`0x4812b8`); and the intra 8×8 block decoder `HNM6_DecodeIntraBlock8x8` (`0x481448`). - The 8×8 YUV-to-RGB16 store `HNM6_StoreBlockRGB16` (`0x47f814`) has its row step changed and its copy loop rewritten without FPU moves. - CryoLib keeps two identical copies of each top-level loop; …
CMT	a7804	plate	[NAME] Descriptive name. Intra frame block loop. Sources: WINDREAM.EXE 004813d4 HNM6_DecodeIntraFrame via match_functions (code 1.00, callees 1/1). Facts (tools/check_names.py): call:000a7878; caller:00090040.\n\n[DOCS_SYNC]\n[docs/cryolib.md > The game carries CryoLib's HNM6 decoder **[verified]**] The routines are the two frame block loops, `HNM6_DecodeInterFrame` (`0x4802c4`) and `HNM6_DecodeIntraFrame` (`0x4813d4`); the inter block decoders `HNM6_DecodeInterBlock4x4` (`0x480d70`), `HNM6_DecodeInterBlock4x2` (`0x480fd4`), `HNM6_DecodeInterBlock2x4` (`0x481138`) and the 2×2 leaf `HNM6_DecodeInterBlock2x2` (`0x4812b8`); and the intra 8×8 block decoder `HNM6_DecodeIntraBlock8x8` (`0x481448`). - The 8×8 YUV-to-RGB16 store `HNM6_StoreBlockRGB16` (`0x47f814`) has its row step changed and its copy loop rewritten without FPU moves. - CryoLib keeps two identical copies of each top-level loop; …
CMT	a7878	plate	[NAME] Descriptive name. Intra 8x8 block. Sources: WINDREAM.EXE 00481448 HNM6_DecodeIntraBlock8x8 via match_functions (code 1.00, callees 4/4). Facts (tools/check_names.py): call:000a5ec4; call:000a7ae4; caller:000a7804.\n\n[DOCS_SYNC]\n[docs/cryolib.md > The game carries CryoLib's HNM6 decoder **[verified]**] The routines are the two frame block loops, `HNM6_DecodeInterFrame` (`0x4802c4`) and `HNM6_DecodeIntraFrame` (`0x4813d4`); the inter block decoders `HNM6_DecodeInterBlock4x4` (`0x480d70`), `HNM6_DecodeInterBlock4x2` (`0x480fd4`), `HNM6_DecodeInterBlock2x4` (`0x481138`) and the 2×2 leaf `HNM6_DecodeInterBlock2x2` (`0x4812b8`); and the intra 8×8 block decoder `HNM6_DecodeIntraBlock8x8` (`0x481448`). - The 8×8 YUV-to-RGB16 store `HNM6_StoreBlockRGB16` (`0x47f814`) has its row step changed and its copy loop rewritten without FPU moves. - CryoLib keeps two identical copies of each top-level loop; …
CMT	a7cd0	plate	[NAME] Descriptive name. Intra 4x2 sub-block. Sources: WINDREAM.EXE 004818a0 HNM6_DecodeIntraBlock4x2 via match_functions (code 1.00, callees 0/0). Facts (tools/check_names.py): caller:000a7ae4.\n\n[DOCS_SYNC]\n[docs/cryolib.md > The game carries CryoLib's HNM6 decoder **[verified]**] Their data operands point to byte-identical tables, with two exceptions, both explained: - The jump tables of `HNM6_DecodeCoefficients`: all 348 entries land at the same offset inside the paired function. - The dispatch table of `HNM6_DecodeIntraBlock4x2` (`0x4818a0`): it points to the game's block-copy handlers, which are rebuilt for the wider row (`[esi+0x400]` → `[esi+0x500]`).\n\n[docs/cryolib.md > The game carries CryoLib's HNM6 decoder **[verified]**] | `0x4818a0` `HNM6_DecodeIntraBlock4x2` | `0x10032b30` | byte-identical | descriptive: intra 4×2 sub-block decoder, called from `0x4816b4` |
CMT	a7da8	plate	[NAME] Descriptive name. Intra 2x4 sub-block. Sources: WINDREAM.EXE 00481978 HNM6_DecodeIntraBlock2x4 via match_functions (code 1.00, callees 0/0). Facts (tools/check_names.py): caller:000a7ae4.\n\n[DOCS_SYNC]\n[docs/cryolib.md > The game carries CryoLib's HNM6 decoder **[verified]**] | `0x481978` `HNM6_DecodeIntraBlock2x4` | `0x10032c08` | instruction-identical | descriptive: intra 2×4 sub-block decoder, called from `0x4816b4` |
CMT	ab64b	plate	Watcom 10.6 runtime: sbrk_ (module sbrk386, 192 bytes, full match; dreamsfx.csv).
CMT	ab713	plate	Watcom 10.6 runtime: __brk_ (module sbrk386, 192 bytes, full match; dreamsfx.csv).
CMT	ab7f0	plate	Watcom 10.6 runtime: _expand_ (module nexpand, 56 bytes, full match; dreamsfx.csv).
CMT	ab828	plate	Watcom 10.6 runtime: __HeapManager_expand_ (module nexpand, 192 bytes, full match; dreamsfx.csv).
CMT	aba20	plate	Watcom 10.6 runtime: __qread_ (module qread, 31 bytes, full match; dreamsfx.csv).
CMT	aba3f	plate	Watcom 10.6 runtime: fgetc_ (module fgetc, 137 bytes, full match; dreamsfx.csv).
CMT	abac8	plate	Watcom 10.6 runtime: __filbuf_ (module fgetc, 47 bytes, full match; dreamsfx.csv).
CMT	abaf7	plate	Watcom 10.6 runtime: __fill_buffer_ (module fgetc, 172 bytes, full match; dreamsfx.csv).
CMT	abba3	plate	Watcom 10.6 runtime: unlink_ (module unlnk, 33 bytes, full match; dreamsfx.csv).
CMT	abbc4	plate	Watcom 10.6 runtime: ungetc_ (module ungetc, 130 bytes, full match; dreamsfx.csv).
CMT	abc55	plate	Watcom 10.6 runtime: __scnf_ (module scnf, 192 bytes, full match; dreamsfx.csv).
CMT	ac878	plate	Watcom 10.6 runtime: modf_ (module modf387, 25 bytes, full match; dreamsfx.csv).
CMT	ac990	plate	Watcom 10.6 runtime: _Not_Enough_Memory_ (module nomem, 18 bytes, full match; dreamsfx.csv).
CMT	ac9c7	plate	Watcom 10.6 runtime: ultoa_, utoa_ (module itoa, 74 bytes, core match; dreamsfx.csv).
CMT	aca11	plate	Watcom 10.6 runtime: _itoa_, _ltoa_ (module itoa, 27 bytes, full match; dreamsfx.csv).
CMT	aca3a	plate	Watcom 10.6 runtime: __InitFiles_ (module initfile, 119 bytes, full match; dreamsfx.csv).
CMT	acabd	plate	Watcom 10.6 runtime: fcloseall_ (module ioexit, 93 bytes, full match; dreamsfx.csv).
CMT	acb1a	plate	Watcom 10.6 runtime: __CommonInit_ (module cinit, 105 bytes, full match; dreamsfx.csv).
CMT	acb83	plate	Watcom 10.6 runtime: _EFG_Format_ (module efgfmt, 192 bytes, full match; dreamsfx.csv).
CMT	ad054	plate	Watcom 10.6 runtime: __int7_pl3 (module emu387, 36 bytes, full match; dreamsfx.csv).
CMT	ad078	plate	Watcom 10.6 runtime: __int7_X32VM (module emu387, 76 bytes, full match; dreamsfx.csv).
CMT	ad0c4	plate	Watcom 10.6 runtime: __int7 (module emu387, 192 bytes, full match; dreamsfx.csv).
CMT	ae80c	plate	Watcom 10.6 runtime: __FLDA (module 386flda, 42 bytes, full match; dreamsfx.csv).
CMT	ae836	plate	Watcom 10.6 runtime: __FLDAC (module 386flda, 48 bytes, full match; dreamsfx.csv).
CMT	aea6b	plate	Watcom 10.6 runtime: __FLDD, __FLDM (module 386fldd, 42 bytes, full match; dreamsfx.csv).
CMT	aec40	plate	Watcom 10.6 runtime: __FLDD, __FLDM (module 386fldd, 42 bytes, full match; dreamsfx.csv).
CMT	aff02	plate	Watcom 10.6 runtime: __hook387 (module hook387, 192 bytes, full match; dreamsfx.csv).
CMT	affd6	plate	Watcom 10.6 runtime: __unhook387 (module hook387, 89 bytes, full match; dreamsfx.csv).
CMT	b0030	plate	Watcom 10.6 runtime: __init_80x87 (module ini87386, 39 bytes, full match; dreamsfx.csv).
CMT	b0058	plate	Watcom 10.6 runtime: IF@DATAN (module atan387, 21 bytes, full match; dreamsfx.csv).
CMT	b006d	plate	Watcom 10.6 runtime: IF@DATAN2 (module atan387, 21 bytes, full match; dreamsfx.csv).
CMT	b008e	plate	Watcom 10.6 runtime: atan2_ (module atan387, 16 bytes, full match; dreamsfx.csv).
CMT	b009e	plate	Watcom 10.6 runtime: sqrt_ (module sqrt387, 48 bytes, full match; dreamsfx.csv).
CMT	b00d0	plate	Watcom 10.6 runtime: __@DSQRT (module sqrt387, 53 bytes, full match; dreamsfx.csv).
CMT	b0106	plate	Watcom 10.6 runtime: __pow87_err_ (module pow87e, 137 bytes, full match; dreamsfx.csv).
CMT	b019a	plate	Watcom 10.6 runtime: __@DEXP (module exp387, 96 bytes, full match; dreamsfx.csv).
CMT	b031f	plate	Watcom 10.6 runtime: __fdiv_fpr (module chipd32, 192 bytes, full match; dreamsfx.csv).
CMT	b07bb	plate	Library Function - Single Match\n __fdivp_sti_st\n\nLibrary: Visual Studio
CMT	b07e1	plate	Watcom 10.6 runtime: __fdiv_chk (module chipd32, 19 bytes, full match; dreamsfx.csv).
CMT	b07f4	plate	Watcom 10.6 runtime: __fdiv_m32 (module chipd32, 76 bytes, full match; dreamsfx.csv).
CMT	b0840	plate	Library Function - Single Match\n __adj_fdiv_m64\n\nLibraries: Visual Studio 1998 Debug, Visual Studio 1998 Release, Visual Studio 2003 Debug, Visual Studio 2003 Release\n\nWatcom 10.6 runtime: __fdiv_m64 (module chipd32, 76 bytes, full match; dreamsfx.csv).
CMT	b088c	plate	Watcom 10.6 runtime: __fdiv_m32r (module chipd32, 76 bytes, full match; dreamsfx.csv).
CMT	b08d8	plate	Watcom 10.6 runtime: __fdiv_m64r (module chipd32, 76 bytes, full match; dreamsfx.csv).
CMT	b0924	plate	Watcom 10.6 runtime: _mbgetcode_ (module mbsinc, 109 bytes, full match; dreamsfx.csv).
CMT	b0991	plate	Watcom 10.6 runtime: _mbsnextc_ (module mbsinc, 82 bytes, full match; dreamsfx.csv).
CMT	b09e3	plate	Watcom 10.6 runtime: _mbsinc_ (module mbsinc, 70 bytes, full match; dreamsfx.csv).
CMT	b0a29	plate	Watcom 10.6 runtime: _mbsdec_ (module mbsinc, 134 bytes, full match; dreamsfx.csv).
CMT	b0aaf	plate	Watcom 10.6 runtime: strncat_ (module strncat, 63 bytes, full match; dreamsfx.csv).
CMT	b0c1f	plate	Watcom 10.6 runtime: _SysMonType_ (module sysmtyper, 192 bytes, full match; dreamsfx.csv).
CMT	b0ed8	plate	Watcom 10.6 runtime: _InitSegments_ (module seginitr, 192 bytes, full match; dreamsfx.csv).
CMT	b0fcc	plate	Watcom 10.6 runtime: _L1SLine_ (module l1liner, 65 bytes, full match; dreamsfx.csv).
CMT	b100d	plate	Watcom 10.6 runtime: _L1Line_ (module l1liner, 192 bytes, full match; dreamsfx.csv).
CMT	b118e	plate	Watcom 10.6 runtime: _L1Fill_ (module l1fillr, 192 bytes, full match; dreamsfx.csv).
CMT	b1264	plate	Watcom 10.6 runtime: _L1ClipFill_ (module l1fillr, 69 bytes, full match; dreamsfx.csv).
CMT	b12aa	plate	Watcom 10.6 runtime: _GR_strnicmp_, _strnicmp_ (module strnicmp, 83 bytes, full match; dreamsfx.csv).
CMT	b12fd	plate	Watcom 10.6 runtime: __getctime_ (module gtctm, 192 bytes, full match; dreamsfx.csv).
CMT	b13c0	plate	Watcom 10.6 runtime: mktime_ (module mktime, 192 bytes, full match; dreamsfx.csv).
CMT	b1514	plate	Watcom 10.6 runtime: __CacheOSTZ_ (module tzset, 108 bytes, full match; dreamsfx.csv).
CMT	b158e	plate	Watcom 10.6 runtime: __parse_tz_ (module tzset, 192 bytes, full match; dreamsfx.csv).
CMT	b18e4	plate	Watcom 10.6 runtime: __brktime_ (module gmtime, 192 bytes, full match; dreamsfx.csv).
CMT	b19f9	plate	Watcom 10.6 runtime: _gmtime_ (module gmtime, 30 bytes, full match; dreamsfx.csv).
CMT	b1a24	plate	Watcom 10.6 runtime: __leapyear_ (module timeutil, 192 bytes, full match; dreamsfx.csv).
CMT	b1b78	plate	Watcom 10.6 runtime: __isindst_ (module timeutil, 192 bytes, full match; dreamsfx.csv).
CMT	b3f2f	plate	Watcom 10.6 runtime: __EnterWVIDEO_ (module enterdb, 38 bytes, full match; dreamsfx.csv).
CMT	b3f55	plate	Watcom 10.6 runtime: getche_ (module gtche, 29 bytes, full match; dreamsfx.csv).
CMT	b3f72	plate	Watcom 10.6 runtime: _GR__FDFS, __FDFS (module fdfs386, 76 bytes, full match; dreamsfx.csv).
CMT	b4fb1	plate	Watcom 10.6 runtime: __DPMI_hosted_ (module sigsy, 148 bytes, full match; dreamsfx.csv).
CMT	b5045	plate	Watcom 10.6 runtime: __restore_int23_ (module sigsy, 192 bytes, full match; dreamsfx.csv).
CMT	b51fb	plate	Watcom 10.6 runtime: __restore_int_ctrl_break_ (module sigsy, 56 bytes, full match; dreamsfx.csv).
CMT	b5233	plate	Watcom 10.6 runtime: __grab_int23_, __grab_int_ctrl_break_ (module sigsy, 192 bytes, full match; dreamsfx.csv).
CMT	b534e	plate	Watcom 10.6 runtime: __grab_int23_, __grab_int_ctrl_break_ (module sigsy, 192 bytes, core match; dreamsfx.csv).
CMT	b5469	plate	Watcom 10.6 runtime: _SetMaxPrec_ (module ftos, 192 bytes, full match; dreamsfx.csv).
CMT	b55e6	plate	Watcom 10.6 runtime: _FtoS_ (module ftos, 192 bytes, full match; dreamsfx.csv).
CMT	b5820	plate	Watcom 10.6 runtime: strtod_ (module strtod, 192 bytes, full match; dreamsfx.csv).
CMT	b5a13	plate	Watcom 10.6 runtime: _dos_setvect_ (module d_setvec, 45 bytes, full match; dreamsfx.csv).
CMT	b5a40	plate	Watcom 10.6 runtime: __fpatan_wrap (module chipw32, 52 bytes, full match; dreamsfx.csv).
CMT	b5a74	plate	Watcom 10.6 runtime: __math87_err_ (module math87e, 123 bytes, full match; dreamsfx.csv).
CMT	b5aef	plate	Watcom 10.6 runtime: verify_pentium_fdiv_bug_ (module chipbug, 85 bytes, full match; dreamsfx.csv).
CMT	b5b4e	plate	Watcom 10.6 runtime: __math2err_ (module math2err, 192 bytes, full match; dreamsfx.csv).
CMT	b5c29	plate	Watcom 10.6 runtime: _SuperVGAType_ (module svgainfor, 192 bytes, full match; dreamsfx.csv).
CMT	b606a	plate	Watcom 10.6 runtime: _FastMap_ (module fast256r, 169 bytes, full match; dreamsfx.csv).
CMT	b6113	plate	Watcom 10.6 runtime: _RMAlloc_ (module fast256r, 134 bytes, full match; dreamsfx.csv).
CMT	b6199	plate	Watcom 10.6 runtime: _RMFree_ (module fast256r, 47 bytes, full match; dreamsfx.csv).
CMT	b61c8	plate	Watcom 10.6 runtime: _RMInterrupt_ (module fast256r, 185 bytes, full match; dreamsfx.csv).
CMT	b6281	plate	Watcom 10.6 runtime: _RMInterrupt2_ (module fast256r, 141 bytes, full match; dreamsfx.csv).
CMT	b630e	plate	Watcom 10.6 runtime: _L1OutCode_ (module l1clipr, 167 bytes, full match; dreamsfx.csv).
CMT	b63b5	plate	Watcom 10.6 runtime: _L0LineClip_ (module l1clipr, 192 bytes, full match; dreamsfx.csv).
CMT	b65a3	plate	Watcom 10.6 runtime: _L0BlockClip_ (module l1clipr, 125 bytes, full match; dreamsfx.csv).
CMT	b6620	plate	Watcom 10.6 runtime: _L0DrawLine_ (module l0drwlinr, 192 bytes, full match; dreamsfx.csv).
CMT	b67dd	plate	Watcom 10.6 runtime: __setenvp_ (module setenvp, 192 bytes, full match; dreamsfx.csv).
CMT	b68b2	plate	Watcom 10.6 runtime: _access_ (module accss, 59 bytes, full match; dreamsfx.csv).
CMT	b68ed	plate	Watcom 10.6 runtime: strrchr_ (module strrchr, 26 bytes, full match; dreamsfx.csv).
CMT	b6907	plate	Watcom 10.6 runtime: _searchenv_ (module searchen, 192 bytes, full match; dreamsfx.csv).
CMT	b6a05	plate	Watcom 10.6 runtime: __sigfpe_handler_ (module signl, 53 bytes, full match; dreamsfx.csv).
CMT	b6a3a	plate	Watcom 10.6 runtime: signal_ (module signl, 181 bytes, full match; dreamsfx.csv).
CMT	b6aef	plate	Watcom 10.6 runtime: raise_ (module signl, 192 bytes, full match; dreamsfx.csv).
CMT	b6bb2	plate	Watcom 10.6 runtime: _chain_intr_ (module chint386, 25 bytes, full match; dreamsfx.csv).
CMT	b6bcb	plate	Watcom 10.6 runtime: _dos_getvect_ (module d_getvec, 50 bytes, full match; dreamsfx.csv).
CMT	b6bfd	plate	Watcom 10.6 runtime: __Nan_Inf_ (module nan_inf, 146 bytes, full match; dreamsfx.csv).
CMT	b6c90	plate	Watcom 10.6 runtime: IF@DLOG (module log387, 67 bytes, full match; dreamsfx.csv).
CMT	b6cff	plate	Watcom 10.6 runtime: _Scale_ (module scale, 65 bytes, full match; dreamsfx.csv).
CMT	b6d40	plate	Watcom 10.6 runtime: _Scale10V_ (module scale, 192 bytes, full match; dreamsfx.csv).
CMT	b6e5d	plate	Watcom 10.6 runtime: __cvt_ (module cvt, 192 bytes, full match; dreamsfx.csv).
CMT	b703a	plate	Watcom 10.6 runtime: __ModF (module amodf386, 144 bytes, full match; dreamsfx.csv).
CMT	b70ca	plate	Watcom 10.6 runtime: __ZBuf2F (module amodf386, 156 bytes, full match; dreamsfx.csv).
CMT	b7170	plate	Watcom 10.6 runtime: __fpatan_chk (module chipa32, 192 bytes, full match; dreamsfx.csv).
CMT	b7376	plate	Watcom 10.6 runtime: __rterrmsg_ (module _matherr, 72 bytes, full match; dreamsfx.csv).
CMT	b73be	plate	Watcom 10.6 runtime: _matherr_ (module _matherr, 47 bytes, full match; dreamsfx.csv).
CMT	b73f3	plate	Watcom 10.6 runtime: __Init_Argv_ (module initargv, 192 bytes, full match; dreamsfx.csv).
CMT	b75c3	plate	Watcom 10.6 runtime: getcwd_ (module gtcwd, 136 bytes, full match; dreamsfx.csv).
CMT	b764b	plate	Watcom 10.6 runtime: strlen_ (module strlen, 25 bytes, full match; dreamsfx.csv).
CMT	b7664	plate	Watcom 10.6 runtime: strcpy_ (module strcpy, 31 bytes, full match; dreamsfx.csv).
CMT	b7683	plate	Watcom 10.6 runtime: strcat_ (module strcat, 51 bytes, full match; dreamsfx.csv).
CMT	b76bc	plate	Watcom 10.6 runtime: __terminate_ (module abort, 18 bytes, full match; dreamsfx.csv).
CMT	b76d3	plate	Watcom 10.6 runtime: __log87_err_ (module log87e, 60 bytes, full match; dreamsfx.csv).
CMT	b7710	plate	Watcom 10.6 runtime: __CmpBigInt (module i64ts386, 58 bytes, full match; dreamsfx.csv).
CMT	b774a	plate	Watcom 10.6 runtime: __Rnd2Int (module i64ts386, 107 bytes, full match; dreamsfx.csv).
CMT	b77b5	plate	Watcom 10.6 runtime: __Bin2String (module i64ts386, 192 bytes, full match; dreamsfx.csv).
CMT	b78d6	plate	Watcom 10.6 runtime: frexp_ (module frexp, 111 bytes, full match; dreamsfx.csv).
CMT	b794b	plate	Watcom 10.6 runtime: __get_std_stream_ (module iobaddr, 31 bytes, full match; dreamsfx.csv).
CMT	b796a	plate	Watcom 10.6 runtime: fputs_ (module fputs, 123 bytes, full match; dreamsfx.csv).
CMT	b79e5	plate	Watcom 10.6 runtime: __GrabFP87_ (module grabfp87, 49 bytes, full match; dreamsfx.csv).
CMT	b7a1a	plate	Watcom 10.6 runtime: __Init_FPE_handler_ (module fpe387, 93 bytes, full match; dreamsfx.csv).
CMT	b7a77	plate	Watcom 10.6 runtime: __Fini_FPE_handler_ (module fpe387, 92 bytes, full match; dreamsfx.csv).
CMT	b7ad4	plate	Watcom 10.6 runtime: __Enable_FPE_ (module fpeinth, 21 bytes, full match; dreamsfx.csv).
CMT	b7af6	plate	Watcom 10.6 runtime: __FPE2Handler_ (module fpeinth, 192 bytes, full match; dreamsfx.csv).
CMT	b7d34	plate	Watcom 10.6 runtime: __Phar_hook_init_ (module fpephar, 192 bytes, full match; dreamsfx.csv).
CMT	b7df7	plate	Watcom 10.6 runtime: __Phar_hook_fini_ (module fpephar, 45 bytes, full match; dreamsfx.csv).
CMT	b7e24	plate	Watcom 10.6 runtime: __DOS4G_hook_init_ (module fpedos4g, 45 bytes, full match; dreamsfx.csv).
CMT	b7e51	plate	Watcom 10.6 runtime: __DOS4G_hook_fini_, __Ergo_hook_fini_ (module fpedos4g, 25 bytes, full match; dreamsfx.csv).
CMT	b7e6a	plate	Watcom 10.6 runtime: __Ergo_hook_init_ (module fpeergo, 62 bytes, full match; dreamsfx.csv).
CMT	b7ea8	plate	Watcom 10.6 runtime: __DOS4G_hook_fini_, __Ergo_hook_fini_ (module fpedos4g, 25 bytes, full match; dreamsfx.csv).
CMT	b7ec2	plate	Watcom 10.6 runtime: __Intel_hook_init_ (module fpeintel, 88 bytes, full match; dreamsfx.csv).
CMT	b898c	plate	Glide 2 import thunk for _GRAADRAWLINE@8 (glimport.asm); patched to glide2x.ovl by __loadme on first call.
CMT	b8991	plate	Glide 2 import thunk for _GRAADRAWPOINT@4 (glimport.asm); patched to glide2x.ovl by __loadme on first call.
CMT	b8996	plate	Glide 2 import thunk for _GRAADRAWPOLYGON@12 (glimport.asm); patched to glide2x.ovl by __loadme on first call.
CMT	b899b	plate	Glide 2 import thunk for _GRAADRAWPOLYGONVERTEXLIST@8 (glimport.asm); patched to glide2x.ovl by __loadme on first call.
CMT	b89a0	plate	Glide 2 import thunk for _GRAADRAWTRIANGLE@24 (glimport.asm); patched to glide2x.ovl by __loadme on first call.
CMT	b89a5	plate	Glide 2 import thunk for _GRALPHABLENDFUNCTION@16 (glimport.asm); patched to glide2x.ovl by __loadme on first call.
CMT	b89aa	plate	Glide 2 import thunk for _GRALPHACOMBINE@20 (glimport.asm); patched to glide2x.ovl by __loadme on first call.
CMT	b89af	plate	Glide 2 import thunk for _GRALPHACONTROLSITRGBLIGHTING@4 (glimport.asm); patched to glide2x.ovl by __loadme on first call.
CMT	b89b4	plate	Glide 2 import thunk for _GRALPHATESTFUNCTION@4 (glimport.asm); patched to glide2x.ovl by __loadme on first call.
CMT	b89b9	plate	Glide 2 import thunk for _GRALPHATESTREFERENCEVALUE@4 (glimport.asm); patched to glide2x.ovl by __loadme on first call.
CMT	b89be	plate	Glide 2 import thunk for _GRBUFFERCLEAR@12 (glimport.asm); patched to glide2x.ovl by __loadme on first call.
CMT	b89c3	plate	Glide 2 import thunk for _GRBUFFERNUMPENDING@0 (glimport.asm); patched to glide2x.ovl by __loadme on first call.
CMT	b89c8	plate	Glide 2 import thunk for _GRBUFFERSWAP@4 (glimport.asm); patched to glide2x.ovl by __loadme on first call.
CMT	b89cd	plate	Glide 2 import thunk for _GRCHECKFORROOM@4 (glimport.asm); patched to glide2x.ovl by __loadme on first call.
CMT	b89d2	plate	Glide 2 import thunk for _GRCHROMAKEYMODE@4 (glimport.asm); patched to glide2x.ovl by __loadme on first call.
CMT	b89d7	plate	Glide 2 import thunk for _GRCHROMAKEYVALUE@4 (glimport.asm); patched to glide2x.ovl by __loadme on first call.
CMT	b89dc	plate	Glide 2 import thunk for _GRCLIPWINDOW@16 (glimport.asm); patched to glide2x.ovl by __loadme on first call.
CMT	b89e1	plate	Glide 2 import thunk for _GRCOLORCOMBINE@20 (glimport.asm); patched to glide2x.ovl by __loadme on first call.
CMT	b89e6	plate	Glide 2 import thunk for _GRCOLORMASK@8 (glimport.asm); patched to glide2x.ovl by __loadme on first call.
CMT	b89eb	plate	Glide 2 import thunk for _GRCONSTANTCOLORVALUE4@16 (glimport.asm); patched to glide2x.ovl by __loadme on first call.
CMT	b89f0	plate	Glide 2 import thunk for _GRCONSTANTCOLORVALUE@4 (glimport.asm); patched to glide2x.ovl by __loadme on first call.
CMT	b89f5	plate	Glide 2 import thunk for _GRCULLMODE@4 (glimport.asm); patched to glide2x.ovl by __loadme on first call.
CMT	b89fa	plate	Glide 2 import thunk for _GRDEPTHBIASLEVEL@4 (glimport.asm); patched to glide2x.ovl by __loadme on first call.
CMT	b89ff	plate	Glide 2 import thunk for _GRDEPTHBUFFERFUNCTION@4 (glimport.asm); patched to glide2x.ovl by __loadme on first call.
CMT	b8a04	plate	Glide 2 import thunk for _GRDEPTHBUFFERMODE@4 (glimport.asm); patched to glide2x.ovl by __loadme on first call.
CMT	b8a09	plate	Glide 2 import thunk for _GRDEPTHMASK@4 (glimport.asm); patched to glide2x.ovl by __loadme on first call.
CMT	b8a0e	plate	Glide 2 import thunk for _GRDISABLEALLEFFECTS@0 (glimport.asm); patched to glide2x.ovl by __loadme on first call.
CMT	b8a13	plate	Glide 2 import thunk for _GRDITHERMODE@4 (glimport.asm); patched to glide2x.ovl by __loadme on first call.
CMT	b8a18	plate	Glide 2 import thunk for _GRDRAWLINE@8 (glimport.asm); patched to glide2x.ovl by __loadme on first call.
CMT	b8a1d	plate	Glide 2 import thunk for _GRDRAWPLANARPOLYGON@12 (glimport.asm); patched to glide2x.ovl by __loadme on first call.
CMT	b8a22	plate	Glide 2 import thunk for _GRDRAWPLANARPOLYGONVERTEXLIST@8 (glimport.asm); patched to glide2x.ovl by __loadme on first call.
CMT	b8a27	plate	Glide 2 import thunk for _GRDRAWPOINT@4 (glimport.asm); patched to glide2x.ovl by __loadme on first call.
CMT	b8a2c	plate	Glide 2 import thunk for _GRDRAWPOLYGON@12 (glimport.asm); patched to glide2x.ovl by __loadme on first call.
CMT	b8a31	plate	Glide 2 import thunk for _GRDRAWPOLYGONVERTEXLIST@8 (glimport.asm); patched to glide2x.ovl by __loadme on first call.
CMT	b8a36	plate	Glide 2 import thunk for _GRDRAWTRIANGLE@12 (glimport.asm); patched to glide2x.ovl by __loadme on first call.
CMT	b8a3b	plate	Glide 2 import thunk for _GRERRORSETCALLBACK@4 (glimport.asm); patched to glide2x.ovl by __loadme on first call.
CMT	b8a40	plate	Glide 2 import thunk for _GRFOGCOLORVALUE@4 (glimport.asm); patched to glide2x.ovl by __loadme on first call.
CMT	b8a45	plate	Glide 2 import thunk for _GRFOGMODE@4 (glimport.asm); patched to glide2x.ovl by __loadme on first call.
CMT	b8a4a	plate	Glide 2 import thunk for _GRFOGTABLE@4 (glimport.asm); patched to glide2x.ovl by __loadme on first call.
CMT	b8a4f	plate	Glide 2 import thunk for _GRGAMMACORRECTIONVALUE@4 (glimport.asm); patched to glide2x.ovl by __loadme on first call.
CMT	b8a54	plate	Glide 2 import thunk for _GRGLIDEGETSTATE@4 (glimport.asm); patched to glide2x.ovl by __loadme on first call.
CMT	b8a59	plate	Glide 2 import thunk for _GRGLIDEGETVERSION@4 (glimport.asm); patched to glide2x.ovl by __loadme on first call.
CMT	b8a5e	plate	Glide 2 import thunk for _GRGLIDEINIT@0 (glimport.asm); patched to glide2x.ovl by __loadme on first call.
CMT	b8a63	plate	Glide 2 import thunk for _GRGLIDESETSTATE@4 (glimport.asm); patched to glide2x.ovl by __loadme on first call.
CMT	b8a68	plate	Glide 2 import thunk for _GRGLIDESHAMELESSPLUG@4 (glimport.asm); patched to glide2x.ovl by __loadme on first call.
CMT	b8a6d	plate	Glide 2 import thunk for _GRGLIDESHUTDOWN@0 (glimport.asm); patched to glide2x.ovl by __loadme on first call.
CMT	b8a72	plate	Glide 2 import thunk for _GRHINTS@8 (glimport.asm); patched to glide2x.ovl by __loadme on first call.
CMT	b8a77	plate	Glide 2 import thunk for _GRLFBCONSTANTALPHA@4 (glimport.asm); patched to glide2x.ovl by __loadme on first call.
CMT	b8a7c	plate	Glide 2 import thunk for _GRLFBCONSTANTDEPTH@4 (glimport.asm); patched to glide2x.ovl by __loadme on first call.
CMT	b8a81	plate	Glide 2 import thunk for _GRLFBLOCK@24 (glimport.asm); patched to glide2x.ovl by __loadme on first call.
CMT	b8a86	plate	Glide 2 import thunk for _GRLFBREADREGION@28 (glimport.asm); patched to glide2x.ovl by __loadme on first call.
CMT	b8a8b	plate	Glide 2 import thunk for _GRLFBWRITEREGION@32 (glimport.asm); patched to glide2x.ovl by __loadme on first call.
CMT	b8a90	plate	Glide 2 import thunk for _GRLFBUNLOCK@8 (glimport.asm); patched to glide2x.ovl by __loadme on first call.
CMT	b8a95	plate	Glide 2 import thunk for _GRLFBWRITECOLORFORMAT@4 (glimport.asm); patched to glide2x.ovl by __loadme on first call.
CMT	b8a9a	plate	Glide 2 import thunk for _GRLFBWRITECOLORSWIZZLE@8 (glimport.asm); patched to glide2x.ovl by __loadme on first call.
CMT	b8a9f	plate	Glide 2 import thunk for _GRRENDERBUFFER@4 (glimport.asm); patched to glide2x.ovl by __loadme on first call.
CMT	b8aa4	plate	Glide 2 import thunk for _GRRESETTRISTATS@0 (glimport.asm); patched to glide2x.ovl by __loadme on first call.
CMT	b8aa9	plate	Glide 2 import thunk for _GRSPLASH@20 (glimport.asm); patched to glide2x.ovl by __loadme on first call.
CMT	b8aae	plate	Glide 2 import thunk for _GRSSTCONFIGPIPELINE@12 (glimport.asm); patched to glide2x.ovl by __loadme on first call.
CMT	b8ab3	plate	Glide 2 import thunk for _GRSSTCONTROL@4 (glimport.asm); patched to glide2x.ovl by __loadme on first call.
CMT	b8ab8	plate	Glide 2 import thunk for _GRSSTIDLE@0 (glimport.asm); patched to glide2x.ovl by __loadme on first call.
CMT	b8abd	plate	Glide 2 import thunk for _GRSSTISBUSY@0 (glimport.asm); patched to glide2x.ovl by __loadme on first call.
CMT	b8ac2	plate	Glide 2 import thunk for _GRSSTORIGIN@4 (glimport.asm); patched to glide2x.ovl by __loadme on first call.
CMT	b8ac7	plate	Glide 2 import thunk for _GRSSTPERFSTATS@4 (glimport.asm); patched to glide2x.ovl by __loadme on first call.
CMT	b8acc	plate	Glide 2 import thunk for _GRSSTQUERYBOARDS@4 (glimport.asm); patched to glide2x.ovl by __loadme on first call.
CMT	b8ad1	plate	Glide 2 import thunk for _GRSSTQUERYHARDWARE@4 (glimport.asm); patched to glide2x.ovl by __loadme on first call.
CMT	b8ad6	plate	Glide 2 import thunk for _GRSSTRESETPERFSTATS@0 (glimport.asm); patched to glide2x.ovl by __loadme on first call.
CMT	b8adb	plate	Glide 2 import thunk for _GRSSTSCREENHEIGHT@0 (glimport.asm); patched to glide2x.ovl by __loadme on first call.
CMT	b8ae0	plate	Glide 2 import thunk for _GRSSTSCREENWIDTH@0 (glimport.asm); patched to glide2x.ovl by __loadme on first call.
CMT	b8ae5	plate	Glide 2 import thunk for _GRSSTSELECT@4 (glimport.asm); patched to glide2x.ovl by __loadme on first call.
CMT	b8aea	plate	Glide 2 import thunk for _GRSSTSTATUS@0 (glimport.asm); patched to glide2x.ovl by __loadme on first call.
CMT	b8aef	plate	Glide 2 import thunk for _GRSSTVIDEOLINE@0 (glimport.asm); patched to glide2x.ovl by __loadme on first call.
CMT	b8af4	plate	Glide 2 import thunk for _GRSSTVIDMODE@8 (glimport.asm); patched to glide2x.ovl by __loadme on first call.
CMT	b8af9	plate	Glide 2 import thunk for _GRSSTVRETRACEON@0 (glimport.asm); patched to glide2x.ovl by __loadme on first call.
CMT	b8afe	plate	Glide 2 import thunk for _GRSSTWINCLOSE@0 (glimport.asm); patched to glide2x.ovl by __loadme on first call.
CMT	b8b03	plate	Glide 2 import thunk for _GRSSTWINOPEN@28 (glimport.asm); patched to glide2x.ovl by __loadme on first call.
CMT	b8b08	plate	Glide 2 import thunk for _GRTEXCALCMEMREQUIRED@16 (glimport.asm); patched to glide2x.ovl by __loadme on first call.
CMT	b8b0d	plate	Glide 2 import thunk for _GRTEXCLAMPMODE@12 (glimport.asm); patched to glide2x.ovl by __loadme on first call.
CMT	b8b12	plate	Glide 2 import thunk for _GRTEXCOMBINE@28 (glimport.asm); patched to glide2x.ovl by __loadme on first call.
CMT	b8b17	plate	Glide 2 import thunk for _GRTEXCOMBINEFUNCTION@8 (glimport.asm); patched to glide2x.ovl by __loadme on first call.
CMT	b8b1c	plate	Glide 2 import thunk for _GRTEXDETAILCONTROL@16 (glimport.asm); patched to glide2x.ovl by __loadme on first call.
CMT	b8b21	plate	Glide 2 import thunk for _GRTEXDOWNLOADMIPMAP@16 (glimport.asm); patched to glide2x.ovl by __loadme on first call.
CMT	b8b26	plate	Glide 2 import thunk for _GRTEXDOWNLOADMIPMAPLEVEL@32 (glimport.asm); patched to glide2x.ovl by __loadme on first call.
CMT	b8b2b	plate	Glide 2 import thunk for _GRTEXDOWNLOADMIPMAPLEVELPARTIAL@40 (glimport.asm); patched to glide2x.ovl by __loadme on first call.
CMT	b8b30	plate	Glide 2 import thunk for _GRTEXDOWNLOADTABLE@12 (glimport.asm); patched to glide2x.ovl by __loadme on first call.
CMT	b8b35	plate	Glide 2 import thunk for _GRTEXDOWNLOADTABLEPARTIAL@20 (glimport.asm); patched to glide2x.ovl by __loadme on first call.
CMT	b8b3a	plate	Glide 2 import thunk for _GRTEXFILTERMODE@12 (glimport.asm); patched to glide2x.ovl by __loadme on first call.
CMT	b8b3f	plate	Glide 2 import thunk for _GRTEXLODBIASVALUE@8 (glimport.asm); patched to glide2x.ovl by __loadme on first call.
CMT	b8b44	plate	Glide 2 import thunk for _GRTEXMAXADDRESS@4 (glimport.asm); patched to glide2x.ovl by __loadme on first call.
CMT	b8b49	plate	Glide 2 import thunk for _GRTEXMINADDRESS@4 (glimport.asm); patched to glide2x.ovl by __loadme on first call.
CMT	b8b4e	plate	Glide 2 import thunk for _GRTEXMIPMAPMODE@12 (glimport.asm); patched to glide2x.ovl by __loadme on first call.
CMT	b8b53	plate	Glide 2 import thunk for _GRTEXMULTIBASE@8 (glimport.asm); patched to glide2x.ovl by __loadme on first call.
CMT	b8b58	plate	Glide 2 import thunk for _GRTEXMULTIBASEADDRESS@20 (glimport.asm); patched to glide2x.ovl by __loadme on first call.
CMT	b8b5d	plate	Glide 2 import thunk for _GRTEXNCCTABLE@8 (glimport.asm); patched to glide2x.ovl by __loadme on first call.
CMT	b8b62	plate	Glide 2 import thunk for _GRTEXSOURCE@16 (glimport.asm); patched to glide2x.ovl by __loadme on first call.
CMT	b8b67	plate	Glide 2 import thunk for _GRTEXTEXTUREMEMREQUIRED@8 (glimport.asm); patched to glide2x.ovl by __loadme on first call.
CMT	b8b6c	plate	Glide 2 import thunk for _GRTRISTATS@8 (glimport.asm); patched to glide2x.ovl by __loadme on first call.
CMT	b8b71	plate	Glide 2 import thunk for _GU3DFGETINFO@8 (glimport.asm); patched to glide2x.ovl by __loadme on first call.
CMT	b8b76	plate	Glide 2 import thunk for _GU3DFLOAD@8 (glimport.asm); patched to glide2x.ovl by __loadme on first call.
CMT	b8b7b	plate	Glide 2 import thunk for _GUAADRAWTRIANGLEWITHCLIP@12 (glimport.asm); patched to glide2x.ovl by __loadme on first call.
CMT	b8b80	plate	Glide 2 import thunk for _GUALPHASOURCE@4 (glimport.asm); patched to glide2x.ovl by __loadme on first call.
CMT	b8b85	plate	Glide 2 import thunk for _GUCOLORCOMBINEFUNCTION@4 (glimport.asm); patched to glide2x.ovl by __loadme on first call.
CMT	b8b8a	plate	Glide 2 import thunk for _GUDRAWPOLYGONVERTEXLISTWITHCLIP@8 (glimport.asm); patched to glide2x.ovl by __loadme on first call.
CMT	b8b8f	plate	Glide 2 import thunk for _GUDRAWTRIANGLEWITHCLIP@12 (glimport.asm); patched to glide2x.ovl by __loadme on first call.
CMT	b8b94	plate	Glide 2 import thunk for _GUENCODERLE16@16 (glimport.asm); patched to glide2x.ovl by __loadme on first call.
CMT	b8b99	plate	Glide 2 import thunk for _GUENDIANSWAPBYTES@4 (glimport.asm); patched to glide2x.ovl by __loadme on first call.
CMT	b8b9e	plate	Glide 2 import thunk for _GUENDIANSWAPWORDS@4 (glimport.asm); patched to glide2x.ovl by __loadme on first call.
CMT	b8ba3	plate	Glide 2 import thunk for _GUFOGGENERATEEXP2@8 (glimport.asm); patched to glide2x.ovl by __loadme on first call.
CMT	b8ba8	plate	Glide 2 import thunk for _GUFOGGENERATEEXP@8 (glimport.asm); patched to glide2x.ovl by __loadme on first call.
CMT	b8bad	plate	Glide 2 import thunk for _GUFOGGENERATELINEAR@12 (glimport.asm); patched to glide2x.ovl by __loadme on first call.
CMT	b8bb2	plate	Glide 2 import thunk for _GUFOGTABLEINDEXTOW@4 (glimport.asm); patched to glide2x.ovl by __loadme on first call.
CMT	b8bb7	plate	Glide 2 import thunk for _GUMOVIESETNAME@4 (glimport.asm); patched to glide2x.ovl by __loadme on first call.
CMT	b8bbc	plate	Glide 2 import thunk for _GUMOVIESTART@0 (glimport.asm); patched to glide2x.ovl by __loadme on first call.
CMT	b8bc1	plate	Glide 2 import thunk for _GUMOVIESTOP@0 (glimport.asm); patched to glide2x.ovl by __loadme on first call.
CMT	b8bc6	plate	Glide 2 import thunk for _GUMPDRAWTRIANGLE@12 (glimport.asm); patched to glide2x.ovl by __loadme on first call.
CMT	b8bcb	plate	Glide 2 import thunk for _GUMPINIT@0 (glimport.asm); patched to glide2x.ovl by __loadme on first call.
CMT	b8bd0	plate	Glide 2 import thunk for _GUMPTEXCOMBINEFUNCTION@4 (glimport.asm); patched to glide2x.ovl by __loadme on first call.
CMT	b8bd5	plate	Glide 2 import thunk for _GUMPTEXSOURCE@8 (glimport.asm); patched to glide2x.ovl by __loadme on first call.
CMT	b8bda	plate	Glide 2 import thunk for _GUTEXALLOCATEMEMORY@60 (glimport.asm); patched to glide2x.ovl by __loadme on first call.
CMT	b8bdf	plate	Glide 2 import thunk for _GUTEXCHANGEATTRIBUTES@48 (glimport.asm); patched to glide2x.ovl by __loadme on first call.
CMT	b8be4	plate	Glide 2 import thunk for _GUTEXCOMBINEFUNCTION@8 (glimport.asm); patched to glide2x.ovl by __loadme on first call.
CMT	b8be9	plate	Glide 2 import thunk for _GUTEXCREATECOLORMIPMAP@0 (glimport.asm); patched to glide2x.ovl by __loadme on first call.
CMT	b8bee	plate	Glide 2 import thunk for _GUTEXDOWNLOADMIPMAP@12 (glimport.asm); patched to glide2x.ovl by __loadme on first call.
CMT	b8bf3	plate	Glide 2 import thunk for _GUTEXDOWNLOADMIPMAPLEVEL@12 (glimport.asm); patched to glide2x.ovl by __loadme on first call.
CMT	b8bf8	plate	Glide 2 import thunk for _GUTEXGETCURRENTMIPMAP@4 (glimport.asm); patched to glide2x.ovl by __loadme on first call.
CMT	b8bfd	plate	Glide 2 import thunk for _GUTEXGETMIPMAPINFO@4 (glimport.asm); patched to glide2x.ovl by __loadme on first call.
CMT	b8c02	plate	Glide 2 import thunk for _GUTEXMEMQUERYAVAIL@4 (glimport.asm); patched to glide2x.ovl by __loadme on first call.
CMT	b8c07	plate	Glide 2 import thunk for _GUTEXMEMRESET@0 (glimport.asm); patched to glide2x.ovl by __loadme on first call.
CMT	b8c0c	plate	Glide 2 import thunk for _GUTEXSOURCE@4 (glimport.asm); patched to glide2x.ovl by __loadme on first call.
CMT	b8c11	plate	Glide 2 import thunk for _CONVERTANDDOWNLOADRLE@64 (glimport.asm); patched to glide2x.ovl by __loadme on first call.
CMT	c0000	plate	[NAME] Descriptive name. Cryo LZ77 decompressor, hand-written asm with stack arguments (src, dst): 32-bit tag word with sentinel; 1 = literal, 01 = long match (13-bit offset, 3-bit length, extension byte, 0 ends), 00 = short match. Returns the output size. Sources: WINDREAM.EXE 0049afd1 LZ_Unpack via match_functions (callee 0.98, callees 0/0). Facts (tools/check_names.py): caller:00056b78.\n\n[DOCS_SYNC]\n[docs/dsn-loader.md > The Body Unpackers and Call Hierarchy **[verified]**] 1. **`DSN_LoadMaterialsAndFaces` (`0x4177f5`)**: Verifies tag `\x01`, reads the packed length $L$, seeks past chunk padding, calls `LZ_Unpack` (`0x49afd1`), Cryo's LZ77 decompressor (hand-written asm, stack arguments), to unpack the LZ stream into the arena directory, materials table, scene-graph nodes, and face records.\n\n[docs/dsn-loader.md > The Body Unpackers and Call Hierarchy **[verified]**] 2. **`DSN_LoadVertexPool` (`0x4178fe`)**: Verifies tag `\x02`, reads length $L$, and unpacks the LZ stream via `LZ_Unpack` into the shared vertex pool at `+0x30`.\n\n[docs/models.md > Animation names and runtime IDs] The engine's loader at `DAN_OpenArchive` (`0x40fff7`) / `DAN_Load3DA` (`0x4105eb`) opens the DANF archive, finds each `.3DA` name in its 13-byte directory and decompresses the Tag 3 chunk via Cryo's LZ decompressor (`LZ_Unpack` (`0x49afd1`)) into runtime skeletal animation tracks.
